id;id_posting;job_title;location;company_id;company;age_in_days;pay_currency;pay_period;salary_min;salary_mid;salary_max;rating;discover_date;job_types;remote_work_types;educations;skills;job_desc_html;job_desc_text;city;state;country;latitude;longitude;ceo;ceo_photo;headquarters;industry;sector;revenue;size;type;year_founded
1;1.0099E+12;Cyber Security Engineer/Specialist (m/w/d) - Standort Garching;Deutschland;1794418;ITQ GmbH;0;EUR;;;;;4.1;2025-10-07T00:00:00;Full-time;;;English, Systems engineering, Cybersecurity, German;"<p><b>&Uuml;BER UNS</b></p><p>Als unabh&auml;ngiges Dienstleistungsunternehmen stehen wir seit &uuml;ber 25 Jahren f&uuml;r Software und Systems Engineering sowie digitale Ausbildung. Wir unterst&uuml;tzen Unternehmen aus dem Bereich des Maschinen- und Anlagenbaus bei der Verbesserung der Qualit&auml;t von Software-Komponenten und bei der Optimierung der Entwicklungsprozesse. Moderne Ausbildung von jungen Menschen in digitalen Technologien auf internationalem Niveau zeichnet uns aus (www.technikmachtspass.org).</p><p><b>Gestalte die digitale Zukunft sicher mit uns</b></p><p>Unsere spannenden und herausfordernden Kundenprojekte stellen h&ouml;chste Anspr&uuml;che an Sicherheit und Qualit&auml;t &ndash; und genau hier kommst Du ins Spiel. Mit Deinem Know-how und Deiner Leidenschaft f&uuml;r Security Engineering machst Du Digitalisierung zu einem echten Erfolgsfaktor.</p><p>Freue Dich auf abwechslungsreiche Aufgaben, in denen Du nicht nur Deine fachliche Expertise, sondern auch Deine kommunikativen und strategischen F&auml;higkeiten einbringen kannst.</p><p><b>WIR SUCHEN DICH:</b></p><p>Einen <b>begeisterten Cyber Security Engineer/Specialist (m/w/d)</b> in Vollzeit zur Verst&auml;rkung unseres ITQ-Teams am Standort Garching</p><p><b>DEINE AUFGABEN BEI UNS:</b></p><ul><li>Du ber&auml;tst unsere Kunden bei komplexen Cyber Security-Fragestellungen und entwickelst gemeinsam mit ihnen tragf&auml;hige, zukunftssichere Sicherheitsl&ouml;sungen</li><li>Du f&uuml;hrst fundierte Bedrohungs- und Risikoanalysen durch, um Schwachstellen in Produkten und Softwarel&ouml;sungen unserer Kunden systematisch zu identifizieren und zu beheben</li><li>Deine Expertise bringst Du sowohl in Kundenprojekten als auch bei ITQ intern wirkungsvoll ein &ndash; mit dem Ziel, nachhaltige und sichere Systeme sowie Prozesse zu gestalten</li><li>Du entwickelst und implementierst Strategien zur Risikominimierung</li><li>Du hilfst unseren Kunden bei der Implementierung eines Secure Software Engineering Prozesses unter Ber&uuml;cksichtigung von gesetzlichen und regulatorischen Anforderungen sowie von Security Standards</li></ul><p><b>WAS BRINGST DU MIT:</b></p><ul><li>Abgeschlossenes technisches Studium idealerweise IT-Security, (Wirtschafts-) Informatik, Maschinenbau bzw. eine vergleichbare Ausbildung oder relevante Praxiserfahrung</li><li>Mehrj&auml;hrige Erfahrung in Prozessen und Standards im Bereich der Informations- und IT Sicherheit)</li><li>Idealerweise Zertifizierungen wie CISM, CISSP oder ISO27001</li><li>Gerne Erfahrung in Penetration Testing, Attack Surface Reduction und Risk Evaluation</li><li>Zuverl&auml;ssige, analytische, strukturierte Arbeitsweise auch im Team</li><li>Verhandlungssicheres Deutsch und Englisch</li></ul><p><b>UNSER ANGEBOT AN DICH:</b></p><ul><li>Abwechslungsreiche (Kunden-) Projekte mit modernster Technik Individuelle Weiterentwicklungsm&ouml;glichkeiten</li><li>Flache Hierarchien und ein freundschaftliches Miteinander</li><li>Flexible Arbeitszeiten und Home-Office Tage</li><li>Vereinbarkeit von Familie und Beruf</li></ul><p><b>UNSERE ITQ VISION:</b></p><ul><li>Wir schaffen Innovationen mit modernster Technologie</li><li>Wir k&uuml;mmern uns um die Ausbildung und die Zukunft von jungen Leuten Gerda-Stetter-Stiftung</li><li>Wir treiben nachhaltige Projekte f&uuml;r unseren Planeten Circular Society</li><li>Wir wollen durch Innovation wirtschaftliche Kraft wieder in unser Land bringen.</li></ul><p>Dir sind Humor und Spa&szlig; im Job wichtig? Uns auch! Freue dich auf ein unkompliziertes Miteinander, freundliche Kollegen/-innen, eine au&szlig;ergew&ouml;hnliche Atmosph&auml;re und eine sichere, berufliche Zukunft. Dein B&uuml;ro, dein Laptop und dein Team warten schon auf dich.</p><p>Mehr Infos zu ITQ GmbH findest du unter: www.itq.de/karriere</p><p>Art der Stelle: Vollzeit</p><p>Leistungen:</p><ul><li>Betriebliche Altersvorsorge</li><li>Betriebliche Weiterbildung</li><li>Firmenevents</li><li>Flexible Arbeitszeiten</li><li>Mentoring-Programm f&uuml;r Mitarbeiter</li></ul><p>Arbeitsort: Vor Ort</p>";"ÜBER UNS
Als unabhängiges Dienstleistungsunternehmen stehen wir seit über 25 Jahren für Software und Systems Engineering sowie digitale Ausbildung. Wir unterstützen Unternehmen aus dem Bereich des Maschinen- und Anlagenbaus bei der Verbesserung der Qualität von Software-Komponenten und bei der Optimierung der Entwicklungsprozesse. Moderne Ausbildung von jungen Menschen in digitalen Technologien auf internationalem Niveau zeichnet uns aus (www.technikmachtspass.org).
Gestalte die digitale Zukunft sicher mit uns
Unsere spannenden und herausfordernden Kundenprojekte stellen höchste Ansprüche an Sicherheit und Qualität – und genau hier kommst Du ins Spiel. Mit Deinem Know-how und Deiner Leidenschaft für Security Engineering machst Du Digitalisierung zu einem echten Erfolgsfaktor.
Freue Dich auf abwechslungsreiche Aufgaben, in denen Du nicht nur Deine fachliche Expertise, sondern auch Deine kommunikativen und strategischen Fähigkeiten einbringen kannst.
WIR SUCHEN DICH:
Einen
in Vollzeit zur Verstärkung unseres ITQ-Teams am Standort Garching
begeisterten Cyber Security Engineer/Specialist (m/w/d)
DEINE AUFGABEN BEI UNS:
Du berätst unsere Kunden bei komplexen Cyber Security-Fragestellungen und entwickelst gemeinsam mit ihnen tragfähige, zukunftssichere Sicherheitslösungen
Du führst fundierte Bedrohungs- und Risikoanalysen durch, um Schwachstellen in Produkten und Softwarelösungen unserer Kunden systematisch zu identifizieren und zu beheben
Deine Expertise bringst Du sowohl in Kundenprojekten als auch bei ITQ intern wirkungsvoll ein – mit dem Ziel, nachhaltige und sichere Systeme sowie Prozesse zu gestalten
Du entwickelst und implementierst Strategien zur Risikominimierung
Du hilfst unseren Kunden bei der Implementierung eines Secure Software Engineering Prozesses unter Berücksichtigung von gesetzlichen und regulatorischen Anforderungen sowie von Security Standards
WAS BRINGST DU MIT:
Abgeschlossenes technisches Studium idealerweise IT-Security, (Wirtschafts-) Informatik, Maschinenbau bzw. eine vergleichbare Ausbildung oder relevante Praxiserfahrung
Mehrjährige Erfahrung in Prozessen und Standards im Bereich der Informations- und IT Sicherheit)
Idealerweise Zertifizierungen wie CISM, CISSP oder ISO27001
Gerne Erfahrung in Penetration Testing, Attack Surface Reduction und Risk Evaluation
Zuverlässige, analytische, strukturierte Arbeitsweise auch im Team
Verhandlungssicheres Deutsch und Englisch
UNSER ANGEBOT AN DICH:
Abwechslungsreiche (Kunden-) Projekte mit modernster Technik Individuelle Weiterentwicklungsmöglichkeiten
Flache Hierarchien und ein freundschaftliches Miteinander
Flexible Arbeitszeiten und Home-Office Tage
Vereinbarkeit von Familie und Beruf
UNSERE ITQ VISION:
Wir schaffen Innovationen mit modernster Technologie
Wir kümmern uns um die Ausbildung und die Zukunft von jungen Leuten Gerda-Stetter-Stiftung
Wir treiben nachhaltige Projekte für unseren Planeten Circular Society
Wir wollen durch Innovation wirtschaftliche Kraft wieder in unser Land bringen.
Dir sind Humor und Spaß im Job wichtig? Uns auch! Freue dich auf ein unkompliziertes Miteinander, freundliche Kollegen/-innen, eine außergewöhnliche Atmosphäre und eine sichere, berufliche Zukunft. Dein Büro, dein Laptop und dein Team warten schon auf dich.
Mehr Infos zu ITQ GmbH findest du unter: www.itq.de/karriere
Art der Stelle: Vollzeit
Leistungen:
Betriebliche Altersvorsorge
Betriebliche Weiterbildung
Firmenevents
Flexible Arbeitszeiten
Mentoring-Programm für Mitarbeiter
Arbeitsort: Vor Ort";;;Germany;51;9;;;Garching b.München, Deutschland;;;Unbekannt/Nicht zutreffend;1 bis 50 Mitarbeiter;Privatunternehmen;
2;1.00981E+12;Cyber-Security Engineer (w/m/d);Osterholz-Scharmbeck;932902;Matthäi Verden;83;EUR;;;;;4.8;2025-09-16T00:00:00;;;;System administration, Analysis skills, Computer networking;"<div><p>Zur Verst&auml;rkung unseres Teams in der <b>Bremer &Uuml;berseestadt</b> suchen wir Sie als</p>
<h1 class=""jobSectionHeader""><b>Cyber-Security Engineer </b><b>(w/m/d)</b></h1>
<div><h2 class=""jobSectionHeader""><b>Ihre Rolle in unserem Team</b></h2>
<p>Als Cyber-Security Engineer (w/m/d) sind Sie in unserem Team in der <b>Bremer &Uuml;berseestadt</b> verantwortlich f&uuml;r die Planung, Entwicklung und Implementierung technischer Sicherheitsma&szlig;nahmen, um unsere IT-Systeme vor Cyberangriffen und Datenverlust zu sch&uuml;tzen.</p><ul><li>
Identifikation und Analyse von Sicherheitsschwachstellen in IT-Systemen</li><li>
Entwicklung und Implementierung von vorbeugenden IT-Sicherheitsma&szlig;nahmen
</li><li>Kontinuierliche &Uuml;berwachung und Optimierung der Sicherheitsinfrastruktur</li><li>
Mitarbeit bei der Analyse und Behandlung von Sicherheitsvorf&auml;llen</li><li>
Unterst&uuml;tzung bei der Entwicklung und Umsetzung technischer Sicherheitsstrategien
</li><li>Steuerung und Durchf&uuml;hrung regelm&auml;&szlig;iger Sicherheitspr&uuml;fungen</li></ul>
<h2 class=""jobSectionHeader""><b>Das bringen Sie mit</b></h2>
<ul><li>Abgeschlossenes Studium der (Wirtschafts-) Informatik, IT-Sicherheit, oder eine abgeschlossene Ausbildung zum Fachinformatiker (w/m/d) oder vergleichbar</li><li>
Fundierte Erfahrung in der technischen Umsetzung von Sicherheitsl&ouml;sungen</li><li>
Kenntnisse in Netzwerk- und Systemadministration, relevanten Sicherheitstechnologien, sowie g&auml;ngigen Betriebssystemen und Netzwerktechnologien</li><li>
Starke analytische F&auml;higkeiten, Aufmerksamkeit f&uuml;r Details und hohes Verantwortungsbewusstsein</li></ul>
<h2 class=""jobSectionHeader""><b>Das bieten wir Ihnen</b></h2>
<ul><li>Hervorragende Entwicklungsm&ouml;glichkeiten &amp; individuelle Weiterbildung</li><li>
Verg&uuml;tung nach Bau-Tarif mit Sonderkonditionen</li><li>
Betriebliche Krankenzusatzversicherung</li><li>
M&ouml;glichkeit der Mitarbeiterbeteiligung</li><li>
Mitarbeiterrabatte &uuml;ber Corporate Benefits</li><li>
Bike-Leasing</li><li>
Firmenfitness (Partnerstudios)</li><li>
Betriebliche Altersvorsorge</li><li>
Betriebsinterner Arbeits- und Gesundheitsschutz</li><li>
Und f&uuml;r uns sehr wichtig: wir bieten Ihnen ein Umfeld in einem sehr guten, unterst&uuml;tzenden Betriebsklima!</li></ul>
<p>#dubisteinervonuns</p>
<h2 class=""jobSectionHeader""><b>Ihr Kontakt</b></h2>
<p><b>Matth&auml;i Verden</b><br>
Bremer Stra&szlig;e 135<br>
27283 Verden<br>
</p><p>Tel. +49 4231 766-118<br>
E-Mail: bewerbung(at)matthaei.de<br>
</p><div><h2 class=""jobSectionHeader""><b>&Uuml;ber uns</b></h2>
<p>Die Matth&auml;i-Gruppe ist in allen Disziplinen des Bauens erfolgreich. Gemeinsam mit unseren rund 3.500 Mitarbeitern an &uuml;ber 75 Standorten bauen wir leistungsstarke Infrastrukturen, die der Gesellschaft heute und morgen wertvolle Dienste leisten. Dabei &uuml;berzeugen wir durch Service- und Kundenorientierung und eine Unternehmensphilosophie, die immer den Menschen in den Mittelpunkt stellt.</p></div></div></div>";"Zur Verstärkung unseres Teams in der
suchen wir Sie als
Bremer Überseestadt
Cyber-Security Engineer
(w/m/d)
Ihre Rolle in unserem Team
Als Cyber-Security Engineer (w/m/d) sind Sie in unserem Team in der
verantwortlich für die Planung, Entwicklung und Implementierung technischer Sicherheitsmaßnahmen, um unsere IT-Systeme vor Cyberangriffen und Datenverlust zu schützen.
Bremer Überseestadt
Identifikation und Analyse von Sicherheitsschwachstellen in IT-Systemen
Entwicklung und Implementierung von vorbeugenden IT-Sicherheitsmaßnahmen
Kontinuierliche Überwachung und Optimierung der Sicherheitsinfrastruktur
Mitarbeit bei der Analyse und Behandlung von Sicherheitsvorfällen
Unterstützung bei der Entwicklung und Umsetzung technischer Sicherheitsstrategien
Steuerung und Durchführung regelmäßiger Sicherheitsprüfungen
Das bringen Sie mit
Abgeschlossenes Studium der (Wirtschafts-) Informatik, IT-Sicherheit, oder eine abgeschlossene Ausbildung zum Fachinformatiker (w/m/d) oder vergleichbar
Fundierte Erfahrung in der technischen Umsetzung von Sicherheitslösungen
Kenntnisse in Netzwerk- und Systemadministration, relevanten Sicherheitstechnologien, sowie gängigen Betriebssystemen und Netzwerktechnologien
Starke analytische Fähigkeiten, Aufmerksamkeit für Details und hohes Verantwortungsbewusstsein
Das bieten wir Ihnen
Hervorragende Entwicklungsmöglichkeiten & individuelle Weiterbildung
Vergütung nach Bau-Tarif mit Sonderkonditionen
Betriebliche Krankenzusatzversicherung
Möglichkeit der Mitarbeiterbeteiligung
Mitarbeiterrabatte über Corporate Benefits
Bike-Leasing
Firmenfitness (Partnerstudios)
Betriebliche Altersvorsorge
Betriebsinterner Arbeits- und Gesundheitsschutz
Und für uns sehr wichtig: wir bieten Ihnen ein Umfeld in einem sehr guten, unterstützenden Betriebsklima!
#dubisteinervonuns
Ihr Kontakt
Bremer Straße 135
27283 Verden
Matthäi Verden
Tel. +49 4231 766-118
E-Mail: bewerbung(at)matthaei.de
Über uns
Die Matthäi-Gruppe ist in allen Disziplinen des Bauens erfolgreich. Gemeinsam mit unseren rund 3.500 Mitarbeitern an über 75 Standorten bauen wir leistungsstarke Infrastrukturen, die der Gesellschaft heute und morgen wertvolle Dienste leisten. Dabei überzeugen wir durch Service- und Kundenorientierung und eine Unternehmensphilosophie, die immer den Menschen in den Mittelpunkt stellt.";Osterholz-Scharmbeck;Niedersachsen;Germany;53.230404;8.782826;Andreas Höttler;;Verden (Aller), Deutschland;Bauwesen;Bauwesen, Reparatur- und Wartungsservices;Unbekannt/Nicht zutreffend;1.001 bis 5.000 Mitarbeiter;Unbekannt;1995
3;1.00934E+12;Detection Engineer (m/w/d);Neckarsulm;10042042;Schwarz IT;316;EUR;;;;;4;2025-09-24T00:00:00;Full-time;;;English, Analysis skills, Splunk, German;"<div><div><div><p>Die Schwarz IT betreut die gesamte digitale Infrastruktur und alle Softwarel&ouml;sungen der Unternehmen der Schwarz Gruppe. Sie ist somit f&uuml;r Auswahl, Bereitstellung und Betrieb sowie Weiterentwicklung von IT-Infrastrukturen, IT-Plattformen und Business-Anwendungen zust&auml;ndig. Um die Fachbereiche durch IT-L&ouml;sungen optimal bei deren Gesch&auml;ftsprozessen zu unterst&uuml;tzen, nimmt die Schwarz IT die Anforderungen der Fachbereiche in Beratungsgespr&auml;chen auf und erarbeitet gemeinsam mit diesen professionelle und leistungsf&auml;hige IT-L&ouml;sungen.</p><p>
</p><p><b>Werde Teil unseres hybriden Teams am Standort BERLIN oder NECKARSULM.</b></p></div></div><h3 class=""jobSectionHeader""><b>
Deine Aufgaben</b></h3><div><ul><li>
Du bist mit verantwortlich f&uuml;r die Weiterentwicklung und Dokumentation unserer Use Cases</li><li>
Du hilfst die Sicht des Cyber Defense Centers auf IT-Prozesse im Unternehmen mit sinnvollen Logging Policies und Detection Rules zu erweitern</li><li>
Du erkennst aktiv L&uuml;cken in unserer Detection Coverage und hilfst diese zu schlie&szlig;en</li><li>
Du &uuml;berpr&uuml;fst bestehende Use Cases auf deren Sinnhaftigkeit und Aktualit&auml;t</li><li>
Du h&auml;ltst die allgemeine Bedrohungslage im Blick und ermittelst Handlungsempfehlungen</li><li>
Du entwickelst zusammen mit unseren Incident Respondern Handlungsschritte zur Bearbeitung von Alarmen</li><li>
Du ber&auml;tst ggf. interne Projekte im Hinblick auf sicherheitstechnische Fragestellungen</li></ul></div><h3 class=""jobSectionHeader""><b>
Dein Profil</b></h3><div><ul><li>
Du hast eine Berufsausbildung im IT-Bereich (bevorzugt mit Fokus auf Security) mit entsprechender Weiterbildung oder ein Studium der Fachrichtung Informatik erfolgreich abgeschlossen</li><li>
Du verf&uuml;gst &uuml;ber Kenntnisse relevanter Standards und Frameworks im Bereich des Detection Engineering wie MITRE ATT&amp;CK und CIS</li><li>
Du hast Erfahrungen in der Entwicklung von effizienten Suchen und Alarmen in SPL (Splunk Search Processing Language)</li><li>
Du zeichnest dich durch hohe analytische und kommunikative F&auml;higkeiten aus, arbeitest eigenverantwortlich und bist teamf&auml;hig</li><li>
Du trittst &uuml;berzeugend auf und kommunizierst dabei sicher in Deutsch und Englisch</li></ul></div><div><p><b>
Wir freuen uns auf deine Bewerbung!</b></p><p>
Schwarz Dienstleistung KG &middot; Jana Scherer &middot; Referenz-Nr. 38995
<br>
Stiftsbergstra&szlig;e 1 &middot; 74172 Neckarsulm
<br>
www.it.schwarz</p></div></div>";"Die Schwarz IT betreut die gesamte digitale Infrastruktur und alle Softwarelösungen der Unternehmen der Schwarz Gruppe. Sie ist somit für Auswahl, Bereitstellung und Betrieb sowie Weiterentwicklung von IT-Infrastrukturen, IT-Plattformen und Business-Anwendungen zuständig. Um die Fachbereiche durch IT-Lösungen optimal bei deren Geschäftsprozessen zu unterstützen, nimmt die Schwarz IT die Anforderungen der Fachbereiche in Beratungsgesprächen auf und erarbeitet gemeinsam mit diesen professionelle und leistungsfähige IT-Lösungen.
Werde Teil unseres hybriden Teams am Standort BERLIN oder NECKARSULM.
Deine Aufgaben
Du bist mit verantwortlich für die Weiterentwicklung und Dokumentation unserer Use Cases
Du hilfst die Sicht des Cyber Defense Centers auf IT-Prozesse im Unternehmen mit sinnvollen Logging Policies und Detection Rules zu erweitern
Du erkennst aktiv Lücken in unserer Detection Coverage und hilfst diese zu schließen
Du überprüfst bestehende Use Cases auf deren Sinnhaftigkeit und Aktualität
Du hältst die allgemeine Bedrohungslage im Blick und ermittelst Handlungsempfehlungen
Du entwickelst zusammen mit unseren Incident Respondern Handlungsschritte zur Bearbeitung von Alarmen
Du berätst ggf. interne Projekte im Hinblick auf sicherheitstechnische Fragestellungen
Dein Profil
Du hast eine Berufsausbildung im IT-Bereich (bevorzugt mit Fokus auf Security) mit entsprechender Weiterbildung oder ein Studium der Fachrichtung Informatik erfolgreich abgeschlossen
Du verfügst über Kenntnisse relevanter Standards und Frameworks im Bereich des Detection Engineering wie MITRE ATT&CK und CIS
Du hast Erfahrungen in der Entwicklung von effizienten Suchen und Alarmen in SPL (Splunk Search Processing Language)
Du zeichnest dich durch hohe analytische und kommunikative Fähigkeiten aus, arbeitest eigenverantwortlich und bist teamfähig
Du trittst überzeugend auf und kommunizierst dabei sicher in Deutsch und Englisch
Wir freuen uns auf deine Bewerbung!
Schwarz Dienstleistung KG · Jana Scherer · Referenz-Nr. 38995
Stiftsbergstraße 1 · 74172 Neckarsulm
www.it.schwarz";Neckarsulm;Baden-Württemberg;Germany;49.190147;9.223944;;;Neckarsulm, Deutschland;;;Unbekannt/Nicht zutreffend;1.001 bis 5.000 Mitarbeiter;Privatunternehmen;
4;1.00987E+12;Cyber Security Engineer (m/w/d);Heilbronn;946922;top itservices AG;25;EUR;;;;;3.8;2025-09-11T00:00:00;Full-time, Contract;;;English, IT, Cybersecurity, German;"<div><p>Kompetent, pers&ouml;nlich und initiativ - das ist die top itservices AG. Wir beraten Unternehmen ganzheitlich in ihren IT-Projekten und unterst&uuml;tzen sie durch die professionelle Vermittlung von Fach- und F&uuml;hrungskr&auml;ften. F&uuml;r Festanstellungen, Projekte oder auf Zeit. Sie suchen Ihre n&auml;chste Herausforderung? Dann suchen wir Sie! Gemeinsam m&ouml;chten wir einen signifikanten Mehrwert sowohl f&uuml;r Ihre individuelle Entwicklung als auch f&uuml;r den Erfolg unserer Kunden schaffen!<br>
<br>
Nehmen Sie die Herausforderung an und besetzen Sie zusammen mit uns eine vakante Position oder auch ein Projekt als Cyber Security Engineer (m/w/d).</p><h3 class=""jobSectionHeader""><b>
Cyber Security Engineer (m/w/d)</b></h3><p>
Heilbronn, Remote | Freiberuflich oder Festanstellung | Ab sofort oder nach Vereinbarung</p><p><b>
Ihre Aufgaben</b>:</p><ul><li>
Konzeption und Weiterf&uuml;hrung des Key &amp; Secret Managements und teilweise PKI</li><li>
Erstellung technischer Implementierungsdesigns f&uuml;r das Key &amp; Secret Management sowie PKI</li><li>
Aufbau, Automatisierung und Testing von in der Dev- und Test-Plattform</li><li>
Analyse und Dokumentation der Infrastruktur, der Automatisierung und der Prozesse</li><li>
Erstellung von technischen Sicherheitsrichtlinien und Schulungsunterlagen</li></ul><p></p><p><b>
Ihr Profil</b>:</p><ul><li>
Abgeschlossenes Studium in Informatik oder eine vergleichbare Qualifikation</li><li>
Mehrj&auml;hrige Berufserfahrung als Cyber Security Engineer mit PKI und Key &amp; Secret Management</li><li>
Know-how in Implementierungsdesign sowie im Aufbau und Testing von Dev- und Test-Plattformen</li><li>
Routinierter Umgang mit IT-Infrastrukturen und in der Automatisierung</li><li>
Sehr gute Deutsch- und gute Englischkenntnisse in Wort und Schrift</li></ul><p></p><p><b>
Ihre Chance</b>:</p><ul><li>
Vertrauensvolle &amp; pers&ouml;nliche Begleitung zu jeder Zeit &ndash; Partnerschaftlichkeit ist die Basis unserer Zusammenarbeit</li><li>
Sichere Festanstellung bei der top itservices AG als Consultant oder rechtssichere Projektdurchf&uuml;hrung im Dienstvertrag</li><li>
Transparenter und schneller Bewerbungsprozess mit einer verbindlichen R&uuml;ckmeldung binnen 14 Tagen</li><li>
Zugang zu einem deutschlandweiten Netzwerk und Projekteins&auml;tze bei renommierten Kunden von KMU bis DAX-Konzern</li><li>
Ortsungebunden und flexibel durch die M&ouml;glichkeit Remote zu arbeiten</li></ul><p></p><p><b>
Bewerben</b>:<br>
<br>
Erkennen Sie sich wieder? Dann senden Sie Ihre Unterlagen unter Angabe der Kennziffer 425-12532 an Frau Nicola Kristen. Erste Informationsw&uuml;nsche und Fragen beantwortet Ihnen Nicola Kristen gern telefonisch unter +49 30 2014497-37. Wir freuen uns bald von Ihnen zu h&ouml;ren!</p><p>
Zimmerstra&szlig;e 27<br>
10969 Berlin<br>
+49 30 2014497-0</p><ul><li>Erfolgt im Text zugunsten einer besseren Lesbarkeit keine explizite Differenzierung zwischen der weiblichen, m&auml;nnlichen und weiteren Formen, so sind dennoch stets alle gemeint.</li></ul></div>";"Kompetent, persönlich und initiativ - das ist die top itservices AG. Wir beraten Unternehmen ganzheitlich in ihren IT-Projekten und unterstützen sie durch die professionelle Vermittlung von Fach- und Führungskräften. Für Festanstellungen, Projekte oder auf Zeit. Sie suchen Ihre nächste Herausforderung? Dann suchen wir Sie! Gemeinsam möchten wir einen signifikanten Mehrwert sowohl für Ihre individuelle Entwicklung als auch für den Erfolg unserer Kunden schaffen!
Nehmen Sie die Herausforderung an und besetzen Sie zusammen mit uns eine vakante Position oder auch ein Projekt als Cyber Security Engineer (m/w/d).
Cyber Security Engineer (m/w/d)
Heilbronn, Remote | Freiberuflich oder Festanstellung | Ab sofort oder nach Vereinbarung
:
Ihre Aufgaben
Konzeption und Weiterführung des Key & Secret Managements und teilweise PKI
Erstellung technischer Implementierungsdesigns für das Key & Secret Management sowie PKI
Aufbau, Automatisierung und Testing von in der Dev- und Test-Plattform
Analyse und Dokumentation der Infrastruktur, der Automatisierung und der Prozesse
Erstellung von technischen Sicherheitsrichtlinien und Schulungsunterlagen
:
Ihr Profil
Abgeschlossenes Studium in Informatik oder eine vergleichbare Qualifikation
Mehrjährige Berufserfahrung als Cyber Security Engineer mit PKI und Key & Secret Management
Know-how in Implementierungsdesign sowie im Aufbau und Testing von Dev- und Test-Plattformen
Routinierter Umgang mit IT-Infrastrukturen und in der Automatisierung
Sehr gute Deutsch- und gute Englischkenntnisse in Wort und Schrift
:
Ihre Chance
Vertrauensvolle & persönliche Begleitung zu jeder Zeit – Partnerschaftlichkeit ist die Basis unserer Zusammenarbeit
Sichere Festanstellung bei der top itservices AG als Consultant oder rechtssichere Projektdurchführung im Dienstvertrag
Transparenter und schneller Bewerbungsprozess mit einer verbindlichen Rückmeldung binnen 14 Tagen
Zugang zu einem deutschlandweiten Netzwerk und Projekteinsätze bei renommierten Kunden von KMU bis DAX-Konzern
Ortsungebunden und flexibel durch die Möglichkeit Remote zu arbeiten
:
Erkennen Sie sich wieder? Dann senden Sie Ihre Unterlagen unter Angabe der Kennziffer 425-12532 an Frau Nicola Kristen. Erste Informationswünsche und Fragen beantwortet Ihnen Nicola Kristen gern telefonisch unter +49 30 2014497-37. Wir freuen uns bald von Ihnen zu hören!
Bewerben
Zimmerstraße 27
10969 Berlin
+49 30 2014497-0
Erfolgt im Text zugunsten einer besseren Lesbarkeit keine explizite Differenzierung zwischen der weiblichen, männlichen und weiteren Formen, so sind dennoch stets alle gemeint.";Heilbronn;Baden-Württemberg;Germany;49.140427;9.217953;Christoph Sedlmeir;;Unterhaching, Deutschland;Personalwesen & Personalvermittlungen;Personalwesen;25 bis 100 Millionen $ (USD);201 bis 500 Mitarbeiter;Aktiengesellschaft;1980
5;1.00987E+12;Network & Cyber Security Engineer (m/w/d)*;Regensburg;10660;Krones;25;EUR;;;;;4.1;2025-09-12T00:00:00;;;;English, IT, Cybersecurity, Communication skills, German;"<div><h1 class=""jobSectionHeader""><b>Network &amp; Cyber Security Engineer (m/w/d)*</b></h1><p><br>
Als Weltmarktf&uuml;hrer arbeiten wir bei Krones an zukunftsorientierten L&ouml;sungen f&uuml;r nachhaltige und bezahlbare Getr&auml;nke und Lebensmittel &ndash; f&uuml;r alle und &uuml;berall. Um diese in die Welt zu tragen, braucht es dich!</p><p>
In der internationalen Krones.digital Community arbeiten alle Digital-Expertinnen und Experten der Krones Gruppe zusammen. Wir sind Fans von Cutting-Edge-Technologien und entwickeln innovative Services und L&ouml;sungen, die bei jeder vierten Getr&auml;nkeflasche weltweit zum Einsatz kommen. Uns vereint der Anspruch, mehr als nur H&auml;kchen auf To-do-Listen zu setzen: Wir wollen echten Mehrwert f&uuml;r unsere Kunden schaffen und die Getr&auml;nke- und Liquid-Food-Produktion &uuml;berall da optimieren, wo noch Luft nach oben ist &ndash; und so unseren Beitrag f&uuml;r eine nachhaltige und bessere Zukunft leisten.</p><p>
Interessiert? Dann werde Teil des Krones Teams &ndash; denn gemeinsam erreichen wir mehr!</p><br>
<br>
<h2 class=""jobSectionHeader""><b>Benefits</b></h2>
<ul><li>Internationale Community mit mehr als 100 Standorten auf der ganzen Welt</li>
<li>Sinnstiftende Arbeit in der Getr&auml;nke- und Lebensmittelindustrie</li>
<li>Flexible Arbeitswelt, z.B. Mobiles Arbeiten (bis zu 50 Prozent m&ouml;glich), flexible Arbeitszeiten und modern ausgestattete Arbeitspl&auml;tze</li>
<li>Attraktive Verg&uuml;tung mit Sonderzahlungen und freiwilligen betrieblichen Zusatzleistungen sowie deutschlandweit exklusiven Rabatten &uuml;ber Krones Rabattplattform</li>
<li>Betriebliche und pers&ouml;nliche Weiterbildungs- und Umschulungsangebote</li>
<li>Betriebliches Gesundheitsmanagement mit kostenlosen Check-ups, Kursen oder Vortr&auml;gen</li>
<li>Betriebseigene Krankenkasse sowie Betriebs&auml;rztlicher Dienst</li>
<li>Ausgleich zum Arbeitsalltag durch Fitness- und Entspannungskurse, Betriebssportgruppen und Sportevents</li>
<li>Kantine und Verpflegungsm&ouml;glichkeiten inkl. Verpflegungszuschuss</li>
<li>Kostenfreie Parkpl&auml;tze, E-Lades&auml;ulen direkt vor Ort und sehr gute Verkehrsanbindung</li>
<li>J&auml;hrliches Betriebsfest</li><br>
</ul><br>
<h2 class=""jobSectionHeader""><b>Das erwartet dich</b></h2><ul><li>
Interne und externe Beratungst&auml;tigkeiten im Bereich IT/OT Security von Personen im Automatisierungsbereich</li><li>
Durchsetzung interner IT/OT-Sicherheitsma&szlig;nahmen sowie aktive Vertretung und Kommunikation des Themas gegen&uuml;ber relevanten internen Stakeholdern</li><li>
Konzeption und Unterst&uuml;tzen der Umsetzung technischer Security-L&ouml;sungen f&uuml;r den Automatisierungsbereich</li><li>
Sammlung, Kommunikation und Beheben von Security relevanten Problematiken innerhalb des Unternehmen und bei Kunden</li><li>
Erarbeitung von Methoden und Tools f&uuml;r zuk&uuml;nftige Projekte in der Prozess- und Fertigungsindustrie sowie f&uuml;r kritischen Infrastrukturen</li><li>
Kontinuierliche Weiterentwicklung spezifischer IT und OT Security-Kenntnisse auf Messen, sowohl pers&ouml;nlich als auch im Team</li><li>
Vertretung des Themas industrielle Vernetzung und Security f&uuml;r deine Organisation bei Kunden sowie durch Ver&ouml;ffentlichungen und Vortr&auml;ge</li><li>
Beratung unsere Kunden im Bereich Industrie 4.0, Connectivity und OT/IoT-Sicherheit unserer Digitalisierungsl&ouml;sungen sowie deren Anbindung an das Krones-Ecosystem</li></ul><h2 class=""jobSectionHeader""><b><br>
Das bringst du mit</b></h2><ul><li>
Erfolgreich abgeschlossenes Studium der Fachrichtung Wirtschaftsinformatik, Automatisierungstechnik oder ein erfolgreich abgeschlossenes technisches Studium mit Schwerpunkt IT/OT, Security, IT, IT-Sicherheit</li><li>
Erfahrung in IT/OT Security, Entwicklung und Inbetriebnahme von industriellen IoT-Komponenten oder dem Betreiben von Industrie-Netzwerken</li><li>
Berufserfahrung in mindestens einem der folgenden Bereiche: Netzwerksicherheit, Client- und Serverh&auml;rtung, Schwachstellenanalyse, Pentesting oder Koordination von Sicherheitsma&szlig;nahmen</li><li>
Relevante Berufserfahrung in der fertigenden Industrie erforderlich</li><li>
Ausgezeichnete Kommunikationsf&auml;higkeit und Teamarbeit</li><li>
Kenntnisse der IEC 62443, CRA erforderlich sowie ISO 27001, BSI Best Practices, DSGVO w&uuml;nschenswert.</li><li>
Kenntnisse und/oder Zertifizierungen f&uuml;r OT Security L&ouml;sungen (bspw. CSSA, GICSP, ISACA CSP OT, HTB CJCA, CBRCOR etc.) w&uuml;nschenswert</li><li>
Kundenorientierte Arbeitsweise insb. im Erkl&auml;ren komplexer Sachverhalte zwischen Technik und Fachfremden</li><li>
Interesse an Wissen &uuml;ber die weltweiten Regularien (USA, APAC, Afrika, ect.)</li><li>
Gute Deutsch- und Englischkenntnisse in Wort und Schrift</li><li>
Gelegentliche Reisebereitschaft</li></ul><h2 class=""jobSectionHeader""><b><br>
Deine Bewerbung</b></h2><p>
Wir konnten dein Interesse wecken?<b> Dann bewirb dich!</b> Es erwartet dich ein abwechslungsreiches Aufgabengebiet in einem motivierten Team mit attraktiven Rahmenbedingungen.</p><p>
Hast du noch Fragen? N&auml;here Informationen erh&auml;ltst du vom <b>Recruiting Team, Tel. 09401 70 1573</b>.</p><p>
Damit wir deine Bewerbung effizient und zeitnah bearbeiten k&ouml;nnen, benutze bitte unser Online-Formular - die Eingabe dauert maximal <b>5 Minuten</b>.</p><p>
Diese Position ist auch f&uuml;r Menschen mit Schwerbehinderung geeignet.</p><p>
Wir freuen uns auf deine Bewerbung!</p><ul><li>Aus Gr&uuml;nden der besseren Lesbarkeit verzichten wir auf die gleichzeitige Verwendung genderspezifischer Sprachformen. Unsere Ausschreibung richtet sich an alle Interessenten.</li></ul></div>";"Network & Cyber Security Engineer (m/w/d)*
Als Weltmarktführer arbeiten wir bei Krones an zukunftsorientierten Lösungen für nachhaltige und bezahlbare Getränke und Lebensmittel – für alle und überall. Um diese in die Welt zu tragen, braucht es dich!
In der internationalen Krones.digital Community arbeiten alle Digital-Expertinnen und Experten der Krones Gruppe zusammen. Wir sind Fans von Cutting-Edge-Technologien und entwickeln innovative Services und Lösungen, die bei jeder vierten Getränkeflasche weltweit zum Einsatz kommen. Uns vereint der Anspruch, mehr als nur Häkchen auf To-do-Listen zu setzen: Wir wollen echten Mehrwert für unsere Kunden schaffen und die Getränke- und Liquid-Food-Produktion überall da optimieren, wo noch Luft nach oben ist – und so unseren Beitrag für eine nachhaltige und bessere Zukunft leisten.
Interessiert? Dann werde Teil des Krones Teams – denn gemeinsam erreichen wir mehr!
Benefits
Internationale Community mit mehr als 100 Standorten auf der ganzen Welt
Sinnstiftende Arbeit in der Getränke- und Lebensmittelindustrie
Flexible Arbeitswelt, z.B. Mobiles Arbeiten (bis zu 50 Prozent möglich), flexible Arbeitszeiten und modern ausgestattete Arbeitsplätze
Attraktive Vergütung mit Sonderzahlungen und freiwilligen betrieblichen Zusatzleistungen sowie deutschlandweit exklusiven Rabatten über Krones Rabattplattform
Betriebliche und persönliche Weiterbildungs- und Umschulungsangebote
Betriebliches Gesundheitsmanagement mit kostenlosen Check-ups, Kursen oder Vorträgen
Betriebseigene Krankenkasse sowie Betriebsärztlicher Dienst
Ausgleich zum Arbeitsalltag durch Fitness- und Entspannungskurse, Betriebssportgruppen und Sportevents
Kantine und Verpflegungsmöglichkeiten inkl. Verpflegungszuschuss
Kostenfreie Parkplätze, E-Ladesäulen direkt vor Ort und sehr gute Verkehrsanbindung
Jährliches Betriebsfest
Das erwartet dich
Interne und externe Beratungstätigkeiten im Bereich IT/OT Security von Personen im Automatisierungsbereich
Durchsetzung interner IT/OT-Sicherheitsmaßnahmen sowie aktive Vertretung und Kommunikation des Themas gegenüber relevanten internen Stakeholdern
Konzeption und Unterstützen der Umsetzung technischer Security-Lösungen für den Automatisierungsbereich
Sammlung, Kommunikation und Beheben von Security relevanten Problematiken innerhalb des Unternehmen und bei Kunden
Erarbeitung von Methoden und Tools für zukünftige Projekte in der Prozess- und Fertigungsindustrie sowie für kritischen Infrastrukturen
Kontinuierliche Weiterentwicklung spezifischer IT und OT Security-Kenntnisse auf Messen, sowohl persönlich als auch im Team
Vertretung des Themas industrielle Vernetzung und Security für deine Organisation bei Kunden sowie durch Veröffentlichungen und Vorträge
Beratung unsere Kunden im Bereich Industrie 4.0, Connectivity und OT/IoT-Sicherheit unserer Digitalisierungslösungen sowie deren Anbindung an das Krones-Ecosystem
Das bringst du mit
Erfolgreich abgeschlossenes Studium der Fachrichtung Wirtschaftsinformatik, Automatisierungstechnik oder ein erfolgreich abgeschlossenes technisches Studium mit Schwerpunkt IT/OT, Security, IT, IT-Sicherheit
Erfahrung in IT/OT Security, Entwicklung und Inbetriebnahme von industriellen IoT-Komponenten oder dem Betreiben von Industrie-Netzwerken
Berufserfahrung in mindestens einem der folgenden Bereiche: Netzwerksicherheit, Client- und Serverhärtung, Schwachstellenanalyse, Pentesting oder Koordination von Sicherheitsmaßnahmen
Relevante Berufserfahrung in der fertigenden Industrie erforderlich
Ausgezeichnete Kommunikationsfähigkeit und Teamarbeit
Kenntnisse der IEC 62443, CRA erforderlich sowie ISO 27001, BSI Best Practices, DSGVO wünschenswert.
Kenntnisse und/oder Zertifizierungen für OT Security Lösungen (bspw. CSSA, GICSP, ISACA CSP OT, HTB CJCA, CBRCOR etc.) wünschenswert
Kundenorientierte Arbeitsweise insb. im Erklären komplexer Sachverhalte zwischen Technik und Fachfremden
Interesse an Wissen über die weltweiten Regularien (USA, APAC, Afrika, ect.)
Gute Deutsch- und Englischkenntnisse in Wort und Schrift
Gelegentliche Reisebereitschaft
Deine Bewerbung
Wir konnten dein Interesse wecken?
Es erwartet dich ein abwechslungsreiches Aufgabengebiet in einem motivierten Team mit attraktiven Rahmenbedingungen.
Dann bewirb dich!
Hast du noch Fragen? Nähere Informationen erhältst du vom
.
Recruiting Team, Tel. 09401 70 1573
Damit wir deine Bewerbung effizient und zeitnah bearbeiten können, benutze bitte unser Online-Formular - die Eingabe dauert maximal
.
5 Minuten
Diese Position ist auch für Menschen mit Schwerbehinderung geeignet.
Wir freuen uns auf deine Bewerbung!
Aus Gründen der besseren Lesbarkeit verzichten wir auf die gleichzeitige Verwendung genderspezifischer Sprachformen. Unsere Ausschreibung richtet sich an alle Interessenten.";Regensburg;Bayern;Germany;49.017445;12.097166;Christoph Klenk;;Neutraubling, Deutschland;Fertigungsbetriebe;Produktion;weniger als 1 Million $ (USD);Mehr als 10.000 Mitarbeiter;Privatunternehmen;1951
6;1.0097E+12;Defence Digital Engineering - IVV Test Engineer (d/f/m);Immenstaad;10387272;E Airbus Defence and Space GmbH;181;EUR;;;;;3.8;2025-09-09T00:00:00;Full-time;;;Jira, Computer science, Test automation, English, Confluence, German;"<div><b>Job Description:</b>
<br>
<br>
Wir suchen zur Verst&auml;rkung unseres Teams &bdquo;Delivery Germany &amp; International - System IVV&ldquo; einen Test Engineer (d/m/w) f&uuml;r die Definition, Durchf&uuml;hrung und Dokumentation von Pr&uuml;fprozeduren und Testkampagnen, die zur erfolgreichen Auslieferung und Kundenabnahme unserer aktuellen und zuk&uuml;nftigen Projekte innerhalb der Airbus Defence &amp; Space &bdquo;Defence Digital&ldquo; Program-Linie notwendig sind.<br>
<br>
Die Mission der Defence Digital Program-Linie bei Airbus Defence and Space ist das Design, die Entwicklung und Lieferung sowohl von cyber-resilienten und verbundenen Command &amp; Control (C2)- als auch Intelligence, Surveillance &amp; Reconnaisance (ISR)-Systemen und L&ouml;sungen f&uuml;r unsere Kunden weltweit. Wirft man einen Blick auf die aktuellen, geo-politischen Risiken und Konflikte in unserer Welt so wird sehr schnell klar, dass unsere F&auml;higkeiten und L&ouml;sungen im Bereich Security Services, Combat Cloud &amp; Connectivity als auch Information &amp; Decision Superiority von gr&ouml;&szlig;ter Bedeutung und in starker Nachfrage sind. Hieraus ergeben sich ganz aktuell und in naher Zukunft zahlreiche M&ouml;glichkeiten und Herausforderungen f&uuml;r neue Projekte.<br>
<br>
Als Test Engineer k&uuml;mmern Sie sich um die Definition, Dokumentation, Durchf&uuml;hrung und Analyse von Pr&uuml;fprozeduren und Testf&auml;llen f&uuml;r unsere Softwareprodukte und Systemkomponenten sowie deren zuk&uuml;nftige Evolution in verschiedenen Kundenprojekten. Im Rahmen der f&uuml;r ein Produkt oder Projekt definierten Testaktivit&auml;ten (IVV Plan) werden Sie das IVV Projektteam unterst&uuml;tzen, um kontinuierlich Testergebnisse an Entwickler- und Integrationsteams r&uuml;ckzumelden, den Testerf&uuml;llungsgrad bezogen auf die Anforderungen zu bewerten, sowie m&ouml;gliche Bugs und empfohlene Design&auml;nderungen zu kommunizieren. Hierbei stellen Sie zu jeder Zeit sicher, dass die Testdurchf&uuml;hrung konform zu Airbus-internen und projektspezifischen Standards absolviert werden. Dar&uuml;berhinaus unterst&uuml;tzen Sie die Test-Koordination mit potentiellen Lieferanten oder Partnerorganisationen auf System-/Subsystem-Ebene. Dies beinhaltet beispielsweise die Vorbereitung und Durchf&uuml;hrung von Acceptance Tests (FAT, SAT) und entsprechende Dry-runs im Rahmen einer Kundenabnahme.<br>
<br>
Die lokalen Schwerpunkte unseres Teams &ldquo;Delivery Germany &amp; International - System IVV&rdquo; befinden sich an unseren Standorten in Immenstaad und Ulm, wobei wir als internationales Unternehmen sehr eng mit unseren Teams an anderen europ&auml;ischen Standorten sowie auch mit anderen nationalen und internationalen Partnerorganisationen zusammenarbeiten.<br>
<br>
Aus diesem Grund gehen wir von einer gelegentlichen Verf&uuml;gbarkeit f&uuml;r Dienstreisen aus und Bewerbende sollten in der Lage sein, entsprechende Reisen durchf&uuml;hren zu k&ouml;nnen.<br>
<br>
<b>Standort</b><br>
<br>
Am Airbus-Standort in Immenstaad arbeitest du dort an Innovationen, wo andere Urlaub machen. Genie&szlig;e den Panoramablick auf den Bodensee, w&auml;hrend du in unserer Kantine zu Mittag isst. Und nach der Arbeit schlie&szlig;t du dich einer unserer vielen Betriebssportgruppen an, um zu laufen, zu segeln oder Ski zu fahren.
<br>
<br>
<b>Vorteile</b><br>
<ul><li>
Attraktive Verg&uuml;tung und Sonderzahlungen
<br>
</li><li>30 Tage bezahlter Urlaub und zus&auml;tzliche freie Tage f&uuml;r besondere Anl&auml;sse
<br>
</li><li>Ausgezeichnete Weiterbildungsm&ouml;glichkeiten und tolle internationale, konzernweite Entwicklungsperspektiven
<br>
</li><li>Sonderleistungen: arbeitgeberfinanzierte Altersversorgung, Mitarbeiteraktienoptionen, verg&uuml;nstigtes Autoleasing, Sonderkonditionen f&uuml;r Versicherungen, Bezuschussung im &ouml;ffentlichen Personennahverkehr, Mitarbeitervorteile bei kooperierenden Unternehmen
<br>
</li><li>Vor-Ort-Einrichtungen: Standortnaher Kindergarten, Arzt f&uuml;r Check-ups und andere gesundheitsbezogene Dienstleistungen, Kantine und Cafeteria mit Seeblick
<br>
</li><li>Betriebssportgruppen und Freizeitaktivit&auml;ten wie Segeln, Tennis und Wintersport
<br>
</li><li>Vereinbarkeit von Familie &amp; Beruf (Jobsharing, Teilzeitmodelle, flexible Arbeitszeiten, individuelle Auszeit)
<br>
</li>Arbeiten in einem diversen Umfeld, mit mehr als 140 Nationalit&auml;ten, in dem jede Stimme geh&ouml;rt wird<br>
<li>
<br>
</li></ul><br>
<br>
<b>Aufgaben und Verantwortlichkeiten</b><br>
<ul><li>
Umsetzung von L2 (System) und L3 (Software) Anforderungen in valide Testf&auml;lle und Pr&uuml;fprozeduren f&uuml;r die Software- und Systemintegration<br>
</li><li>
Umsetzung HW-spezifischer Integrationsanforderungen in valide Testf&auml;lle und Pr&uuml;fprozeduren f&uuml;r die Durchf&uuml;hrung von HW-Integrationstests<br>
</li><li>
Ausf&uuml;hren von Testf&auml;llen und Pr&uuml;fprozeduren in Integrations- und Referenzanlagen sowie ggf. an Kundenstandorten inkl. Auswertung der Testergebnisse<br>
</li><li>
Erstellung und Review der geforderten Testdokumentation (Pr&uuml;fprozeduren, Testf&auml;lle, Problem-Reports, Test- Reports) f&uuml;r die Testkampagnen<br>
</li><li>
Unterst&uuml;tzung im Bereich Testautomatisierung</li></ul><br>
<b>
Erforderliche Kenntnisse und Qualifikationen</b><br>
<ul><li>
Master Abschluss im Bereich Informatik, Telekommunikation, Luft- und Raumfahrt, Automotive oder &auml;hnlicher Studiengang<br>
</li><li>
Fundierte Kenntnisse im Bereich Software- und System-Test, vorzugsweise in den Bereichen C2, ISR, Battle Management oder vergleichbare Systeme (Qualifizierung gem&auml;&szlig; ISTQB&reg; w&auml;re w&uuml;nschenswert)<br>
</li><li>
Fundierte Kenntnisse im Umgang mit Anforderungs- sowie Testmanagement- und Testdurchf&uuml;hrungs-Werkzeugen (z.B. Rationale DOORS, Octane, Quality Center, QFTest, Jira/Confluence etc.)
<br>
</li><li>Erfahrung im Bereich Testautomatisierung (w&uuml;nschenswert)<br>
</li><li>
Team Player, der sich gern in ein internationales Team einbringt und nicht vor einer Multi-Projekt Umgebung zur&uuml;ckscheut<br>
</li><li>
Gute Deutsch- und Englisch-Kenntnisse</li></ul><br>
Keine 100%ige &Uuml;bereinstimmung? Kein Grund zur Sorge! Airbus unterst&uuml;tzt deine pers&ouml;nliche Entwicklung mit ma&szlig;geschneiderten Entwicklungsl&ouml;sungen.
<br>
<br>
Bring deine Karriere auf ein neues Level und bewirb dich jetzt online !
<br>
<br>
#CI_2025
<br>
<br>
This job requires an awareness of any potential compliance risks and a commitment to act with integrity, as the foundation for the Company&rsquo;s success, reputation and sustainable growth.<br>
<br>
<b>Company:</b>
<br>
Airbus Defence and Space GmbH<br>
<br>
<b>Employment Type:</b><br>
Permanent<br>
-<br>
<br>
<b>Experience Level:</b><br>
Professional<br>
<br>
<b>Job Family:</b><br>
Software Engineering
<br>
<br>
By submitting your CV or application you are consenting to Airbus using and storing information about you for monitoring purposes relating to your application or future employment. This information will only be used by Airbus.<br>
Airbus is committed to achieving workforce diversity and creating an inclusive working environment. We welcome all applications irrespective of social and cultural background, age, gender, disability, sexual orientation or religious belief.<br>
<br>
Airbus is, and always has been, committed to equal opportunities for all. As such, we will never ask for any type of monetary exchange in the frame of a recruitment process. Any impersonation of Airbus to do so should be reported to emsom@airbus.com .
<br>
<br>
At Airbus, we support you to work, connect and collaborate more easily and flexibly. Wherever possible, we foster flexible working arrangements to stimulate innovative thinking.</div>";"Wir suchen zur Verstärkung unseres Teams „Delivery Germany & International - System IVV“ einen Test Engineer (d/m/w) für die Definition, Durchführung und Dokumentation von Prüfprozeduren und Testkampagnen, die zur erfolgreichen Auslieferung und Kundenabnahme unserer aktuellen und zukünftigen Projekte innerhalb der Airbus Defence & Space „Defence Digital“ Program-Linie notwendig sind.
Die Mission der Defence Digital Program-Linie bei Airbus Defence and Space ist das Design, die Entwicklung und Lieferung sowohl von cyber-resilienten und verbundenen Command & Control (C2)- als auch Intelligence, Surveillance & Reconnaisance (ISR)-Systemen und Lösungen für unsere Kunden weltweit. Wirft man einen Blick auf die aktuellen, geo-politischen Risiken und Konflikte in unserer Welt so wird sehr schnell klar, dass unsere Fähigkeiten und Lösungen im Bereich Security Services, Combat Cloud & Connectivity als auch Information & Decision Superiority von größter Bedeutung und in starker Nachfrage sind. Hieraus ergeben sich ganz aktuell und in naher Zukunft zahlreiche Möglichkeiten und Herausforderungen für neue Projekte.
Als Test Engineer kümmern Sie sich um die Definition, Dokumentation, Durchführung und Analyse von Prüfprozeduren und Testfällen für unsere Softwareprodukte und Systemkomponenten sowie deren zukünftige Evolution in verschiedenen Kundenprojekten. Im Rahmen der für ein Produkt oder Projekt definierten Testaktivitäten (IVV Plan) werden Sie das IVV Projektteam unterstützen, um kontinuierlich Testergebnisse an Entwickler- und Integrationsteams rückzumelden, den Testerfüllungsgrad bezogen auf die Anforderungen zu bewerten, sowie mögliche Bugs und empfohlene Designänderungen zu kommunizieren. Hierbei stellen Sie zu jeder Zeit sicher, dass die Testdurchführung konform zu Airbus-internen und projektspezifischen Standards absolviert werden. Darüberhinaus unterstützen Sie die Test-Koordination mit potentiellen Lieferanten oder Partnerorganisationen auf System-/Subsystem-Ebene. Dies beinhaltet beispielsweise die Vorbereitung und Durchführung von Acceptance Tests (FAT, SAT) und entsprechende Dry-runs im Rahmen einer Kundenabnahme.
Die lokalen Schwerpunkte unseres Teams “Delivery Germany & International - System IVV” befinden sich an unseren Standorten in Immenstaad und Ulm, wobei wir als internationales Unternehmen sehr eng mit unseren Teams an anderen europäischen Standorten sowie auch mit anderen nationalen und internationalen Partnerorganisationen zusammenarbeiten.
Aus diesem Grund gehen wir von einer gelegentlichen Verfügbarkeit für Dienstreisen aus und Bewerbende sollten in der Lage sein, entsprechende Reisen durchführen zu können.
Am Airbus-Standort in Immenstaad arbeitest du dort an Innovationen, wo andere Urlaub machen. Genieße den Panoramablick auf den Bodensee, während du in unserer Kantine zu Mittag isst. Und nach der Arbeit schließt du dich einer unserer vielen Betriebssportgruppen an, um zu laufen, zu segeln oder Ski zu fahren.
Keine 100%ige Übereinstimmung? Kein Grund zur Sorge! Airbus unterstützt deine persönliche Entwicklung mit maßgeschneiderten Entwicklungslösungen.
Bring deine Karriere auf ein neues Level und bewirb dich jetzt online !
#CI_2025
This job requires an awareness of any potential compliance risks and a commitment to act with integrity, as the foundation for the Company’s success, reputation and sustainable growth.
Airbus Defence and Space GmbH
Permanent
-
Professional
Software Engineering
By submitting your CV or application you are consenting to Airbus using and storing information about you for monitoring purposes relating to your application or future employment. This information will only be used by Airbus.
Airbus is committed to achieving workforce diversity and creating an inclusive working environment. We welcome all applications irrespective of social and cultural background, age, gender, disability, sexual orientation or religious belief.
Airbus is, and always has been, committed to equal opportunities for all. As such, we will never ask for any type of monetary exchange in the frame of a recruitment process. Any impersonation of Airbus to do so should be reported to emsom@airbus.com .
At Airbus, we support you to work, connect and collaborate more easily and flexibly. Wherever possible, we foster flexible working arrangements to stimulate innovative thinking.
Job Description:
Standort
Vorteile
Arbeiten in einem diversen Umfeld, mit mehr als 140 Nationalitäten, in dem jede Stimme gehört wird
Attraktive Vergütung und Sonderzahlungen
30 Tage bezahlter Urlaub und zusätzliche freie Tage für besondere Anlässe
Ausgezeichnete Weiterbildungsmöglichkeiten und tolle internationale, konzernweite Entwicklungsperspektiven
Sonderleistungen: arbeitgeberfinanzierte Altersversorgung, Mitarbeiteraktienoptionen, vergünstigtes Autoleasing, Sonderkonditionen für Versicherungen, Bezuschussung im öffentlichen Personennahverkehr, Mitarbeitervorteile bei kooperierenden Unternehmen
Vor-Ort-Einrichtungen: Standortnaher Kindergarten, Arzt für Check-ups und andere gesundheitsbezogene Dienstleistungen, Kantine und Cafeteria mit Seeblick
Betriebssportgruppen und Freizeitaktivitäten wie Segeln, Tennis und Wintersport
Vereinbarkeit von Familie & Beruf (Jobsharing, Teilzeitmodelle, flexible Arbeitszeiten, individuelle Auszeit)
Aufgaben und Verantwortlichkeiten
Umsetzung von L2 (System) und L3 (Software) Anforderungen in valide Testfälle und Prüfprozeduren für die Software- und Systemintegration
Umsetzung HW-spezifischer Integrationsanforderungen in valide Testfälle und Prüfprozeduren für die Durchführung von HW-Integrationstests
Ausführen von Testfällen und Prüfprozeduren in Integrations- und Referenzanlagen sowie ggf. an Kundenstandorten inkl. Auswertung der Testergebnisse
Erstellung und Review der geforderten Testdokumentation (Prüfprozeduren, Testfälle, Problem-Reports, Test- Reports) für die Testkampagnen
Unterstützung im Bereich Testautomatisierung
Erforderliche Kenntnisse und Qualifikationen
Master Abschluss im Bereich Informatik, Telekommunikation, Luft- und Raumfahrt, Automotive oder ähnlicher Studiengang
Fundierte Kenntnisse im Bereich Software- und System-Test, vorzugsweise in den Bereichen C2, ISR, Battle Management oder vergleichbare Systeme (Qualifizierung gemäß ISTQB® wäre wünschenswert)
Fundierte Kenntnisse im Umgang mit Anforderungs- sowie Testmanagement- und Testdurchführungs-Werkzeugen (z.B. Rationale DOORS, Octane, Quality Center, QFTest, Jira/Confluence etc.)
Erfahrung im Bereich Testautomatisierung (wünschenswert)
Team Player, der sich gern in ein internationales Team einbringt und nicht vor einer Multi-Projekt Umgebung zurückscheut
Gute Deutsch- und Englisch-Kenntnisse
Company:
Employment Type:
Experience Level:
Job Family:";Immenstaad;Baden-Wurttemberg;Germany;47.666622;9.37146;;;Getafe, Spanien;;;Unbekannt/Nicht zutreffend;1 bis 50 Mitarbeiter;Unbekannt;
7;1.00974E+12;Security Engineer - Operation Center (m/w/d);Essen;3751217;Westnetz GmbH;152;EUR;;;;;4.8;2025-10-07T00:00:00;Full-time;;;Cybersecurity;"<div><p><b>Du. Mit uns?</b> F&uuml;r unser <b>Team Security, Standort Wesseling, </b><b>Arnsberg</b>, <b>Bad Kreuznach</b>, <b>Dortmund</b>, <b>D&uuml;ren</b>, <b>M&uuml;nster, Osnabr&uuml;ck, Siegen, Idar-Oberstein, Trier, Saffig, Wesel, Essen</b> oder <b>Neuss</b><b>, </b>suchen wir zum n&auml;chstm&ouml;glichen Zeitpunkt engagierte Verst&auml;rkung.</p><p>
Deine Arbeit sollte sinnstiftend sein und Du willst Dich mit all Deinen Facetten einbringen? Dann bist Du bei uns richtig. Wie Du bist, was Du f&uuml;hlst: Wir sehen Dich.</p><p>
Die Westnetz GmbH, eine 100-prozentige Tochter der Westenergie AG, ist der gr&ouml;&szlig;te Verteilnetzbetreiber Deutschlands. Mit &uuml;ber 6.000 Mitarbeiter*innen und unserer offenen Unternehmenskultur stellen wir die zuverl&auml;ssige Versorgung unserer Kundinnen und Kunden sicher &ndash; rund um die Uhr, an 365 Tagen im Jahr. Wenn Du mit uns die Energiewende mitgestalten, die Lebensqualit&auml;t von Menschen verbessern und die regionale Infrastruktur st&auml;rken willst, findest Du bei uns Raum zur Verwirklichung.</p>
<p>Wir, das Team Security, suchen kreative Entdecker*innen, zuverl&auml;ssige Macher*innen, Kundenversteher*innen, Auf-mich-und-andere-Achter*innen und echte Teamplayer*innen, die Lust darauf haben, gemeinsam mit uns ganzheitliche technologie&uuml;bergreifende Sicherheitsl&ouml;sungen der n&auml;chsten Generation f&uuml;r die Anforderungen der Energiewende von heute und morgen zu schaffen &ndash; passgenau, hocheffizient und sicher! Wir sind ein hybrides Team, welches sich &uuml;ber die Standorte Arnsberg, Bad Kreuznach, Berzdorf, Dortmund, D&uuml;ren, M&uuml;nster und Neuss erstreckt und legen daher Wert auf eine gute hybride Arbeitskultur, welche sich durch Transparenz, Hilfsbereitschaft, Wertsch&auml;tzung, offene Kommunikation und Spa&szlig;, auszeichnet. Als gr&ouml;&szlig;ter Verteilnetzbetreiber Deutschlands sind wir Dreh- und Angelpunkt der Energiewende und tragen mit unserem Bereich Systemf&uuml;hrung &ndash; Nachrichtentechnik ma&szlig;geblich zur sicheren Digitalisierung und Smartifizierung unserer Energienetze bei. Du m&ouml;chtest Dir einen ersten Eindruck &uuml;ber uns verschaffen? &ndash; Dann klicke hier</p><p><b>
Daf&uuml;r stehst Du auf:</b></p><ul><li><p>
Du analysierst kontinuierlich die neuesten Cyber-Bedrohungen und suchst proaktiv nach Anzeichen von Angriffen. Dabei nutzt Du Tools und Methoden, um potentielle Schwachstellen zu identifizieren und zu beheben</p></li><li><p>
Du bist zur Stelle, wenn ein sicherheitsrelevanter Vorfall auftritt, um ihn gr&uuml;ndlich zu untersuchen. Dabei analysierst Du die Ursache des Vorfalls, bewertest den Schaden und ergreifst Gegenma&szlig;nahmen</p></li><li><p>
Du wirst die Erkennungslogik f&uuml;r sicherheitsrelevante Ereignisse st&auml;ndig &uuml;berpr&uuml;fen und optimieren</p></li><li><p>
Du arbeitest aktiv an der Weiterentwicklung unserer IT-Sicherheitsinfrastruktur, was die Implementierung neuer Technologien und Prozesse beinhaltet, um unsere Systeme zukunftssicher zu gestalten</p></li><li><p>
Du nimmst regelm&auml;&szlig;ig am Bereitschaftsdienst teil, um sicherzustellen, dass wir jederzeit auf potentielle Gef&auml;hrdungssituationen reagieren k&ouml;nnen</p></li><li><p>
Du wirst als ein Teil in der gruppenweiten Cyber-Sicherheitsorganisation arbeiten und in Konzernarbeitsgruppen mitwirken. Das bietet Dir die M&ouml;glichkeit, Dich mit Expert*innen aus verschiedenen Bereichen auszutauschen</p></li></ul><p><b>
Das bringst Du mit:
</b></p><ul><li><p>Du hast ein abgeschlossenes Studium der Cyber Security, Informatik, Nachrichtentechnik oder vergleichbar</p></li><li><p>
Du bringst idealerweise Erfahrung im Bereich Security Operations, insbesondere mit Technologien wie CWPP, SIEM, IDS, EDR und SOAR mit</p></li><li><p>
Du begeisterst Dich f&uuml;r Operative Technologien und hast fundierte Kenntnisse in SCADA, HMI, PLC sowie RTU</p></li><li><p>
Du bist in der Lage komplexe Sachverhalte zu analysieren und mit Prozessen zu verkn&uuml;pfen</p></li><li><p>
Du stehst Ver&auml;nderungen positiv gegen&uuml;ber und nutzt die Chancen, die sich daraus ergeben</p></li><li><p>
Du positionierst Dich auch in schwierigen Situationen als kompetenter Ansprechpartner und kannst Inhalte verst&auml;ndlich und Adressatengerecht kommunizieren</p></li><li><p>
Du achtest auf das eigene Wohlbefinden und eine gute Work-Life-Balance</p></li></ul><p><b>
Das bieten wir Dir:</b></p><ul><li><p>
Die M&ouml;glichkeit <b>Verantwortung </b>zu &uuml;bernehmen, Entscheidungen in Deinem Verantwortungsrahmen eigenst&auml;ndig zu f&auml;llen und umzusetzen</p></li><li><p>
Deine <b>Work-Life-Balance</b> ist uns wichtig! Daher gibt es bei uns flexible Arbeitszeiten sowie 30 Tage Jahresurlaub. Bei uns kannst Du au&szlig;erdem Dein&quot;Home&quot; zum &quot;Office&quot; machen, um noch flexibler zu werden</p></li><li><p>
Die Gelegenheit in diesem <b>Verantwortungsbereich zu wachsen</b> und Deine Kenntnisse, Kompetenzen und Ideen dar&uuml;ber hinaus einbringen zu k&ouml;nnen</p></li><li><p>
Die M&ouml;glichkeit an <b>&uuml;bergreifenden Projekten</b> teilzunehmen und sich unternehmensweit zu vernetzen</p></li><li><p>
Du bist Teil eines <b>motivierten und dynamischen Teams</b>, dass die Herausforderungen der Energiewende gestaltet</p></li><li><p>
Wenn es um den Erfolg im Job geht, ist die <b>Vereinbarkeit von Beruf und Familie </b>f&uuml;r viele entscheidend. Westnetz steht Dir dabei als zertifizierter familienfreundlicher Arbeitgeber in unterschiedlichen Lebenslagen zur Seite</p></li><li><p><b>
Unser Tarifvertrag bietet Sicherheit: </b>Wir bieten Dir eine attraktive Verg&uuml;tung sowie viele Zusatzleistungen: Zuschl&auml;ge f&uuml;r Rufbereitschaft, Weihnachtsgeld, Zuschuss zum Krankengeld, eine Unfallversicherung und eine arbeitgeberfinanzierte Altersversorgung
</p></li></ul><p><b>Bist Du interessiert?</b><br>
Dann bewirb Dich bitte ausschlie&szlig;lich online (Anzeigencode: 236351).</p>
<p>Mit unserer offenen und wertsch&auml;tzenden Unternehmenskultur hei&szlig;en wir alle Menschen willkommen. Denn wir sind davon &uuml;berzeugt, dass uns Unterschiede bereichern &ndash; sei es in Herkunft, Geschlecht, Alter, Lebens- und Arbeitsstilen, Talenten, F&auml;higkeiten und Einschr&auml;nkungen.</p>
<p>Wir freuen uns auf Deine vollst&auml;ndige und aussagekr&auml;ftige Bewerbung mit Lebenslauf und relevanten Zeugnissen. Um Dir den Bewerbungsprozess zu erleichtern, verzichten wir auf ein Anschreiben.</p>
<p><b>Westnetz GmbH</b> Maximilian Meister, +49 271 584-2057
<br>
Deine Fragen beantworten wir auch gerne unter maximilian.meister@westnetz.de</p>
<p><b>Wir sind ein Top-Arbeitgeber!</b></p>
<p><b>&Uuml;berzeuge Dich selbst:</b><br>
https://www.kununu.com/de/westnetz</p>
<p><b>Was du sonst noch wissen solltest:</b></p>
<p><b>Besch&auml;ftigungsart:</b> Unbefristet</p>
<p><b>Arbeitsmodell:</b> Hybrid Remote</p>
<p><b>Besch&auml;ftigungsgrad:</b> f</p>
<p><b>Gesellschaft:</b> Westnetz GmbH</p>
<h3 class=""jobSectionHeader""><b>
Inklusion</b></h3>
<p>
Uns ist wichtig, Menschen mit Behinderung ein faires Bewerbungsverfahren zu erm&ouml;glichen, in dem sie ihr Bestes zeigen k&ouml;nnen. Daher wird unsere Schwerbehindertenvertretung fr&uuml;hzeitig in das Verfahren einbezogen. Bitte teile uns &uuml;ber das Bewerbungsformular mit, ob du technische oder organisatorische Anpassungen f&uuml;r das Bewerbungsverfahren ben&ouml;tigst. Wir stellen diese gern zur Verf&uuml;gung.</p>
<p>
Wenn es dir nicht m&ouml;glich ist, dich online zu bewerben und du stattdessen mit jemandem sprechen m&ouml;chtest, kontaktiere bitte deinen lokalen Recruiter.</p></div>";"Für unser
,
,
,
,
oder
suchen wir zum nächstmöglichen Zeitpunkt engagierte Verstärkung.
Du. Mit uns?
Team Security, Standort Wesseling,
Arnsberg
Bad Kreuznach
Dortmund
Düren
Münster, Osnabrück, Siegen, Idar-Oberstein, Trier, Saffig, Wesel, Essen
Neuss
,
Deine Arbeit sollte sinnstiftend sein und Du willst Dich mit all Deinen Facetten einbringen? Dann bist Du bei uns richtig. Wie Du bist, was Du fühlst: Wir sehen Dich.
Die Westnetz GmbH, eine 100-prozentige Tochter der Westenergie AG, ist der größte Verteilnetzbetreiber Deutschlands. Mit über 6.000 Mitarbeiter*innen und unserer offenen Unternehmenskultur stellen wir die zuverlässige Versorgung unserer Kundinnen und Kunden sicher – rund um die Uhr, an 365 Tagen im Jahr. Wenn Du mit uns die Energiewende mitgestalten, die Lebensqualität von Menschen verbessern und die regionale Infrastruktur stärken willst, findest Du bei uns Raum zur Verwirklichung.
Wir, das Team Security, suchen kreative Entdecker*innen, zuverlässige Macher*innen, Kundenversteher*innen, Auf-mich-und-andere-Achter*innen und echte Teamplayer*innen, die Lust darauf haben, gemeinsam mit uns ganzheitliche technologieübergreifende Sicherheitslösungen der nächsten Generation für die Anforderungen der Energiewende von heute und morgen zu schaffen – passgenau, hocheffizient und sicher! Wir sind ein hybrides Team, welches sich über die Standorte Arnsberg, Bad Kreuznach, Berzdorf, Dortmund, Düren, Münster und Neuss erstreckt und legen daher Wert auf eine gute hybride Arbeitskultur, welche sich durch Transparenz, Hilfsbereitschaft, Wertschätzung, offene Kommunikation und Spaß, auszeichnet. Als größter Verteilnetzbetreiber Deutschlands sind wir Dreh- und Angelpunkt der Energiewende und tragen mit unserem Bereich Systemführung – Nachrichtentechnik maßgeblich zur sicheren Digitalisierung und Smartifizierung unserer Energienetze bei. Du möchtest Dir einen ersten Eindruck über uns verschaffen? – Dann klicke hier
Dafür stehst Du auf:
Du analysierst kontinuierlich die neuesten Cyber-Bedrohungen und suchst proaktiv nach Anzeichen von Angriffen. Dabei nutzt Du Tools und Methoden, um potentielle Schwachstellen zu identifizieren und zu beheben
Du bist zur Stelle, wenn ein sicherheitsrelevanter Vorfall auftritt, um ihn gründlich zu untersuchen. Dabei analysierst Du die Ursache des Vorfalls, bewertest den Schaden und ergreifst Gegenmaßnahmen
Du wirst die Erkennungslogik für sicherheitsrelevante Ereignisse ständig überprüfen und optimieren
Du arbeitest aktiv an der Weiterentwicklung unserer IT-Sicherheitsinfrastruktur, was die Implementierung neuer Technologien und Prozesse beinhaltet, um unsere Systeme zukunftssicher zu gestalten
Du nimmst regelmäßig am Bereitschaftsdienst teil, um sicherzustellen, dass wir jederzeit auf potentielle Gefährdungssituationen reagieren können
Du wirst als ein Teil in der gruppenweiten Cyber-Sicherheitsorganisation arbeiten und in Konzernarbeitsgruppen mitwirken. Das bietet Dir die Möglichkeit, Dich mit Expert*innen aus verschiedenen Bereichen auszutauschen
Das bringst Du mit:
Du hast ein abgeschlossenes Studium der Cyber Security, Informatik, Nachrichtentechnik oder vergleichbar
Du bringst idealerweise Erfahrung im Bereich Security Operations, insbesondere mit Technologien wie CWPP, SIEM, IDS, EDR und SOAR mit
Du begeisterst Dich für Operative Technologien und hast fundierte Kenntnisse in SCADA, HMI, PLC sowie RTU
Du bist in der Lage komplexe Sachverhalte zu analysieren und mit Prozessen zu verknüpfen
Du stehst Veränderungen positiv gegenüber und nutzt die Chancen, die sich daraus ergeben
Du positionierst Dich auch in schwierigen Situationen als kompetenter Ansprechpartner und kannst Inhalte verständlich und Adressatengerecht kommunizieren
Du achtest auf das eigene Wohlbefinden und eine gute Work-Life-Balance
Das bieten wir Dir:
Die Möglichkeit
zu übernehmen, Entscheidungen in Deinem Verantwortungsrahmen eigenständig zu fällen und umzusetzen
Verantwortung
Deine
ist uns wichtig! Daher gibt es bei uns flexible Arbeitszeiten sowie 30 Tage Jahresurlaub. Bei uns kannst Du außerdem Dein""Home"" zum ""Office"" machen, um noch flexibler zu werden
Work-Life-Balance
Die Gelegenheit in diesem
und Deine Kenntnisse, Kompetenzen und Ideen darüber hinaus einbringen zu können
Verantwortungsbereich zu wachsen
Die Möglichkeit an
teilzunehmen und sich unternehmensweit zu vernetzen
übergreifenden Projekten
Du bist Teil eines
, dass die Herausforderungen der Energiewende gestaltet
motivierten und dynamischen Teams
Wenn es um den Erfolg im Job geht, ist die
für viele entscheidend. Westnetz steht Dir dabei als zertifizierter familienfreundlicher Arbeitgeber in unterschiedlichen Lebenslagen zur Seite
Vereinbarkeit von Beruf und Familie
Wir bieten Dir eine attraktive Vergütung sowie viele Zusatzleistungen: Zuschläge für Rufbereitschaft, Weihnachtsgeld, Zuschuss zum Krankengeld, eine Unfallversicherung und eine arbeitgeberfinanzierte Altersversorgung
Unser Tarifvertrag bietet Sicherheit:
Dann bewirb Dich bitte ausschließlich online (Anzeigencode: 236351).
Bist Du interessiert?
Mit unserer offenen und wertschätzenden Unternehmenskultur heißen wir alle Menschen willkommen. Denn wir sind davon überzeugt, dass uns Unterschiede bereichern – sei es in Herkunft, Geschlecht, Alter, Lebens- und Arbeitsstilen, Talenten, Fähigkeiten und Einschränkungen.
Wir freuen uns auf Deine vollständige und aussagekräftige Bewerbung mit Lebenslauf und relevanten Zeugnissen. Um Dir den Bewerbungsprozess zu erleichtern, verzichten wir auf ein Anschreiben.
Maximilian Meister, +49 271 584-2057
Deine Fragen beantworten wir auch gerne unter maximilian.meister@westnetz.de
Westnetz GmbH
Wir sind ein Top-Arbeitgeber!
https://www.kununu.com/de/westnetz
Überzeuge Dich selbst:
Was du sonst noch wissen solltest:
Unbefristet
Beschäftigungsart:
Hybrid Remote
Arbeitsmodell:
f
Beschäftigungsgrad:
Westnetz GmbH
Gesellschaft:
Inklusion
Uns ist wichtig, Menschen mit Behinderung ein faires Bewerbungsverfahren zu ermöglichen, in dem sie ihr Bestes zeigen können. Daher wird unsere Schwerbehindertenvertretung frühzeitig in das Verfahren einbezogen. Bitte teile uns über das Bewerbungsformular mit, ob du technische oder organisatorische Anpassungen für das Bewerbungsverfahren benötigst. Wir stellen diese gern zur Verfügung.
Wenn es dir nicht möglich ist, dich online zu bewerben und du stattdessen mit jemandem sprechen möchtest, kontaktiere bitte deinen lokalen Recruiter.";Essen;Nordrhein-Westfalen;Germany;51.455845;7.012583;Jürgen Grönner;https://media.glassdoor.com/people/sql/3751217/westnetz-ceo1701762414984.png;Dortmund, Deutschland;Energie- & Versorgungswirtschaft;Energie, Bergbau, Versorgungswirtschaft;5 bis 10 Milliarden $ (USD);5.001 bis 10.000 Mitarbeiter;Tochtergesellschaft oder Geschäftsbereich;2013
8;1.00988E+12;Administratorin/Administrator (m/w/d) im Security Operations Center (SOC Engineer);Düsseldorf;935367;Information und Technik Nordrhein-Westfalen (IT.NRW);14;EUR;;;;;3.7;2025-09-22T00:00:00;Full-time, Part-time;;Bachelor's degree;CI/CD, Kubernetes, Splunk, IT, Linux, TCP/IP, GitLab, Python, German;"<div></div><div><div><div><div><div><div><h3 class=""jobSectionHeader""><b>Administratorin/Administrator (m/w/d) im Security Operations Center (SOC Engineer)</b></h3>
</div><div></div><div><p>Standort: D&uuml;sseldorf, Vertrag: Teilzeit/Vollzeit (unbefristet), Verg&uuml;tung: Entgeltgruppe 11/12 TV-L</p>
<p><b>Ihre Mission: Die digitale Verwaltung in NRW sicherer machen</b><br>
Bei IT.NRW geht es um mehr als &bdquo;nur&ldquo; einen Job. Es geht um einen wichtigen gesellschaftlichen Auftrag: ein ganzes Bundesland digital vorw&auml;rtsbringen. Als Administratorin/Administrator (m/w/d) im Security Operations Center (SOC) stellen Sie die technischen Plattformen und Services bereit, um Bedrohungen f&uuml;r die Informationssicherheit schnell erkennen und abwehren zu k&ouml;nnen. Damit tragen Sie essenziell zu einer sicheren, digitalen Verwaltung bei. Bringen Sie sich jetzt ein und leisten Sie einen wichtigen Beitrag f&uuml;r 18 Millionen B&uuml;rgerinnen und B&uuml;rger in NRW!</p>
<p><b>Ihr Bereich: Security Operations Center (SOC)</b><br>
Das Security Operations Center (SOC) ist eine Serviceeinheit des bei IT.NRW angesiedelten Computer Emergency Response Teams der Landesverwaltung NRW (CERT NRW).<br>
Um Cyberangriffe gegen Systeme und IT-Services der Landesverwaltung NRW zentral und schnell erkennen und darauf reagieren zu k&ouml;nnen, betreiben wir eine Cyber Defense Plattorm bestehend aus SIEM, SOAR und anderen Komponenten. Mit unserem derzeit 7-k&ouml;pfigen Team aus Spezialistinnen und Spezialisten f&uuml;r Security-Analyse, Incident-Handling, Engineering und Digital Forensics and Incident Response (DFIR) entwickeln wir die Erkennungs- und Reaktionsf&auml;higkeiten stetig weiter.</p>
</div><div><h3 class=""jobSectionHeader""><b>Stiftet Sinn: </b><b>Ihre Aufgaben</b></h3>
</div><div><p><b>Ihre Hauptt&auml;tigkeit:</b></p>
<ul><li>Sie sind zust&auml;ndig f&uuml;r Betrieb, Ausbau und die Optimierung der technischen Systeme des Security Operations Center, beispielsweise des Security Information and Event Management Systems (SIEM). Dabei haben Sie die Bed&uuml;rfnisse des SOC-Teams stets im Blick.</li>
<li>Sie binden Logquellen sowie Cyber Threat Intelligence Quellen an, erstellen SIEM-Use-Cases und SOAR-Playbooks sowie Dashboards und Workflows f&uuml;r die Bearbeitung von Alarmen und die Fallbehandlung (Case Management) in SIEM, SOAR und Ticketsystem.</li>
<li>Sie &uuml;bernehmen die Nutzerverwaltung der Systeme, sind verantwortlich f&uuml;r die Rollen- und Rechtevergabe sowie die Anbindung und Integration weiterer Schnittstellen zu anderen Systemen.</li>
<li>Sie recherchieren, untersuchen und erproben neue Technologien, die unser SOC voranbringen und erstellen Anforderungskataloge und Unterlagen zur Auswahl geeigneter Produkte.</li>
<li>Sie betreiben das Konfigurationsmanagement f&uuml;r die von Ihnen verantworteten Systeme und dokumentieren in Form von Betriebshandb&uuml;chern, Informationssicherheits-, L&ouml;sch-, Datensicherungs- und Notfallkonzepten.</li>
</ul><p><b>Ihr Aufgabenfeld umfasst zudem:
</b></p><ul><li>Sie vertreten und unterst&uuml;tzen Ihre Kolleginnen und Kollegen im SOC-Engineering-Team bei Bedarf im Betrieb und Support der Systeme, die in deren Fachschwerpunkt und Verantwortung liegen.</li>
<li>Sie beteiligen sich regelm&auml;&szlig;ig aktiv in teilnehmender sowie dozierender Rolle am teaminternen Wissenstransfer in Form von Fachvortr&auml;gen und &Uuml;bungen.</li>
</ul></div><div><h3 class=""jobSectionHeader""><b>Bewegt mehr:</b><b> Ihr Profil</b></h3>
</div><div><p>Sie bringen mit:</p>
<ul><li>Abgeschlossenes Fachhochschul- oder Bachelorstudium im Bereich Informationstechnik, Mathematik, Physik oder in einem Studiengang mit IT-Bezug</li>
<li>Alternativ zum Studium: Abschluss als Operative Professional oder langj&auml;hrige einschl&auml;gige Berufserfahrung in der IT</li>
<li>Fundierte Grundkenntnisse der Linux-Administration</li>
<li>Praktische Erfahrung in der Automation wiederkehrender Aufgaben mittels Erstellung von Scripten mit Python und Linux-Shell</li>
<li>Grundlagenwissen
<ul><li>zu praxisrelevanten kryptografischen Verfahren (symmetrisch, asymmetrisch, hybrid)</li>
<li>zu Netzwerkprotokollen wie ARP, DHCP, ICMP, TCP/IP, SMB, HTTP, SMTP, IMAP und DNS</li>
</ul></li><li>F&uuml;r die EG 12: mindestens 3 Jahre praktische Berufserfahrung in der Administration von IT-Systemen, davon mindestens ein Jahr einschl&auml;gige Praxiserfahrung in der Administration von SIEM-, Logmanagement-, SOAR- oder &auml;hnlichen Systemen, die im SOC-Kontext eingesetzt werden</li>
<li>Sicheres Deutsch (in Wort und Schrift)</li>
</ul><p>W&uuml;nschenswert sind zudem:</p>
<ul><li>Praxiserfahrung in der Administration
<ul><li>von SIEM-Systemen, insbesondere Splunk</li>
<li>von Tenable Security Center, OTRS/Znuny, VMRay oder MISP</li>
<li>containerbasierter Systeme, z.B. mittels Podman und Kubernetes in Verbindung mit CI/CD Tools wie z.B. Gitlab</li>
</ul></li></ul><p>Ihre Pers&ouml;nlichkeit:</p>
<ul><li>Teamgeist, offen im Umgang mit Ver&auml;nderungen</li>
<li>Service- und L&ouml;sungsorientiert</li>
<li>Qualit&auml;tsbewusstsein</li>
</ul></div><div><h3 class=""jobSectionHeader""><b>Zus&auml;tzliche Stelleninfos</b></h3>
</div><div><p>Eine &Uuml;bertragung der vollst&auml;ndigen T&auml;tigkeit auf dem konkreten Arbeitsplatz und damit eine Eingruppierung in die Entgeltgruppe 11 TV-L erfolgt, wenn Sie &uuml;ber eine mindestens sechsmonatige, einschl&auml;gige Berufserfahrung verf&uuml;gen. In allen anderen F&auml;llen werden Sie f&uuml;r die Dauer des ersten halben Jahres zun&auml;chst in der Entgeltgruppe 10 TV-L eingestellt. Die Eingruppierung in die Entgeltgruppe 12 TV- L erfolgt, wenn Sie &uuml;ber eine mindestens dreij&auml;hrige praktische Erfahrung im genannten Bereich verf&uuml;gen. F&uuml;r diese Stelle ist eine erfolgreiche Sicherheits&uuml;berpr&uuml;fung nach &sect; 11 S&Uuml;G NRW erforderlich (wird im Rahmen des Einstellungsprozesses angesto&szlig;en).</p>
<p><b>Ihre Benefits</b></p>
<ul><li>Gute Entwicklungs- und Weiterbildungsm&ouml;glichkeiten</li>
<li>Gute Work-Life-Balance sowie Vereinbarkeit von Beruf und Familie durch hohe Flexibilit&auml;t (z.B. flexible Arbeitszeiten, Option auf Teilzeitarbeit, bis zu 80 % Homeoffice)</li>
<li>Betriebliche Altersvorsorge</li>
<li>Betriebliches Gesundheitsmanagement</li>
<li>Ein offenes Arbeitsklima</li>
<li>Standortabh&auml;ngig: Kantine sowie kostenfreie Parkpl&auml;tze</li>
</ul></div><div><h3 class=""jobSectionHeader""><b>Der richtige Schritt:</b><b> Ihre Bewerbung</b></h3>
</div><div><p>Bewerben Sie sich jetzt einfach online und leisten Sie mit uns gemeinsam einen wichtigen Beitrag f&uuml;r 18 Millionen Menschen in NRW.
</p></div><div><h3 class=""jobSectionHeader""><b>Jetzt bewerben</b></h3>
</div><div><p>Zu Ihrer vollst&auml;ndigen Bewerbung geh&ouml;ren folgende Unterlagen:</p>
<ul><li>Lebenslauf</li>
<li>Abschluss- und Arbeitszeugnisse</li>
<li>Anstatt eines Anschreibens beantworten Sie uns bitte folgende Fragen im Bewerbungsportal:<br>
1. Welche fachlichen Erfahrungen und Qualifikationen bringen Sie f&uuml;r die genannten Bereiche mit?2. Welche pers&ouml;nlichen St&auml;rken qualifizieren Sie f&uuml;r dieses Thema?<br>
3. In welcher Form haben Sie sich bereits mit dem Thema IT-Sicherheit besch&auml;ftigt?<br>
4. Welche Erfahrung in der Programmierung oder Entwicklung von Scripten sowie der Linux-Administration bringen Sie mit?</li>
</ul><p>Selbstverst&auml;ndlich achten wir auf den Datenschutz und behandeln Ihre Unterlagen vertraulich.</p>
<p><b>Unser Bewerbungsprozess</b><br>
Bewerben Sie sich bitte ausschlie&szlig;lich &uuml;ber unser Bewerbungsportal (per E-Mail oder Post &uuml;bermittelte Unterlagen k&ouml;nnen leider nicht ber&uuml;cksichtigt werden). Nach dem Absenden Ihrer Bewerbung erhalten Sie eine Eingangsbest&auml;tigung. Anschlie&szlig;end pr&uuml;fen wir Ihre Unterlagen und geben Ihnen nach Ablauf der Bewerbungsfrist eine R&uuml;ckmeldung. Das Kennenlernen findet &uuml;berwiegend per Videokonferenz statt. Das weitere Vorgehen besprechen wir dann gemeinsam.</p>
<p><b>Wir leben Vielfalt</b><br>
Wir freuen uns besonders &uuml;ber Bewerbungen von Frauen und bevorzugen Frauen nach Ma&szlig;gabe des LGG NRW in Bereichen, in denen sie unterrepr&auml;sentiert sind. Bewerbungen schwerbehinderter Menschen sowie gleichgestellter behinderter Menschen im Sinne des &sect; 2 SGB IX sind ausdr&uuml;cklich erw&uuml;nscht. Wir bekennen uns ausdr&uuml;cklich zu Vielfalt in unserem Arbeitsumfeld und freuen uns &uuml;ber die Bewerbungen aller Talente &ndash; ungeachtet von Alter, Geschlecht und geschlechtlicher Identit&auml;t, ethnischer, kultureller und sozialer Herkunft, Religion und Weltanschauung, Behinderung, sexueller Orientierung und Identit&auml;t. Deshalb hat IT.NRW die Charta der Vielfalt unterzeichnet: www.charta-der-vielfalt.de.</p>
<p><b>Ihr Draht zu uns</b><br>
Fragen zum Aufgabengebiet beantwortet</p>
<ul><li>Detmar Liesen, detmar.liesen(at)it.nrw.de, Tel. 0211/9449-4684</li>
</ul><p>Fragen zum Bewerbungsverfahren beantwortet</p>
<ul><li>Merdzana Mrzljak, merdzana.mrzljak(at)it.nrw.de, Tel. 0211/9449-6957</li></ul></div></div></div></div></div></div>";"Administratorin/Administrator (m/w/d) im Security Operations Center (SOC Engineer)
Standort: Düsseldorf, Vertrag: Teilzeit/Vollzeit (unbefristet), Vergütung: Entgeltgruppe 11/12 TV-L
Bei IT.NRW geht es um mehr als „nur“ einen Job. Es geht um einen wichtigen gesellschaftlichen Auftrag: ein ganzes Bundesland digital vorwärtsbringen. Als Administratorin/Administrator (m/w/d) im Security Operations Center (SOC) stellen Sie die technischen Plattformen und Services bereit, um Bedrohungen für die Informationssicherheit schnell erkennen und abwehren zu können. Damit tragen Sie essenziell zu einer sicheren, digitalen Verwaltung bei. Bringen Sie sich jetzt ein und leisten Sie einen wichtigen Beitrag für 18 Millionen Bürgerinnen und Bürger in NRW!
Ihre Mission: Die digitale Verwaltung in NRW sicherer machen
Das Security Operations Center (SOC) ist eine Serviceeinheit des bei IT.NRW angesiedelten Computer Emergency Response Teams der Landesverwaltung NRW (CERT NRW).
Um Cyberangriffe gegen Systeme und IT-Services der Landesverwaltung NRW zentral und schnell erkennen und darauf reagieren zu können, betreiben wir eine Cyber Defense Plattorm bestehend aus SIEM, SOAR und anderen Komponenten. Mit unserem derzeit 7-köpfigen Team aus Spezialistinnen und Spezialisten für Security-Analyse, Incident-Handling, Engineering und Digital Forensics and Incident Response (DFIR) entwickeln wir die Erkennungs- und Reaktionsfähigkeiten stetig weiter.
Ihr Bereich: Security Operations Center (SOC)
Stiftet Sinn:
Ihre Aufgaben
Ihre Haupttätigkeit:
Sie sind zuständig für Betrieb, Ausbau und die Optimierung der technischen Systeme des Security Operations Center, beispielsweise des Security Information and Event Management Systems (SIEM). Dabei haben Sie die Bedürfnisse des SOC-Teams stets im Blick.
Sie binden Logquellen sowie Cyber Threat Intelligence Quellen an, erstellen SIEM-Use-Cases und SOAR-Playbooks sowie Dashboards und Workflows für die Bearbeitung von Alarmen und die Fallbehandlung (Case Management) in SIEM, SOAR und Ticketsystem.
Sie übernehmen die Nutzerverwaltung der Systeme, sind verantwortlich für die Rollen- und Rechtevergabe sowie die Anbindung und Integration weiterer Schnittstellen zu anderen Systemen.
Sie recherchieren, untersuchen und erproben neue Technologien, die unser SOC voranbringen und erstellen Anforderungskataloge und Unterlagen zur Auswahl geeigneter Produkte.
Sie betreiben das Konfigurationsmanagement für die von Ihnen verantworteten Systeme und dokumentieren in Form von Betriebshandbüchern, Informationssicherheits-, Lösch-, Datensicherungs- und Notfallkonzepten.
Ihr Aufgabenfeld umfasst zudem:
Sie vertreten und unterstützen Ihre Kolleginnen und Kollegen im SOC-Engineering-Team bei Bedarf im Betrieb und Support der Systeme, die in deren Fachschwerpunkt und Verantwortung liegen.
Sie beteiligen sich regelmäßig aktiv in teilnehmender sowie dozierender Rolle am teaminternen Wissenstransfer in Form von Fachvorträgen und Übungen.
Bewegt mehr:
Ihr Profil
Sie bringen mit:
Abgeschlossenes Fachhochschul- oder Bachelorstudium im Bereich Informationstechnik, Mathematik, Physik oder in einem Studiengang mit IT-Bezug
Alternativ zum Studium: Abschluss als Operative Professional oder langjährige einschlägige Berufserfahrung in der IT
Fundierte Grundkenntnisse der Linux-Administration
Praktische Erfahrung in der Automation wiederkehrender Aufgaben mittels Erstellung von Scripten mit Python und Linux-Shell
Grundlagenwissen
zu praxisrelevanten kryptografischen Verfahren (symmetrisch, asymmetrisch, hybrid)
zu Netzwerkprotokollen wie ARP, DHCP, ICMP, TCP/IP, SMB, HTTP, SMTP, IMAP und DNS
Für die EG 12: mindestens 3 Jahre praktische Berufserfahrung in der Administration von IT-Systemen, davon mindestens ein Jahr einschlägige Praxiserfahrung in der Administration von SIEM-, Logmanagement-, SOAR- oder ähnlichen Systemen, die im SOC-Kontext eingesetzt werden
Sicheres Deutsch (in Wort und Schrift)
Wünschenswert sind zudem:
Praxiserfahrung in der Administration
von SIEM-Systemen, insbesondere Splunk
von Tenable Security Center, OTRS/Znuny, VMRay oder MISP
containerbasierter Systeme, z.B. mittels Podman und Kubernetes in Verbindung mit CI/CD Tools wie z.B. Gitlab
Ihre Persönlichkeit:
Teamgeist, offen im Umgang mit Veränderungen
Service- und Lösungsorientiert
Qualitätsbewusstsein
Zusätzliche Stelleninfos
Eine Übertragung der vollständigen Tätigkeit auf dem konkreten Arbeitsplatz und damit eine Eingruppierung in die Entgeltgruppe 11 TV-L erfolgt, wenn Sie über eine mindestens sechsmonatige, einschlägige Berufserfahrung verfügen. In allen anderen Fällen werden Sie für die Dauer des ersten halben Jahres zunächst in der Entgeltgruppe 10 TV-L eingestellt. Die Eingruppierung in die Entgeltgruppe 12 TV- L erfolgt, wenn Sie über eine mindestens dreijährige praktische Erfahrung im genannten Bereich verfügen. Für diese Stelle ist eine erfolgreiche Sicherheitsüberprüfung nach § 11 SÜG NRW erforderlich (wird im Rahmen des Einstellungsprozesses angestoßen).
Ihre Benefits
Gute Entwicklungs- und Weiterbildungsmöglichkeiten
Gute Work-Life-Balance sowie Vereinbarkeit von Beruf und Familie durch hohe Flexibilität (z.B. flexible Arbeitszeiten, Option auf Teilzeitarbeit, bis zu 80 % Homeoffice)
Betriebliche Altersvorsorge
Betriebliches Gesundheitsmanagement
Ein offenes Arbeitsklima
Standortabhängig: Kantine sowie kostenfreie Parkplätze
Der richtige Schritt:
Ihre Bewerbung
Bewerben Sie sich jetzt einfach online und leisten Sie mit uns gemeinsam einen wichtigen Beitrag für 18 Millionen Menschen in NRW.
Jetzt bewerben
Zu Ihrer vollständigen Bewerbung gehören folgende Unterlagen:
Lebenslauf
Abschluss- und Arbeitszeugnisse
Anstatt eines Anschreibens beantworten Sie uns bitte folgende Fragen im Bewerbungsportal:
1. Welche fachlichen Erfahrungen und Qualifikationen bringen Sie für die genannten Bereiche mit?2. Welche persönlichen Stärken qualifizieren Sie für dieses Thema?
3. In welcher Form haben Sie sich bereits mit dem Thema IT-Sicherheit beschäftigt?
4. Welche Erfahrung in der Programmierung oder Entwicklung von Scripten sowie der Linux-Administration bringen Sie mit?
Selbstverständlich achten wir auf den Datenschutz und behandeln Ihre Unterlagen vertraulich.
Bewerben Sie sich bitte ausschließlich über unser Bewerbungsportal (per E-Mail oder Post übermittelte Unterlagen können leider nicht berücksichtigt werden). Nach dem Absenden Ihrer Bewerbung erhalten Sie eine Eingangsbestätigung. Anschließend prüfen wir Ihre Unterlagen und geben Ihnen nach Ablauf der Bewerbungsfrist eine Rückmeldung. Das Kennenlernen findet überwiegend per Videokonferenz statt. Das weitere Vorgehen besprechen wir dann gemeinsam.
Unser Bewerbungsprozess
Wir freuen uns besonders über Bewerbungen von Frauen und bevorzugen Frauen nach Maßgabe des LGG NRW in Bereichen, in denen sie unterrepräsentiert sind. Bewerbungen schwerbehinderter Menschen sowie gleichgestellter behinderter Menschen im Sinne des § 2 SGB IX sind ausdrücklich erwünscht. Wir bekennen uns ausdrücklich zu Vielfalt in unserem Arbeitsumfeld und freuen uns über die Bewerbungen aller Talente – ungeachtet von Alter, Geschlecht und geschlechtlicher Identität, ethnischer, kultureller und sozialer Herkunft, Religion und Weltanschauung, Behinderung, sexueller Orientierung und Identität. Deshalb hat IT.NRW die Charta der Vielfalt unterzeichnet: www.charta-der-vielfalt.de.
Wir leben Vielfalt
Fragen zum Aufgabengebiet beantwortet
Ihr Draht zu uns
Detmar Liesen, detmar.liesen(at)it.nrw.de, Tel. 0211/9449-4684
Fragen zum Bewerbungsverfahren beantwortet
Merdzana Mrzljak, merdzana.mrzljak(at)it.nrw.de, Tel. 0211/9449-6957";Düsseldorf;Nordrhein-Westfalen;Germany;51.22422;6.780068;Dr. Oliver Heidinger;;Düsseldorf, Deutschland;Landes- & Regionalbehörden;Regierung & öffentliche Verwaltung;100 bis 500 Millionen $ (USD);1.001 bis 5.000 Mitarbeiter;Öffentlicher Dienst;1948
9;1.00938E+12;Senior IT-Security Engineer / Consultant (m/w/d) in der IT-Beratung;Weingarten;5882227;carmasec GmbH & Co. KG;431;EUR;ANNUAL;66400;78200;90000;-0.100000001;2025-10-01T00:00:00;Full-time, Part-time;;;IT, Cybersecurity, Leadership;"<p>Wir sind ein Team von Cyber Security Expert: innen und setzen uns leidenschaftlich f&uuml;r den Schutz digitaler Infrastrukturen ein.</p><p>Mit einer Kombination aus langj&auml;hriger Beratungserfahrung, agilen Arbeitsweisen und kontinuierlicher Weiterentwicklung unterst&uuml;tzen wir unsere Kunden branchenneutral und herstellerunabh&auml;ngig. Dabei bieten wir interdisziplin&auml;re Kompetenz aus einer Hand.</p><p>Wir leben kollegiale Unterst&uuml;tzung im Team und eine respektvolle Feedback- und Fehlerkultur. Bei kniffligen Aufgaben findest Du immer Ansprechpartner: innen f&uuml;r Deine Fragen.</p><p><b>Unsere Vision</b><br/><i>Eine Welt, in der sich unsere Mitarbeiter: innen selbst verwirklichen und sich unsere Kunden in Sicherheit auf ihr Kerngesch&auml;ft fokussieren k&ouml;nnen.</i></p><p><b>Aufgaben</b></p><ul><li>Konzeption und Implementierung: Du entwickelst und setzt Cyber Security L&ouml;sungen verschiedener Hersteller in komplexen IT-Infrastrukturen unserer Kunden im gehobenen Mittelstand und Konzernumfeld um.</li><li>Strategieentwicklung: Du erstellst technische Security Strategien zur Abwehr von Cyberangriffen.</li><li>Sytemh&auml;rtung: Du implementierst ma&szlig;geschneiderte Sicherheitsma&szlig;nahmen f&uuml;r Endger&auml;te, Netzwerke und Authentifizierungssysteme.</li><li>Erkennung von Angriffen: Du etablierst Ma&szlig;nahmen zur fr&uuml;hzeitigen Erkennung von Cyberbedrohungen.</li><li>Beratung: Du ber&auml;tst und unterst&uuml;tzt unsere Kunden in allen Fragen der Cyber Security/ IT-Security.</li><li>Projektleitung: Du leitest und verantwortest technische Security-Projekte.</li></ul><p>Gemeinsam suchen wir nach Projekten, die Deinen Interessen entsprechen. Du entscheidest mit, welches Kundenprojekt Du bearbeiten wirst.</p><p><b>Deine F&auml;higkeiten (wichtig f&uuml;r uns)</b></p><p>F&uuml;r uns ist es wichtig, dass Du Spa&szlig; daran hast, Neues zu lernen und Dein Wissen weiterzugeben.</p><p>Das w&uuml;nschen wir uns von Dir:</p><ul><li>Mehrj&auml;hrige Erfahrung im Aufbau und Betrieb sicherer IT-Infrastrukturen</li><li>Gute Kenntnisse der Security Technologien etablierter Hersteller (z.B. Palo Alto, Fortinet, Microsoft, Trellix oder Okta)</li><li>L&ouml;sungsorientiertes Denken und die F&auml;higkeit, komplexe technische Herausforderungen zu meistern</li></ul><p><b>Deine F&auml;higkeiten (nice to have)</b></p><p>&Uuml;ber folgenden F&auml;higkeiten von Dir freuen wir uns, ansonsten erlernst Du die Aspekte im Rahmen der Einarbeitung:</p><ul><li>Umgang mit Frameworks wie MITRE ATT&amp;CK und CIS Benchmarks</li><li>Relevante Security-Zertifizierungen (z.B. CISSP, CompTIA Security+, FCP, PCNSA, SC-100)</li><li>Erfahrung in der F&uuml;hrung von Projektteams in technischen Security Umfeld</li></ul><p><b>Benefits</b></p><ul><li>Selbstverwirklichung: Freiraum zum Ausprobieren, eine offene Fehlerkultur und die Mitgestaltung von Strukturen im Unternehmen sind bei uns selbstverst&auml;ndlich.</li><li>Dein Weg zur Expertin/zum Experten: Unsere erfahrenen Mitarbeitenden begleiten Dich bei Deiner pers&ouml;nlichen und fachlichen Entwicklung.</li><li>Flexible Arbeitszeiten: Arbeite in Deiner produktiven Zeit und plane private Verpflichtungen flexibel ein. Mehrarbeit wird ausgeglichen.</li><li>Zusatzleistungen: Du hast die Wahl zwischen verschiedenen Angeboten wie Deutschland-Jobticket, Urban Sports Club Mitgliedschaft oder Kitaplatzes F&ouml;rderung.</li><li>Weiterbildungen: Wir investieren in Deine Entwicklung durch regelm&auml;&szlig;ige Weiterbildungen und renommierte Zertifizierungen.</li><li>Individuelle Hardware-Auswahl: Du entscheidest, welche Hardware Du nutzen m&ouml;chtest.</li><li>Geringe Reiset&auml;tigkeit: Wir arbeiten remote oder in unseren B&uuml;ros in K&ouml;ln oder Essen. Besprechungen vor-Ort beim Kunden sind bei uns die Ausnahme.</li><li>Teambuilding: Unser monatlicher Open Space dient der kreativen Arbeit an aktuellen Themen. Regelm&auml;&szlig;ige Events (z.B. gemeinsame Workation, Sommerfest oder Weihnachtsfeier) werden vom Team selbst geplant und umgesetzt.</li><li>Workation: Kombiniere Arbeit und Reisen oder nimm Dir eine l&auml;ngere Auszeit im Rahmen eines Sabbaticals.</li><li>Urlaub: 30 Tage Urlaub pro Jahr und Sonderurlaub f&uuml;r besondere Anl&auml;sse.</li></ul><p>Du brennst f&uuml;r Cyber Security und bist begeistert, Teil eines starken und diversen Teams zu sein, in dem auch der Spa&szlig; nicht zu kurz kommt. Wenn Du unser Unternehmen langfristig mitgestalten m&ouml;chtest, bist Du bei uns genau richtig!</p><p>Unser Bewerbungsprozess ist schlank und unkompliziert. Es erwarten Dich keine endlosen Fragerunden oder Assessment Center. Im Interview geht es uns vor allem um den lockeren Austausch und das gegenseitige Kennenlernen.</p><p>Schick uns lediglich einen kurzen Lebenslauf mit den wichtigsten Stationen, die f&uuml;r die Stellenausschreibung relevant sind. Wir melden uns umgehend zur&uuml;ck und vereinbaren einen Termin via Microsoft Teams.</p><p><b>Dein Ansprechpartner</b><br/>Jan Sudmeyer<br/>Managing Partner<br/>#gerne per Du</p><p><b>Besuche unser Karriereportal</b><br/>www.carmasec.com/karriere</p><p>Art der Stelle: Vollzeit, Teilzeit, Festanstellung</p><p>Erwartete Arbeitsstunden: 24&ndash;40 pro Woche</p><p>Arbeitszeiten:</p><ul><li>Keine Wochenenden</li><li>Montag bis Freitag</li></ul><p>Leistungen:</p><ul><li>Betriebliche Weiterbildung</li><li>Empfehlungsprogramm</li><li>Erfolgsbeteiligung</li><li>Firmenevents</li><li>Firmenhandy</li><li>Firmenwagen</li><li>Flexible Arbeitszeiten</li><li>Gleitzeit</li><li>Homeoffice-M&ouml;glichkeit</li><li>Kostenlose Getr&auml;nke</li><li>Mentoring-Programm f&uuml;r Mitarbeiter</li><li>Mitarbeiter-Rabatt</li><li>Sabbatical</li><li>Zus&auml;tzliche Urlaubstage</li></ul><p>Sonderzahlung:</p><ul><li>Provision</li><li>Zusatzzahlungen</li></ul><p>Arbeitsort: Zum Teil im Homeoffice in 50670 K&ouml;ln</p><p>Voraussichtliches Einstiegsdatum: 01.10.2024</p>";"Wir sind ein Team von Cyber Security Expert: innen und setzen uns leidenschaftlich für den Schutz digitaler Infrastrukturen ein.
Mit einer Kombination aus langjähriger Beratungserfahrung, agilen Arbeitsweisen und kontinuierlicher Weiterentwicklung unterstützen wir unsere Kunden branchenneutral und herstellerunabhängig. Dabei bieten wir interdisziplinäre Kompetenz aus einer Hand.
Wir leben kollegiale Unterstützung im Team und eine respektvolle Feedback- und Fehlerkultur. Bei kniffligen Aufgaben findest Du immer Ansprechpartner: innen für Deine Fragen.
Unsere Vision
Eine Welt, in der sich unsere Mitarbeiter: innen selbst verwirklichen und sich unsere Kunden in Sicherheit auf ihr Kerngeschäft fokussieren können.
Aufgaben
Konzeption und Implementierung: Du entwickelst und setzt Cyber Security Lösungen verschiedener Hersteller in komplexen IT-Infrastrukturen unserer Kunden im gehobenen Mittelstand und Konzernumfeld um.
Strategieentwicklung: Du erstellst technische Security Strategien zur Abwehr von Cyberangriffen.
Sytemhärtung: Du implementierst maßgeschneiderte Sicherheitsmaßnahmen für Endgeräte, Netzwerke und Authentifizierungssysteme.
Erkennung von Angriffen: Du etablierst Maßnahmen zur frühzeitigen Erkennung von Cyberbedrohungen.
Beratung: Du berätst und unterstützt unsere Kunden in allen Fragen der Cyber Security/ IT-Security.
Projektleitung: Du leitest und verantwortest technische Security-Projekte.
Gemeinsam suchen wir nach Projekten, die Deinen Interessen entsprechen. Du entscheidest mit, welches Kundenprojekt Du bearbeiten wirst.
Deine Fähigkeiten (wichtig für uns)
Für uns ist es wichtig, dass Du Spaß daran hast, Neues zu lernen und Dein Wissen weiterzugeben.
Das wünschen wir uns von Dir:
Mehrjährige Erfahrung im Aufbau und Betrieb sicherer IT-Infrastrukturen
Gute Kenntnisse der Security Technologien etablierter Hersteller (z.B. Palo Alto, Fortinet, Microsoft, Trellix oder Okta)
Lösungsorientiertes Denken und die Fähigkeit, komplexe technische Herausforderungen zu meistern
Deine Fähigkeiten (nice to have)
Über folgenden Fähigkeiten von Dir freuen wir uns, ansonsten erlernst Du die Aspekte im Rahmen der Einarbeitung:
Umgang mit Frameworks wie MITRE ATT&CK und CIS Benchmarks
Relevante Security-Zertifizierungen (z.B. CISSP, CompTIA Security+, FCP, PCNSA, SC-100)
Erfahrung in der Führung von Projektteams in technischen Security Umfeld
Benefits
Selbstverwirklichung: Freiraum zum Ausprobieren, eine offene Fehlerkultur und die Mitgestaltung von Strukturen im Unternehmen sind bei uns selbstverständlich.
Dein Weg zur Expertin/zum Experten: Unsere erfahrenen Mitarbeitenden begleiten Dich bei Deiner persönlichen und fachlichen Entwicklung.
Flexible Arbeitszeiten: Arbeite in Deiner produktiven Zeit und plane private Verpflichtungen flexibel ein. Mehrarbeit wird ausgeglichen.
Zusatzleistungen: Du hast die Wahl zwischen verschiedenen Angeboten wie Deutschland-Jobticket, Urban Sports Club Mitgliedschaft oder Kitaplatzes Förderung.
Weiterbildungen: Wir investieren in Deine Entwicklung durch regelmäßige Weiterbildungen und renommierte Zertifizierungen.
Individuelle Hardware-Auswahl: Du entscheidest, welche Hardware Du nutzen möchtest.
Geringe Reisetätigkeit: Wir arbeiten remote oder in unseren Büros in Köln oder Essen. Besprechungen vor-Ort beim Kunden sind bei uns die Ausnahme.
Teambuilding: Unser monatlicher Open Space dient der kreativen Arbeit an aktuellen Themen. Regelmäßige Events (z.B. gemeinsame Workation, Sommerfest oder Weihnachtsfeier) werden vom Team selbst geplant und umgesetzt.
Workation: Kombiniere Arbeit und Reisen oder nimm Dir eine längere Auszeit im Rahmen eines Sabbaticals.
Urlaub: 30 Tage Urlaub pro Jahr und Sonderurlaub für besondere Anlässe.
Du brennst für Cyber Security und bist begeistert, Teil eines starken und diversen Teams zu sein, in dem auch der Spaß nicht zu kurz kommt. Wenn Du unser Unternehmen langfristig mitgestalten möchtest, bist Du bei uns genau richtig!
Unser Bewerbungsprozess ist schlank und unkompliziert. Es erwarten Dich keine endlosen Fragerunden oder Assessment Center. Im Interview geht es uns vor allem um den lockeren Austausch und das gegenseitige Kennenlernen.
Schick uns lediglich einen kurzen Lebenslauf mit den wichtigsten Stationen, die für die Stellenausschreibung relevant sind. Wir melden uns umgehend zurück und vereinbaren einen Termin via Microsoft Teams.
Jan Sudmeyer
Managing Partner
#gerne per Du
Dein Ansprechpartner
www.carmasec.com/karriere
Besuche unser Karriereportal
Art der Stelle: Vollzeit, Teilzeit, Festanstellung
Erwartete Arbeitsstunden: 24–40 pro Woche
Arbeitszeiten:
Keine Wochenenden
Montag bis Freitag
Leistungen:
Betriebliche Weiterbildung
Empfehlungsprogramm
Erfolgsbeteiligung
Firmenevents
Firmenhandy
Firmenwagen
Flexible Arbeitszeiten
Gleitzeit
Homeoffice-Möglichkeit
Kostenlose Getränke
Mentoring-Programm für Mitarbeiter
Mitarbeiter-Rabatt
Sabbatical
Zusätzliche Urlaubstage
Sonderzahlung:
Provision
Zusatzzahlungen
Arbeitsort: Zum Teil im Homeoffice in 50670 Köln
Voraussichtliches Einstiegsdatum: 01.10.2024";Weingarten;North Rhine-Westphalia;Germany;50.933594;6.961899;;;Essen, Deutschland;;;Unbekannt/Nicht zutreffend;Unbekannt;Aktiengesellschaft;
10;1.00988E+12;Systems Engineer – System Design Consulting (m/w/d);Weingarten;1303004;INFODAS;14;EUR;;;;;3.5;2025-09-22T00:00:00;;;;Configuration management, English, German;"<div><b>Unsere Benefits</b>
<ul><li>Gleitzeitkonto</li>
<li>Homeoffice</li>
<li>Zus&auml;tzlich frei an Br&uuml;ckentagen sowie zwischen Weihnachten und Neujahr</li>
<li>Erh&ouml;hung des Urlaubsanspruchs nach 5 und 10 Jahren Betriebszugeh&ouml;rigkeit, um jeweils einen Tag</li>
<li>Eine marktgerechte Verg&uuml;tung und Weihnachtsgeld</li>
<li>Arbeitgeberfinanzierte Altersvorsorge</li>
<li>Verm&ouml;genswirksame Leistungen</li>
<li>Je nach Standort subventioniertes Mittagessen oder &Ouml;PNV-Ticket</li>
<li>Alle Standorte mit guter Verkehrsanbindung</li>
<li>Jobrad &bdquo;infodas on bike&ldquo; mit einem monatlichen Arbeitgeberzuschuss</li>
<li>Mitarbeiterrabatte</li>
<li>Guten Kaffee, Wasser, Tee, Softdrinks sowie Obstkorb zur freien Verf&uuml;gung</li>
<li>Und vieles mehr&hellip;</li>
</ul><b>Deine Aufgaben</b>
<ul><li>Du gestaltest und realisierst innovative technische Konzepte f&uuml;r komplexe Systemumgebungen, arbeitest aktiv an ihrer Umsetzung und dokumentierst die Ergebnisse sorgf&auml;ltig &ndash; so tr&auml;gst Du ma&szlig;geblich zum Erfolg unserer Kunden-Projekte bei.</li>
<li>Du planst, installierst und konfigurierst IT-Infrastrukturen, Netzwerke und Softwarel&ouml;sungen, wobei Du sowohl eigenverantwortlich als auch im Team die Anforderungen unserer Kunden pr&auml;zise umsetzt.</li>
<li>Dein Fachwissen im Bereich IT-Sicherheit bringst Du gezielt ein, insbesondere bei Systemh&auml;rtung, der Entwicklung von Sicherheitsrichtlinien und der Konfiguration sicherheitsrelevanter Komponenten, um robuste Schutzma&szlig;nahmen zu gew&auml;hrleisten.</li>
<li>Du erstellst technische Konzepte, Migrationspl&auml;ne und Entscheidungsvorlagen, die unseren Kunden eine klare Orientierung f&uuml;r ihre IT-Entscheidungen bieten.</li>
<li>Durch die Analyse bestehender IT-Infrastrukturen identifizierst Du Optimierungspotenziale und entwickelst innovative Vorschl&auml;ge zur Steigerung von Stabilit&auml;t, Performance und Sicherheit.</li>
<li>Du arbeitest eng mit Softwareentwicklung, Projektleitung und weiteren Fachbereichen zusammen &ndash; bei Bedarf auch direkt vor Ort beim Kunden &ndash;, um gemeinsam nachhaltige L&ouml;sungen zu realisieren.</li>
</ul><b>Dein Profil</b>
<ul><li>Du hast eine abgeschlossene Ausbildung oder ein Studium im Bereich IT, beispielsweise in Fachinformatik, Systemintegration, IT-Sicherheit oder einer vergleichbaren Qualifikation</li>
<li>Mit Deinen fundierten Kenntnissen im Design und in der Administration von Virtualisierungsl&ouml;sungen, Serverumgebungen (Linux, Windows) und Netzwerken bringst Du das technische Know-how mit, um komplexe IT-Infrastrukturen effizient zu gestalten und zu betreiben.</li>
<li>Du hast erste praktische Erfahrung oder ein starkes Interesse im Bereich Systemh&auml;rtung, IT-Security und sicherheitskritischer IT-Infrastrukturen &ndash; Du m&ouml;chtest aktiv dazu beitragen, Systeme sicherer zu machen.</li>
<li>Idealerweise verf&uuml;gst Du &uuml;ber Erfahrung mit Konfigurationsmanagement oder Automatisierungstools.</li>
<li>Du arbeitest gerne im Team, bist selbstst&auml;ndig, l&ouml;sungsorientiert und bringst die Bereitschaft mit, bei Bedarf projektbezogen zu reisen (unter 20%).</li>
<li>Sehr gute Deutschkenntnisse sowie gute Englischkenntnisse sind f&uuml;r Dich selbstverst&auml;ndlich und erm&ouml;glichen eine reibungslose Kommunikation.</li>
</ul><b>&Uuml;ber uns</b>
<p>
Die <b>infodas</b>, ein <b>Airbus Tochterunternehmen</b> spezialisiert auf Cyber und IT, z&auml;hlt zu den f&uuml;hrenden Unternehmen f&uuml;r Informationssicherheit, Datenschutz und Hochsicherheitsprodukte. Wir greifen auf jahrzehntelange Erfahrung zur&uuml;ck und sind vertrauensvoller Partner von zahlreichen nationalen sowie internationalen Unternehmen und Institutionen. Werde Teil unseres Teams und gestalte mit uns die digitale Zukunft!</p>
<b>Das Team</b>
<p>
Der Gesch&auml;ftsbereich <b>Applied Technology</b> steht f&uuml;r den gezielten Einsatz innovativer Technologien zur L&ouml;sung komplexer Herausforderungen. Insbesondere dort, wo Standardl&ouml;sungen an ihre Grenzen sto&szlig;en, entwickeln wir ma&szlig;geschneiderte Ans&auml;tze. Unser Consulting-Team unterst&uuml;tzt Kund:innen aus den Bereichen Verteidigung, &ouml;ffentlicher Sektor und Kritische Infrastrukturen bei der Einf&uuml;hrung, Anpassung und Absicherung technologischer Systeme. Dabei verbinden wir tiefgehendes technisches Fachwissen mit methodischer Beratung, um gemeinsam resiliente und zukunftssichere IT-L&ouml;sungen zu gestalten.</p>
<b>Kontakt</b>
<p>
Wir freuen uns auf Deine Bewerbung unter Angabe Deines m&ouml;glichen Eintrittstermins und Deiner Gehaltsvorstellung.</p>
<p>
INFODAS GmbH &bull; Rhonestra&szlig;e 2 &bull; 50765 K&ouml;ln</p></div>";"Unsere Benefits
Gleitzeitkonto
Homeoffice
Zusätzlich frei an Brückentagen sowie zwischen Weihnachten und Neujahr
Erhöhung des Urlaubsanspruchs nach 5 und 10 Jahren Betriebszugehörigkeit, um jeweils einen Tag
Eine marktgerechte Vergütung und Weihnachtsgeld
Arbeitgeberfinanzierte Altersvorsorge
Vermögenswirksame Leistungen
Je nach Standort subventioniertes Mittagessen oder ÖPNV-Ticket
Alle Standorte mit guter Verkehrsanbindung
Jobrad „infodas on bike“ mit einem monatlichen Arbeitgeberzuschuss
Mitarbeiterrabatte
Guten Kaffee, Wasser, Tee, Softdrinks sowie Obstkorb zur freien Verfügung
Und vieles mehr…
Deine Aufgaben
Du gestaltest und realisierst innovative technische Konzepte für komplexe Systemumgebungen, arbeitest aktiv an ihrer Umsetzung und dokumentierst die Ergebnisse sorgfältig – so trägst Du maßgeblich zum Erfolg unserer Kunden-Projekte bei.
Du planst, installierst und konfigurierst IT-Infrastrukturen, Netzwerke und Softwarelösungen, wobei Du sowohl eigenverantwortlich als auch im Team die Anforderungen unserer Kunden präzise umsetzt.
Dein Fachwissen im Bereich IT-Sicherheit bringst Du gezielt ein, insbesondere bei Systemhärtung, der Entwicklung von Sicherheitsrichtlinien und der Konfiguration sicherheitsrelevanter Komponenten, um robuste Schutzmaßnahmen zu gewährleisten.
Du erstellst technische Konzepte, Migrationspläne und Entscheidungsvorlagen, die unseren Kunden eine klare Orientierung für ihre IT-Entscheidungen bieten.
Durch die Analyse bestehender IT-Infrastrukturen identifizierst Du Optimierungspotenziale und entwickelst innovative Vorschläge zur Steigerung von Stabilität, Performance und Sicherheit.
Du arbeitest eng mit Softwareentwicklung, Projektleitung und weiteren Fachbereichen zusammen – bei Bedarf auch direkt vor Ort beim Kunden –, um gemeinsam nachhaltige Lösungen zu realisieren.
Dein Profil
Du hast eine abgeschlossene Ausbildung oder ein Studium im Bereich IT, beispielsweise in Fachinformatik, Systemintegration, IT-Sicherheit oder einer vergleichbaren Qualifikation
Mit Deinen fundierten Kenntnissen im Design und in der Administration von Virtualisierungslösungen, Serverumgebungen (Linux, Windows) und Netzwerken bringst Du das technische Know-how mit, um komplexe IT-Infrastrukturen effizient zu gestalten und zu betreiben.
Du hast erste praktische Erfahrung oder ein starkes Interesse im Bereich Systemhärtung, IT-Security und sicherheitskritischer IT-Infrastrukturen – Du möchtest aktiv dazu beitragen, Systeme sicherer zu machen.
Idealerweise verfügst Du über Erfahrung mit Konfigurationsmanagement oder Automatisierungstools.
Du arbeitest gerne im Team, bist selbstständig, lösungsorientiert und bringst die Bereitschaft mit, bei Bedarf projektbezogen zu reisen (unter 20%).
Sehr gute Deutschkenntnisse sowie gute Englischkenntnisse sind für Dich selbstverständlich und ermöglichen eine reibungslose Kommunikation.
Über uns
Die
, ein
spezialisiert auf Cyber und IT, zählt zu den führenden Unternehmen für Informationssicherheit, Datenschutz und Hochsicherheitsprodukte. Wir greifen auf jahrzehntelange Erfahrung zurück und sind vertrauensvoller Partner von zahlreichen nationalen sowie internationalen Unternehmen und Institutionen. Werde Teil unseres Teams und gestalte mit uns die digitale Zukunft!
infodas
Airbus Tochterunternehmen
Das Team
Der Geschäftsbereich
steht für den gezielten Einsatz innovativer Technologien zur Lösung komplexer Herausforderungen. Insbesondere dort, wo Standardlösungen an ihre Grenzen stoßen, entwickeln wir maßgeschneiderte Ansätze. Unser Consulting-Team unterstützt Kund:innen aus den Bereichen Verteidigung, öffentlicher Sektor und Kritische Infrastrukturen bei der Einführung, Anpassung und Absicherung technologischer Systeme. Dabei verbinden wir tiefgehendes technisches Fachwissen mit methodischer Beratung, um gemeinsam resiliente und zukunftssichere IT-Lösungen zu gestalten.
Applied Technology
Kontakt
Wir freuen uns auf Deine Bewerbung unter Angabe Deines möglichen Eintrittstermins und Deiner Gehaltsvorstellung.
INFODAS GmbH • Rhonestraße 2 • 50765 Köln";Weingarten;Nordrhein-Westfalen;Germany;50.933594;6.961899;Thorsten Ecke | Lutz Franken | Carsten Schulz;;Köln, Deutschland;Unternehmenssoftware & Netzwerklösungen;Informationstechnologie;25 bis 100 Millionen $ (USD);201 bis 500 Mitarbeiter;Privatunternehmen;1974
11;1.0099E+12;Cyber Security Engineer (m/f/d);Düsseldorf;10752512;Postcode Lottery Group;4;EUR;;;;;-0.100000001;2025-10-02T00:00:00;Part-time;;;AWS, Splunk, Software development, IT, SIEM, Cybersecurity, Python, PowerShell, Identity & access management;"<div><div><b>Cyber Security Engineer (m/f/d)</b><div><p><b><br>
Your Responsibilities</b></p>
<ul>
<li>Analysis &amp; Incident Response: Detect, assess, and resolve security incidents.
</li><li>Awareness: Train internal IT teams to strengthen security awareness.
</li><li>Security Concepts: Develop and implement security frameworks for Windows, Cloud, and SaaS environments (Entra ID, M365, AWS).
</li><li>Architecture &amp; Standards: Ensure the security of AD/Entra ID, support the development of a Zero Trust architecture, and create policies and documentation.
</li><li>Collaboration: Coordinate external partners, contribute to ISO 27001 implementation, and support Business Continuity &amp; Disaster Recovery.
</li><li>Risk Management &amp; Monitoring: Continuously evaluate IT security, prepare reports, and drive improvements.
</li><li>First Response: Act as the first point of contact for local security incidents.</li></ul></div></div><div><div><p><b>
Your Profile</b></p>
<ul>
<li>Degree in IT Security, Computer Science, or a comparable qualification.
</li><li>2&ndash;3 years of professional experience in Cyber Security, IT Support, or IT Administration.
</li><li>Solid knowledge of Cloud Security (AWS, M365), Endpoint Security (Defender/Sophos), and SIEM (Splunk).
</li><li>Basic knowledge of IAM, EDR/XDR, and scripting (PowerShell, Python) is a plus.
</li><li>Strong understanding of IT infrastructures, processes, and secure software development.
</li><li>Excellent communication skills, team spirit, self-motivation, and assertiveness.
</li><li>Fluency in English is required; very good German skills are desirable but not required at native level.
</li><li>Initial experience with ISO 27001 is an advantage.</li></ul>
<p></p>
<p><b>What you can look forward to</b></p>
<ul><li>
A meaningful job with the opportunity to shape positive social change.</li><li>
We provide every colleague with a good foundation. In addition to your salary, you have the opportunity to take out a pension plan through us, which we subsidize.</li><li>
We believe it is important for everyone to develop further. Through our Lottery Academy, we offer training and courses. There are also many career opportunities at home and abroad.</li><li>
We enjoy having fun together. We regularly organize joint activities - including a well-attended monthly borrel - and our Christmas breakfast at the end of the year, where we proudly look back on what we have all achieved together.</li><li>
Exercise keeps you fit and relaxation is good for you. That's why we offer our employees discounts at Fitness First, bike leasing, and Urban Sports Club.</li><li>
We work closely with the organizations we support. Together, we visit the projects we support and meet the staff of the respective organizations.</li><li>
We work in a modern building, just a few minutes' walk from D&uuml;sseldorf Central Station. We encourage everyone to use public transport. That's why you get a Deutschlandticket, which allows you to travel for free outside of working hours.</li></ul>
<p></p>
<p><b>About us</b></p>
<p>
Our concept creates a win-win situation: participants in the Postcode Lottery win great prizes, and non-profit organizations receive funding. At least 30 percent of our ticket revenue goes to projects in the areas of equal opportunities, social cohesion, and nature and environmental protection.</p>
<p>
Deutsche Postcode Lottery is part of the Postcode Lottery Group, an international group with lotteries in 5 countries and a social purpose. Thanks to all participants, more than 15 billion euros have been provided for thousands of social and green projects since the first Postcode Lottery was founded in 1989. This makes us one of the largest private funders in the world. Together with more than 1,500 colleagues in the Netherlands, Sweden, the UK, Germany, and Norway, you contribute to a better world for people and nature every day!</p>
<p>
The Postcode Lottery Group employs people of various nationalities and backgrounds. This makes us happy because diversity is an ideal breeding ground for creativity, innovation, and collaboration. It may be obvious, but we say it anyway: If you think you can make a valuable contribution to our organization, you are welcome here. Regardless of your origin, religion, age, work ability, or life philosophy.</p>
<p>
Become part of the team!</p>
<p></p>
<p><b>Contact</b></p>
<p>
Have we piqued your interest? Then we look forward to receiving your application!
</p></div></div><p></p><div><b>Verbinde dich mit uns auf Social Media.</b><br>
<div><ul><li><div><b>
Linkedin</b></div></li></ul></div><div><ul><li><div><b>
Instagram</b></div></li></ul></div><div><ul><li><div><b>
Facebook</b></div></li></ul></div></div><div><b>
&Uuml;ber die Deutsche Postcode Lotterie</b><br>
</div><div><b>
Zusammen gewinnen.</b><br>
<br>
<b>Zusammen helfen.</b><br>
<div>
Die Deutsche Postcode Lotterie ist Teil der internationalen Postcode Lottery Group &ndash; einer Organisation, die Soziallotterien mit gro&szlig;er &ouml;ffentlicher Wirkung in f&uuml;nf L&auml;ndern betreibt. Zusammen setzen wir uns f&uuml;r eine sozialere, gr&uuml;nere und gerechtere Welt ein. Bei uns k&ouml;nnen ganze Nachbarschaften nicht nur zusammen gewinnen, mit jedem Los wird gleichzeitig auch etwas Gutes getan. So entsteht eine Win-win-Situation, von der sowohl die Gesellschaft als auch jeder Einzelne profitiert.</div></div><div><b><br>
F&uuml;r eine bessere Welt</b><br>
<div>
Seit unserer Gr&uuml;ndung im Jahr 2016 hat die Deutsche Postcode Lotterie bereits &uuml;ber 6.500 gr&uuml;ne und soziale Projekte mit mehr als 325 Millionen Euro unterst&uuml;tzt. Als Teil der internationalen Postcode Lotterie Group &ndash; mit Schwesterlotterien in den Niederlanden, Schweden, Gro&szlig;britannien und Norwegen &ndash; wurden insgesamt bereits &uuml;ber 15 Milliarden Euro f&uuml;r gemeinn&uuml;tzige Zwecke bereitgestellt. Zusammen mit unseren Teilnehmenden in insgesamt f&uuml;nf L&auml;ndern leisten wir so einen wichtigen Beitrag, um die Welt besser zu machen.</div></div><div><b><br>
Inklusion und Chancengleichheit</b><br>
<div>
Der Mensch steht immer im Mittelpunkt unseres Handelns. Ob es um unser Team, unsere Teilnehmenden oder die Tausenden von gemeinn&uuml;tzigen Organisationen geht, die wir unterst&uuml;tzen &ndash; wir wollen unseren Beitrag zu einer sozialeren, gr&uuml;neren und gerechteren Welt leisten. Wir sind offen f&uuml;r neue Ideen und setzen uns daf&uuml;r ein, eine Kultur zu schaffen, die alle einbezieht, Vielfalt wertsch&auml;tzt und unterschiedliche Perspektiven sichtbar macht. Wir wissen: Wir sind nicht perfekt. Aber wir arbeiten kontinuierlich daran, besser zu werden &ndash; weil genau das zu uns geh&ouml;rt.</div></div></div>";"Cyber Security Engineer (m/f/d)
Your Responsibilities
Analysis & Incident Response: Detect, assess, and resolve security incidents.
Awareness: Train internal IT teams to strengthen security awareness.
Security Concepts: Develop and implement security frameworks for Windows, Cloud, and SaaS environments (Entra ID, M365, AWS).
Architecture & Standards: Ensure the security of AD/Entra ID, support the development of a Zero Trust architecture, and create policies and documentation.
Collaboration: Coordinate external partners, contribute to ISO 27001 implementation, and support Business Continuity & Disaster Recovery.
Risk Management & Monitoring: Continuously evaluate IT security, prepare reports, and drive improvements.
First Response: Act as the first point of contact for local security incidents.
Your Profile
Degree in IT Security, Computer Science, or a comparable qualification.
2–3 years of professional experience in Cyber Security, IT Support, or IT Administration.
Solid knowledge of Cloud Security (AWS, M365), Endpoint Security (Defender/Sophos), and SIEM (Splunk).
Basic knowledge of IAM, EDR/XDR, and scripting (PowerShell, Python) is a plus.
Strong understanding of IT infrastructures, processes, and secure software development.
Excellent communication skills, team spirit, self-motivation, and assertiveness.
Fluency in English is required; very good German skills are desirable but not required at native level.
Initial experience with ISO 27001 is an advantage.
What you can look forward to
A meaningful job with the opportunity to shape positive social change.
We provide every colleague with a good foundation. In addition to your salary, you have the opportunity to take out a pension plan through us, which we subsidize.
We believe it is important for everyone to develop further. Through our Lottery Academy, we offer training and courses. There are also many career opportunities at home and abroad.
We enjoy having fun together. We regularly organize joint activities - including a well-attended monthly borrel - and our Christmas breakfast at the end of the year, where we proudly look back on what we have all achieved together.
Exercise keeps you fit and relaxation is good for you. That's why we offer our employees discounts at Fitness First, bike leasing, and Urban Sports Club.
We work closely with the organizations we support. Together, we visit the projects we support and meet the staff of the respective organizations.
We work in a modern building, just a few minutes' walk from Düsseldorf Central Station. We encourage everyone to use public transport. That's why you get a Deutschlandticket, which allows you to travel for free outside of working hours.
About us
Our concept creates a win-win situation: participants in the Postcode Lottery win great prizes, and non-profit organizations receive funding. At least 30 percent of our ticket revenue goes to projects in the areas of equal opportunities, social cohesion, and nature and environmental protection.
Deutsche Postcode Lottery is part of the Postcode Lottery Group, an international group with lotteries in 5 countries and a social purpose. Thanks to all participants, more than 15 billion euros have been provided for thousands of social and green projects since the first Postcode Lottery was founded in 1989. This makes us one of the largest private funders in the world. Together with more than 1,500 colleagues in the Netherlands, Sweden, the UK, Germany, and Norway, you contribute to a better world for people and nature every day!
The Postcode Lottery Group employs people of various nationalities and backgrounds. This makes us happy because diversity is an ideal breeding ground for creativity, innovation, and collaboration. It may be obvious, but we say it anyway: If you think you can make a valuable contribution to our organization, you are welcome here. Regardless of your origin, religion, age, work ability, or life philosophy.
Become part of the team!
Contact
Have we piqued your interest? Then we look forward to receiving your application!
Verbinde dich mit uns auf Social Media.
Linkedin
Instagram
Facebook
Über die Deutsche Postcode Lotterie
Zusammen gewinnen.
Zusammen helfen.
Die Deutsche Postcode Lotterie ist Teil der internationalen Postcode Lottery Group – einer Organisation, die Soziallotterien mit großer öffentlicher Wirkung in fünf Ländern betreibt. Zusammen setzen wir uns für eine sozialere, grünere und gerechtere Welt ein. Bei uns können ganze Nachbarschaften nicht nur zusammen gewinnen, mit jedem Los wird gleichzeitig auch etwas Gutes getan. So entsteht eine Win-win-Situation, von der sowohl die Gesellschaft als auch jeder Einzelne profitiert.
Für eine bessere Welt
Seit unserer Gründung im Jahr 2016 hat die Deutsche Postcode Lotterie bereits über 6.500 grüne und soziale Projekte mit mehr als 325 Millionen Euro unterstützt. Als Teil der internationalen Postcode Lotterie Group – mit Schwesterlotterien in den Niederlanden, Schweden, Großbritannien und Norwegen – wurden insgesamt bereits über 15 Milliarden Euro für gemeinnützige Zwecke bereitgestellt. Zusammen mit unseren Teilnehmenden in insgesamt fünf Ländern leisten wir so einen wichtigen Beitrag, um die Welt besser zu machen.
Inklusion und Chancengleichheit
Der Mensch steht immer im Mittelpunkt unseres Handelns. Ob es um unser Team, unsere Teilnehmenden oder die Tausenden von gemeinnützigen Organisationen geht, die wir unterstützen – wir wollen unseren Beitrag zu einer sozialeren, grüneren und gerechteren Welt leisten. Wir sind offen für neue Ideen und setzen uns dafür ein, eine Kultur zu schaffen, die alle einbezieht, Vielfalt wertschätzt und unterschiedliche Perspektiven sichtbar macht. Wir wissen: Wir sind nicht perfekt. Aber wir arbeiten kontinuierlich daran, besser zu werden – weil genau das zu uns gehört.";Düsseldorf;Nordrhein-Westfalen;Germany;51.22422;6.780068;;;Amsterdam, Niederlande;;;Unbekannt/Nicht zutreffend;Unbekannt;Unbekannt;
12;1.00989E+12;Test Engineer (m/w/d);Weingarten;1303004;INFODAS;5;EUR;;;;;3.5;2025-10-01T00:00:00;;;;Jira, CI/CD, Selenium, English, Confluence, Software development, Software testing, Python, German;"<div><b>Unsere Benefits</b>
<ul><li>Gleitzeitkonto</li>
<li>Homeoffice (3 Tage pro Woche)</li>
<li>30 Tage Urlaub</li>
<li>Erh&ouml;hung des Urlaubsanspruchs nach 5 und 10 Jahren Betriebszugeh&ouml;rigkeit</li>
<li>Zus&auml;tzlich frei an Br&uuml;ckentagen sowie zwischen Weihnachten und Neujahr</li>
<li>Weihnachtsgeld</li>
<li>Unternehmensbeteiligung (Pr&auml;mie)</li>
<li>Arbeitgeberfinanzierte Altersvorsorge</li>
<li>Verm&ouml;genswirksame Leistungen (VL)</li>
<li>Je nach Standort subventioniertes Mittagessen oder &Ouml;PNV-Ticket</li>
<li>Alle Standorte mit guter Verkehrsanbindung</li>
<li>Jobrad &bdquo;infodas on bike&ldquo; mit einem monatlichen Arbeitgeberzuschuss</li>
<li>Mitarbeiterrabatte</li>
<li>Kostenlose Getr&auml;nke (Kaffee, Softdrinks....)</li>
<li>Und vieles mehr&hellip;</li>
</ul><b>Deine Aufgaben</b>
<ul><li>Du bist verantwortlich f&uuml;r die Mitgestaltung und die Durchf&uuml;hrung von Produkttests zur Beurteilung von Funktion, Haltbarkeit und Zuverl&auml;ssigkeit.</li>
<li>Du konzipierst und entwickelst Testf&auml;lle, Testszenarien und Reports, sowie die ben&ouml;tigte Testumgebung.</li>
<li>Du dokumentierst und analysierst die Ergebnisse der Tests.</li>
<li>Du unterst&uuml;tzt die Entwickler im Bereich Integrations- und Modultests.</li>
<li>Du konzipierst und entwickelst Produkttests im Hinblick auf weitgehende Automatisierung und Continuous Testing.</li>
<li>Du pflegst einen aktiven Erfahrungsaustausch im Team.</li>
</ul><b>Dein Profil</b>
<ul><li>Du verf&uuml;gst &uuml;ber ein abgeschlossenes Studium im Bereich Informatik, Technische Informatik, Nachrichtentechnik, Elektrotechnik etc. oder eine vergleichbare technische Ausbildung.</li>
<li>Du besitzt erste Erfahrung in der Software-Entwicklung im Team (SCRUM/Kanban) sowie mit Jira/Confluence</li>
<li>Du verf&uuml;gst &uuml;ber Erfahrung und Interesse in einer der folgenden Spezialisierungen:
<ul><li>Last &amp; Performance Testing</li>
<li>Testdatenmanagement</li>
<li>Security Testing</li>
<li>Testautomatisierung</li>
<li>Acceptance Testing</li>
</ul></li><li>Du verf&uuml;gst &uuml;ber Kenntnisse im Bereich Playwright, Robot Framework, Python oder Fuzzing.</li>
<li>Du bringst einen sicheren Umgang mit g&auml;ngigen Netzwerkprotokollen und strukturierten Daten mit.</li>
<li>Du denkst analytisch, bist strukturiert, arbeitest selbstst&auml;ndig und bist ein wahrer Teamplayer.</li>
<li>Du bist motiviert zu lernen und hast Spa&szlig; an neuen Technologien und deren Anwendung.</li>
<li>Du besitzt gute Deutsch und Englischkenntnisse in Wort und Schrift.</li>
</ul><b>&Uuml;ber uns</b>
<p>
Die infodas, ein Airbus Tochterunternehmen spezialisiert auf Cyber und IT, z&auml;hlt zu den f&uuml;hrenden Unternehmen f&uuml;r Informationssicherheit, Datenschutz und Hochsicherheitsprodukte. Wir greifen auf jahrzehntelange Erfahrung zur&uuml;ck und sind vertrauensvoller Partner von zahlreichen nationalen sowie internationalen Unternehmen und Institutionen. Werde Teil unseres Teams und gestalte mit uns die digitale Zukunft!</p>
<b>Das Team</b>
<p>
Innerhalb des Departments R&amp;D besch&auml;ftigten wir uns mit der Entwicklung unserer Produktefamilie SDoT angefangen von Presales Support &uuml;ber Konzept- und Entwicklungsarbeit bis hin zum Testen unserer Produkte.</p>
<b>Kontakt</b>
<p>
Wir freuen uns auf Deine Bewerbung unter Angabe Deines m&ouml;glichen Eintrittstermins und Deiner Gehaltsvorstellung.</p>
<p>
INFODAS GmbH &bull; Rhonestra&szlig;e 2 &bull; 50765 K&ouml;ln</p>
<b>Keywords</b>
<p>
Test Engineer, Software Testing Engineer, Quality Assurance Engineer, Automation Test Engineer, Test Automation Engineer, Software Tester, Verification Engineer, Validation Engineer, Quality Engineer, Test Analyst, Automation Tester, Build Verification Engineer, Continuous Integration, Continuous Deployment Tester, Selenium Tester</p></div>";"Unsere Benefits
Gleitzeitkonto
Homeoffice (3 Tage pro Woche)
30 Tage Urlaub
Erhöhung des Urlaubsanspruchs nach 5 und 10 Jahren Betriebszugehörigkeit
Zusätzlich frei an Brückentagen sowie zwischen Weihnachten und Neujahr
Weihnachtsgeld
Unternehmensbeteiligung (Prämie)
Arbeitgeberfinanzierte Altersvorsorge
Vermögenswirksame Leistungen (VL)
Je nach Standort subventioniertes Mittagessen oder ÖPNV-Ticket
Alle Standorte mit guter Verkehrsanbindung
Jobrad „infodas on bike“ mit einem monatlichen Arbeitgeberzuschuss
Mitarbeiterrabatte
Kostenlose Getränke (Kaffee, Softdrinks....)
Und vieles mehr…
Deine Aufgaben
Du bist verantwortlich für die Mitgestaltung und die Durchführung von Produkttests zur Beurteilung von Funktion, Haltbarkeit und Zuverlässigkeit.
Du konzipierst und entwickelst Testfälle, Testszenarien und Reports, sowie die benötigte Testumgebung.
Du dokumentierst und analysierst die Ergebnisse der Tests.
Du unterstützt die Entwickler im Bereich Integrations- und Modultests.
Du konzipierst und entwickelst Produkttests im Hinblick auf weitgehende Automatisierung und Continuous Testing.
Du pflegst einen aktiven Erfahrungsaustausch im Team.
Dein Profil
Du verfügst über ein abgeschlossenes Studium im Bereich Informatik, Technische Informatik, Nachrichtentechnik, Elektrotechnik etc. oder eine vergleichbare technische Ausbildung.
Du besitzt erste Erfahrung in der Software-Entwicklung im Team (SCRUM/Kanban) sowie mit Jira/Confluence
Du verfügst über Erfahrung und Interesse in einer der folgenden Spezialisierungen:
Last & Performance Testing
Testdatenmanagement
Security Testing
Testautomatisierung
Acceptance Testing
Du verfügst über Kenntnisse im Bereich Playwright, Robot Framework, Python oder Fuzzing.
Du bringst einen sicheren Umgang mit gängigen Netzwerkprotokollen und strukturierten Daten mit.
Du denkst analytisch, bist strukturiert, arbeitest selbstständig und bist ein wahrer Teamplayer.
Du bist motiviert zu lernen und hast Spaß an neuen Technologien und deren Anwendung.
Du besitzt gute Deutsch und Englischkenntnisse in Wort und Schrift.
Über uns
Die infodas, ein Airbus Tochterunternehmen spezialisiert auf Cyber und IT, zählt zu den führenden Unternehmen für Informationssicherheit, Datenschutz und Hochsicherheitsprodukte. Wir greifen auf jahrzehntelange Erfahrung zurück und sind vertrauensvoller Partner von zahlreichen nationalen sowie internationalen Unternehmen und Institutionen. Werde Teil unseres Teams und gestalte mit uns die digitale Zukunft!
Das Team
Innerhalb des Departments R&D beschäftigten wir uns mit der Entwicklung unserer Produktefamilie SDoT angefangen von Presales Support über Konzept- und Entwicklungsarbeit bis hin zum Testen unserer Produkte.
Kontakt
Wir freuen uns auf Deine Bewerbung unter Angabe Deines möglichen Eintrittstermins und Deiner Gehaltsvorstellung.
INFODAS GmbH • Rhonestraße 2 • 50765 Köln
Keywords
Test Engineer, Software Testing Engineer, Quality Assurance Engineer, Automation Test Engineer, Test Automation Engineer, Software Tester, Verification Engineer, Validation Engineer, Quality Engineer, Test Analyst, Automation Tester, Build Verification Engineer, Continuous Integration, Continuous Deployment Tester, Selenium Tester";Weingarten;Nordrhein-Westfalen;Germany;50.933594;6.961899;Thorsten Ecke | Lutz Franken | Carsten Schulz;;Köln, Deutschland;Unternehmenssoftware & Netzwerklösungen;Informationstechnologie;25 bis 100 Millionen $ (USD);201 bis 500 Mitarbeiter;Privatunternehmen;1974
13;1.0099E+12;Systems Engineer Security (m/w/d);Weingarten;1303004;INFODAS;4;EUR;;;;;3.5;2025-10-02T00:00:00;;;;System administration, English, Windows, Linux, German;"<div><b>Unsere Benefits</b>
<ul><li>Gleitzeitkonto</li>
<li>Homeoffice (3 Tage pro Woche)</li>
<li>30 Tage Urlaub</li>
<li>Erh&ouml;hung des Urlaubsanspruchs nach 5 und 10 Jahren Betriebszugeh&ouml;rigkeit</li>
<li>Zus&auml;tzlich frei an Br&uuml;ckentagen sowie zwischen Weihnachten und Neujahr</li>
<li>Weihnachtsgeld</li>
<li>Unternehmensbeteiligung (Pr&auml;mie)</li>
<li>Arbeitgeberfinanzierte Altersvorsorge</li>
<li>Verm&ouml;genswirksame Leistungen (VL)</li>
<li>Je nach Standort subventioniertes Mittagessen oder &Ouml;PNV-Ticket</li>
<li>Alle Standorte mit guter Verkehrsanbindung</li>
<li>Jobrad &bdquo;infodas on bike&ldquo; mit einem monatlichen Arbeitgeberzuschuss</li>
<li>Mitarbeiterrabatte</li>
<li>Kostenlose Getr&auml;nke (Kaffee, Softdrinks....)</li>
<li>Und vieles mehr&hellip;</li>
</ul><b>Deine Aufgaben</b>
<ul><li>Planung, Implementierung und Administration sicherer IT-Systeme und Netzwerke</li>
<li>Sicherstellung der Einhaltung von Sicherheitsrichtlinien, Standards und Compliance-Vorgaben (z. B. ISO 27001, BSI IT-Grundschutz)</li>
<li>Durchf&uuml;hrung von Schwachstellenanalysen und Penetrationstests, inklusive Ma&szlig;nahmenumsetzung</li>
<li>Monitoring, Logging und Incident-Response im Rahmen des Security Operations</li>
<li>Project Management von der Anforderungsanalyse bis zur Realisierung</li>
<li>Beratung von internen Projekten bei Architektur- und Systemfragen im Hinblick auf IT-Security, dabei Ideen- und Impulsgeber</li>
<li>Dokumentation, Automatisierung und kontinuierliche Optimierung von Security-Prozessen</li>
<li>2nd Level Support f&uuml;r die Security-Infrastrukturkomponenten</li>
<li>Durchf&uuml;hrung von Schulungen, Projektabnahmen und Ausschreibungen</li>
</ul><b>Dein Profil</b>
<ul><li>Du verf&uuml;gst &uuml;ber ein abgeschlossenes Studium im Bereich Informatik, IT-Security oder eine vergleichbare technische Ausbildung mit mehrj&auml;hriger relevanter Berufserfahrung.</li>
<li>Du besitzt mehrj&auml;hrige Erfahrung in der Systemadministration (Windows/Linux) und IT-Security.</li>
<li>Du bewegst Dich sicher in Netzwerksicherheit, Firewalls, IDS/IPS, VPNs, Zero Trust Architekturen.</li>
<li>Du hast Erfahrung mit Security-Tools (z. B. SIEM, Vulnerability Scanner, Endpoint Protection).</li>
<li>Du kennst einschl&auml;gige Standards (ISO 27001, BSI IT-Grundschutz, NIS/NIS2, CIS).</li>
<li>Du denkst analytisch, bist strukturiert, arbeitest selbstst&auml;ndig und bist ein wahrer Teamplayer.</li>
<li>Deine Arbeitsweise ist gepr&auml;gt durch Probleml&ouml;sungskompetenz und Hands-on-Mentalit&auml;t.</li>
<li>Sehr gute Deutsch- und gute Englischkenntnisse sind f&uuml;r Dich selbstverst&auml;ndlich.</li>
</ul><b>&Uuml;ber uns</b>
<p>
Die infodas, ein Airbus Tochterunternehmen spezialisiert auf Cyber und IT, z&auml;hlt zu den f&uuml;hrenden Unternehmen f&uuml;r Informationssicherheit, Datenschutz und Hochsicherheitsprodukte. Wir greifen auf jahrzehntelange Erfahrung zur&uuml;ck und sind vertrauensvoller Partner von zahlreichen nationalen sowie internationalen Unternehmen und Institutionen. Werde Teil unseres Teams und gestalte mit uns die digitale Zukunft!</p>
<b>Das Team</b>
<p>
In der internal IT arbeitest Du zusammen mit Deinem Team als interner Dienstleister an einer modernen IT-Infrastruktur f&uuml;r unsere Gesch&auml;ftsbereiche. Die Internal IT entwickelt und betreut IT-L&ouml;sungen entlang des gesamten End2End-Prozesses. Als wichtiger Bestandteil des Unternehmens sorgt das Team f&uuml;r einen reibungslosen Ablauf im gesamten Unternehmen.</p>
<p>
Als Systems Engineer mit Schwerpunkt Security bist Du verantwortlich f&uuml;r die Konzeption, den Betrieb und die kontinuierliche Weiterentwicklung unserer sicheren IT-Systeme und -Infrastrukturen. Du arbeitest an der Schnittstelle zwischen IT-Betrieb, Architektur und IT-Security und stellst sicher, dass unsere Systeme h&ouml;chsten Sicherheitsanforderungen gen&uuml;gen.</p>
<b>Kontakt</b>
<p>
Wir freuen uns auf Deine Bewerbung unter Angabe Deines m&ouml;glichen Eintrittstermins und Deiner Gehaltsvorstellung.</p>
<p>
INFODAS GmbH &bull; Rhonestra&szlig;e 2 &bull; 50765 K&ouml;ln</p>
<b>Keywords</b>
<p>
Systems Engineer, Security, Cyber, Grundschutz, BSI, Support, 2nd Level Support, Pentesting, Schwachstellenanalyse, Linux, Windows, Firewall, Project, Projekt</p></div>";"Unsere Benefits
Gleitzeitkonto
Homeoffice (3 Tage pro Woche)
30 Tage Urlaub
Erhöhung des Urlaubsanspruchs nach 5 und 10 Jahren Betriebszugehörigkeit
Zusätzlich frei an Brückentagen sowie zwischen Weihnachten und Neujahr
Weihnachtsgeld
Unternehmensbeteiligung (Prämie)
Arbeitgeberfinanzierte Altersvorsorge
Vermögenswirksame Leistungen (VL)
Je nach Standort subventioniertes Mittagessen oder ÖPNV-Ticket
Alle Standorte mit guter Verkehrsanbindung
Jobrad „infodas on bike“ mit einem monatlichen Arbeitgeberzuschuss
Mitarbeiterrabatte
Kostenlose Getränke (Kaffee, Softdrinks....)
Und vieles mehr…
Deine Aufgaben
Planung, Implementierung und Administration sicherer IT-Systeme und Netzwerke
Sicherstellung der Einhaltung von Sicherheitsrichtlinien, Standards und Compliance-Vorgaben (z. B. ISO 27001, BSI IT-Grundschutz)
Durchführung von Schwachstellenanalysen und Penetrationstests, inklusive Maßnahmenumsetzung
Monitoring, Logging und Incident-Response im Rahmen des Security Operations
Project Management von der Anforderungsanalyse bis zur Realisierung
Beratung von internen Projekten bei Architektur- und Systemfragen im Hinblick auf IT-Security, dabei Ideen- und Impulsgeber
Dokumentation, Automatisierung und kontinuierliche Optimierung von Security-Prozessen
2nd Level Support für die Security-Infrastrukturkomponenten
Durchführung von Schulungen, Projektabnahmen und Ausschreibungen
Dein Profil
Du verfügst über ein abgeschlossenes Studium im Bereich Informatik, IT-Security oder eine vergleichbare technische Ausbildung mit mehrjähriger relevanter Berufserfahrung.
Du besitzt mehrjährige Erfahrung in der Systemadministration (Windows/Linux) und IT-Security.
Du bewegst Dich sicher in Netzwerksicherheit, Firewalls, IDS/IPS, VPNs, Zero Trust Architekturen.
Du hast Erfahrung mit Security-Tools (z. B. SIEM, Vulnerability Scanner, Endpoint Protection).
Du kennst einschlägige Standards (ISO 27001, BSI IT-Grundschutz, NIS/NIS2, CIS).
Du denkst analytisch, bist strukturiert, arbeitest selbstständig und bist ein wahrer Teamplayer.
Deine Arbeitsweise ist geprägt durch Problemlösungskompetenz und Hands-on-Mentalität.
Sehr gute Deutsch- und gute Englischkenntnisse sind für Dich selbstverständlich.
Über uns
Die infodas, ein Airbus Tochterunternehmen spezialisiert auf Cyber und IT, zählt zu den führenden Unternehmen für Informationssicherheit, Datenschutz und Hochsicherheitsprodukte. Wir greifen auf jahrzehntelange Erfahrung zurück und sind vertrauensvoller Partner von zahlreichen nationalen sowie internationalen Unternehmen und Institutionen. Werde Teil unseres Teams und gestalte mit uns die digitale Zukunft!
Das Team
In der internal IT arbeitest Du zusammen mit Deinem Team als interner Dienstleister an einer modernen IT-Infrastruktur für unsere Geschäftsbereiche. Die Internal IT entwickelt und betreut IT-Lösungen entlang des gesamten End2End-Prozesses. Als wichtiger Bestandteil des Unternehmens sorgt das Team für einen reibungslosen Ablauf im gesamten Unternehmen.
Als Systems Engineer mit Schwerpunkt Security bist Du verantwortlich für die Konzeption, den Betrieb und die kontinuierliche Weiterentwicklung unserer sicheren IT-Systeme und -Infrastrukturen. Du arbeitest an der Schnittstelle zwischen IT-Betrieb, Architektur und IT-Security und stellst sicher, dass unsere Systeme höchsten Sicherheitsanforderungen genügen.
Kontakt
Wir freuen uns auf Deine Bewerbung unter Angabe Deines möglichen Eintrittstermins und Deiner Gehaltsvorstellung.
INFODAS GmbH • Rhonestraße 2 • 50765 Köln
Keywords
Systems Engineer, Security, Cyber, Grundschutz, BSI, Support, 2nd Level Support, Pentesting, Schwachstellenanalyse, Linux, Windows, Firewall, Project, Projekt";Weingarten;North Rhine-Westphalia;Germany;50.933594;6.961899;Thorsten Ecke | Lutz Franken | Carsten Schulz;;Köln, Deutschland;Unternehmenssoftware & Netzwerklösungen;Informationstechnologie;25 bis 100 Millionen $ (USD);201 bis 500 Mitarbeiter;Privatunternehmen;1974
14;1.00986E+12;IT Security / IT-Sicherheitsbeauftragter (m/w/d) in Dresden;Sachsen;3880326;WT Energiesysteme GmbH;39;EUR;;;;;5;2025-09-28T00:00:00;Full-time;;;IT, Cybersecurity, Project leadership, German;"<p>WT Energiesysteme GmbH ist ein f&uuml;hrender Anbieter des Anschlusses von erneuerbaren Energien an das Verteil- und Transportnetz in Deutschland und gestaltet aktiv die Energiewende.</p><p>Die Kernkompetenzen der WT-Energiesysteme sind die Planung, Lieferung, Errichtung und Inbetriebnahme von Umspannanlagen und Netzeinspeisungen bis 400kV.</p><p>WT-Energiesysteme stellt sich den aktuellen Herausforderungen der Energiewende, Stabilisierung der Netze durch station&auml;re Batteriegro&szlig;speicher (BESS) und baut ihre Kompetenzen in der Konzeptionierung, Planung, Lieferung, Errichtung und Inbetriebnahme von BESS-Systemen bis 100MW/200MWh auf und aus.</p><p>Sind Sie bereit, die digitale Welt ein St&uuml;ck sicherer zu machen? Als IT-Sicherheitsbeauftragter (m/w/d) bei uns erwarten Sie spannende Herausforderungen, ein motiviertes Team und die M&ouml;glichkeit, etwas zu bewirken.</p><p>Unsere Mission ist klar: Wir sch&uuml;tzen sensible Daten und gew&auml;hrleisten die Sicherheit in einer zunehmend vernetzten Welt. Und daf&uuml;r suchen wir Sie &ndash; einen engagierten Experten, der mit Leidenschaft und Know-how unsere IT-Sicherheitsstrategie auf das n&auml;chste Level hebt.</p><p><b>Das bieten wir Ihnen:</b></p><ul><li><b>Teamgeist &amp; Gemeinschaft</b>: Bei uns erwartet Sie eine offene und kollegiale Arbeitsatmosph&auml;re. Wir st&auml;rken den Zusammenhalt durch regelm&auml;&szlig;ige Firmenevents und leben echte Zusammenarbeit.</li><li><b>Flexibilit&auml;t &amp; Familienfreundlichkeit</b>: Flexible Arbeitszeiten, die zu Ihrem Lebensstil passen, sowie die &Uuml;bernahme von Kinderbetreuungskosten inklusive Essensgeld sorgen daf&uuml;r, dass Sie Arbeit und Privatleben gut vereinbaren k&ouml;nnen.</li><li><b>Finanzielle Sicherheit &amp; Wertsch&auml;tzung</b>: Sie profitieren von einem leistungsgerechten Gehalt, einer leistungsorientierten Jahrespr&auml;mie, zus&auml;tzlichem Urlaubsgeld und einer betrieblichen Altersvorsorge f&uuml;r Ihre Zukunft.</li><li><b>Gesundheit &amp; Wohlbefinden</b>: Wir f&ouml;rdern Ihre Gesundheit mit einem Zuschuss zu Sport- und Freizeiteinrichtungen &uuml;ber den EGYM Wellpass, regelm&auml;&szlig;igen Gesundheitschecks und Massagen w&auml;hrend der Arbeitszeit. Zudem stehen Ihnen kostenfreie Getr&auml;nke jederzeit zur Verf&uuml;gung.</li><li><b>Entwicklung &amp; Perspektiven</b>: Wir unterst&uuml;tzen Ihre berufliche und pers&ouml;nliche Weiterentwicklung mit gezielten Weiterbildungsma&szlig;nahmen und Raum f&uuml;r eigene Ideen.</li><li><b>Modernste Arbeitsumgebung</b>: Sie arbeiten an einem hochmodernen Arbeitsplatz mit neuester Technik und profitieren von kostenlosen Parkpl&auml;tzen f&uuml;r eine bequeme Anreise.</li><li><b>Abwechslung &amp; Verantwortung</b>: Freuen Sie sich auf spannende und vielf&auml;ltige Aufgaben &ndash; jeder Tag bringt neue Herausforderungen und die M&ouml;glichkeit, selbstst&auml;ndig zu arbeiten.</li></ul><p><b>Ihre Energie ist gefragt</b></p><ul><li>Durchf&uuml;hrung regelm&auml;&szlig;iger <b>Sicherheitsbewertungen</b> zur Identifikation von Bedrohungen und Schwachstellen.</li><li>Erstellung und kontinuierliche <b>Optimierung von IT-Sicherheitsrichtlinien</b> und -verfahren.</li><li><b>&Uuml;berwachung</b> der IT-Infrastruktur zur Sicherstellung der Wirksamkeit implementierter Sicherheitsma&szlig;nahmen.</li><li>Durchf&uuml;hrung von <b>Mitarbeiterschulungen</b> zur Sensibilisierung f&uuml;r Sicherheitsrichtlinien.</li><li>Entwicklung und Implementierung von <b>Notfallpl&auml;nen</b> sowie Reaktionsstrategien f&uuml;r Sicherheitsvorf&auml;lle.</li><li>Beratung der Gesch&auml;ftsleitung und Abteilungen in Fragen der <b>IT-Sicherheit</b>.</li><li>Regelm&auml;&szlig;ige <b>Sicherheitsaudits</b> und Durchf&uuml;hrung von <b>Penetrationstests</b>.</li><li>Zusammenarbeit mit <b>externen Dienstleistern</b> und eigenst&auml;ndige Umsetzung von <b>IT-Projekten</b> sowie Zertifizierungen.</li></ul><p><b>Sie bringen mit</b></p><ul><li>Abgeschlossenes Studium oder Ausbildung im Bereich IT oder eine vergleichbare Qualifikation.</li><li>Tiefgehendes Verst&auml;ndnis von IT-Sicherheitsprinzipien, -technologien und -verfahren, z.B. als IT-Security Manager / IT-Sicherheitsanalyst / Cyber Security Specialist / IT-Risk Manager / IT-Security Consultant / Security Engineer / Netzwerksicherheitsadministrator / IT-Compliance Manager (m/w/d)</li><li>Fundierte Kenntnisse im Datenschutzrecht und relevanten Vorschriften.</li><li>Erfahrung in der Identifikation, Bewertung und Umsetzung von Sicherheitsma&szlig;nahmen.</li><li>Gute Kenntnisse in der Planung, Koordination und &Uuml;berwachung von IT-Sicherheitsprojekten.</li><li>Mehrj&auml;hrige Berufserfahrung in komplexen IT-Umfeldern.</li><li>Erfahrung in der Projektleitung und im IT-Infrastruktur-Management.</li><li>Kommunikationsst&auml;rke, strukturierte und detailorientierte Arbeitsweise.</li><li>Selbstst&auml;ndiges und verantwortungsbewusstes Arbeiten.</li></ul><p>Wir sind ein Arbeitgeber, der viel Wert auf eine sehr gute Arbeitsatmosph&auml;re legt. Damit Sie schnell dazugeh&ouml;ren, gestalten unsere Kolleginnen und Kollegen mit Ihnen Ihre Einarbeitung. Offenheit und Respekt sind ma&szlig;geblich f&uuml;r unseren gemeinsamen Erfolg &ndash; Grundlage daf&uuml;r ist, dass Sie sich bei uns wohlf&uuml;hlen. Deshalb bieten wir Ihnen attraktive Rahmenbedingungen f&uuml;r Ihren Arbeitsalltag.</p><p><b>Haben wir Ihr Interesse geweckt?</b></p><p>Ich freue mich &uuml;ber Ihre Bewerbung an bewerbung(at)wt-energiesysteme.de</p><p>Kristina B&uuml;rger<br/>WT Energiesysteme GmbH<br/>Dohnaer Stra&szlig;e 111<br/>01239 Dresden<br/>Tel.: 03525 &ndash; 5132874</p><p><b>Gestalten Sie die Zukunft der Energiewende mit uns!</b></p><p>Art der Stelle: Vollzeit</p><p>Leistungen:</p><ul><li>Betriebliche Altersvorsorge</li><li>Betriebliche Weiterbildung</li><li>Kostenlose Getr&auml;nke</li><li>Kostenloser Parkplatz</li></ul><p>Bewerbungsfrage(n):</p><ul><li>Sie leben bereits in Deutschland?</li></ul><p>Sprache:</p><ul><li>Deutsch C1  (Erforderlich)</li></ul><p>Arbeitsort: Vor Ort</p>";"WT Energiesysteme GmbH ist ein führender Anbieter des Anschlusses von erneuerbaren Energien an das Verteil- und Transportnetz in Deutschland und gestaltet aktiv die Energiewende.
Die Kernkompetenzen der WT-Energiesysteme sind die Planung, Lieferung, Errichtung und Inbetriebnahme von Umspannanlagen und Netzeinspeisungen bis 400kV.
WT-Energiesysteme stellt sich den aktuellen Herausforderungen der Energiewende, Stabilisierung der Netze durch stationäre Batteriegroßspeicher (BESS) und baut ihre Kompetenzen in der Konzeptionierung, Planung, Lieferung, Errichtung und Inbetriebnahme von BESS-Systemen bis 100MW/200MWh auf und aus.
Sind Sie bereit, die digitale Welt ein Stück sicherer zu machen? Als IT-Sicherheitsbeauftragter (m/w/d) bei uns erwarten Sie spannende Herausforderungen, ein motiviertes Team und die Möglichkeit, etwas zu bewirken.
Unsere Mission ist klar: Wir schützen sensible Daten und gewährleisten die Sicherheit in einer zunehmend vernetzten Welt. Und dafür suchen wir Sie – einen engagierten Experten, der mit Leidenschaft und Know-how unsere IT-Sicherheitsstrategie auf das nächste Level hebt.
Das bieten wir Ihnen:
: Bei uns erwartet Sie eine offene und kollegiale Arbeitsatmosphäre. Wir stärken den Zusammenhalt durch regelmäßige Firmenevents und leben echte Zusammenarbeit.
Teamgeist & Gemeinschaft
: Flexible Arbeitszeiten, die zu Ihrem Lebensstil passen, sowie die Übernahme von Kinderbetreuungskosten inklusive Essensgeld sorgen dafür, dass Sie Arbeit und Privatleben gut vereinbaren können.
Flexibilität & Familienfreundlichkeit
: Sie profitieren von einem leistungsgerechten Gehalt, einer leistungsorientierten Jahresprämie, zusätzlichem Urlaubsgeld und einer betrieblichen Altersvorsorge für Ihre Zukunft.
Finanzielle Sicherheit & Wertschätzung
: Wir fördern Ihre Gesundheit mit einem Zuschuss zu Sport- und Freizeiteinrichtungen über den EGYM Wellpass, regelmäßigen Gesundheitschecks und Massagen während der Arbeitszeit. Zudem stehen Ihnen kostenfreie Getränke jederzeit zur Verfügung.
Gesundheit & Wohlbefinden
: Wir unterstützen Ihre berufliche und persönliche Weiterentwicklung mit gezielten Weiterbildungsmaßnahmen und Raum für eigene Ideen.
Entwicklung & Perspektiven
: Sie arbeiten an einem hochmodernen Arbeitsplatz mit neuester Technik und profitieren von kostenlosen Parkplätzen für eine bequeme Anreise.
Modernste Arbeitsumgebung
: Freuen Sie sich auf spannende und vielfältige Aufgaben – jeder Tag bringt neue Herausforderungen und die Möglichkeit, selbstständig zu arbeiten.
Abwechslung & Verantwortung
Ihre Energie ist gefragt
Durchführung regelmäßiger
zur Identifikation von Bedrohungen und Schwachstellen.
Sicherheitsbewertungen
Erstellung und kontinuierliche
und -verfahren.
Optimierung von IT-Sicherheitsrichtlinien
der IT-Infrastruktur zur Sicherstellung der Wirksamkeit implementierter Sicherheitsmaßnahmen.
Überwachung
Durchführung von
zur Sensibilisierung für Sicherheitsrichtlinien.
Mitarbeiterschulungen
Entwicklung und Implementierung von
sowie Reaktionsstrategien für Sicherheitsvorfälle.
Notfallplänen
Beratung der Geschäftsleitung und Abteilungen in Fragen der
.
IT-Sicherheit
Regelmäßige
und Durchführung von
.
Sicherheitsaudits
Penetrationstests
Zusammenarbeit mit
und eigenständige Umsetzung von
sowie Zertifizierungen.
externen Dienstleistern
IT-Projekten
Sie bringen mit
Abgeschlossenes Studium oder Ausbildung im Bereich IT oder eine vergleichbare Qualifikation.
Tiefgehendes Verständnis von IT-Sicherheitsprinzipien, -technologien und -verfahren, z.B. als IT-Security Manager / IT-Sicherheitsanalyst / Cyber Security Specialist / IT-Risk Manager / IT-Security Consultant / Security Engineer / Netzwerksicherheitsadministrator / IT-Compliance Manager (m/w/d)
Fundierte Kenntnisse im Datenschutzrecht und relevanten Vorschriften.
Erfahrung in der Identifikation, Bewertung und Umsetzung von Sicherheitsmaßnahmen.
Gute Kenntnisse in der Planung, Koordination und Überwachung von IT-Sicherheitsprojekten.
Mehrjährige Berufserfahrung in komplexen IT-Umfeldern.
Erfahrung in der Projektleitung und im IT-Infrastruktur-Management.
Kommunikationsstärke, strukturierte und detailorientierte Arbeitsweise.
Selbstständiges und verantwortungsbewusstes Arbeiten.
Wir sind ein Arbeitgeber, der viel Wert auf eine sehr gute Arbeitsatmosphäre legt. Damit Sie schnell dazugehören, gestalten unsere Kolleginnen und Kollegen mit Ihnen Ihre Einarbeitung. Offenheit und Respekt sind maßgeblich für unseren gemeinsamen Erfolg – Grundlage dafür ist, dass Sie sich bei uns wohlfühlen. Deshalb bieten wir Ihnen attraktive Rahmenbedingungen für Ihren Arbeitsalltag.
Haben wir Ihr Interesse geweckt?
Ich freue mich über Ihre Bewerbung an bewerbung(at)wt-energiesysteme.de
Kristina Bürger
WT Energiesysteme GmbH
Dohnaer Straße 111
01239 Dresden
Tel.: 03525 – 5132874
Gestalten Sie die Zukunft der Energiewende mit uns!
Art der Stelle: Vollzeit
Leistungen:
Betriebliche Altersvorsorge
Betriebliche Weiterbildung
Kostenlose Getränke
Kostenloser Parkplatz
Bewerbungsfrage(n):
Sie leben bereits in Deutschland?
Sprache:
Deutsch C1  (Erforderlich)
Arbeitsort: Vor Ort";;;Germany;51;9;;;Riesa, Deutschland;Energie- & Versorgungswirtschaft;Energie, Bergbau, Versorgungswirtschaft;Unbekannt/Nicht zutreffend;51 bis 200 Mitarbeiter;Privatunternehmen;2002
15;1.00987E+12;IT Infrastructure Security Engineer (m/w/d);Hagen;667915;Grafton Deutschland;27;EUR;;;;;3.6;2025-09-10T00:00:00;Full-time;;;English, IT, SIEM, German;"<div><p>IT Infrastructure Security Engineer (m/w/d) gesucht zur Gestaltung und Sicherung der IT-Infrastruktur. Fokus: SIEM, Netzwerksicherheit, Zero Trust, Schwachstellenanalyse. Standort: Hagen, 50 % Remote. Unbefristete Vollzeitstelle im Einzelhandel.</p><p>
IT Infrastructure Security Engineer (m/w/d)<br>
Festanstellung | Vollzeit | Standort: Hagen (50 % Remote m&ouml;glich) | Modernes Omnichannel-Handelsunternehmen<br>
F&uuml;r unseren Kunden, ein f&uuml;hrendes Unternehmen im deutschen Einzelhandel mit &uuml;ber 500 Standorten und starkem Online-Gesch&auml;ft, suchen wir im Rahmen einer unbefristeten Festanstellung einen erfahrenen IT Infrastructure Security Engineer (m/w/d). In dieser neu geschaffenen Schl&uuml;sselposition gestalten Sie aktiv die Sicherheitsarchitektur des Unternehmens - von der strategischen Planung bis zur technischen Umsetzung.</p><p><b>
Ihre Aufgaben:</b></p><ul><li>
Aufbau, Weiterentwicklung und Sicherung der gesamten IT-Infrastruktur im Bereich Security</li><li>
Einf&uuml;hrung und Betrieb eines modernen SIEM-Systems</li><li>
Durchf&uuml;hrung von Bedrohungsanalysen sowie Entwicklung von Wiederherstellungs- und Notfallpl&auml;nen</li><li>
Identifikation und Behebung von Schwachstellen in komplexen IT-Systemlandschaften</li><li>
Enge Zusammenarbeit mit IT-, Infrastruktur- und Security-Teams</li><li>
Evaluierung und Integration aktueller Security-Technologien (u. a. Zero Trust, NDR, NAC)</li><li>
Wissenstransfer und Beratung relevanter Ansprechpartner:innen im Unternehmen</li></ul><p><b>
Ihr Profil:</b></p><ul><li>
Abgeschlossene Ausbildung oder Studium im Bereich IT, Netzwerktechnik oder vergleichbar</li><li>
Mehrj&auml;hrige Berufserfahrung in IT-Infrastruktur &amp; IT-Security - idealerweise in gr&ouml;&szlig;eren Unternehmensumgebungen</li><li>
Sehr gute Kenntnisse im Umgang mit Firewalls, hybriden IT-Landschaften und Netzwerksicherheit</li><li>
Erfahrung mit SIEM-Systemen sowie idealerweise Tools wie Darktrace, Palo Alto oder XM Cyber</li><li>
F&auml;higkeit zur eigenst&auml;ndigen Entwicklung und Umsetzung moderner Sicherheitskonzepte</li><li>
Kreativit&auml;t, Eigenverantwortung und ein hohes Ma&szlig; an Gestaltungswillen</li><li>
Sehr gute Deutschkenntnisse (mind. C1), gute Englischkenntnisse (mind. B2)</li></ul><p>
Ihr Ansprechpartner:<br>
Jan Phillip Wolters<br>
Senior Talent Acquisition Specialist | Grafton Recruitment<br>
jan.wolters@grafton.com | 0176 191 86 410</p><p>
Grafton: Dein vertraulicher Partner in der Fach- und F&uuml;hrungskr&auml;ftevermittlung. Bei uns hat Chancengleichheit h&ouml;chste Priorit&auml;t.</p><p>
Informationen zum Umgang mit deinen Daten findest du in unseren Datenschutzerkl&auml;rung.</p></div>";"IT Infrastructure Security Engineer (m/w/d) gesucht zur Gestaltung und Sicherung der IT-Infrastruktur. Fokus: SIEM, Netzwerksicherheit, Zero Trust, Schwachstellenanalyse. Standort: Hagen, 50 % Remote. Unbefristete Vollzeitstelle im Einzelhandel.
IT Infrastructure Security Engineer (m/w/d)
Festanstellung | Vollzeit | Standort: Hagen (50 % Remote möglich) | Modernes Omnichannel-Handelsunternehmen
Für unseren Kunden, ein führendes Unternehmen im deutschen Einzelhandel mit über 500 Standorten und starkem Online-Geschäft, suchen wir im Rahmen einer unbefristeten Festanstellung einen erfahrenen IT Infrastructure Security Engineer (m/w/d). In dieser neu geschaffenen Schlüsselposition gestalten Sie aktiv die Sicherheitsarchitektur des Unternehmens - von der strategischen Planung bis zur technischen Umsetzung.
Ihre Aufgaben:
Aufbau, Weiterentwicklung und Sicherung der gesamten IT-Infrastruktur im Bereich Security
Einführung und Betrieb eines modernen SIEM-Systems
Durchführung von Bedrohungsanalysen sowie Entwicklung von Wiederherstellungs- und Notfallplänen
Identifikation und Behebung von Schwachstellen in komplexen IT-Systemlandschaften
Enge Zusammenarbeit mit IT-, Infrastruktur- und Security-Teams
Evaluierung und Integration aktueller Security-Technologien (u. a. Zero Trust, NDR, NAC)
Wissenstransfer und Beratung relevanter Ansprechpartner:innen im Unternehmen
Ihr Profil:
Abgeschlossene Ausbildung oder Studium im Bereich IT, Netzwerktechnik oder vergleichbar
Mehrjährige Berufserfahrung in IT-Infrastruktur & IT-Security - idealerweise in größeren Unternehmensumgebungen
Sehr gute Kenntnisse im Umgang mit Firewalls, hybriden IT-Landschaften und Netzwerksicherheit
Erfahrung mit SIEM-Systemen sowie idealerweise Tools wie Darktrace, Palo Alto oder XM Cyber
Fähigkeit zur eigenständigen Entwicklung und Umsetzung moderner Sicherheitskonzepte
Kreativität, Eigenverantwortung und ein hohes Maß an Gestaltungswillen
Sehr gute Deutschkenntnisse (mind. C1), gute Englischkenntnisse (mind. B2)
Ihr Ansprechpartner:
Jan Phillip Wolters
Senior Talent Acquisition Specialist | Grafton Recruitment
jan.wolters@grafton.com | 0176 191 86 410
Grafton: Dein vertraulicher Partner in der Fach- und Führungskräftevermittlung. Bei uns hat Chancengleichheit höchste Priorität.
Informationen zum Umgang mit deinen Daten findest du in unseren Datenschutzerklärung.";Hagen;North Rhine-Westphalia;Germany;51.360172;7.467406;;;Amsterdam, Niederlande;Personalberatung;Personalwesen;25 bis 100 Millionen $ (USD);1 bis 50 Mitarbeiter;Privatunternehmen;
16;1.00989E+12;IT-Security Architect (m/w/d);Weingarten;934296;DEVK Versicherungen;5;EUR;;;;;3.7;2025-10-01T00:00:00;Full-time, Part-time;;;Cloud computing, Cybersecurity;"<div><p>Unsere IT ist Dienstleister, Berater und Innovator f&uuml;r unsere Kund*innen sowie unsere Kolleg*innen im Innen- und Au&szlig;endienst. Gut 400 IT-Fachleute finden t&auml;glich in enger Zusammenarbeit mit den Fachbereichen schnell und schlagkr&auml;ftig innovative L&ouml;sungen mit dem Ziel unsere Kund*innen zu begeistern. Dabei wird die IT-Landschaft kontinuierlich mit dem Ziel weiterentwickelt die DEVK f&uuml;r aktuelle und zuk&uuml;nftige Herausforderungen erfolgreich aufzustellen. Die Nutzung von Cloud Computing und die Modernisierung der Anwendungslandschaft sind ein wesentlicher Baustein f&uuml;r eine DEVK IT der Zukunft.</p><p><b>
Als IT-Security Architect (m/w/d) unterst&uuml;tzt du die Organisation bei der Absicherung unserer IT-Landschaft.</b>
</p><p><b>Was wir dir bieten:</b></p><br>
<ul>
<li>
Fairness und Zusammenhalt werden bei uns gro&szlig;geschrieben.</li>
<li>Mit 30 Urlaubstagen, Gleitzeit und unseren Homeoffice-Optionen unterst&uuml;tzen wir deine Work-Life-Balance.</li>
<li>Stabile 13,5 Geh&auml;lter pro Jahr und eine starke betriebliche Altersvorsorge warten auf dich.</li>
<li>Pers&ouml;nliche Weiterentwicklung wird bei uns ausdr&uuml;cklich gew&uuml;nscht und gef&ouml;rdert.</li>
<li>Deine Gesundheit ist uns wichtig &ndash; profitiere von unseren vielf&auml;ltigen Angeboten.</li>
</ul><p>
<b>Deine Vorteile bei uns:</b></p><br>
<ul>
<li>Betriebliche Altersvorsorge</li><li>
Fahrticketzuschuss</li><li>
Flexible Arbeitszeit</li><li>
Mobile Office / Home Office</li>
</ul><p><b>Das macht deinen Job spannend:</b></p><br>
<ul>
<li>
Breite und abwechslungsreiche Wirkungsfelder zur Realisierung einer zukunftstr&auml;chtigen und sicheren Architekturlandschaft</li>
<li>Enabling und Beratung der Product- und Plattform-Teams zur Umsetzung unserer Sicher-heitsanforderungen</li>
<li>Enge Zusammenarbeit mit dem Informationssicherheitsmanagement
</li><li>Erstellung von &uuml;bergreifenden Sicherheitskonzepten (z.B. Netzwerk-Segmentierung, Crypto-Konzept usw.)</li>
<li>Unterst&uuml;tzung bei der Erarbeitung einer &uuml;bergreifenden Ziel-Architekturen unter Ber&uuml;cksichtigung von Compliance-, Datenschutz- und Sicherheitsrichtlinien</li>
<li>Analyse bestehender IT-Landschaften und Ableitung von Modernisierungsstrategien unter Ber&uuml;cksichtigung von fehlenden Sicherheitsf&auml;higkeiten in der DEVK IT-Landschaft.</li>
<li>Erarbeitung von Prinzipien, Best Practices und Referenzarchitekturen</li>
</ul><p></p><p>
<b>Was du mitbringen solltest:</b></p><br>
<ul>
<li>
Breite und abwechslungsreiche Wirkungsfelder zur Realisierung einer zukunftstr&auml;chtigen und sicheren Architekturlandschaft</li>
<li>Enabling und Beratung der Product- und Plattform-Teams zur Umsetzung unserer Sicher-heitsanforderungen</li>
<li>Enge Zusammenarbeit mit dem Informationssicherheitsmanagement
</li><li>Erstellung von &uuml;bergreifenden Sicherheitskonzepten (z.B. Netzwerk-Segmentierung, Crypto-Konzept usw.)</li>
<li>Unterst&uuml;tzung bei der Erarbeitung einer &uuml;bergreifenden Ziel-Architekturen unter Ber&uuml;cksichtigung von Compliance-, Datenschutz- und Sicherheitsrichtlinien</li>
<li>Analyse bestehender IT-Landschaften und Ableitung von Modernisierungsstrategien unter Ber&uuml;cksichtigung von fehlenden Sicherheitsf&auml;higkeiten in der DEVK IT-Landschaft.</li>
<li>Erarbeitung von Prinzipien, Best Practices und Referenzarchitekturen</li>
</ul><p>
<b>Jetzt suchen wir Mitarbeiter (m/w/d) aus den Bereichen:</b> IT-Security Consultant (m/w/d), Cyber Security Architect (m/w/d), Information Security Architect (m/w/d), Security Solutions Architect (m/w/d), Cloud Security Architect (m/w/d), IT-Security Engineer (m/w/d)</p><p></p><p><br>
Interessiert? Dann bewirb dich bei uns!</p></div>";"Unsere IT ist Dienstleister, Berater und Innovator für unsere Kund*innen sowie unsere Kolleg*innen im Innen- und Außendienst. Gut 400 IT-Fachleute finden täglich in enger Zusammenarbeit mit den Fachbereichen schnell und schlagkräftig innovative Lösungen mit dem Ziel unsere Kund*innen zu begeistern. Dabei wird die IT-Landschaft kontinuierlich mit dem Ziel weiterentwickelt die DEVK für aktuelle und zukünftige Herausforderungen erfolgreich aufzustellen. Die Nutzung von Cloud Computing und die Modernisierung der Anwendungslandschaft sind ein wesentlicher Baustein für eine DEVK IT der Zukunft.
Als IT-Security Architect (m/w/d) unterstützt du die Organisation bei der Absicherung unserer IT-Landschaft.
Was wir dir bieten:
Fairness und Zusammenhalt werden bei uns großgeschrieben.
Mit 30 Urlaubstagen, Gleitzeit und unseren Homeoffice-Optionen unterstützen wir deine Work-Life-Balance.
Stabile 13,5 Gehälter pro Jahr und eine starke betriebliche Altersvorsorge warten auf dich.
Persönliche Weiterentwicklung wird bei uns ausdrücklich gewünscht und gefördert.
Deine Gesundheit ist uns wichtig – profitiere von unseren vielfältigen Angeboten.
Deine Vorteile bei uns:
Betriebliche Altersvorsorge
Fahrticketzuschuss
Flexible Arbeitszeit
Mobile Office / Home Office
Das macht deinen Job spannend:
Breite und abwechslungsreiche Wirkungsfelder zur Realisierung einer zukunftsträchtigen und sicheren Architekturlandschaft
Enabling und Beratung der Product- und Plattform-Teams zur Umsetzung unserer Sicher-heitsanforderungen
Enge Zusammenarbeit mit dem Informationssicherheitsmanagement
Erstellung von übergreifenden Sicherheitskonzepten (z.B. Netzwerk-Segmentierung, Crypto-Konzept usw.)
Unterstützung bei der Erarbeitung einer übergreifenden Ziel-Architekturen unter Berücksichtigung von Compliance-, Datenschutz- und Sicherheitsrichtlinien
Analyse bestehender IT-Landschaften und Ableitung von Modernisierungsstrategien unter Berücksichtigung von fehlenden Sicherheitsfähigkeiten in der DEVK IT-Landschaft.
Erarbeitung von Prinzipien, Best Practices und Referenzarchitekturen
Was du mitbringen solltest:
Breite und abwechslungsreiche Wirkungsfelder zur Realisierung einer zukunftsträchtigen und sicheren Architekturlandschaft
Enabling und Beratung der Product- und Plattform-Teams zur Umsetzung unserer Sicher-heitsanforderungen
Enge Zusammenarbeit mit dem Informationssicherheitsmanagement
Erstellung von übergreifenden Sicherheitskonzepten (z.B. Netzwerk-Segmentierung, Crypto-Konzept usw.)
Unterstützung bei der Erarbeitung einer übergreifenden Ziel-Architekturen unter Berücksichtigung von Compliance-, Datenschutz- und Sicherheitsrichtlinien
Analyse bestehender IT-Landschaften und Ableitung von Modernisierungsstrategien unter Berücksichtigung von fehlenden Sicherheitsfähigkeiten in der DEVK IT-Landschaft.
Erarbeitung von Prinzipien, Best Practices und Referenzarchitekturen
IT-Security Consultant (m/w/d), Cyber Security Architect (m/w/d), Information Security Architect (m/w/d), Security Solutions Architect (m/w/d), Cloud Security Architect (m/w/d), IT-Security Engineer (m/w/d)
Jetzt suchen wir Mitarbeiter (m/w/d) aus den Bereichen:
Interessiert? Dann bewirb dich bei uns!";Weingarten;Nordrhein-Westfalen;Germany;50.933594;6.961899;Gottfried Rüßmann;;Köln, Deutschland;Versicherungen;Versicherungswesen;Unbekannt/Nicht zutreffend;5.001 bis 10.000 Mitarbeiter;Selbstständig;1886
17;1.00986E+12;Wireless Network Engineer;Wiesbaden;18661;General Dynamics Information Technology;39;EUR;;;;;4;2025-09-28T00:00:00;Full-time;;Bachelor's degree;Military, Computer networking, Network engineering;"<div><div>Type of Requisition:</div>
Regular<div></div><div>
Clearance Level Must Currently Possess:</div>
Secret<div></div><div>
Clearance Level Must Be Able to Obtain:</div>
None<div></div><div>
Public Trust/Other Required:</div>
None<div></div><div>
Job Family:</div>
IT Infrastructure and Operations<div></div><div>
Job Qualifications:</div><div>
Skills:</div>
Cisco Technologies, Networking, Network Security<div>
Certifications:</div>
Cisco Certified Network Associate (CCNA) | Cisco - Cisco<div>
Experience:</div>
5 + years of related experience<div>
US Citizenship Required:</div>
Yes<div></div><div>
Job Description:</div><div>
This wireless engineer role supports wireless project design, implementation, installation, and O&amp;M. The wireless engineer contributes to the formulation of architecture approaches to onsite customer wireless development initiatives. The network engineer will participate in high-level collaboration and coordination meetings and working groups with other architecture groups within the customer organization as well as external vendors. Design wireless networks in accordance with DoD and Industry standards, select appropriate equipment and hardware to support the installation and management of a wireless network, develop ROMS/LOMS and purchase requests, ensure proper network accreditation and perform the required network defense.<br>
<br>
MEANINGFUL WORK AND PERSONAL IMPACT</div><ul><li><div>
Support to Non-secure Internet Protocol Network (NIPRNET) wireless management capability.</div></li><li><div>
Assists the government in reviewing wireless designs to ensure that the designed meet requirements and is compatible with government STIGs, including (but not limited to) the Network Infrastructure Policy Security Technical Implementation Guide and the Defense Information Systems Agency (DISA) Approved Products List (APL).</div></li><li><div>
Performs all aspects of the installation of wireless capability.</div></li><li><div>
After installation, implements and manages the wireless capability, to include the CAC-enabled EAP-TLS authentication and all required certificate management.</div></li><li><div>
Configure and manage Cisco Systems and ensure the network is protected and secure.</div></li><li><div>
Provide pro-active network management of switches routers, and other ancillary devices to ensure a constant state of readiness and availability.</div></li><li><div>
Ensure the network is properly configured and operating efficiently while maintaining constant network availability and 100% network uptime.</div></li><li><div>
Schedule and perform preventative maintenance checks and services (PMCS) on a regularly scheduled basis and provide touch labor service support as needed.</div></li><li><div>
Provide Communication Security (COMSEC) support for the organization.</div></li><li><div>
Properly handle and safeguard Controlled Cryptographic Items in accordance with Army Regulations and local security policies.</div></li><li><div>
Provide support as the COMSEC hand receipt holder to include requisition, accountability, issuance, key management, destruction, and associated records management.</div></li><li><div>
Assist the team with logistics support as required.</div></li><li><div>
Works closely with Architects/Engineers to coordinate strategies for defining, deploying, and maintaining the wireless architecture and its associated network connections and component hardware.</div></li><li><div>
Providing engineering analysis and resolving issues, determining, and documenting root causes.</div></li><li><div>
Providing technical training, documentation, and technical assistance to the supported organizations.</div></li></ul><div><br>
WHAT YOU&rsquo;LL NEED TO SUCCEED<br>
Bring your engineering expertise along with a drive for innovation to GDIT. The Network Engineer must have:</div><ul><li><div>
Education: Bachelor's Degree or IT Degree in related field plus 5-8 years of direct network engineering experience (additional years of experience can be substituted for degree requirement)</div></li><li><div>
Experience: 8+ years plus relevant and related military/government experience performing network installation and network and systems administration support is required.</div></li><li><div>
Technical skills: Must have experience with scoping, designing, installing, implementing and maintaining a wireless network. Understanding of best practices when designing and implementing wireless security. Experience with wireless controllers, access points, Layer 2 and Layer 3 networking.</div></li><li><div>
Security clearance level: Secret SSBI Clearance</div></li><li><div>
US citizenship required</div></li><li><div>
Certifications: CCNA Wireless Certification at a minimum and DoD 8570 certification such as a CompTIA Security+ CE certification</div></li></ul><div><br>
GDIT IS YOUR PLACE<br>
At GDIT, the mission is our purpose, and our people are at the center of everything we do.</div><ul><li><div>
Growth: AI-powered career tool that identifies career steps and learning opportunities</div></li><li><div>
Support: An internal mobility team focused on helping you achieve your career goals</div></li><li><div>
Rewards: Comprehensive benefits and wellness packages, 401K with company match, and competitive pay and paid time off</div></li><li><div>
Community: Award-winning culture of innovation and a military-friendly workplace</div></li></ul><div><br>
OWN YOUR OPPORTUNITY<br>
Explore an enterprise IT career at GDIT and you&rsquo;ll find endless opportunities to grow alongside colleagues who share your desire to drive operations forward.</div><div></div>
The likely salary range for this position is $85,000 - $115,000. This is not, however, a guarantee of compensation or salary. Rather, salary will be set based on experience, geographic location and possibly contractual requirements and could fall outside of this range.<div></div>
Total compensation for international positions varies by tax, social security, and immigration statuses, as well as location. Generally, an international assignment may include allowances, premium uplifts, and/or relocation or transportation benefits, above base salary range noted.<div></div><div>
Scheduled Weekly Hours:</div>
40<div></div><div>
Travel Required:</div>
Less than 10%<div></div><div>
Telecommuting Options:</div>
Onsite<div></div><div>
Work Location:</div>
DEU Wiesbaden - Wiesbaden Army Airfield (APC180)<div></div><div>
Additional Work Locations:</div><div></div><div>
Total Rewards at GDIT:</div>
Our benefits package for all US-based employees includes a variety of medical plan options, some with Health Savings Accounts, dental plan options, a vision plan, and a 401(k) plan offering the ability to contribute both pre and post-tax dollars up to the IRS annual limits and receive a company match. To encourage work/life balance, GDIT offers employees full flex work weeks where possible and a variety of paid time off plans, including vacation, sick and personal time, holidays, paid parental, military, bereavement and jury duty leave. To ensure our employees are able to protect their income, other offerings such as short and long-term disability benefits, life, accidental death and dismemberment, personal accident, critical illness and business travel and accident insurance are provided or available. We regularly review our Total Rewards package to ensure our offerings are competitive and reflect what our employees have told us they value most.<div></div>
We are GDIT. A global technology and professional services company that delivers consulting, technology and mission services to every major agency across the U.S. government, defense and intelligence community. Our 30,000 experts extract the power of technology to create immediate value and deliver solutions at the edge of innovation. We operate across 50 countries worldwide, offering leading capabilities in digital modernization, AI/ML, Cloud, Cyber and application development. Together with our clients, we strive to create a safer, smarter world by harnessing the power of deep expertise and advanced technology.<div></div>
Join our Talent Community to stay up to date on our career opportunities and events at<div><div>
gdit.com/tc</div>.</div><div></div>
Equal Opportunity Employer / Individuals with Disabilities / Protected Veterans</div>";"Regular
Secret
None
None
IT Infrastructure and Operations
Cisco Technologies, Networking, Network Security
Cisco Certified Network Associate (CCNA) | Cisco - Cisco
5 + years of related experience
Yes
The likely salary range for this position is $85,000 - $115,000. This is not, however, a guarantee of compensation or salary. Rather, salary will be set based on experience, geographic location and possibly contractual requirements and could fall outside of this range.
Total compensation for international positions varies by tax, social security, and immigration statuses, as well as location. Generally, an international assignment may include allowances, premium uplifts, and/or relocation or transportation benefits, above base salary range noted.
40
Less than 10%
Onsite
DEU Wiesbaden - Wiesbaden Army Airfield (APC180)
Our benefits package for all US-based employees includes a variety of medical plan options, some with Health Savings Accounts, dental plan options, a vision plan, and a 401(k) plan offering the ability to contribute both pre and post-tax dollars up to the IRS annual limits and receive a company match. To encourage work/life balance, GDIT offers employees full flex work weeks where possible and a variety of paid time off plans, including vacation, sick and personal time, holidays, paid parental, military, bereavement and jury duty leave. To ensure our employees are able to protect their income, other offerings such as short and long-term disability benefits, life, accidental death and dismemberment, personal accident, critical illness and business travel and accident insurance are provided or available. We regularly review our Total Rewards package to ensure our offerings are competitive and reflect what our employees have told us they value most.
We are GDIT. A global technology and professional services company that delivers consulting, technology and mission services to every major agency across the U.S. government, defense and intelligence community. Our 30,000 experts extract the power of technology to create immediate value and deliver solutions at the edge of innovation. We operate across 50 countries worldwide, offering leading capabilities in digital modernization, AI/ML, Cloud, Cyber and application development. Together with our clients, we strive to create a safer, smarter world by harnessing the power of deep expertise and advanced technology.
Join our Talent Community to stay up to date on our career opportunities and events at
Equal Opportunity Employer / Individuals with Disabilities / Protected Veterans
Type of Requisition:
Clearance Level Must Currently Possess:
Clearance Level Must Be Able to Obtain:
Public Trust/Other Required:
Job Family:
Job Qualifications:
Skills:
Certifications:
Experience:
US Citizenship Required:
Job Description:
This wireless engineer role supports wireless project design, implementation, installation, and O&M. The wireless engineer contributes to the formulation of architecture approaches to onsite customer wireless development initiatives. The network engineer will participate in high-level collaboration and coordination meetings and working groups with other architecture groups within the customer organization as well as external vendors. Design wireless networks in accordance with DoD and Industry standards, select appropriate equipment and hardware to support the installation and management of a wireless network, develop ROMS/LOMS and purchase requests, ensure proper network accreditation and perform the required network defense.
MEANINGFUL WORK AND PERSONAL IMPACT
Support to Non-secure Internet Protocol Network (NIPRNET) wireless management capability.
Assists the government in reviewing wireless designs to ensure that the designed meet requirements and is compatible with government STIGs, including (but not limited to) the Network Infrastructure Policy Security Technical Implementation Guide and the Defense Information Systems Agency (DISA) Approved Products List (APL).
Performs all aspects of the installation of wireless capability.
After installation, implements and manages the wireless capability, to include the CAC-enabled EAP-TLS authentication and all required certificate management.
Configure and manage Cisco Systems and ensure the network is protected and secure.
Provide pro-active network management of switches routers, and other ancillary devices to ensure a constant state of readiness and availability.
Ensure the network is properly configured and operating efficiently while maintaining constant network availability and 100% network uptime.
Schedule and perform preventative maintenance checks and services (PMCS) on a regularly scheduled basis and provide touch labor service support as needed.
Provide Communication Security (COMSEC) support for the organization.
Properly handle and safeguard Controlled Cryptographic Items in accordance with Army Regulations and local security policies.
Provide support as the COMSEC hand receipt holder to include requisition, accountability, issuance, key management, destruction, and associated records management.
Assist the team with logistics support as required.
Works closely with Architects/Engineers to coordinate strategies for defining, deploying, and maintaining the wireless architecture and its associated network connections and component hardware.
Providing engineering analysis and resolving issues, determining, and documenting root causes.
Providing technical training, documentation, and technical assistance to the supported organizations.
WHAT YOU’LL NEED TO SUCCEED
Bring your engineering expertise along with a drive for innovation to GDIT. The Network Engineer must have:
Education: Bachelor's Degree or IT Degree in related field plus 5-8 years of direct network engineering experience (additional years of experience can be substituted for degree requirement)
Experience: 8+ years plus relevant and related military/government experience performing network installation and network and systems administration support is required.
Technical skills: Must have experience with scoping, designing, installing, implementing and maintaining a wireless network. Understanding of best practices when designing and implementing wireless security. Experience with wireless controllers, access points, Layer 2 and Layer 3 networking.
Security clearance level: Secret SSBI Clearance
US citizenship required
Certifications: CCNA Wireless Certification at a minimum and DoD 8570 certification such as a CompTIA Security+ CE certification
GDIT IS YOUR PLACE
At GDIT, the mission is our purpose, and our people are at the center of everything we do.
Growth: AI-powered career tool that identifies career steps and learning opportunities
Support: An internal mobility team focused on helping you achieve your career goals
Rewards: Comprehensive benefits and wellness packages, 401K with company match, and competitive pay and paid time off
Community: Award-winning culture of innovation and a military-friendly workplace
OWN YOUR OPPORTUNITY
Explore an enterprise IT career at GDIT and you’ll find endless opportunities to grow alongside colleagues who share your desire to drive operations forward.
Scheduled Weekly Hours:
Travel Required:
Telecommuting Options:
Work Location:
Additional Work Locations:
Total Rewards at GDIT:
.
gdit.com/tc";Wiesbaden;Hessen;Germany;50.0817;8.239138;Amy Gilliland;;Falls Church, Vereinigte Staaten von Amerika;IT-Kundenbetreuung;Informationstechnologie;Mehr als 10 Milliarden $ (USD);Mehr als 10.000 Mitarbeiter;Tochtergesellschaft oder Geschäftsbereich;1996
18;1.0099E+12;Cyber Security Engineer (m/w/d);Neckarsulm;10042042;Schwarz IT;4;EUR;;;;;4;2025-10-02T00:00:00;Full-time;;;CI/CD, Kubernetes, Google Cloud Platform, AWS, Docker, Cybersecurity, Python, SDLC;"<div></div><div><div><div><div><ul><div><div><div><h2 class=""jobSectionHeader""><b>Standort</b></h2><p>
Stiftsbergstra&szlig;e 1<br>
74172 Neckarsulm</p></div></div></div><div><div><div><div><div>
</div></div></div><div><h2 class=""jobSectionHeader""><b>Abteilung</b></h2><p>
IT - Security</p></div></div></div><div><div><div><div><div>
</div></div></div><div><h2 class=""jobSectionHeader""><b>Einstieg</b></h2><p>
Berufserfahrene</p></div></div></div><div><div><div><div><div>
</div></div></div><div><h2 class=""jobSectionHeader""><b>Arbeitsmodell</b></h2><p>
Vollzeit</p></div></div></div><div><div><div><div><div>
</div></div></div><div><h2 class=""jobSectionHeader""><b>Stellen-ID</b></h2><p>
47295</p></div></div></div></ul></div></div></div><div><div>
Die Schwarz IT betreut die gesamte digitale Infrastruktur und alle Softwarel&ouml;sungen der Unternehmen der Schwarz Gruppe. Sie ist somit f&uuml;r Auswahl, Bereitstellung und Betrieb sowie Weiterentwicklung von IT-Infrastrukturen, IT-Plattformen und Business-Anwendungen zust&auml;ndig. Um die Fachbereiche durch IT-L&ouml;sungen optimal bei deren Gesch&auml;ftsprozessen zu unterst&uuml;tzen, nimmt die Schwarz IT die Anforderungen der Fachbereiche in Beratungsgespr&auml;chen auf und erarbeitet gemeinsam mit diesen professionelle und leistungsf&auml;hige IT-L&ouml;sungen.</div></div><div><div><div>
Deine Aufgaben</div><div><ul><li>
Definition und Integration von Cyber Security Best Practices in den gesamten Software-Entwicklungszyklus (SSDLC).</li><li>
Enge Zusammenarbeit mit Entwicklern, Architekten und Produktmanagern zur Umsetzung von &quot;Security by Design&quot;.</li><li>
Durchf&uuml;hrung und Etablierung von Threat-Modeling-Prozessen.</li><li>
Aufbau und Betreuung eines Security-Champion-Programms zur Skalierung von Security-Wissen.</li><li>
Entwicklung und Durchf&uuml;hrung von Security-Awareness-Trainings f&uuml;r Entwickler.</li><li>
Ownership, Management und Weiterentwicklung der Security-Tool-Landschaft (SAST, DAST, SCA).</li><li>
Entwicklung eigener Tools und Automatisierung von Sicherheitsprozessen.</li></ul></div></div><div><div>
Dein Profil</div><div><ul><li>
Du hast ein Studium der Informatik oder IT-Sicherheit abgeschlossen oder bringst eine vergleichbare Qualifikation durch mehrj&auml;hrige Berufserfahrung mit.</li><li>
Du bringst fundierte Praxiserfahrung in Application Security, DevSecOps oder einem verwandten Feld mit.</li><li>
Du besitzt fundierte Programmierkenntnisse, idealerweise in Python, um Code zu analysieren und eigene Security-Tools zu entwickeln.</li><li>
Du bist sicher in der Konfiguration von Security-Tools f&uuml;r SAST, DAST und SCA (z. B. SonarQube, Snyk, Nessus).</li><li>
Du verstehst die Sicherheitsarchitekturen von Cloud- (AWS, GCP) und Container-Umgebungen (Docker, Kubernetes).</li><li>
Du hast Erfahrung darin, Sicherheitsautomatisierung in CI/CD-Pipelines zu integrieren.</li><li>
Du kannst den Secure Software Development Lifecycle (SSDLC) nicht nur praktisch anwenden, sondern auch strategisch weiterentwickeln.</li><li>
Du hast bereits erfolgreich Threat Models durchgef&uuml;hrt und idealerweise geholfen, den Prozess zu etablieren.</li><li>
Du verf&uuml;gst &uuml;ber ein tiefes Verst&auml;ndnis f&uuml;r g&auml;ngige Angriffsmuster wie die OWASP Top 10.</li><li>
Du bist in der Lage, eine klare Strategie f&uuml;r die Anwendungssicherheit zu entwickeln und diese &uuml;berzeugend zu vertreten.</li><li>
Du agierst als kommunikativer Br&uuml;ckenbauer zwischen Entwicklung und Management.</li><li>
Du hast bereits Teams durch Wissenstransfer (z. B. &uuml;ber Security-Champions-Programme) erfolgreich bef&auml;higt.</li><li>
Du zeichnest Dich durch eine hohe Eigenverantwortung und eine proaktive Arbeitsweise aus.</li><li>
Du arbeitest l&ouml;sungsorientiert und pragmatisch.</li></ul></div></div></div><div><p>
Unsere Benefits</p><div><div><div><div><div>
</div></div></div></div></div></div><div></div><div><p>Dein Ansprechpartner</p><p></p><div><div><h3 class=""jobSectionHeader""><b>
Jana Scherer</b></h3><div>
Recruiterin</div><ul><li><div>
E-Mail:</div><div>
recruiting@mail.schwarz</div></li></ul></div></div></div><div><p>
Dein Bewerbungsprozess im &Uuml;berblick</p><div><div><div><div>
1</div><h3 class=""jobSectionHeader""><b>
Bewerbung</b></h3></div><div>
Wir lieben die Einfachheit. Bewirb dich schnell und unkompliziert digital, gerne auch ohne Registrierung.</div></div><div><div><div>
2</div><h3 class=""jobSectionHeader""><b>
Checkup</b></h3></div><div>
Gemeinsam mit dem zust&auml;ndigen Fachbereich werfen wir einen Blick in deine Unterlagen.</div></div><div><div><div>
3</div><h3 class=""jobSectionHeader""><b>
Kennenlernen</b></h3></div><div>
Bei einem ersten Kennenlernen liegt der Fokus sowohl auf deiner Pers&ouml;nlichkeit als auch auf deiner fachlichen Eignung.</div></div><div><div><div>
4</div><h3 class=""jobSectionHeader""><b>
Vertragsangebot</b></h3></div><div>
Haben wir uns gegenseitig &uuml;berzeugt? Dann ist dein Arbeitsvertrag digital per Mail auf dem Weg zu dir.</div></div><div><div><div>
5</div><h3 class=""jobSectionHeader""><b>
Willkommen</b></h3></div><div>
Dein erster Arbeitstag bei uns steht an und dein individuelles Onboarding im Team startet. Wir freuen uns auf dich!</div></div></div></div></div>";"Standort
Stiftsbergstraße 1
74172 Neckarsulm
Abteilung
IT - Security
Einstieg
Berufserfahrene
Arbeitsmodell
Vollzeit
Stellen-ID
47295
Die Schwarz IT betreut die gesamte digitale Infrastruktur und alle Softwarelösungen der Unternehmen der Schwarz Gruppe. Sie ist somit für Auswahl, Bereitstellung und Betrieb sowie Weiterentwicklung von IT-Infrastrukturen, IT-Plattformen und Business-Anwendungen zuständig. Um die Fachbereiche durch IT-Lösungen optimal bei deren Geschäftsprozessen zu unterstützen, nimmt die Schwarz IT die Anforderungen der Fachbereiche in Beratungsgesprächen auf und erarbeitet gemeinsam mit diesen professionelle und leistungsfähige IT-Lösungen.
Deine Aufgaben
Definition und Integration von Cyber Security Best Practices in den gesamten Software-Entwicklungszyklus (SSDLC).
Enge Zusammenarbeit mit Entwicklern, Architekten und Produktmanagern zur Umsetzung von ""Security by Design"".
Durchführung und Etablierung von Threat-Modeling-Prozessen.
Aufbau und Betreuung eines Security-Champion-Programms zur Skalierung von Security-Wissen.
Entwicklung und Durchführung von Security-Awareness-Trainings für Entwickler.
Ownership, Management und Weiterentwicklung der Security-Tool-Landschaft (SAST, DAST, SCA).
Entwicklung eigener Tools und Automatisierung von Sicherheitsprozessen.
Dein Profil
Du hast ein Studium der Informatik oder IT-Sicherheit abgeschlossen oder bringst eine vergleichbare Qualifikation durch mehrjährige Berufserfahrung mit.
Du bringst fundierte Praxiserfahrung in Application Security, DevSecOps oder einem verwandten Feld mit.
Du besitzt fundierte Programmierkenntnisse, idealerweise in Python, um Code zu analysieren und eigene Security-Tools zu entwickeln.
Du bist sicher in der Konfiguration von Security-Tools für SAST, DAST und SCA (z. B. SonarQube, Snyk, Nessus).
Du verstehst die Sicherheitsarchitekturen von Cloud- (AWS, GCP) und Container-Umgebungen (Docker, Kubernetes).
Du hast Erfahrung darin, Sicherheitsautomatisierung in CI/CD-Pipelines zu integrieren.
Du kannst den Secure Software Development Lifecycle (SSDLC) nicht nur praktisch anwenden, sondern auch strategisch weiterentwickeln.
Du hast bereits erfolgreich Threat Models durchgeführt und idealerweise geholfen, den Prozess zu etablieren.
Du verfügst über ein tiefes Verständnis für gängige Angriffsmuster wie die OWASP Top 10.
Du bist in der Lage, eine klare Strategie für die Anwendungssicherheit zu entwickeln und diese überzeugend zu vertreten.
Du agierst als kommunikativer Brückenbauer zwischen Entwicklung und Management.
Du hast bereits Teams durch Wissenstransfer (z. B. über Security-Champions-Programme) erfolgreich befähigt.
Du zeichnest Dich durch eine hohe Eigenverantwortung und eine proaktive Arbeitsweise aus.
Du arbeitest lösungsorientiert und pragmatisch.
Unsere Benefits
Dein Ansprechpartner
Jana Scherer
Recruiterin
E-Mail:
recruiting@mail.schwarz
Dein Bewerbungsprozess im Überblick
1
Bewerbung
Wir lieben die Einfachheit. Bewirb dich schnell und unkompliziert digital, gerne auch ohne Registrierung.
2
Checkup
Gemeinsam mit dem zuständigen Fachbereich werfen wir einen Blick in deine Unterlagen.
3
Kennenlernen
Bei einem ersten Kennenlernen liegt der Fokus sowohl auf deiner Persönlichkeit als auch auf deiner fachlichen Eignung.
4
Vertragsangebot
Haben wir uns gegenseitig überzeugt? Dann ist dein Arbeitsvertrag digital per Mail auf dem Weg zu dir.
5
Willkommen
Dein erster Arbeitstag bei uns steht an und dein individuelles Onboarding im Team startet. Wir freuen uns auf dich!";Neckarsulm;Baden-Württemberg;Germany;49.190147;9.223944;;;Neckarsulm, Deutschland;;;Unbekannt/Nicht zutreffend;1.001 bis 5.000 Mitarbeiter;Privatunternehmen;
19;1.00987E+12;Computer scientist as Software Engineer (m/f/d);München;9849;Giesecke+Devrient Currency Technology GmbH;27;EUR;;;;;3.6;2025-09-09T00:00:00;Full-time;;Master's degree;CI/CD, Azure, PCI, C#, Java, C++, C, Software development, Computer skills, Cybersecurity, Leadership, Python, SDLC;"<div><p>G+D makes the lives of billions of people around the world more secure. We create trust in the digital age with integrated security technologies in three business areas: Digital Security, Financial Platforms and Currency Technology. We have been a reliable partner for our customers for over 170 years with our innovative solutions for SecurityTech! We are an international technology group and traditional family business with over 14,000 employees in 40 countries. Creating Confidence is our path to success. Trust is the basis of our co-operation within G+D.
</p>
<p>The whole world trusts us when it comes to physical or digital currencies. We increase the security and efficiency of the cash cycle in collaboration with central banks and the entire currency industry. As the market leader in advanced currency management, would you like to join us in shaping the future of payments.
</p>
<p>We are looking for a
</p>
<h2 class=""jobSectionHeader""><b>Software Cyber Security Lead (m/f/d)</b></h2>
<p>in full-time at our location in Munich
</p>
<p>Shape the future of tomorrow's cash cycle with us. As an innovator, market leader and trusted partner of central banks and the entire currency industry, we at G+D Currency Technology develop state-of-the-art systems for banknote processing, invest in automation and increase the security and efficiency of the entire cash cycle with our digital cash management and cash logistics solution portfolio. As being the Cyber Security Lead (m/f/d) within R&amp;D Software Solutions you will design, drive and oversee all of our security measures across our development process, toolchain, practices and products, ranging from real-time software to our Azure-based cloud platform and software solutions. Together with the Software Engineering Excellence Lead and the Software Quality Assurance Lead, you form the center of Software Engineering Excellence to continuously strengthen our best-in-class software development teams, spanning across Munich and Gurugram, focusing on efficiency and effectiveness to meet our business goals. You take responsibility for the Secure Software Development Lifecycle based on the OWASP-SAMM model. Working with senior leadership, cross-functional teams, established security champions and corporate security, you'll drive security innovation while ensuring our solutions meet cybersecurity and compliance requirements. Security by Design and Security by Default are at your heart. This strategic role requires a strong background in cybersecurity, broad technical knowledge and leadership skills to continuously foster our security excellence and stay ahead of emerging security threats in an ever-changing and fast-paced environment to achieve our business goals.
</p>
<p><b>Requisition-ID</b> 25651
</p><b>
Key responsibilities:</b><ul>
<li>Responsibility for the cyber security of software development across the development sites in Munich and Gurugram: You ensure that all software products and services are developed according to the highest security standards and follow Security by Design and Security by Default principles.</li>
<li>Implementation and management of the Secure Software Development Lifecycle SSDLC: You will establish and monitor processes and measures along the entire development cycle in accordance with the OWASP SAMM model.</li>
<li>Security awareness and training: You promote security awareness in the development teams through trainings, workshops and targeted knowledge transfer.</li>
<li>Security architecture and reviews: You will advise teams on the secure architecture and threat modelling of software solutions and conduct regular security reviews and threat assessments.</li>
<li>Automation of security checks: With the DevSecOps team, you will integrate security tools (e.g. SAST, DAST, Dependency Scanning) into the CI/CD pipelines and ensure automated security checks.</li>
<li>Incident management and response: You will develop and improve processes for the secure handling of security incidents and related response.</li>
<li>Close collaboration: You work closely together with Development, QA, DevOps, IT Security and other stakeholders across locations.</li>
<li>Monitoring and reporting: You will regularly measure and report on the maturity level of software security and derive targeted improvement measures from this.</li>
</ul><b>Required Skills:
</b><ul><li>Master's degree in computer science and several years of demonstrable experience in the field of software security across different technologies.</li>
<li>Sound knowledge of the Secure Software Development Lifecycle and practical experience with the OWASP SAMM model.</li>
<li>Strong understanding of security standards and compliance frameworks (e.g. SOC2 Type 2, ISO 27001, BSI, CRA, DORA, PCI DSS).</li>
<li>Deep technical knowledge of software development (e.g. C, C++, C#, Java, Python) and cloud environments (Azure).</li>
<li>Experience with security tools such as static / dynamic code analysis, vulnerability scans and dependency management.</li>
<li>Excellent communication and consulting skills, as well as the ability to convey complex Security topics in an understandable way.</li>
<li>Analytical and strategic thinking with a high level of initiative and assertiveness.</li>
<li>Very good written and spoken German and English skills.</li>
</ul><b>Your benefits:</b><ul>
<li>You can freely choose your working hours between 6 a.m. and 10 p.m., work on a mobile or on-site basis at times and - if you wish - work on a Saturday instead of during the week.</li>
<li>With regular, mutual and appreciative feedback, we support you in your individual development and learn from you in the process.</li>
<li>You benefit from an active work-life balance, attractive family benefits and a diverse company health management program.</li></ul></div>";"G+D makes the lives of billions of people around the world more secure. We create trust in the digital age with integrated security technologies in three business areas: Digital Security, Financial Platforms and Currency Technology. We have been a reliable partner for our customers for over 170 years with our innovative solutions for SecurityTech! We are an international technology group and traditional family business with over 14,000 employees in 40 countries. Creating Confidence is our path to success. Trust is the basis of our co-operation within G+D.
The whole world trusts us when it comes to physical or digital currencies. We increase the security and efficiency of the cash cycle in collaboration with central banks and the entire currency industry. As the market leader in advanced currency management, would you like to join us in shaping the future of payments.
We are looking for a
Software Cyber Security Lead (m/f/d)
in full-time at our location in Munich
Shape the future of tomorrow's cash cycle with us. As an innovator, market leader and trusted partner of central banks and the entire currency industry, we at G+D Currency Technology develop state-of-the-art systems for banknote processing, invest in automation and increase the security and efficiency of the entire cash cycle with our digital cash management and cash logistics solution portfolio. As being the Cyber Security Lead (m/f/d) within R&D Software Solutions you will design, drive and oversee all of our security measures across our development process, toolchain, practices and products, ranging from real-time software to our Azure-based cloud platform and software solutions. Together with the Software Engineering Excellence Lead and the Software Quality Assurance Lead, you form the center of Software Engineering Excellence to continuously strengthen our best-in-class software development teams, spanning across Munich and Gurugram, focusing on efficiency and effectiveness to meet our business goals. You take responsibility for the Secure Software Development Lifecycle based on the OWASP-SAMM model. Working with senior leadership, cross-functional teams, established security champions and corporate security, you'll drive security innovation while ensuring our solutions meet cybersecurity and compliance requirements. Security by Design and Security by Default are at your heart. This strategic role requires a strong background in cybersecurity, broad technical knowledge and leadership skills to continuously foster our security excellence and stay ahead of emerging security threats in an ever-changing and fast-paced environment to achieve our business goals.
25651
Requisition-ID
Key responsibilities:
Responsibility for the cyber security of software development across the development sites in Munich and Gurugram: You ensure that all software products and services are developed according to the highest security standards and follow Security by Design and Security by Default principles.
Implementation and management of the Secure Software Development Lifecycle SSDLC: You will establish and monitor processes and measures along the entire development cycle in accordance with the OWASP SAMM model.
Security awareness and training: You promote security awareness in the development teams through trainings, workshops and targeted knowledge transfer.
Security architecture and reviews: You will advise teams on the secure architecture and threat modelling of software solutions and conduct regular security reviews and threat assessments.
Automation of security checks: With the DevSecOps team, you will integrate security tools (e.g. SAST, DAST, Dependency Scanning) into the CI/CD pipelines and ensure automated security checks.
Incident management and response: You will develop and improve processes for the secure handling of security incidents and related response.
Close collaboration: You work closely together with Development, QA, DevOps, IT Security and other stakeholders across locations.
Monitoring and reporting: You will regularly measure and report on the maturity level of software security and derive targeted improvement measures from this.
Required Skills:
Master's degree in computer science and several years of demonstrable experience in the field of software security across different technologies.
Sound knowledge of the Secure Software Development Lifecycle and practical experience with the OWASP SAMM model.
Strong understanding of security standards and compliance frameworks (e.g. SOC2 Type 2, ISO 27001, BSI, CRA, DORA, PCI DSS).
Deep technical knowledge of software development (e.g. C, C++, C#, Java, Python) and cloud environments (Azure).
Experience with security tools such as static / dynamic code analysis, vulnerability scans and dependency management.
Excellent communication and consulting skills, as well as the ability to convey complex Security topics in an understandable way.
Analytical and strategic thinking with a high level of initiative and assertiveness.
Very good written and spoken German and English skills.
Your benefits:
You can freely choose your working hours between 6 a.m. and 10 p.m., work on a mobile or on-site basis at times and - if you wish - work on a Saturday instead of during the week.
With regular, mutual and appreciative feedback, we support you in your individual development and learn from you in the process.
You benefit from an active work-life balance, attractive family benefits and a diverse company health management program.";München;Bayern;Germany;48.13704;11.575529;Dr. Ralf Wintergerst;;München, Deutschland;Unternehmenssoftware & Netzwerklösungen;Informationstechnologie;Unbekannt/Nicht zutreffend;51 bis 200 Mitarbeiter;Privatunternehmen;1852
20;1.00989E+12;Cyber Security Engineer (m/w/d);Weingarten;11854;q.beyond AG;6;EUR;;;;;3.6;2025-09-30T00:00:00;;;;Sales, English, Cloud development, Cybersecurity, Python, PowerShell, Pre-sales, Marketing, German;"<div><div><div><div><div><div><div>Die q.beyond AG ist ein f&uuml;hrender deutscher IT-Dienstleister. Unsere 1.100 Mitarbeitenden mit Expertise in Cloud, SAP, Microsoft, Data Intelligence, Security und Softwareentwicklung begleiten unsere mittelst&auml;ndischen Kunden bei der digitalen Transformation.</div>
<p>
Gestalte zukunftsf&auml;hige IT-L&ouml;sungen mit uns als <b>Cyber Security Engineer (m/w/d) </b>an einem unserer Standorte:</p>
<div>
<ul><li>K&ouml;ln</li>
<li>Oberhausen</li>
</ul></div></div></div><div><p>DEINE T&Auml;TIGKEITEN:</p><div><ul>
<li>Beratung von Kunden zu Cyber-Security-Strategien und-Architekturen</li>
<li>Durchf&uuml;hrung von Workshops, Demos und PoCs zur Evaluierung von Technologien</li>
<li>Unterst&uuml;tzung deines Teams bei der Umsetzung komplexer Cyber Security Projekte in den Bereichen SIEM, SOAR, EDR/XDR und Cloud Security</li>
<li>Entwicklung von Use Cases, Automatisierungen, Playbooks und Integrationen</li>
<li>Pr&auml;sentation von Konzepten und Ergebnissen auf Fach-und Managementebene</li>
<li>Unterst&uuml;tzung von Pre-Sales, Sales und Marketing mit deiner Expertise</li>
<li>Bereitschaft zur Erbringung von Rufbereitschaften</li>
</ul></div></div><div><p>DAS BIETEN WIR DIR:</p><div><div>
<ul><li><b>Work-Life-Balance</b>: Flexibler Mix aus Arbeitszeit und Arbeitsort (50% Home-Office) f&uuml;r eine harmonische Work-Life-Integration.</li>
<li><b>Urlaubsanspruch</b>: 30 Tage Urlaub, Sonderurlaube und ein Sabbatical-Konto f&uuml;r erholsame Auszeiten und Entspannung.</li>
<li><b>Quality-of-Life</b>: Private Unfallversicherung, Zusatzkrankenversicherung, verl&auml;ngerte Lohnfortzahlung im Krankheitsfall und eine betriebliche Altersvorsorge. Fokus auf deine mentale Gesundheit durch das F&uuml;rstenberg Institut.</li>
<li><b>Fitnessf&ouml;rderung</b>: Eigenes JobRad, virtuelle Physiotherapie, diverse Firmenlauf-Events.</li>
<li><b>Karrierechancen</b>: Zahlreiche Zertifizierungsangebote &uuml;ber Udemy, Linkedin Learning und SAP Learning Hub.</li>
<li><b>Fachliche und pers&ouml;nliche Weiterentwicklung</b>: Unsere interne Academy, unternehmenseigene, monatliche Learning Days, Entwicklungsdialoge und ein F&uuml;hrungsnachwuchsprogramm.</li>
<li><b>Family first</b>: Baby-Welcome-Package und 1.000&euro; Bonus zur Geburt.</li>
<li><b>Flitzpiepen</b>: Kita geschlossen? Keine Sorge &ndash; f&uuml;r deinen Nachwuchs stehen familienfreundliche Arbeitspl&auml;tze mit Spielm&ouml;glichkeiten zur Verf&uuml;gung.</li>
<li><b>Dog Office</b>: B&uuml;ror&auml;ume, in denen Hunde willkommen sind, f&uuml;r eine entspannte Arbeitsatmosph&auml;re.</li>
</ul>Einige unserer Benefits sind standortbezogen.</div></div></div><div><p>
DAS BRINGST DU MIT:</p><div><ul>
<li>Mehrj&auml;hrige Erfahrung im Cyber Security Engineering</li>
<li>Praktische Erfahrungen in mehreren Teilbereichen wie z.B. SIEM/SOAR, EDR/XDR und Cloud Security</li>
<li>Erfahrungen im Incident Handling, Threat Detection oder Security Operations</li>
<li>Affinit&auml;t zu Automatisierung und Skripting (Python,PowerShell, Bash, Regex) &ndash; nice to have, kein Muss</li>
<li>Kommunikationsst&auml;rke und die F&auml;higkeit, komplexe Themen in Workshops und PoCs klar zu vermitteln</li>
<li>C1 Sprachkenntnisse in Deutsch, B2 Sprachkenntnisse in Englisch</li>
</ul></div></div><div><p>SCHNELL BEWERBEN. FEEDBACK ERHALTEN.</p><div><div>
Deine Bewerbung ist schnell und unkompliziert <b>ohne Anschreiben</b> m&ouml;glich. Einfach deinen <b>Lebenslauf und vorliegende Zeugnisse </b>online auf unserem Jobportal hochladen.<br>
<br>
Inklusion ist uns wichtig. Bewerber:innen mit Schwerbehinderung und ihnen Gleichgestellte sind bei uns ausdr&uuml;cklich willkommen.<br>
<br>
<b>KONTAKT</b><br>
Deine pers&ouml;nliche Ansprechpartnerin <b>Joy</b> steht dir gerne f&uuml;r Fragen und Anmerkungen zur Verf&uuml;gung.<br>
<br>
q.beyond AG<br>
Talent Acquisition<br>
Joy Grohe<br>
</div></div></div><div></div><div><ul><div>
Joy Grohe</div></ul></div><div><div><div><div><div><div><div>
Redaktionell empfohlener externer Inhalt</div><p></p><div>
Ich bin damit einverstanden, dass mir externe Inhalte angezeigt werden. Damit werden personenbezogene Daten an Drittplattformen &uuml;bermittelt. q.beyond Jobportal hat darauf keinen Einfluss. N&auml;heres dazu lesen Sie in unserer Datenschutzerkl&auml;rung. Sie k&ouml;nnen die Anzeige jederzeit wieder deaktivieren.</div></div></div></div></div></div></div></div></div></div></div>";"Die q.beyond AG ist ein führender deutscher IT-Dienstleister. Unsere 1.100 Mitarbeitenden mit Expertise in Cloud, SAP, Microsoft, Data Intelligence, Security und Softwareentwicklung begleiten unsere mittelständischen Kunden bei der digitalen Transformation.
Gestalte zukunftsfähige IT-Lösungen mit uns als
an einem unserer Standorte:
Cyber Security Engineer (m/w/d)
Köln
Oberhausen
DEINE TÄTIGKEITEN:
Beratung von Kunden zu Cyber-Security-Strategien und-Architekturen
Durchführung von Workshops, Demos und PoCs zur Evaluierung von Technologien
Unterstützung deines Teams bei der Umsetzung komplexer Cyber Security Projekte in den Bereichen SIEM, SOAR, EDR/XDR und Cloud Security
Entwicklung von Use Cases, Automatisierungen, Playbooks und Integrationen
Präsentation von Konzepten und Ergebnissen auf Fach-und Managementebene
Unterstützung von Pre-Sales, Sales und Marketing mit deiner Expertise
Bereitschaft zur Erbringung von Rufbereitschaften
DAS BIETEN WIR DIR:
Einige unserer Benefits sind standortbezogen.
: Flexibler Mix aus Arbeitszeit und Arbeitsort (50% Home-Office) für eine harmonische Work-Life-Integration.
Work-Life-Balance
: 30 Tage Urlaub, Sonderurlaube und ein Sabbatical-Konto für erholsame Auszeiten und Entspannung.
Urlaubsanspruch
: Private Unfallversicherung, Zusatzkrankenversicherung, verlängerte Lohnfortzahlung im Krankheitsfall und eine betriebliche Altersvorsorge. Fokus auf deine mentale Gesundheit durch das Fürstenberg Institut.
Quality-of-Life
: Eigenes JobRad, virtuelle Physiotherapie, diverse Firmenlauf-Events.
Fitnessförderung
: Zahlreiche Zertifizierungsangebote über Udemy, Linkedin Learning und SAP Learning Hub.
Karrierechancen
: Unsere interne Academy, unternehmenseigene, monatliche Learning Days, Entwicklungsdialoge und ein Führungsnachwuchsprogramm.
Fachliche und persönliche Weiterentwicklung
: Baby-Welcome-Package und 1.000€ Bonus zur Geburt.
Family first
: Kita geschlossen? Keine Sorge – für deinen Nachwuchs stehen familienfreundliche Arbeitsplätze mit Spielmöglichkeiten zur Verfügung.
Flitzpiepen
: Büroräume, in denen Hunde willkommen sind, für eine entspannte Arbeitsatmosphäre.
Dog Office
DAS BRINGST DU MIT:
Mehrjährige Erfahrung im Cyber Security Engineering
Praktische Erfahrungen in mehreren Teilbereichen wie z.B. SIEM/SOAR, EDR/XDR und Cloud Security
Erfahrungen im Incident Handling, Threat Detection oder Security Operations
Affinität zu Automatisierung und Skripting (Python,PowerShell, Bash, Regex) – nice to have, kein Muss
Kommunikationsstärke und die Fähigkeit, komplexe Themen in Workshops und PoCs klar zu vermitteln
C1 Sprachkenntnisse in Deutsch, B2 Sprachkenntnisse in Englisch
SCHNELL BEWERBEN. FEEDBACK ERHALTEN.
Deine Bewerbung ist schnell und unkompliziert
möglich. Einfach deinen
online auf unserem Jobportal hochladen.
Inklusion ist uns wichtig. Bewerber:innen mit Schwerbehinderung und ihnen Gleichgestellte sind bei uns ausdrücklich willkommen.
Deine persönliche Ansprechpartnerin
steht dir gerne für Fragen und Anmerkungen zur Verfügung.
q.beyond AG
Talent Acquisition
Joy Grohe
ohne Anschreiben
Lebenslauf und vorliegende Zeugnisse
KONTAKT
Joy
Joy Grohe
Redaktionell empfohlener externer Inhalt
Ich bin damit einverstanden, dass mir externe Inhalte angezeigt werden. Damit werden personenbezogene Daten an Drittplattformen übermittelt. q.beyond Jobportal hat darauf keinen Einfluss. Näheres dazu lesen Sie in unserer Datenschutzerklärung. Sie können die Anzeige jederzeit wieder deaktivieren.";Weingarten;Nordrhein-Westfalen;Germany;50.933594;6.961899;Thies Rixen, Nora Wolters;;Köln, Deutschland;IT-Kundenbetreuung;Informationstechnologie;100 bis 500 Millionen $ (USD);1.001 bis 5.000 Mitarbeiter;Aktiengesellschaft;1997
21;1.00988E+12;Senior Cyber Security Engineer;Oberding;9885995;ARX Robotics GmbH;19;EUR;;;;;5;2025-09-17T00:00:00;Full-time;;;Cybersecurity;"<div><h4 class=""jobSectionHeader""><b>The Role</b></h4><p><br>
We are seeking a highly experienced <b>Senior Cyber Security Engineer</b> to lead the development of our cybersecurity strategy and roadmap for autonomous technologies. This critical role will be pivotal in shaping the security architecture and controls for our next-generation autonomous systems.<br>
The ideal candidate will bring deep expertise from the <b>automotive, mobility, or related high integrity industries</b>, with a proven track record of delivering cybersecurity frameworks for autonomous, safety critical platforms.<br>
<br>
<b>Key Responsibilities:</b></p><ul><li><b><br>
Define and develop the cybersecurity strategy and roadmap</b> for autonomous systems, aligning with company objectives and regulatory requirements.</li><li>
Act as the <b>primary security lead for autonomy initiatives</b>, collaborating closely with engineering, software and safety teams.</li><li><b>
Establish security by design principles</b> throughout the product lifecycle &ndash; from concept, architecture, and design through to deployment and maintenance.</li><li>
Work alongside cross-functional teams to <b>perform risk assessments, threat modelling, and security testing</b> (e.g., penetration testing, vulnerability scanning).</li><li>
Develop and maintain <b>secure coding practices, secure communication protocols, and over-the-air update mechanisms</b> for autonomous platforms.</li><li>
Stay up to date with evolving threats, technologies, and <b>regulatory standards</b></li><li>
Engage with external partners, suppliers, and regulators to <b>ensure end to end cybersecurity compliance</b> across the autonomy ecosystem.</li></ul><p></p><h4 class=""jobSectionHeader""><b>
Your Profile</b></h4><p></p><ul><li><b>
7+ years of experience</b> in cybersecurity roles.</li><li>
Prior experience in the <b>automotive, aerospace, defence OR robotics</b>, within autonomy programs.</li><li>
Strong understanding of <b>embedded system security</b>, including real-time operating systems (RTOS), CAN/Ethernet protocols, and hardware security modules (HSMs).</li><li>
Demonstrated experience in <b>developing or implementing cybersecurity frameworks</b> such as ISO/SAE 21434, ISO 26262, or similar.</li><li>
Deep knowledge of <b>threat modelling methodologies</b>, such as STRIDE or DREAD.</li><li>
Strong communication skills and the ability to <b>influence technical and strategic decisions</b> at the executive level.</li></ul><p></p><h4 class=""jobSectionHeader""><b>
Benefits and Perks</b></h4><p></p><ul><li>
Competitive salary and benefits package</li><li>
A shaping role in an emerging dual use company</li><li>
Opportunity to work with a highly innovative, international, and dynamic team</li><li>
Room for professional growth and development</li><li>
Participation in the company's success, with access to regular events, knowledge exchange and meetups</li></ul><p></p><h4 class=""jobSectionHeader""><b>
About us</b></h4><p>
ARX is a dual-use technology company that specializes in developing autonomous unmanned systems and sensors for the European defence sector. Our dual-use unmanned ground systems and sensors assist NATO Armies and civilian first responders in tackling their most challenging problems by providing them with training and information to make better decisions and take effective actions in life-or-death situations.<br>
<br>
As our team continues to expand rapidly, we are seeking motivated candidates who are excited to work in a highly energetic, creative, and innovative team dedicated to developing autonomous systems for challenging environments. We operate in a dynamic sector where collaboration, sharing innovative ideas, and developing novel problem-solving strategies are ingrained in our work culture.<br>
<br>
If you are passionate about overcoming challenges that have areal impact on the security of our democracies, apply here to join ARX and help shape the future of dual-use technology!<br>
<br>
In addition to a competitive salary package, we offer the opportunity to participate in the company's success. ARX is an equal-opportunity employer, and we encourage candidates from all backgrounds to apply.</p></div>";"The Role
We are seeking a highly experienced
to lead the development of our cybersecurity strategy and roadmap for autonomous technologies. This critical role will be pivotal in shaping the security architecture and controls for our next-generation autonomous systems.
The ideal candidate will bring deep expertise from the
, with a proven track record of delivering cybersecurity frameworks for autonomous, safety critical platforms.
Senior Cyber Security Engineer
automotive, mobility, or related high integrity industries
Key Responsibilities:
for autonomous systems, aligning with company objectives and regulatory requirements.
Define and develop the cybersecurity strategy and roadmap
Act as the
, collaborating closely with engineering, software and safety teams.
primary security lead for autonomy initiatives
throughout the product lifecycle – from concept, architecture, and design through to deployment and maintenance.
Establish security by design principles
Work alongside cross-functional teams to
(e.g., penetration testing, vulnerability scanning).
perform risk assessments, threat modelling, and security testing
Develop and maintain
for autonomous platforms.
secure coding practices, secure communication protocols, and over-the-air update mechanisms
Stay up to date with evolving threats, technologies, and
regulatory standards
Engage with external partners, suppliers, and regulators to
across the autonomy ecosystem.
ensure end to end cybersecurity compliance
Your Profile
in cybersecurity roles.
7+ years of experience
Prior experience in the
, within autonomy programs.
automotive, aerospace, defence OR robotics
Strong understanding of
, including real-time operating systems (RTOS), CAN/Ethernet protocols, and hardware security modules (HSMs).
embedded system security
Demonstrated experience in
such as ISO/SAE 21434, ISO 26262, or similar.
developing or implementing cybersecurity frameworks
Deep knowledge of
, such as STRIDE or DREAD.
threat modelling methodologies
Strong communication skills and the ability to
at the executive level.
influence technical and strategic decisions
Benefits and Perks
Competitive salary and benefits package
A shaping role in an emerging dual use company
Opportunity to work with a highly innovative, international, and dynamic team
Room for professional growth and development
Participation in the company's success, with access to regular events, knowledge exchange and meetups
About us
ARX is a dual-use technology company that specializes in developing autonomous unmanned systems and sensors for the European defence sector. Our dual-use unmanned ground systems and sensors assist NATO Armies and civilian first responders in tackling their most challenging problems by providing them with training and information to make better decisions and take effective actions in life-or-death situations.
As our team continues to expand rapidly, we are seeking motivated candidates who are excited to work in a highly energetic, creative, and innovative team dedicated to developing autonomous systems for challenging environments. We operate in a dynamic sector where collaboration, sharing innovative ideas, and developing novel problem-solving strategies are ingrained in our work culture.
If you are passionate about overcoming challenges that have areal impact on the security of our democracies, apply here to join ARX and help shape the future of dual-use technology!
In addition to a competitive salary package, we offer the opportunity to participate in the company's success. ARX is an equal-opportunity employer, and we encourage candidates from all backgrounds to apply.";Oberding;Bayern;Germany;48.322655;11.845524;;;Oberding, Deutschland;;;Unbekannt/Nicht zutreffend;1 bis 50 Mitarbeiter;Tochtergesellschaft oder Geschäftsbereich;
22;1.00989E+12;Embedded System Developer (m/w/d);Mainz;1303004;INFODAS;11;EUR;;;;;3.5;2025-09-25T00:00:00;;;;CI/CD, Git, Docker, C, Scrum, Linux, Python;"<div><b>Unsere Benefits</b>
<ul><li>Gleitzeitkonto</li>
<li>Homeoffice</li>
<li>Zus&auml;tzlich frei an Br&uuml;ckentagen sowie zwischen Weihnachten und Neujahr</li>
<li>30 Tage Urlaub. Erh&ouml;hung des Urlaubsanspruchs nach 5 und 10 Jahren Betriebszugeh&ouml;rigkeit, um jeweils einen Tag</li>
<li>Eine marktgerechte Verg&uuml;tung und Weihnachtsgeld</li>
<li>Arbeitgeberfinanzierte Altersvorsorge</li>
<li>Verm&ouml;genswirksame Leistungen (VL)</li>
<li>Je nach Standort subventioniertes Mittagessen oder &Ouml;PNV-Ticket</li>
<li>Alle Standorte mit guter Verkehrsanbindung</li>
<li>Jobrad &bdquo;infodas on bike&ldquo; mit einem monatlichen Arbeitgeberzuschuss</li>
<li>Mitarbeiterrabatte</li>
<li>Guten Kaffee, Wasser, Tee, Softdrinks sowie Obstkorb zur freien Verf&uuml;gung</li>
<li>Und vieles mehr&hellip;</li>
</ul><b>Deine Aufgaben</b>
<ul><li>Begleiten bei Design und Entwicklung neuer Hardware und Software Platformen</li>
<li>Weiterentwicklung der Entwicklungswerkzeuge zur Software und Hardwareentwicklung</li>
<li>Unterst&uuml;tzung in Themen der Build- und Testautomatisierung (z.B. CI/CD)</li>
<li>Anpassen des Embedded Linux f&uuml;r unsere Virtualisierungsl&ouml;sung</li>
<li>Zusammenstellen der Toolchains zum Bau unserer Application (z.B. Docker Container f&uuml;r den Bau einer Software)</li>
</ul><b>Dein Profil</b>
<ul><li>Abgeschlossenes Studium mit Bezug zur Aufgabenstellung, z. B. Informatik, Elektrotechnik, Nachrichtentechnik<br>
<ul><li>Alternativ Nachweisbare F&auml;higkeiten passend zu dieser Stellenausschreibung</li>
</ul></li><li>Erfahrung in Bereichen Embedded (Linux) Systems</li>
<li>Grundlagen im Bereich Elektro- und Digitaltechnik</li>
<li>Sicher im Umgang mit Linux</li>
<li>Fundierte Kenntnisse in C und Git</li>
<li>Interesse an der Umsetzung von sicherem Booten (BIOS/Coreboot)</li>
</ul><b>Idealerweise verf&uuml;gst Du &uuml;ber</b>
<ul><li>Erfahrungen mit Embedded Linux (Buildroot, Yocto, OpenADK)</li>
<li>Schreiben von Skripten und Werkzeugen in Python, Bash etc.</li>
<li>Erfahrungen in den Bereichen Security (Secure Boot), Hypervisor- und Linux-Container Konzepte (LXC)</li>
<li>Erfahrungen im agilen Umfeld (SCRUM/Kanban)</li>
<li>Erfahrungen mit Coreboot, uboot, Linuxboot</li>
<li>Linux Kenntnis im Low-Level Bereich (Kernel, Treiber und systemnahe Bibliotheken sowie POSIX-Funktionen und Syscalls)</li>
</ul><b>&Uuml;ber uns</b>
<p>
Die infodas, ein Airbus Tochterunternehmen spezialisiert auf Cyber und IT, z&auml;hlt zu den f&uuml;hrenden Unternehmen f&uuml;r Informationssicherheit, Datenschutz und Hochsicherheitsprodukte. Wir greifen auf jahrzehntelange Erfahrung zur&uuml;ck und sind vertrauensvoller Partner von zahlreichen nationalen sowie internationalen Unternehmen und Institutionen. Werde Teil unseres Teams und gestalte mit uns die digitale Zukunft!</p>
<b>Das Team</b>
<p>
Als Embedded System Engineer der infodas unterst&uuml;tzt Du unser Department &bdquo;Plattform&ldquo; bei der spannenden Aufgabe unser Betriebssystem auf unsere Hardware anzupassen. Spannende IT-Projekte aus den Bereichen Luftfahrt, Verteidigung etc. warten auf Dich!</p>
<b>Kontakt</b>
<p>
Wir freuen uns auf Deine Bewerbung unter Angabe Deines m&ouml;glichen Eintrittstermins und Deiner Gehaltsvorstellung.</p>
<p>
INFODAS GmbH &bull; Rhonestra&szlig;e 2 &bull; 50765 K&ouml;ln</p></div>";"Unsere Benefits
Gleitzeitkonto
Homeoffice
Zusätzlich frei an Brückentagen sowie zwischen Weihnachten und Neujahr
30 Tage Urlaub. Erhöhung des Urlaubsanspruchs nach 5 und 10 Jahren Betriebszugehörigkeit, um jeweils einen Tag
Eine marktgerechte Vergütung und Weihnachtsgeld
Arbeitgeberfinanzierte Altersvorsorge
Vermögenswirksame Leistungen (VL)
Je nach Standort subventioniertes Mittagessen oder ÖPNV-Ticket
Alle Standorte mit guter Verkehrsanbindung
Jobrad „infodas on bike“ mit einem monatlichen Arbeitgeberzuschuss
Mitarbeiterrabatte
Guten Kaffee, Wasser, Tee, Softdrinks sowie Obstkorb zur freien Verfügung
Und vieles mehr…
Deine Aufgaben
Begleiten bei Design und Entwicklung neuer Hardware und Software Platformen
Weiterentwicklung der Entwicklungswerkzeuge zur Software und Hardwareentwicklung
Unterstützung in Themen der Build- und Testautomatisierung (z.B. CI/CD)
Anpassen des Embedded Linux für unsere Virtualisierungslösung
Zusammenstellen der Toolchains zum Bau unserer Application (z.B. Docker Container für den Bau einer Software)
Dein Profil
Abgeschlossenes Studium mit Bezug zur Aufgabenstellung, z. B. Informatik, Elektrotechnik, Nachrichtentechnik
Alternativ Nachweisbare Fähigkeiten passend zu dieser Stellenausschreibung
Erfahrung in Bereichen Embedded (Linux) Systems
Grundlagen im Bereich Elektro- und Digitaltechnik
Sicher im Umgang mit Linux
Fundierte Kenntnisse in C und Git
Interesse an der Umsetzung von sicherem Booten (BIOS/Coreboot)
Idealerweise verfügst Du über
Erfahrungen mit Embedded Linux (Buildroot, Yocto, OpenADK)
Schreiben von Skripten und Werkzeugen in Python, Bash etc.
Erfahrungen in den Bereichen Security (Secure Boot), Hypervisor- und Linux-Container Konzepte (LXC)
Erfahrungen im agilen Umfeld (SCRUM/Kanban)
Erfahrungen mit Coreboot, uboot, Linuxboot
Linux Kenntnis im Low-Level Bereich (Kernel, Treiber und systemnahe Bibliotheken sowie POSIX-Funktionen und Syscalls)
Über uns
Die infodas, ein Airbus Tochterunternehmen spezialisiert auf Cyber und IT, zählt zu den führenden Unternehmen für Informationssicherheit, Datenschutz und Hochsicherheitsprodukte. Wir greifen auf jahrzehntelange Erfahrung zurück und sind vertrauensvoller Partner von zahlreichen nationalen sowie internationalen Unternehmen und Institutionen. Werde Teil unseres Teams und gestalte mit uns die digitale Zukunft!
Das Team
Als Embedded System Engineer der infodas unterstützt Du unser Department „Plattform“ bei der spannenden Aufgabe unser Betriebssystem auf unsere Hardware anzupassen. Spannende IT-Projekte aus den Bereichen Luftfahrt, Verteidigung etc. warten auf Dich!
Kontakt
Wir freuen uns auf Deine Bewerbung unter Angabe Deines möglichen Eintrittstermins und Deiner Gehaltsvorstellung.
INFODAS GmbH • Rhonestraße 2 • 50765 Köln";Mainz;Rheinland-Pfalz;Germany;50.00196;8.271855;Thorsten Ecke | Lutz Franken | Carsten Schulz;;Köln, Deutschland;Unternehmenssoftware & Netzwerklösungen;Informationstechnologie;25 bis 100 Millionen $ (USD);201 bis 500 Mitarbeiter;Privatunternehmen;1974
23;1.0099E+12;SharePoint System Engineer;Wiesbaden;18661;General Dynamics Information Technology;0;EUR;;;;;4;2025-10-06T00:00:00;Full-time;;Bachelor's degree;Microsoft Windows Server, Power BI, Microsoft SQL Server, Windows, Systems engineering, SharePoint, PowerShell;"<div><div>Type of Requisition:</div>
Regular<div></div><div>
Clearance Level Must Currently Possess:</div>
Secret<div></div><div>
Clearance Level Must Be Able to Obtain:</div>
Secret<div></div><div>
Public Trust/Other Required:</div>
None<div></div><div>
Job Family:</div>
IT Infrastructure and Operations<div></div><div>
Job Qualifications:</div><div>
Skills:</div>
Microsoft SharePoint, Microsoft Windows Server, Systems Engineering<div>
Certifications:</div>
None<div>
Experience:</div>
8 + years of related experience<div>
US Citizenship Required:</div>
Yes<div></div><div>
Job Description:</div><div>
Advance how our customers operate while you advance your career. Join GDIT as a SharePoint Systems Engineer and build an impactful career in enterprise IT, collaborating with people who are driven and resourceful like you.</div><div></div><div>
The SharePoint Systems Engineer will work with a team of Administrators, Engineers, and Architects to build a coalition environment for our U.S. Army Europe-Africa (USAREUR-AF) customer. The main job focus for the Systems Engineer is performing SharePoint Engineering and Administration functions. Secondarily, the Systems Engineer will also maintain system security, establish practices and procedures, monitor usage statistics and logs, develop baseline configurations, and troubleshoot system related problems. Remain current in operating systems/software analysis and technological developments and applications. Provide expertise and direction in the development or modification of software programs and applications to enhance an operating system. Experience with designing, developing, and implementing business solutions using the Microsoft Power Platform, including Power Apps, Power Automate, and Power BI, often integrated with SharePoint is a plus.<br>
<br>
MEANINGFUL WORK AND PERSONAL IMPACT<br>
As a SharePoint Systems Engineer, the work you&rsquo;ll do at GDIT will be impactful to the mission of U.S. Army Europe-Africa (USAREUR-AF) . You will play a crucial role in supplying mission command support to the U.S. Army.</div><ul><li><div>
Provides technical guidance and leadership to engineers with less experience</div></li><li><div>
Creates effective and clear documentation (EIPs, Build Guides, TTPs, etc.)</div></li><li><div>
Detail oriented and organized; able to understand information systems and ensure accuracy of work</div></li><li><div>
Performing SharePoint Engineering and Administration functions. Secondarily</div></li><li><div>
Maintain system security, establish practices and procedures, monitor usage statistics and logs, develop baseline configurations, and troubleshoot system related problems.</div></li><li><div>
Perform operating systems/software analysis and technological developments and applications.</div></li><li><div>
Provide expertise and direction in the development or modification of software programs and applications to enhance an operating system.</div></li></ul><div></div><div>
WHAT YOU&rsquo;LL NEED TO SUCCEED<br>
Bring your technology expertise and drive for innovation to GDIT. The Systems Engineer must have:</div><ul><li><div>
Education: Bachelor Degree; years of experience can be substituted for degree requirement</div></li><li><div>
Experience: 8+ years of related Systems Engineering experience</div></li><li><div>
Technical skills: Microsoft SharePoint Administration (3+ years); Proficient in SQL Server; DoD systems hardening (STIG, ACAS); Windows Operating Systems; Virtualized server environments; Server backups (snapshot, full, differential, incremental, retention policies); PowerShell scripting.</div></li><li><div>
Security clearance level: Secret Level Security Clearance Required</div></li><li><div>
US citizenship required</div></li><li><div>
Role requirements: Candidate must possess DoD 8570 IAT Level II certification on Day 1; Candidate must obtain ITIL Foundation certification within 90 days of hire</div></li><li><div>
Candidate must be able to meet German TESA requirements</div></li></ul><div><br>
GDIT IS YOUR PLACE<br>
At GDIT, the mission is our purpose, and our people are at the center of everything we do.</div><ul><li><div>
Growth: AI-powered career tool that identifies career steps and learning opportunities</div></li><li><div>
Support: An internal mobility team focused on helping you achieve your career goals</div></li><li><div>
Rewards: Comprehensive benefits and wellness packages, 401K with company match, and competitive pay and paid time off</div></li><li><div>
Community: Award-winning culture of innovation and a military-friendly workplace</div></li></ul><div><br>
OWN YOUR OPPORTUNITY<br>
Explore an enterprise IT career at GDIT and you&rsquo;ll find endless opportunities to grow alongside colleagues who share your desire to drive operations forward.</div><div></div>
The likely salary range for this position is $93,500 - $126,500. This is not, however, a guarantee of compensation or salary. Rather, salary will be set based on experience, geographic location and possibly contractual requirements and could fall outside of this range.<div></div>
Total compensation for international positions varies by tax, social security, and immigration statuses, as well as location. Generally, an international assignment may include allowances, premium uplifts, and/or relocation or transportation benefits, above base salary range noted.<div></div><div>
Scheduled Weekly Hours:</div>
40<div></div><div>
Travel Required:</div>
Less than 10%<div></div><div>
Telecommuting Options:</div>
Onsite<div></div><div>
Work Location:</div>
DEU Wiesbaden - Wiesbaden Army Airfield (APC180)<div></div><div>
Additional Work Locations:</div><div></div><div>
Total Rewards at GDIT:</div>
Our benefits package for all US-based employees includes a variety of medical plan options, some with Health Savings Accounts, dental plan options, a vision plan, and a 401(k) plan offering the ability to contribute both pre and post-tax dollars up to the IRS annual limits and receive a company match. To encourage work/life balance, GDIT offers employees full flex work weeks where possible and a variety of paid time off plans, including vacation, sick and personal time, holidays, paid parental, military, bereavement and jury duty leave. To ensure our employees are able to protect their income, other offerings such as short and long-term disability benefits, life, accidental death and dismemberment, personal accident, critical illness and business travel and accident insurance are provided or available. We regularly review our Total Rewards package to ensure our offerings are competitive and reflect what our employees have told us they value most.<div></div>
We are GDIT. A global technology and professional services company that delivers consulting, technology and mission services to every major agency across the U.S. government, defense and intelligence community. Our 30,000 experts extract the power of technology to create immediate value and deliver solutions at the edge of innovation. We operate across 50 countries worldwide, offering leading capabilities in digital modernization, AI/ML, Cloud, Cyber and application development. Together with our clients, we strive to create a safer, smarter world by harnessing the power of deep expertise and advanced technology.<div></div>
Join our Talent Community to stay up to date on our career opportunities and events at<div><div>
gdit.com/tc</div>.</div><div></div>
Equal Opportunity Employer / Individuals with Disabilities / Protected Veterans</div>";"Regular
Secret
Secret
None
IT Infrastructure and Operations
Microsoft SharePoint, Microsoft Windows Server, Systems Engineering
None
8 + years of related experience
Yes
The likely salary range for this position is $93,500 - $126,500. This is not, however, a guarantee of compensation or salary. Rather, salary will be set based on experience, geographic location and possibly contractual requirements and could fall outside of this range.
Total compensation for international positions varies by tax, social security, and immigration statuses, as well as location. Generally, an international assignment may include allowances, premium uplifts, and/or relocation or transportation benefits, above base salary range noted.
40
Less than 10%
Onsite
DEU Wiesbaden - Wiesbaden Army Airfield (APC180)
Our benefits package for all US-based employees includes a variety of medical plan options, some with Health Savings Accounts, dental plan options, a vision plan, and a 401(k) plan offering the ability to contribute both pre and post-tax dollars up to the IRS annual limits and receive a company match. To encourage work/life balance, GDIT offers employees full flex work weeks where possible and a variety of paid time off plans, including vacation, sick and personal time, holidays, paid parental, military, bereavement and jury duty leave. To ensure our employees are able to protect their income, other offerings such as short and long-term disability benefits, life, accidental death and dismemberment, personal accident, critical illness and business travel and accident insurance are provided or available. We regularly review our Total Rewards package to ensure our offerings are competitive and reflect what our employees have told us they value most.
We are GDIT. A global technology and professional services company that delivers consulting, technology and mission services to every major agency across the U.S. government, defense and intelligence community. Our 30,000 experts extract the power of technology to create immediate value and deliver solutions at the edge of innovation. We operate across 50 countries worldwide, offering leading capabilities in digital modernization, AI/ML, Cloud, Cyber and application development. Together with our clients, we strive to create a safer, smarter world by harnessing the power of deep expertise and advanced technology.
Join our Talent Community to stay up to date on our career opportunities and events at
Equal Opportunity Employer / Individuals with Disabilities / Protected Veterans
Type of Requisition:
Clearance Level Must Currently Possess:
Clearance Level Must Be Able to Obtain:
Public Trust/Other Required:
Job Family:
Job Qualifications:
Skills:
Certifications:
Experience:
US Citizenship Required:
Job Description:
Advance how our customers operate while you advance your career. Join GDIT as a SharePoint Systems Engineer and build an impactful career in enterprise IT, collaborating with people who are driven and resourceful like you.
The SharePoint Systems Engineer will work with a team of Administrators, Engineers, and Architects to build a coalition environment for our U.S. Army Europe-Africa (USAREUR-AF) customer. The main job focus for the Systems Engineer is performing SharePoint Engineering and Administration functions. Secondarily, the Systems Engineer will also maintain system security, establish practices and procedures, monitor usage statistics and logs, develop baseline configurations, and troubleshoot system related problems. Remain current in operating systems/software analysis and technological developments and applications. Provide expertise and direction in the development or modification of software programs and applications to enhance an operating system. Experience with designing, developing, and implementing business solutions using the Microsoft Power Platform, including Power Apps, Power Automate, and Power BI, often integrated with SharePoint is a plus.
MEANINGFUL WORK AND PERSONAL IMPACT
As a SharePoint Systems Engineer, the work you’ll do at GDIT will be impactful to the mission of U.S. Army Europe-Africa (USAREUR-AF) . You will play a crucial role in supplying mission command support to the U.S. Army.
Provides technical guidance and leadership to engineers with less experience
Creates effective and clear documentation (EIPs, Build Guides, TTPs, etc.)
Detail oriented and organized; able to understand information systems and ensure accuracy of work
Performing SharePoint Engineering and Administration functions. Secondarily
Maintain system security, establish practices and procedures, monitor usage statistics and logs, develop baseline configurations, and troubleshoot system related problems.
Perform operating systems/software analysis and technological developments and applications.
Provide expertise and direction in the development or modification of software programs and applications to enhance an operating system.
WHAT YOU’LL NEED TO SUCCEED
Bring your technology expertise and drive for innovation to GDIT. The Systems Engineer must have:
Education: Bachelor Degree; years of experience can be substituted for degree requirement
Experience: 8+ years of related Systems Engineering experience
Technical skills: Microsoft SharePoint Administration (3+ years); Proficient in SQL Server; DoD systems hardening (STIG, ACAS); Windows Operating Systems; Virtualized server environments; Server backups (snapshot, full, differential, incremental, retention policies); PowerShell scripting.
Security clearance level: Secret Level Security Clearance Required
US citizenship required
Role requirements: Candidate must possess DoD 8570 IAT Level II certification on Day 1; Candidate must obtain ITIL Foundation certification within 90 days of hire
Candidate must be able to meet German TESA requirements
GDIT IS YOUR PLACE
At GDIT, the mission is our purpose, and our people are at the center of everything we do.
Growth: AI-powered career tool that identifies career steps and learning opportunities
Support: An internal mobility team focused on helping you achieve your career goals
Rewards: Comprehensive benefits and wellness packages, 401K with company match, and competitive pay and paid time off
Community: Award-winning culture of innovation and a military-friendly workplace
OWN YOUR OPPORTUNITY
Explore an enterprise IT career at GDIT and you’ll find endless opportunities to grow alongside colleagues who share your desire to drive operations forward.
Scheduled Weekly Hours:
Travel Required:
Telecommuting Options:
Work Location:
Additional Work Locations:
Total Rewards at GDIT:
.
gdit.com/tc";Wiesbaden;Hessen;Germany;50.0817;8.239138;Amy Gilliland;;Falls Church, Vereinigte Staaten von Amerika;IT-Kundenbetreuung;Informationstechnologie;Mehr als 10 Milliarden $ (USD);Mehr als 10.000 Mitarbeiter;Tochtergesellschaft oder Geschäftsbereich;1996
24;1.00939E+12;Senior IT-Security Engineer / Consultant (m/w/d) in der IT-Beratung;Essen;5882227;carmasec GmbH & Co. KG;431;EUR;ANNUAL;66400;78200;90000;-0.100000001;2025-10-01T00:00:00;Full-time, Part-time;;;IT, Cybersecurity, Leadership;"<p>Wir sind ein Team von Cyber Security Expert: innen und setzen uns leidenschaftlich f&uuml;r den Schutz digitaler Infrastrukturen ein.</p><p>Mit einer Kombination aus langj&auml;hriger Beratungserfahrung, agilen Arbeitsweisen und kontinuierlicher Weiterentwicklung unterst&uuml;tzen wir unsere Kunden branchenneutral und herstellerunabh&auml;ngig. Dabei bieten wir interdisziplin&auml;re Kompetenz aus einer Hand.</p><p>Wir leben kollegiale Unterst&uuml;tzung im Team und eine respektvolle Feedback- und Fehlerkultur. Bei kniffligen Aufgaben findest Du immer Ansprechpartner: innen f&uuml;r Deine Fragen.</p><p>Unsere Vision:<br/><i>Eine Welt, in der sich unsere Mitarbeiter: innen selbst verwirklichen und sich unsere Kunden in Sicherheit auf ihr Kerngesch&auml;ft fokussieren k&ouml;nnen .</i></p><p><b>Aufgaben</b></p><ul><li>Konzeption und Implementierung: Du entwickelst und setzt Cyber Security L&ouml;sungen verschiedener Hersteller in komplexen IT-Infrastrukturen unserer Kunden im gehobenen Mittelstand und Konzernumfeld um.</li><li>Strategieentwicklung: Du erstellst technische Security Strategien zur Abwehr von Cyberangriffen.</li><li>Sytemh&auml;rtung: Du implementierst ma&szlig;geschneiderte Sicherheitsma&szlig;nahmen f&uuml;r Endger&auml;te, Netzwerke und Authentifizierungssysteme.</li><li>Erkennung von Angriffen: Du etablierst Ma&szlig;nahmen zur fr&uuml;hzeitigen Erkennung von Cyberbedrohungen.</li><li>Beratung: Du ber&auml;tst und unterst&uuml;tzt unsere Kunden in allen Fragen der Cyber Security/ IT-Security.</li><li>Projektleitung: Du leitest und verantwortest technische Security-Projekte.</li></ul><p>Gemeinsam suchen wir nach Projekten, die Deinen Interessen entsprechen. Du entscheidest mit, welches Kundenprojekt Du bearbeiten wirst.</p><p><b>Deine F&auml;higkeiten (wichtig f&uuml;r uns)</b></p><p>F&uuml;r uns ist es wichtig, dass Du Spa&szlig; daran hast, Neues zu lernen und Dein Wissen weiterzugeben.</p><p>Das w&uuml;nschen wir uns von Dir:</p><ul><li>Mehrj&auml;hrige Erfahrung im Aufbau und Betrieb sicherer IT-Infrastrukturen</li><li>Gute Kenntnisse der Security Technologien etablierter Hersteller (z.B. Palo Alto, Fortinet, Microsoft, Trellix oder Okta)</li><li>L&ouml;sungsorientiertes Denken und die F&auml;higkeit, komplexe technische Herausforderungen zu meistern</li></ul><p><b>Deine F&auml;higkeiten (nice to have)</b></p><p>&Uuml;ber folgenden F&auml;higkeiten von Dir freuen wir uns, ansonsten erlernst Du die Aspekte im Rahmen der Einarbeitung:</p><ul><li>Umgang mit Frameworks wie MITRE ATT&amp;CK und CIS Benchmarks</li><li>Relevante Security-Zertifizierungen (z.B. CISSP, CompTIA Security+, FCP, PCNSA, SC-100)</li><li>Erfahrung in der F&uuml;hrung von Projektteams in technischen Security Umfeld</li></ul><p><b>Benefits</b></p><ul><li>Selbstverwirklichung: Freiraum zum Ausprobieren, eine offene Fehlerkultur und die Mitgestaltung von Strukturen im Unternehmen sind bei uns selbstverst&auml;ndlich.</li><li>Dein Weg zur Expertin/zum Experten: Unsere erfahrenen Mitarbeitenden begleiten Dich bei Deiner pers&ouml;nlichen und fachlichen Entwicklung.</li><li>Flexible Arbeitszeiten: Arbeite in Deiner produktiven Zeit und plane private Verpflichtungen flexibel ein. Mehrarbeit wird ausgeglichen.</li><li>Zusatzleistungen: Du hast die Wahl zwischen verschiedenen Angeboten wie Deutschland-Jobticket, Urban Sports Club Mitgliedschaft oder Kitaplatzes F&ouml;rderung.</li><li>Weiterbildungen: Wir investieren in Deine Entwicklung durch regelm&auml;&szlig;ige Weiterbildungen und renommierte Zertifizierungen.</li><li>Individuelle Hardware-Auswahl: Du entscheidest, welche Hardware Du nutzen m&ouml;chtest.</li><li>Geringe Reiset&auml;tigkeit: Wir arbeiten remote oder in unseren B&uuml;ros in K&ouml;ln oder Essen. Besprechungen vor-Ort beim Kunden sind bei uns die Ausnahme.</li><li>Teambuilding: Unser monatlicher Open Space dient der kreativen Arbeit an aktuellen Themen. Regelm&auml;&szlig;ige Events (z.B. gemeinsame Workation, Sommerfest oder Weihnachtsfeier) werden vom Team selbst geplant und umgesetzt.</li><li>Workation: Kombiniere Arbeit und Reisen oder nimm Dir eine l&auml;ngere Auszeit im Rahmen eines Sabbaticals.</li><li>Urlaub: 30 Tage Urlaub pro Jahr und Sonderurlaub f&uuml;r besondere Anl&auml;sse.</li></ul><p>Du brennst f&uuml;r Cyber Security und bist begeistert, Teil eines starken und diversen Teams zu sein, in dem auch der Spa&szlig; nicht zu kurz kommt. Wenn Du unser Unternehmen langfristig mitgestalten m&ouml;chtest, bist Du bei uns genau richtig!</p><p>Unser Bewerbungsprozess ist schlank und unkompliziert. Es erwarten Dich keine endlosen Fragerunden oder Assessment Center. Im Interview geht es uns vor allem um den lockeren Austausch und das gegenseitige Kennenlernen.</p><p>Schick uns lediglich einen kurzen Lebenslauf mit den wichtigsten Stationen, die f&uuml;r die Stellenausschreibung relevant sind. Wir melden uns umgehend zur&uuml;ck und vereinbaren einen Termin via Microsoft Teams.</p><p><b>Dein Ansprechpartner</b><br/>Jan Sudmeyer<br/>Managing Partner<br/>#gerne per Du</p><p><b>Besuche unser Karriereportal</b><br/>www.carmasec.com/karriere</p><p>Art der Stelle: Vollzeit, Teilzeit, Festanstellung</p><p>Erwartete Arbeitsstunden: 24&ndash;40 pro Woche</p><p>Arbeitszeiten:</p><ul><li>Montag bis Freitag</li></ul><p>Leistungen:</p><ul><li>Betriebliche Weiterbildung</li><li>Empfehlungsprogramm</li><li>Erfolgsbeteiligung</li><li>Firmenevents</li><li>Firmenhandy</li><li>Flexible Arbeitszeiten</li><li>Homeoffice-M&ouml;glichkeit</li><li>Kostenlose Getr&auml;nke</li><li>Mentoring-Programm f&uuml;r Mitarbeiter</li><li>Mitarbeiter-Rabatt</li><li>Sabbatical</li><li>Zus&auml;tzliche Urlaubstage</li></ul><p>Sonderzahlung:</p><ul><li>Provision</li><li>Zusatzzahlungen</li></ul><p>Arbeitsort: Zum Teil im Homeoffice in 45130 Essen</p><p>Voraussichtliches Einstiegsdatum: 01.10.2024</p>";"Wir sind ein Team von Cyber Security Expert: innen und setzen uns leidenschaftlich für den Schutz digitaler Infrastrukturen ein.
Mit einer Kombination aus langjähriger Beratungserfahrung, agilen Arbeitsweisen und kontinuierlicher Weiterentwicklung unterstützen wir unsere Kunden branchenneutral und herstellerunabhängig. Dabei bieten wir interdisziplinäre Kompetenz aus einer Hand.
Wir leben kollegiale Unterstützung im Team und eine respektvolle Feedback- und Fehlerkultur. Bei kniffligen Aufgaben findest Du immer Ansprechpartner: innen für Deine Fragen.
Unsere Vision:
Eine Welt, in der sich unsere Mitarbeiter: innen selbst verwirklichen und sich unsere Kunden in Sicherheit auf ihr Kerngeschäft fokussieren können .
Aufgaben
Konzeption und Implementierung: Du entwickelst und setzt Cyber Security Lösungen verschiedener Hersteller in komplexen IT-Infrastrukturen unserer Kunden im gehobenen Mittelstand und Konzernumfeld um.
Strategieentwicklung: Du erstellst technische Security Strategien zur Abwehr von Cyberangriffen.
Sytemhärtung: Du implementierst maßgeschneiderte Sicherheitsmaßnahmen für Endgeräte, Netzwerke und Authentifizierungssysteme.
Erkennung von Angriffen: Du etablierst Maßnahmen zur frühzeitigen Erkennung von Cyberbedrohungen.
Beratung: Du berätst und unterstützt unsere Kunden in allen Fragen der Cyber Security/ IT-Security.
Projektleitung: Du leitest und verantwortest technische Security-Projekte.
Gemeinsam suchen wir nach Projekten, die Deinen Interessen entsprechen. Du entscheidest mit, welches Kundenprojekt Du bearbeiten wirst.
Deine Fähigkeiten (wichtig für uns)
Für uns ist es wichtig, dass Du Spaß daran hast, Neues zu lernen und Dein Wissen weiterzugeben.
Das wünschen wir uns von Dir:
Mehrjährige Erfahrung im Aufbau und Betrieb sicherer IT-Infrastrukturen
Gute Kenntnisse der Security Technologien etablierter Hersteller (z.B. Palo Alto, Fortinet, Microsoft, Trellix oder Okta)
Lösungsorientiertes Denken und die Fähigkeit, komplexe technische Herausforderungen zu meistern
Deine Fähigkeiten (nice to have)
Über folgenden Fähigkeiten von Dir freuen wir uns, ansonsten erlernst Du die Aspekte im Rahmen der Einarbeitung:
Umgang mit Frameworks wie MITRE ATT&CK und CIS Benchmarks
Relevante Security-Zertifizierungen (z.B. CISSP, CompTIA Security+, FCP, PCNSA, SC-100)
Erfahrung in der Führung von Projektteams in technischen Security Umfeld
Benefits
Selbstverwirklichung: Freiraum zum Ausprobieren, eine offene Fehlerkultur und die Mitgestaltung von Strukturen im Unternehmen sind bei uns selbstverständlich.
Dein Weg zur Expertin/zum Experten: Unsere erfahrenen Mitarbeitenden begleiten Dich bei Deiner persönlichen und fachlichen Entwicklung.
Flexible Arbeitszeiten: Arbeite in Deiner produktiven Zeit und plane private Verpflichtungen flexibel ein. Mehrarbeit wird ausgeglichen.
Zusatzleistungen: Du hast die Wahl zwischen verschiedenen Angeboten wie Deutschland-Jobticket, Urban Sports Club Mitgliedschaft oder Kitaplatzes Förderung.
Weiterbildungen: Wir investieren in Deine Entwicklung durch regelmäßige Weiterbildungen und renommierte Zertifizierungen.
Individuelle Hardware-Auswahl: Du entscheidest, welche Hardware Du nutzen möchtest.
Geringe Reisetätigkeit: Wir arbeiten remote oder in unseren Büros in Köln oder Essen. Besprechungen vor-Ort beim Kunden sind bei uns die Ausnahme.
Teambuilding: Unser monatlicher Open Space dient der kreativen Arbeit an aktuellen Themen. Regelmäßige Events (z.B. gemeinsame Workation, Sommerfest oder Weihnachtsfeier) werden vom Team selbst geplant und umgesetzt.
Workation: Kombiniere Arbeit und Reisen oder nimm Dir eine längere Auszeit im Rahmen eines Sabbaticals.
Urlaub: 30 Tage Urlaub pro Jahr und Sonderurlaub für besondere Anlässe.
Du brennst für Cyber Security und bist begeistert, Teil eines starken und diversen Teams zu sein, in dem auch der Spaß nicht zu kurz kommt. Wenn Du unser Unternehmen langfristig mitgestalten möchtest, bist Du bei uns genau richtig!
Unser Bewerbungsprozess ist schlank und unkompliziert. Es erwarten Dich keine endlosen Fragerunden oder Assessment Center. Im Interview geht es uns vor allem um den lockeren Austausch und das gegenseitige Kennenlernen.
Schick uns lediglich einen kurzen Lebenslauf mit den wichtigsten Stationen, die für die Stellenausschreibung relevant sind. Wir melden uns umgehend zurück und vereinbaren einen Termin via Microsoft Teams.
Jan Sudmeyer
Managing Partner
#gerne per Du
Dein Ansprechpartner
www.carmasec.com/karriere
Besuche unser Karriereportal
Art der Stelle: Vollzeit, Teilzeit, Festanstellung
Erwartete Arbeitsstunden: 24–40 pro Woche
Arbeitszeiten:
Montag bis Freitag
Leistungen:
Betriebliche Weiterbildung
Empfehlungsprogramm
Erfolgsbeteiligung
Firmenevents
Firmenhandy
Flexible Arbeitszeiten
Homeoffice-Möglichkeit
Kostenlose Getränke
Mentoring-Programm für Mitarbeiter
Mitarbeiter-Rabatt
Sabbatical
Zusätzliche Urlaubstage
Sonderzahlung:
Provision
Zusatzzahlungen
Arbeitsort: Zum Teil im Homeoffice in 45130 Essen
Voraussichtliches Einstiegsdatum: 01.10.2024";Essen;North Rhine-Westphalia;Germany;51.455845;7.012583;;;Essen, Deutschland;;;Unbekannt/Nicht zutreffend;Unbekannt;Aktiengesellschaft;
25;1.00988E+12;Penetration Tester / Ethical Hacker / Security Tester (m/w/d);Weingarten;1303004;INFODAS;14;EUR;;;;;3.5;2025-09-22T00:00:00;;;;English, Linux, German;"<div><b>Unsere Benefits</b>
<ul><li>Gleitzeitkonto</li>
<li>Homeoffice</li>
<li>Zus&auml;tzlich frei an Br&uuml;ckentagen sowie zwischen Weihnachten und Neujahr</li>
<li>30 Tage Urlaub. Erh&ouml;hung des Urlaubsanspruchs nach 5 und 10 Jahren Betriebszugeh&ouml;rigkeit, um jeweils einen Tag</li>
<li>Eine marktgerechte Verg&uuml;tung und Weihnachtsgeld</li>
<li>Arbeitgeberfinanzierte Altersvorsorge</li>
<li>Verm&ouml;genswirksame Leistungen</li>
<li>Je nach Standort subventioniertes Mittagessen oder &Ouml;PNV-Ticket</li>
<li>Alle Standorte mit guter Verkehrsanbindung</li>
<li>Jobrad &bdquo;infodas on bike&ldquo; mit einem monatlichen Arbeitgeberzuschuss</li>
<li>Mitarbeiterrabatte</li>
<li>Guten Kaffee, Wasser, Tee, Softdrinks sowie Obstkorb zur freien Verf&uuml;gung</li>
<li>Und vieles mehr&hellip;</li>
</ul><b>Deine Aufgaben</b>
<ul><li>Du unterst&uuml;tzt das Security Testing-Team bei der Planung und Durchf&uuml;hrung von technischen Sicherheitsaudits, Penetrationstests, Quellcode-Analysen und Konfigurationsaudits.</li>
<li>Du setzt Dich mit anspruchsvollen Problemen auseinander und erforschst neue Schwachstellen und Angriffsarten.</li>
<li>Du erstellst Abschlussberichte und Dokumentationen von Testergebnissen.</li>
<li>Du pr&auml;sentierst das Vorgehen und die Testergebnisse f&uuml;r technische Ansprechpartner und ber&auml;tst &uuml;ber Bedrohungen der identifizierten Schwachstellen und deren Gegenma&szlig;nahmen.</li>
</ul><b>Dein Profil</b>
<ul><li>Du verf&uuml;gst &uuml;ber ein erfolgreich abgeschlossenes Studium der Informatik, IT-Sicherheit, Informationstechnik oder eines vergleichbaren Studiengangs. Alternativ verf&uuml;gst Du &uuml;ber eine erfolgreich abgeschlossene Berufsausbildung mit geeignetem Themenschwerpunkt.</li>
<li>Du besitzt einschl&auml;gige Erfahrung in der Durchf&uuml;hrung von Penetrationstests und technischen Sicherheits&uuml;berpr&uuml;fungen</li>
<li>Auch privat besch&auml;ftigst Du Dich gerne mit Pentest Labs, CTFs, Bug Bounties oder andere Hacking Challenges.</li>
<li>Du hast fundierte Kenntnisse in einer oder mehreren GNU/Linux-Distributionen.</li>
<li>Du hast Freude daran, mit Kunden und Teammitgliedern zu interagieren und sie in Fragen der Cybersicherheit und Pentestverfahren zu beraten.</li>
<li>Du besitzt ein solides Fachwissen in einer oder mehreren Programmiersprachen.</li>
<li>Optimalerweise hast Du bereits eine OSCP- oder BSI-Pentester-Zertifizierung erworben.</li>
<li>Du hast Freude daran, die neuesten Gadgets und Technologien zu sezieren.</li>
<li>Du arbeitest gr&uuml;ndlich und hast ein l&ouml;sungsorientiertes analytisches Denken.</li>
<li>Du m&ouml;chtest recherchieren und Dein Know-how mit dem Team und der Sicherheits-Community durch Vortr&auml;ge und Artikel teilen.</li>
<li>Du verf&uuml;gst &uuml;ber sehr gute Deutsch- und gute Englischkenntnisse in Wort und Schrift.</li>
<li>Gelegentliche Dienstreisen siehst Du als Abwechslung zum eigentlichen B&uuml;roalltag an.</li>
</ul><b>&Uuml;ber uns</b>
<p>
Die infodas, ein Airbus Tochterunternehmen spezialisiert auf Cyber und IT, z&auml;hlt zu den f&uuml;hrenden Unternehmen f&uuml;r Informationssicherheit, Datenschutz und Hochsicherheitsprodukte. Wir greifen auf jahrzehntelange Erfahrung zur&uuml;ck und sind vertrauensvoller Partner von zahlreichen nationalen sowie internationalen Unternehmen und Institutionen. Werde Teil unseres Teams und gestalte mit uns die digitale Zukunft!</p>
<b>Kontakt</b>
<p>
Wir freuen uns auf Deine Bewerbung unter Angabe Deines m&ouml;glichen Eintrittstermins und Deiner Gehaltsvorstellung.</p>
<p>
INFODAS GmbH &bull; Rhonestra&szlig;e 2 &bull; 50765 K&ouml;ln</p>
<p>pentesting, penetration testing, ethical hacking, security tester, penetration tester, vulnerability assessment, web application pentesting, network pentesting, application security testing, OWASP Testing Guide, kali linux pentest, bug bounty hunter, bug bounty program, security engineer pentest</p></div>";"Unsere Benefits
Gleitzeitkonto
Homeoffice
Zusätzlich frei an Brückentagen sowie zwischen Weihnachten und Neujahr
30 Tage Urlaub. Erhöhung des Urlaubsanspruchs nach 5 und 10 Jahren Betriebszugehörigkeit, um jeweils einen Tag
Eine marktgerechte Vergütung und Weihnachtsgeld
Arbeitgeberfinanzierte Altersvorsorge
Vermögenswirksame Leistungen
Je nach Standort subventioniertes Mittagessen oder ÖPNV-Ticket
Alle Standorte mit guter Verkehrsanbindung
Jobrad „infodas on bike“ mit einem monatlichen Arbeitgeberzuschuss
Mitarbeiterrabatte
Guten Kaffee, Wasser, Tee, Softdrinks sowie Obstkorb zur freien Verfügung
Und vieles mehr…
Deine Aufgaben
Du unterstützt das Security Testing-Team bei der Planung und Durchführung von technischen Sicherheitsaudits, Penetrationstests, Quellcode-Analysen und Konfigurationsaudits.
Du setzt Dich mit anspruchsvollen Problemen auseinander und erforschst neue Schwachstellen und Angriffsarten.
Du erstellst Abschlussberichte und Dokumentationen von Testergebnissen.
Du präsentierst das Vorgehen und die Testergebnisse für technische Ansprechpartner und berätst über Bedrohungen der identifizierten Schwachstellen und deren Gegenmaßnahmen.
Dein Profil
Du verfügst über ein erfolgreich abgeschlossenes Studium der Informatik, IT-Sicherheit, Informationstechnik oder eines vergleichbaren Studiengangs. Alternativ verfügst Du über eine erfolgreich abgeschlossene Berufsausbildung mit geeignetem Themenschwerpunkt.
Du besitzt einschlägige Erfahrung in der Durchführung von Penetrationstests und technischen Sicherheitsüberprüfungen
Auch privat beschäftigst Du Dich gerne mit Pentest Labs, CTFs, Bug Bounties oder andere Hacking Challenges.
Du hast fundierte Kenntnisse in einer oder mehreren GNU/Linux-Distributionen.
Du hast Freude daran, mit Kunden und Teammitgliedern zu interagieren und sie in Fragen der Cybersicherheit und Pentestverfahren zu beraten.
Du besitzt ein solides Fachwissen in einer oder mehreren Programmiersprachen.
Optimalerweise hast Du bereits eine OSCP- oder BSI-Pentester-Zertifizierung erworben.
Du hast Freude daran, die neuesten Gadgets und Technologien zu sezieren.
Du arbeitest gründlich und hast ein lösungsorientiertes analytisches Denken.
Du möchtest recherchieren und Dein Know-how mit dem Team und der Sicherheits-Community durch Vorträge und Artikel teilen.
Du verfügst über sehr gute Deutsch- und gute Englischkenntnisse in Wort und Schrift.
Gelegentliche Dienstreisen siehst Du als Abwechslung zum eigentlichen Büroalltag an.
Über uns
Die infodas, ein Airbus Tochterunternehmen spezialisiert auf Cyber und IT, zählt zu den führenden Unternehmen für Informationssicherheit, Datenschutz und Hochsicherheitsprodukte. Wir greifen auf jahrzehntelange Erfahrung zurück und sind vertrauensvoller Partner von zahlreichen nationalen sowie internationalen Unternehmen und Institutionen. Werde Teil unseres Teams und gestalte mit uns die digitale Zukunft!
Kontakt
Wir freuen uns auf Deine Bewerbung unter Angabe Deines möglichen Eintrittstermins und Deiner Gehaltsvorstellung.
INFODAS GmbH • Rhonestraße 2 • 50765 Köln
pentesting, penetration testing, ethical hacking, security tester, penetration tester, vulnerability assessment, web application pentesting, network pentesting, application security testing, OWASP Testing Guide, kali linux pentest, bug bounty hunter, bug bounty program, security engineer pentest";Weingarten;Nordrhein-Westfalen;Germany;50.933594;6.961899;Thorsten Ecke | Lutz Franken | Carsten Schulz;;Köln, Deutschland;Unternehmenssoftware & Netzwerklösungen;Informationstechnologie;25 bis 100 Millionen $ (USD);201 bis 500 Mitarbeiter;Privatunternehmen;1974
26;1.00958E+12;IT-Security Engineer (m/w/d);Kiel;601093;FERCHAU GmbH;279;EUR;;;;;3.4;2025-10-01T00:00:00;Full-time;;;Operating systems, Windows, Java, C++, IT, VMWare, Linux, Python, German;"Die besten Köpfe für die unterschiedlichsten Aufgaben zu finden sowie Menschen und Technologien zu verbinden, und zwar täglich aufs Neue - dafür schätzen unsere Kunden FERCHAU. Unterstütze uns: als ambitionierte: r Kolleg: in, der: die wie wir Technologien auf die nächste Stufe bringen möchte. Wir realisieren spannende Projekte für namhafte Anbieter und Entwickler von IT-Lösungen
<br><br>
Das ist zukünftig dein Job
<br><ul>
<li>Entwicklung und Umsetzung von IT-Sicherheitsstrategien</li>
<li>Planung, Implementierung und Überwachung von IT-Sicherheitsmaßnahmen, IT-Systemen und Netzwerken</li>
<li>Laufende Analyse der Bedrohungen aus dem Cyber-Raum</li>
<li>Durchführung von Anforderungsanalysen und Spezifikationen für Apps und Portale</li>
<li>Erstellung und Umsetzung von Regeln und Richtlinien zur Informationssicherheit</li>
</ul>
Das bieten wir dir
<br><ul>
<li>Betriebliche Altersvorsorge</li>
<li>Unbefristeter Arbeitsvertrag und bis zu 30 Tage Urlaub</li>
<li>Satte Rabatte mit Einkaufsvergünstigungen, z. B. bei Reisen, Elektronik oder Autos</li>
<li>Fachliche und persönliche Weiterentwicklungsmöglichkeiten</li>
<li>Viel Flexibilität durch die Möglichkeit, mobil zu arbeiten</li>
</ul>
Das bringst du mit
<br><ul>
<li>Abgeschlossenes Studium der Informatik oder abgeschlossene Ausbildung im Bereich Informatik, sowie mehrjährige, relevante Berufserfahrung</li>
<li>Erfahrung mit gängigen Virtualisierungslösungen (z. B. Hyper-V, VMWare ESXi) und im Umgang mit Cisco Firewalls wünschenswert</li>
<li>Kenntnisse in Betriebssystemen wie Windows, Linux und Unix</li>
<li>Kenntnisse in Programmiersprachen wie Python, Java und C++</li>
<li>Erfahrung in der IT-Sicherheit und Kenntnisse über aktuelle Bedrohungen und Schwachstellen</li>
<li>Sehr gute Deutschkenntnisse</li>
</ul>
Unser Angebot ist wie für dich gemacht? Dann freuen wir uns auf deine Bewerbung - gern online unter der Kennziffer ID49-25567-KI bei Herr John Kähler. Wir matchen: dein Potenzial und unsere Möglichkeiten. Challenge accepted? Starten wir gemeinsam das nächste Level und entwickeln die Zukunft!";"Die besten Köpfe für die unterschiedlichsten Aufgaben zu finden sowie Menschen und Technologien zu verbinden, und zwar täglich aufs Neue - dafür schätzen unsere Kunden FERCHAU. Unterstütze uns: als ambitionierte: r Kolleg: in, der: die wie wir Technologien auf die nächste Stufe bringen möchte. Wir realisieren spannende Projekte für namhafte Anbieter und Entwickler von IT-Lösungen
Das ist zukünftig dein Job
Das bieten wir dir
Das bringst du mit
Unser Angebot ist wie für dich gemacht? Dann freuen wir uns auf deine Bewerbung - gern online unter der Kennziffer ID49-25567-KI bei Herr John Kähler. Wir matchen: dein Potenzial und unsere Möglichkeiten. Challenge accepted? Starten wir gemeinsam das nächste Level und entwickeln die Zukunft!
Entwicklung und Umsetzung von IT-Sicherheitsstrategien
Planung, Implementierung und Überwachung von IT-Sicherheitsmaßnahmen, IT-Systemen und Netzwerken
Laufende Analyse der Bedrohungen aus dem Cyber-Raum
Durchführung von Anforderungsanalysen und Spezifikationen für Apps und Portale
Erstellung und Umsetzung von Regeln und Richtlinien zur Informationssicherheit
Betriebliche Altersvorsorge
Unbefristeter Arbeitsvertrag und bis zu 30 Tage Urlaub
Satte Rabatte mit Einkaufsvergünstigungen, z. B. bei Reisen, Elektronik oder Autos
Fachliche und persönliche Weiterentwicklungsmöglichkeiten
Viel Flexibilität durch die Möglichkeit, mobil zu arbeiten
Abgeschlossenes Studium der Informatik oder abgeschlossene Ausbildung im Bereich Informatik, sowie mehrjährige, relevante Berufserfahrung
Erfahrung mit gängigen Virtualisierungslösungen (z. B. Hyper-V, VMWare ESXi) und im Umgang mit Cisco Firewalls wünschenswert
Kenntnisse in Betriebssystemen wie Windows, Linux und Unix
Kenntnisse in Programmiersprachen wie Python, Java und C++
Erfahrung in der IT-Sicherheit und Kenntnisse über aktuelle Bedrohungen und Schwachstellen
Sehr gute Deutschkenntnisse";Kiel;Schleswig-Holstein;Germany;54.321774;10.13727;Alexander Schulz;https://media.glassdoor.com/people/sql/601093/ferchau-ceo1741192022631.png;Gummersbach, Deutschland;Personalberatung;Personalwesen;500 Millionen bis 1 Milliarde $ (USD);5.001 bis 10.000 Mitarbeiter;Privatunternehmen;1966
27;1.00976E+12;Sr. Data Scientist (Kaiserslautern, Germany);Kaiserslautern;158377;JANSON;130;EUR;;;;;3.3;2025-09-30T00:00:00;Full-time;;Doctoral degree, Master's degree;TensorFlow, Azure, Kubernetes, AWS, Docker, Machine learning, Forecasting, Natural language processing, Cybersecurity, Maven, AI, Python, Analytics;"<p>Senior Data Scientist &ndash; Machine Learning</p><p>Location: [Onsite &ndash; DoD Facility / Hybrid / Remote with Clearance Requirements]</p><p>Clearance Level: [Secret / Top Secret / TS/SCI &ndash; specify as required]</p><p>Position Type: Full-Time, Exempt</p><p>Agency/Client: [e.g., Department of Defense, U.S. Army, DARPA, etc.]</p><p>Position Overview:</p><p>We are seeking a mission-driven Senior Data Scientist with Machine Learning expertise to support advanced analytics and AI/ML initiatives within the Department of Defense. This role involves leading the development of machine learning models to support national security objectives, operational readiness, and strategic decision-making. The ideal candidate will have a strong background in data science, experience working in secure environments, and a passion for solving complex problems at scale. Candidate will live and work in the Kaiserslautern, Germany area for at least one year or more.</p><p><b>Location:</b> Kaiserslautern, GE</p><p><b>Start:</b> Immediately</p><p><b>Clearance:</b> Secret</p><p><b>Key Responsibilities:</b></p><ul><li>Lead the design, development, and deployment of machine learning models for defense-related applications, including predictive analytics, anomaly detection, and decision support systems.</li><li>Collaborate with multidisciplinary teams including analysts, engineers, and military stakeholders to define requirements and deliver actionable insights.</li><li>Apply advanced statistical and machine learning techniques to structured and unstructured data from diverse sources (e.g., sensor data, ISR, logistics, cyber).</li><li>Ensure models are explainable, auditable, and compliant with DoD AI ethical principles and data governance policies.</li><li>Mentor junior data scientists and contribute to the development of reusable tools, frameworks, and best practices.</li><li>Support the integration of ML models into operational systems and cloud-based environments (e.g., AWS GovCloud, Azure Government).</li></ul><p><b>Required Qualifications:</b></p><ul><li>U.S. Citizenship and active [Secret / Top Secret / TS/SCI] security clearance.</li><li>Master&rsquo;s or Ph.D. in Computer Science, Data Science, Statistics, Applied Mathematics, or a related field.</li><li>5+ years of experience in data science or machine learning, with at least 2 years supporting federal or defense programs.</li><li>Must possess proficiency with <b>Maven, Vantage, TDP and Advana.</b></li><li>Proficiency in Python and ML libraries (e.g., scikit-learn, TensorFlow, PyTorch) Experience with data wrangling, feature engineering, and model evaluation in secure or air-gapped environments.</li><li>Familiarity with DoD data systems, cybersecurity protocols, and cloud platforms (e.g., AWS GovCloud, C2S, Azure Government).</li></ul><p>Preferred Qualifications:</p><ul><li>Experience with MLOps tools (e.g., Allow, Kubeflow) and containerization (Docker, Kubernetes).</li><li>Knowledge of DoD AI/ML policies, ethical AI frameworks, and data labeling standards.</li><li>Background in NLP, geospatial analytics, or time-series forecasting.</li><li>Experience with classified data handling and cross-domain solutions.</li><li>Benefits:</li><li>Competitive salary and federal benefits package.</li><li>Opportunities for clearance sponsorship and career advancement.</li><li>Access to cutting-edge technologies and mission-critical projects.</li><li>Supportive team culture with a focus on innovation and impact.</li></ul><p>Job Type: Full-time</p><p>Application Question(s):</p><ul><li>What's your salary range?</li><li>Are you willing to relocate to Kaiserslautern, Germany for at least one year?</li></ul><p>Education:</p><ul><li>Master's (Preferred)</li></ul><p>Experience:</p><ul><li>Data science: 5 years (Required)</li><li>Machine learning: 5 years (Required)</li><li>Maven, Vantage, TDP, Advana) : 3 years (Required)</li></ul><p>Security clearance:</p><ul><li>Secret (Preferred)</li></ul><p>Work Location: In person</p>";"Senior Data Scientist – Machine Learning
Location: [Onsite – DoD Facility / Hybrid / Remote with Clearance Requirements]
Clearance Level: [Secret / Top Secret / TS/SCI – specify as required]
Position Type: Full-Time, Exempt
Agency/Client: [e.g., Department of Defense, U.S. Army, DARPA, etc.]
Position Overview:
We are seeking a mission-driven Senior Data Scientist with Machine Learning expertise to support advanced analytics and AI/ML initiatives within the Department of Defense. This role involves leading the development of machine learning models to support national security objectives, operational readiness, and strategic decision-making. The ideal candidate will have a strong background in data science, experience working in secure environments, and a passion for solving complex problems at scale. Candidate will live and work in the Kaiserslautern, Germany area for at least one year or more.
Kaiserslautern, GE
Location:
Immediately
Start:
Secret
Clearance:
Key Responsibilities:
Lead the design, development, and deployment of machine learning models for defense-related applications, including predictive analytics, anomaly detection, and decision support systems.
Collaborate with multidisciplinary teams including analysts, engineers, and military stakeholders to define requirements and deliver actionable insights.
Apply advanced statistical and machine learning techniques to structured and unstructured data from diverse sources (e.g., sensor data, ISR, logistics, cyber).
Ensure models are explainable, auditable, and compliant with DoD AI ethical principles and data governance policies.
Mentor junior data scientists and contribute to the development of reusable tools, frameworks, and best practices.
Support the integration of ML models into operational systems and cloud-based environments (e.g., AWS GovCloud, Azure Government).
Required Qualifications:
U.S. Citizenship and active [Secret / Top Secret / TS/SCI] security clearance.
Master’s or Ph.D. in Computer Science, Data Science, Statistics, Applied Mathematics, or a related field.
5+ years of experience in data science or machine learning, with at least 2 years supporting federal or defense programs.
Must possess proficiency with
Maven, Vantage, TDP and Advana.
Proficiency in Python and ML libraries (e.g., scikit-learn, TensorFlow, PyTorch) Experience with data wrangling, feature engineering, and model evaluation in secure or air-gapped environments.
Familiarity with DoD data systems, cybersecurity protocols, and cloud platforms (e.g., AWS GovCloud, C2S, Azure Government).
Preferred Qualifications:
Experience with MLOps tools (e.g., Allow, Kubeflow) and containerization (Docker, Kubernetes).
Knowledge of DoD AI/ML policies, ethical AI frameworks, and data labeling standards.
Background in NLP, geospatial analytics, or time-series forecasting.
Experience with classified data handling and cross-domain solutions.
Benefits:
Competitive salary and federal benefits package.
Opportunities for clearance sponsorship and career advancement.
Access to cutting-edge technologies and mission-critical projects.
Supportive team culture with a focus on innovation and impact.
Job Type: Full-time
Application Question(s):
What's your salary range?
Are you willing to relocate to Kaiserslautern, Germany for at least one year?
Education:
Master's (Preferred)
Experience:
Data science: 5 years (Required)
Machine learning: 5 years (Required)
Maven, Vantage, TDP, Advana) : 3 years (Required)
Security clearance:
Secret (Preferred)
Work Location: In person";Kaiserslautern;Rheinland-Pfalz;Germany;49.44299;7.770765;;;Manassas, Vereinigte Staaten von Amerika;Werbung & Öffentlichkeitsarbeit;Medien & Kommunikation;Unbekannt/Nicht zutreffend;Unbekannt;Privatunternehmen;
28;1.00984E+12;Technical Engineer;Frankfurt am Main;8706884;Pavion;55;EUR;ANNUAL;45000;55000;65000;3.7;2025-09-13T00:00:00;Full-time;;;Customer service, Cybersecurity;"<p>Structure Works International (SWI) specialises in integrated security solutions tailored for healthcare facilities, educational institutions, and corporate environments. Our offerings include electronic security, cyber security, IT managed services, and active monitoring aimed at protecting both personnel and property.</p><p>We emphasize collaboration throughout the project lifecycle, ensuring personalised design, quality implementation, and ongoing customer support. With a global presence in over 70 locations across the United States and 23 countries, Structure Works Inc., now operating as Pavion, is committed to enhancing safety, communication, and connectivity for its clients.</p><p>The <b>Technical Engineer</b> position is critical to the success of the department as it develops and builds relationships with customers and internal colleagues alike. The Technical Engineer will:</p><ul><li>provide technical support and field assistance to Structure Works installation and service engineers, ensuring projects are being installed correctly, to company standards and to the highest industry standards possible.</li><li>commission, test and handover projects to the client and client&rsquo;s representatives, encompassing all steps from the beginning of the project to the successful completion.</li><li>provide technical and IT assistance with the company internal systems, <b>(IT, Security, Intruder, CCTV)</b> and servers when necessary.</li></ul><p><b>Job Responsibilities</b></p><ul><li>Coordinate, Commission, Test &amp; Troubleshoot projects throughout Germany.</li><li>Manage all server deployments and all programming activities.</li><li>Inspects cable installation, device installation, head-end build out, system final termination, programming, and testing of systems.</li><li>Communicate with PM and internal staff regarding engineering tasks and follow up action items.</li><li>Contribute to the technical design/design assurance and delivery of new complex, global projects.</li><li>Build and maintain technical relationships with suppliers/partners.</li><li>Ensure all projects that are delivered have undergone a detailed technical review and a validated Commissioning process.</li><li>Work with colleagues in the technical team/engineering personnel in country, and provide support to colleagues within the EMEA region as the technical department grows.</li><li>Service and maintenance support &ndash; assisting field engineers, LSPs and clients resolving technical problems, commissioning/programming.</li><li>Manage, supervise, and organize existing junior Engineers; mentor, train and develop their skillset.</li><li>Providing remote support to customers, colleagues, and subcontractors.</li><li>Travel to sites to meet clients and build relationships.</li></ul><p><b>Job Requirements</b></p><ul><li>Field experience of commissioning medium to large size enterprise level access control systems and enterprise level CCTV systems.</li><li>Substantial experience working in the Electronic Security System industry.</li><li>Good understanding of networks, switches, firewalls and the likes is ESSENTIAL.</li><li>Wide range of customer base (datacentres, office buildings, warehousing, etc.)</li><li>Exposure to enterprise level access control systems to at least a basic qualification on Lenel, S2, CCure, Openpath, Feenics, AMAG, ProWatch, Genetec.</li><li>Exposure to enterprise level CCTV and Video Management Systems to at least a basic qualification on Milestone, Genetec, Avigilon.</li><li>Exceptional telephone and customer service skills.</li><li>Ability to focus in a high pressure and demanding environment.</li><li>A valid driving license, passport and right to work.</li></ul><p><i>The work is based out of our office at our SWI Germany office location, which is a typical office environment. Most of the working time will be on site at customers&rsquo; premises. Working locations vary from domestic and commercial premises to construction sites. There will be occasions when there is a requirement to work away from home, either in Germany or overseas.</i></p><p>Job Type: Full-time</p><p>Pay: 45.000,00&euro; - 65.000,00&euro; per year</p><p>Work Location: In person</p>";"Structure Works International (SWI) specialises in integrated security solutions tailored for healthcare facilities, educational institutions, and corporate environments. Our offerings include electronic security, cyber security, IT managed services, and active monitoring aimed at protecting both personnel and property.
We emphasize collaboration throughout the project lifecycle, ensuring personalised design, quality implementation, and ongoing customer support. With a global presence in over 70 locations across the United States and 23 countries, Structure Works Inc., now operating as Pavion, is committed to enhancing safety, communication, and connectivity for its clients.
The
position is critical to the success of the department as it develops and builds relationships with customers and internal colleagues alike. The Technical Engineer will:
Technical Engineer
provide technical support and field assistance to Structure Works installation and service engineers, ensuring projects are being installed correctly, to company standards and to the highest industry standards possible.
commission, test and handover projects to the client and client’s representatives, encompassing all steps from the beginning of the project to the successful completion.
provide technical and IT assistance with the company internal systems,
and servers when necessary.
(IT, Security, Intruder, CCTV)
Job Responsibilities
Coordinate, Commission, Test & Troubleshoot projects throughout Germany.
Manage all server deployments and all programming activities.
Inspects cable installation, device installation, head-end build out, system final termination, programming, and testing of systems.
Communicate with PM and internal staff regarding engineering tasks and follow up action items.
Contribute to the technical design/design assurance and delivery of new complex, global projects.
Build and maintain technical relationships with suppliers/partners.
Ensure all projects that are delivered have undergone a detailed technical review and a validated Commissioning process.
Work with colleagues in the technical team/engineering personnel in country, and provide support to colleagues within the EMEA region as the technical department grows.
Service and maintenance support – assisting field engineers, LSPs and clients resolving technical problems, commissioning/programming.
Manage, supervise, and organize existing junior Engineers; mentor, train and develop their skillset.
Providing remote support to customers, colleagues, and subcontractors.
Travel to sites to meet clients and build relationships.
Job Requirements
Field experience of commissioning medium to large size enterprise level access control systems and enterprise level CCTV systems.
Substantial experience working in the Electronic Security System industry.
Good understanding of networks, switches, firewalls and the likes is ESSENTIAL.
Wide range of customer base (datacentres, office buildings, warehousing, etc.)
Exposure to enterprise level access control systems to at least a basic qualification on Lenel, S2, CCure, Openpath, Feenics, AMAG, ProWatch, Genetec.
Exposure to enterprise level CCTV and Video Management Systems to at least a basic qualification on Milestone, Genetec, Avigilon.
Exceptional telephone and customer service skills.
Ability to focus in a high pressure and demanding environment.
A valid driving license, passport and right to work.
The work is based out of our office at our SWI Germany office location, which is a typical office environment. Most of the working time will be on site at customers’ premises. Working locations vary from domestic and commercial premises to construction sites. There will be occasions when there is a requirement to work away from home, either in Germany or overseas.
Job Type: Full-time
Pay: 45.000,00€ - 65.000,00€ per year
Work Location: In person";Frankfurt am Main;Hessen;Germany;50.11088;8.682433; Joseph Oliveri;https://media.glassdoor.com/people/sql/8706884/pavion-ceo1748637006381.png;Chantilly, Vereinigte Staaten von Amerika;Sicherheit & Zivilschutz;Management & Beratung;500 Millionen bis 1 Milliarde $ (USD);1.001 bis 5.000 Mitarbeiter;Privatunternehmen;1969
29;1.0099E+12;Systemingenieur TETRA & Netzwerk (d/m/w) für AIRBUS Secure Land Communications;Ulm;1420155;SimpleXX GmbH;4;EUR;;;;;5;2025-10-02T00:00:00;Full-time, Contract;;;5G, English, Microsoft Office, Network engineering, German, 4G/LTE;"<p>Starten Sie als System Engineer TETRA Support und/oder Netzwerktechnik mit uns in eine gemeinsame und erfolgreiche Zukunft. Als jahrzehntelanger Spezialist und Personallieferant f&uuml;r die Luft- und Raumfahrt Branche sowie in Partnerschaft mit AIRBUS Secure Land Communications sucht die SimpleXX GmbH f&uuml;r den Standort Ulm einen System Engineer f&uuml;r TETRA Support / Netzwerktechnik zum n&auml;chsten m&ouml;glichen Zeitpunkt im Rahmen der Arbeitnehmer&uuml;berlassung mit &Uuml;bernahmeoption. Sie leisten unter anderem Unterst&uuml;tzung bei der Bearbeitung technischer Meldungen im Bereich der Mobilfunk-Komponenten eines komplexen, landesweiten TETRA-Netzes. Des Weiteren sind sie beteiligt an der Integration von Mobilfunk- und IT-Teilsystemen sowie der vielf&auml;ltigen Anwendungen in eine Ende-zu-Ende-Gesamtl&ouml;sung. Bei AIRBUS Secure Land Communications als Luft- und Raumfahrtunternehmen erwarten Sie anspruchsvolle T&auml;tigkeiten in einem innovativen Arbeitsumfeld, das zukunftssicher ist und Ihnen sehr gute Karrierechancen bietet. Sie besitzen eine hohe Eigenmotivation und das entsprechende Engagement? Sie f&uuml;hlen sich angesprochen? Dann bewerben Sie sich noch gleich heute auf unser Stellenangebot. Wir freuen uns auf Ihre Bewerbung!</p><p><b>Zu Ihren zuk&uuml;nftigen Aufgaben geh&ouml;ren: </b></p><ul><li>Unterst&uuml;tzung bei der Bearbeitung technischer Meldungen im Bereich der Mobilfunk-Komponenten eines komplexen, landesweiten TETRA-Netzes</li><li>Beitrag zur Integration von Mobilfunk- und IT-Teilsystemen sowie der vielf&auml;ltigen Anwendungen in eine Ende-zu-Ende-Gesamtl&ouml;sung</li><li>Koordination technischer Abstimmungen mit anderen Teilsystemen (z.&#8239;B. Data Center / Virtualisierung, IT-Vernetzung, Cyber-Security), mit der Product Line, mit Unterauftragnehmern sowie dem Kunden</li><li>Mitgestaltung moderner, agiler Arbeitsmethoden, ggf. in der Rolle als SAFe/Scrum Product Owner, SAFe/Scrum Master oder SAFe/Scrum System Architect (SAFe = Scaled Agile Framework)</li></ul><p><b>Wir w&uuml;nschen uns: </b></p><ul><li>Ein abgeschlossenes Studium in Informatik, Nachrichtentechnik, oder eine vergleichbare Qualifikation</li><li>Berufserfahrung in den Bereichen Mobilfunk LTE/5G Kernnetz, Netzwerktechnik, Data Center Technologies / Cloud-Architekturen, Netzmanagement und IT-Sicherheit</li><li>Eine analytische und systematische Arbeitsweise</li><li>Verhandlungssichere Deutsch- und versierte Englischkenntnisse</li><li>Tools: MS-Office</li></ul><p><b>Was SimpleXX unter anderem auch ausmacht:</b></p><p><b>Unser zus&auml;tzliches Angebot &ndash; was wir Ihnen bieten und was Sie von uns erwarten k&ouml;nnen</b></p><ul><li>Generell ein unbefristeter Arbeitsvertrag</li><li>Perspektive auf &Uuml;bernahme durch Kundenbetrieb - Recruiting Strategie: temp 2 perm</li><li>Equal Pay &amp; Equal Treatment Modell beim Kunden (Konditionen richten sich nach AIRBUS Tarifeingruppierungen)</li><li>&Uuml;bertarifliche Verg&uuml;tung mit attraktiven Zuschl&auml;gen und Zulagen</li><li>Weihnachts- und Urlaubsgeld</li><li>Zahlung von Sonderpr&auml;mien</li><li>Generell eine 35-Stunden-Woche und ein Arbeitszeitkonto zur freien Verf&uuml;gung (Kombinierung zwischen Freizeitausgleich oder Auszahlung f&uuml;r geleistete Mehrarbeit)</li><li>M&ouml;glichkeit auf Home-Office in Absprache mit unserem Kunden</li><li>Bis zu 30 Tage Jahresurlaub</li><li>Arbeitgeberzuschuss zum &Ouml;PNV</li><li>Zus&auml;tzliche Boni: Erfolgreiche Mitarbeiterempfehlungen werden extra verg&uuml;tet (Vermittlungspr&auml;mie)</li><li>Mitarbeiter-Support: Ein hervorragender Mitarbeitersupport (schnelle R&uuml;ckmeldung zu administrativen Fragen und bei zus&auml;tzlichem Support &ndash; menschliche, pers&ouml;nliche und qualifizierte Beratung sowie mehrsprachig)</li><li>Sie erhalten professionelle Schutz- und Arbeitskleidung gem&auml;&szlig; Einsatzbedingungen und Einsatzt&auml;tigkeit</li><li>Sie erhalten eine exzellente medizinische Vorsorge durch unsere Kooperationen mit diversen Betriebsarztzentren (Kosten&uuml;bernahme f&uuml;r Gesundheitsuntersuchungen)</li><li>F&ouml;rderung durch Weiterbildungs- und Qualifizierungsm&ouml;glichkeiten bei Bedarfssituationen w&auml;hrend der Projektlaufzeit im Rahmen Ihrer T&auml;tigkeiten</li><li>Betriebliche Altersvorsorge mit Arbeitgeberzuschuss</li><li>Arbeitgeberzuschuss f&uuml;r verm&ouml;genswirksame Leistungen optional</li><li>Expat-Partner: wir begleiten unsere Mitarbeiter auch bei den besonders attraktiven und beliebten Auslandsentsendungen</li><li>Nat&uuml;rlich ist SimpleXX auch in der Zukunft gerne Ihr Partner, gerade wenn es auch um andere Kundenbetriebe (sei es zur Direktvermittlung oder Arbeitnehmer&uuml;berlassung) geht. Wir arbeiten deutschlandweit mit namenhaften Kunden zusammen (innovative und f&uuml;hrende nationale und internationale Kundenbetriebe).</li></ul><p>#white_c</p><p>Art der Stelle: Vollzeit, Festanstellung, Arbeitnehmer&uuml;berlassung</p><p>Leistungen:</p><ul><li>Betriebliche Altersvorsorge</li><li>Betriebliche Weiterbildung</li><li>Betriebsarzt/Betriebs&auml;rztin</li><li>Flexible Arbeitszeiten</li><li>Kostenloser Parkplatz</li></ul><p>Arbeitsort: Vor Ort</p>";"Starten Sie als System Engineer TETRA Support und/oder Netzwerktechnik mit uns in eine gemeinsame und erfolgreiche Zukunft. Als jahrzehntelanger Spezialist und Personallieferant für die Luft- und Raumfahrt Branche sowie in Partnerschaft mit AIRBUS Secure Land Communications sucht die SimpleXX GmbH für den Standort Ulm einen System Engineer für TETRA Support / Netzwerktechnik zum nächsten möglichen Zeitpunkt im Rahmen der Arbeitnehmerüberlassung mit Übernahmeoption. Sie leisten unter anderem Unterstützung bei der Bearbeitung technischer Meldungen im Bereich der Mobilfunk-Komponenten eines komplexen, landesweiten TETRA-Netzes. Des Weiteren sind sie beteiligt an der Integration von Mobilfunk- und IT-Teilsystemen sowie der vielfältigen Anwendungen in eine Ende-zu-Ende-Gesamtlösung. Bei AIRBUS Secure Land Communications als Luft- und Raumfahrtunternehmen erwarten Sie anspruchsvolle Tätigkeiten in einem innovativen Arbeitsumfeld, das zukunftssicher ist und Ihnen sehr gute Karrierechancen bietet. Sie besitzen eine hohe Eigenmotivation und das entsprechende Engagement? Sie fühlen sich angesprochen? Dann bewerben Sie sich noch gleich heute auf unser Stellenangebot. Wir freuen uns auf Ihre Bewerbung!
Zu Ihren zukünftigen Aufgaben gehören:
Unterstützung bei der Bearbeitung technischer Meldungen im Bereich der Mobilfunk-Komponenten eines komplexen, landesweiten TETRA-Netzes
Beitrag zur Integration von Mobilfunk- und IT-Teilsystemen sowie der vielfältigen Anwendungen in eine Ende-zu-Ende-Gesamtlösung
Koordination technischer Abstimmungen mit anderen Teilsystemen (z. B. Data Center / Virtualisierung, IT-Vernetzung, Cyber-Security), mit der Product Line, mit Unterauftragnehmern sowie dem Kunden
Mitgestaltung moderner, agiler Arbeitsmethoden, ggf. in der Rolle als SAFe/Scrum Product Owner, SAFe/Scrum Master oder SAFe/Scrum System Architect (SAFe = Scaled Agile Framework)
Wir wünschen uns:
Ein abgeschlossenes Studium in Informatik, Nachrichtentechnik, oder eine vergleichbare Qualifikation
Berufserfahrung in den Bereichen Mobilfunk LTE/5G Kernnetz, Netzwerktechnik, Data Center Technologies / Cloud-Architekturen, Netzmanagement und IT-Sicherheit
Eine analytische und systematische Arbeitsweise
Verhandlungssichere Deutsch- und versierte Englischkenntnisse
Tools: MS-Office
Was SimpleXX unter anderem auch ausmacht:
Unser zusätzliches Angebot – was wir Ihnen bieten und was Sie von uns erwarten können
Generell ein unbefristeter Arbeitsvertrag
Perspektive auf Übernahme durch Kundenbetrieb - Recruiting Strategie: temp 2 perm
Equal Pay & Equal Treatment Modell beim Kunden (Konditionen richten sich nach AIRBUS Tarifeingruppierungen)
Übertarifliche Vergütung mit attraktiven Zuschlägen und Zulagen
Weihnachts- und Urlaubsgeld
Zahlung von Sonderprämien
Generell eine 35-Stunden-Woche und ein Arbeitszeitkonto zur freien Verfügung (Kombinierung zwischen Freizeitausgleich oder Auszahlung für geleistete Mehrarbeit)
Möglichkeit auf Home-Office in Absprache mit unserem Kunden
Bis zu 30 Tage Jahresurlaub
Arbeitgeberzuschuss zum ÖPNV
Zusätzliche Boni: Erfolgreiche Mitarbeiterempfehlungen werden extra vergütet (Vermittlungsprämie)
Mitarbeiter-Support: Ein hervorragender Mitarbeitersupport (schnelle Rückmeldung zu administrativen Fragen und bei zusätzlichem Support – menschliche, persönliche und qualifizierte Beratung sowie mehrsprachig)
Sie erhalten professionelle Schutz- und Arbeitskleidung gemäß Einsatzbedingungen und Einsatztätigkeit
Sie erhalten eine exzellente medizinische Vorsorge durch unsere Kooperationen mit diversen Betriebsarztzentren (Kostenübernahme für Gesundheitsuntersuchungen)
Förderung durch Weiterbildungs- und Qualifizierungsmöglichkeiten bei Bedarfssituationen während der Projektlaufzeit im Rahmen Ihrer Tätigkeiten
Betriebliche Altersvorsorge mit Arbeitgeberzuschuss
Arbeitgeberzuschuss für vermögenswirksame Leistungen optional
Expat-Partner: wir begleiten unsere Mitarbeiter auch bei den besonders attraktiven und beliebten Auslandsentsendungen
Natürlich ist SimpleXX auch in der Zukunft gerne Ihr Partner, gerade wenn es auch um andere Kundenbetriebe (sei es zur Direktvermittlung oder Arbeitnehmerüberlassung) geht. Wir arbeiten deutschlandweit mit namenhaften Kunden zusammen (innovative und führende nationale und internationale Kundenbetriebe).
#white_c
Art der Stelle: Vollzeit, Festanstellung, Arbeitnehmerüberlassung
Leistungen:
Betriebliche Altersvorsorge
Betriebliche Weiterbildung
Betriebsarzt/Betriebsärztin
Flexible Arbeitszeiten
Kostenloser Parkplatz
Arbeitsort: Vor Ort";Ulm;Baden-Württemberg;Germany;48.398453;9.990402;;;Hamburg, Deutschland;;;Unbekannt/Nicht zutreffend;Unbekannt;Unbekannt;
30;1.00982E+12;Cloud Data Engineer;Wiesbaden;18661;General Dynamics Information Technology;74;EUR;;;;;4;2025-09-24T00:00:00;Full-time;;;Computer science, Power BI, SSRS, Tableau, SQL, AWS, Scala, Scripting, Agile, S3, Apache, Redshift, Python;"<div><div>Type of Requisition:</div>
Regular<div></div><div>
Clearance Level Must Currently Possess:</div>
Secret<div></div><div>
Clearance Level Must Be Able to Obtain:</div>
Secret<div></div><div>
Public Trust/Other Required:</div>
None<div></div><div>
Job Family:</div>
Software Engineering<div></div><div>
Job Qualifications:</div><div>
Skills:</div>
Business Intelligence Tools, Data Analytics, Data Warehousing (DW)<div>
Certifications:</div>
SEC+ - CompTIA - CompTIA<div>
Experience:</div>
3 + years of related experience<div>
US Citizenship Required:</div>
Yes<div></div><div>
Job Description:</div><div>
GDIT is seeking a Cloud Data Engineer utilizing Cloud, AWS/S3, and Data Storage experience to provide Security Analyst services for our Enterprise Mission Information Technology Services (EMITS) program supporting U.S. Army Europe, AFRICOM and SAG-U (Ukrainian Support).</div><div></div><div>
HOW A CLOUD DATA ENGINEER WILL MAKE AN IMPACT</div><ul><li>
Perform analysis and support migration of modern (e.g., cloud, AWS Redshift, AWS glue) databases and data processing services, data architecture, and data storage</li><li>
Develop BI reports, dashboards, and/or predictive analytics using BI tools such as Birst, Power BI, Microstrategy, Tableau, AWS Quicksight, OBIEE, etc.</li><li>
Perform SQL scripting</li><li>
Configure AWS tools to scan data sets</li><li>
Utilize Cloud tools to analyze data, recommend solutions for migration of data to the cloud</li><li>
Develop and run reports to report data inventory as a deliverable to our client</li></ul><div></div><div>
WHAT YOU WILL NEED TO SUCCEED:</div><ul><li>
Security Clearance Required: U. S. Secret Security Clearance Citizen</li><li>
Education: BA/BS in Computer Science or related discipline.</li><li>
Experience: At least 3 years of experience as a Cloud Data Engineer</li><li>
Skills: Experience with modern (e.g., cloud) design principles and best practices</li><li>
Experience with migration of modern (e.g., cloud, AWS Redshift, AWS glue) databases and data processing services, data architecture, and data storage. Expertise developing BI reports, dashboards, and/or predictive analytics using BI tools such as Birst, Power BI, Microstrategy, Tableau, AWS Quicksight, OBIEE, etc. Experience with SQL scripting; Extended experience with service oriented environment and best development practices; Superior knowledge of the fundamentals of iterative developments and applications of Agile concepts and principles.</li><li>
Certifications: DoD 8570 IAT Level II certification</li><li>
Desired Skills and Experience: 4 years of experience as a Data Analyst/Engineer; Data Warehousing/ Data Architecture; SQL Relational Databases; AWS Cloud; Amazon Simple Storage Solutions (Amazon S3); AWS CLI; AWS Athena; AWS Glue ETL; Amazon Redshift; Amazon Quicksight; SSRS; Apache Pyspark; Python; Scala</li></ul><div></div><div>
GDIT IS YOUR PLACE:</div><br>
<ul><li>
401K with company match</li><li>
Comprehensive health and wellness packages</li><li>
Internal mobility team dedicated to helping you own your career</li><li>
Professional growth opportunities including paid education and certifications</li><li>
Cutting-edge technology you can learn from</li><li>
Rest and recharge with paid vacation and holidays</li></ul><div></div>
The likely salary range for this position is $102,000 - $138,000. This is not, however, a guarantee of compensation or salary. Rather, salary will be set based on experience, geographic location and possibly contractual requirements and could fall outside of this range.<div></div>
Total compensation for international positions varies by tax, social security, and immigration statuses, as well as location. Generally, an international assignment may include allowances, premium uplifts, and/or relocation or transportation benefits, above base salary range noted.<div></div><div>
Scheduled Weekly Hours:</div>
40<div></div><div>
Travel Required:</div>
Less than 10%<div></div><div>
Telecommuting Options:</div>
Onsite<div></div><div>
Work Location:</div>
DEU Wiesbaden - Wiesbaden Army Airfield (APC180)<div></div><div>
Additional Work Locations:</div><div></div><div>
Total Rewards at GDIT:</div>
Our benefits package for all US-based employees includes a variety of medical plan options, some with Health Savings Accounts, dental plan options, a vision plan, and a 401(k) plan offering the ability to contribute both pre and post-tax dollars up to the IRS annual limits and receive a company match. To encourage work/life balance, GDIT offers employees full flex work weeks where possible and a variety of paid time off plans, including vacation, sick and personal time, holidays, paid parental, military, bereavement and jury duty leave. To ensure our employees are able to protect their income, other offerings such as short and long-term disability benefits, life, accidental death and dismemberment, personal accident, critical illness and business travel and accident insurance are provided or available. We regularly review our Total Rewards package to ensure our offerings are competitive and reflect what our employees have told us they value most.<div></div>
We are GDIT. A global technology and professional services company that delivers consulting, technology and mission services to every major agency across the U.S. government, defense and intelligence community. Our 30,000 experts extract the power of technology to create immediate value and deliver solutions at the edge of innovation. We operate across 50 countries worldwide, offering leading capabilities in digital modernization, AI/ML, Cloud, Cyber and application development. Together with our clients, we strive to create a safer, smarter world by harnessing the power of deep expertise and advanced technology.<div></div>
Join our Talent Community to stay up to date on our career opportunities and events at<div><div>
gdit.com/tc</div>.</div><div></div>
Equal Opportunity Employer / Individuals with Disabilities / Protected Veterans</div>";"Regular
Secret
Secret
None
Software Engineering
Business Intelligence Tools, Data Analytics, Data Warehousing (DW)
SEC+ - CompTIA - CompTIA
3 + years of related experience
Yes
The likely salary range for this position is $102,000 - $138,000. This is not, however, a guarantee of compensation or salary. Rather, salary will be set based on experience, geographic location and possibly contractual requirements and could fall outside of this range.
Total compensation for international positions varies by tax, social security, and immigration statuses, as well as location. Generally, an international assignment may include allowances, premium uplifts, and/or relocation or transportation benefits, above base salary range noted.
40
Less than 10%
Onsite
DEU Wiesbaden - Wiesbaden Army Airfield (APC180)
Our benefits package for all US-based employees includes a variety of medical plan options, some with Health Savings Accounts, dental plan options, a vision plan, and a 401(k) plan offering the ability to contribute both pre and post-tax dollars up to the IRS annual limits and receive a company match. To encourage work/life balance, GDIT offers employees full flex work weeks where possible and a variety of paid time off plans, including vacation, sick and personal time, holidays, paid parental, military, bereavement and jury duty leave. To ensure our employees are able to protect their income, other offerings such as short and long-term disability benefits, life, accidental death and dismemberment, personal accident, critical illness and business travel and accident insurance are provided or available. We regularly review our Total Rewards package to ensure our offerings are competitive and reflect what our employees have told us they value most.
We are GDIT. A global technology and professional services company that delivers consulting, technology and mission services to every major agency across the U.S. government, defense and intelligence community. Our 30,000 experts extract the power of technology to create immediate value and deliver solutions at the edge of innovation. We operate across 50 countries worldwide, offering leading capabilities in digital modernization, AI/ML, Cloud, Cyber and application development. Together with our clients, we strive to create a safer, smarter world by harnessing the power of deep expertise and advanced technology.
Join our Talent Community to stay up to date on our career opportunities and events at
Equal Opportunity Employer / Individuals with Disabilities / Protected Veterans
Type of Requisition:
Clearance Level Must Currently Possess:
Clearance Level Must Be Able to Obtain:
Public Trust/Other Required:
Job Family:
Job Qualifications:
Skills:
Certifications:
Experience:
US Citizenship Required:
Job Description:
GDIT is seeking a Cloud Data Engineer utilizing Cloud, AWS/S3, and Data Storage experience to provide Security Analyst services for our Enterprise Mission Information Technology Services (EMITS) program supporting U.S. Army Europe, AFRICOM and SAG-U (Ukrainian Support).
HOW A CLOUD DATA ENGINEER WILL MAKE AN IMPACT
Perform analysis and support migration of modern (e.g., cloud, AWS Redshift, AWS glue) databases and data processing services, data architecture, and data storage
Develop BI reports, dashboards, and/or predictive analytics using BI tools such as Birst, Power BI, Microstrategy, Tableau, AWS Quicksight, OBIEE, etc.
Perform SQL scripting
Configure AWS tools to scan data sets
Utilize Cloud tools to analyze data, recommend solutions for migration of data to the cloud
Develop and run reports to report data inventory as a deliverable to our client
WHAT YOU WILL NEED TO SUCCEED:
Security Clearance Required: U. S. Secret Security Clearance Citizen
Education: BA/BS in Computer Science or related discipline.
Experience: At least 3 years of experience as a Cloud Data Engineer
Skills: Experience with modern (e.g., cloud) design principles and best practices
Experience with migration of modern (e.g., cloud, AWS Redshift, AWS glue) databases and data processing services, data architecture, and data storage. Expertise developing BI reports, dashboards, and/or predictive analytics using BI tools such as Birst, Power BI, Microstrategy, Tableau, AWS Quicksight, OBIEE, etc. Experience with SQL scripting; Extended experience with service oriented environment and best development practices; Superior knowledge of the fundamentals of iterative developments and applications of Agile concepts and principles.
Certifications: DoD 8570 IAT Level II certification
Desired Skills and Experience: 4 years of experience as a Data Analyst/Engineer; Data Warehousing/ Data Architecture; SQL Relational Databases; AWS Cloud; Amazon Simple Storage Solutions (Amazon S3); AWS CLI; AWS Athena; AWS Glue ETL; Amazon Redshift; Amazon Quicksight; SSRS; Apache Pyspark; Python; Scala
GDIT IS YOUR PLACE:
401K with company match
Comprehensive health and wellness packages
Internal mobility team dedicated to helping you own your career
Professional growth opportunities including paid education and certifications
Cutting-edge technology you can learn from
Rest and recharge with paid vacation and holidays
Scheduled Weekly Hours:
Travel Required:
Telecommuting Options:
Work Location:
Additional Work Locations:
Total Rewards at GDIT:
.
gdit.com/tc";Wiesbaden;Hessen;Germany;50.0817;8.239138;Amy Gilliland;;Falls Church, Vereinigte Staaten von Amerika;IT-Kundenbetreuung;Informationstechnologie;Mehr als 10 Milliarden $ (USD);Mehr als 10.000 Mitarbeiter;Tochtergesellschaft oder Geschäftsbereich;1996
31;1.00913E+12;(Senior) Cloud Engineer Microsoft Azure (m/w/d) in der IT-Beratung;Weingarten;5882227;carmasec GmbH & Co. KG;431;EUR;ANNUAL;57200;73600;90000;-0.100000001;2025-10-01T00:00:00;Full-time, Part-time;;;Azure, Kubernetes, AWS, Terraform, GitHub, Cybersecurity, GitLab, Python;"<p>Wir sind ein Team von Cyber Security Expert:innen und setzen uns leidenschaftlich f&uuml;r den Schutz digitaler Infrastrukturen ein.</p><p>Mit einer Kombination aus langj&auml;hriger Beratungserfahrung, agilen Arbeitsweisen und kontinuierlicher Weiterentwicklung unterst&uuml;tzen wir unsere Kunden branchenneutral und herstellerunabh&auml;ngig. Dabei bieten wir interdisziplin&auml;re Kompetenz aus einer Hand.</p><p>Wir leben kollegiale Unterst&uuml;tzung im Team und eine respektvolle Feedback- und Fehlerkultur. Bei kniffligen Aufgaben findest Du immer Ansprechpartner:innen f&uuml;r Deine Fragen.</p><p><b>Unsere Vision</b></p><p><i>Eine Welt, in der sich unsere Mitarbeiter:innen selbst verwirklichen und sich unsere Kunden in Sicherheit auf ihr Kerngesch&auml;ft fokussieren k&ouml;nnen.</i></p><p><b>Aufgaben</b></p><ul><li>Du f&uuml;hrst eigenst&auml;ndig Kundenprojekte durch, in denen die Konzeptionierung und Implementierung von Cloudinfrastrukturen sowie anschlie&szlig;ender Weiterentwicklung der Systeme im Vordergrund stehen</li><li>Du erarbeitest und stellst neue Cloud-Ressourcen und Services in Azure durch geeignete Automatisierung bereit</li><li>Du treibst innovative Themen rund um den Bereich Cloud voran und unterst&uuml;tzt auch intern beim Aufbau unseres Portfolio im Bereich Cloud und Cloud Security</li><li>Du optimierst bestehende Cloud-Infrastrukturen, indem du Leistungsanalysen durchf&uuml;hrst, Engp&auml;sse identifizierst und entsprechende Anpassungen vornimmst</li></ul><p><b>Deine F&auml;higkeiten (f&uuml;r uns wichtig)</b></p><p>Uns ist wichtig, dass du Spa&szlig; daran hast, neue Dinge zu lernen und Dein Wissen zu teilen.</p><p>Folgende Dinge w&uuml;nschen wir uns von Dir:</p><ul><li>Du besitzt Expertenwissen in der Konzeption, Integration und im Betrieb von Cloud-Infrastrukturen in Microsoft Azure</li><li>Du bringst fundierte Kenntnisse in den Bereichen Infrastructure-as-Code (z.B. Terraform, Biceps oder OpenTofu) und Container-Orchestrierung (z.B. Kubernetes oder Nomad) mit</li><li>Du benutzt Automatisierungstools (z.B. GitLab, GitHub oder DevOps) als dein t&auml;gliches Werkzeug</li></ul><p><b>Deine F&auml;higkeiten (nice to have)</b></p><p>&Uuml;ber folgenden F&auml;higkeiten von Dir freuen wir uns, ansonsten erlernst Du die Aspekte im Rahmen der Einarbeitung:</p><ul><li>Du verf&uuml;gst &uuml;ber Erfahrung mit deskriptiven Programmiersprachen (z.B. Bash oder Python)</li><li>Du bringst Zertifizierungen eines Cloud-Service-Providers mit (z.B. AWS Solutions Architect Associate / Professional oder Microsoft AZ-305) oder planst diese Zertifizierungen noch zu erlangen</li><li>Du verf&uuml;gst &uuml;ber Erfahrung in der Arbeit in Kundenprojekten sowie im Management von internen Projektteams</li></ul><p><b>Benefits</b></p><ul><li>Selbstverwirklichung: Freiraum zum Ausprobieren, eine offene Fehlerkultur und die Mitgestaltung von Strukturen im Unternehmen sind bei uns selbstverst&auml;ndlich.</li><li>Dein Weg zur Expertin/zum Experten: Unsere erfahrenen Mitarbeitenden begleiten Dich bei Deiner pers&ouml;nlichen und fachlichen Entwicklung.</li><li>Flexible Arbeitszeiten: Arbeite in Deiner produktiven Zeit und plane private Verpflichtungen flexibel ein. Mehrarbeit wird ausgeglichen.</li><li>Zusatzleistungen: Du hast die Wahl zwischen verschiedenen Angeboten wie Deutschland-Jobticket, Urban Sports Club Mitgliedschaft oder Kitaplatzes F&ouml;rderung.</li><li>Weiterbildungen: Wir investieren in Deine Entwicklung durch regelm&auml;&szlig;ige Weiterbildungen und renommierte Zertifizierungen.</li><li>Individuelle Hardware-Auswahl: Du entscheidest, welche Hardware Du nutzen m&ouml;chtest.</li><li>Geringe Reiset&auml;tigkeit: Wir arbeiten remote oder in unseren B&uuml;ros in K&ouml;ln oder Essen. Besprechungen vor-Ort beim Kunden sind bei uns die Ausnahme.</li><li>Teambuilding: Unser monatlicher Open Space dient der kreativen Arbeit an aktuellen Themen. Regelm&auml;&szlig;ige Events (z.B. gemeinsame Workation, Sommerfest oder Weihnachtsfeier) werden vom Team selbst geplant und umgesetzt.</li><li>Workation: Kombiniere Arbeit und Reisen oder nimm Dir eine l&auml;ngere Auszeit im Rahmen eines Sabbaticals.</li><li>Urlaub: 30 Tage Urlaub pro Jahr und Sonderurlaub f&uuml;r besondere Anl&auml;sse.</li></ul><p>Du brennst f&uuml;r Cyber Security und bist begeistert, Teil eines starken und diversen Teams zu sein, in dem auch der Spa&szlig; nicht zu kurz kommt. Wenn Du unser Unternehmen langfristig mitgestalten m&ouml;chtest, bist Du bei uns genau richtig!</p><p>Unser Bewerbungsprozess ist schlank und unkompliziert. Es erwarten Dich keine endlosen Fragerunden oder Assessment Center. Im Interview geht es uns vor allem um den lockeren Austausch und das gegenseitige Kennenlernen.</p><p>Schick uns lediglich einen kurzen Lebenslauf mit den wichtigsten Stationen, die f&uuml;r die Stellenausschreibung relevant sind. Wir melden uns umgehend zur&uuml;ck und vereinbaren einen Termin via Microsoft Teams.</p><p><b>Dein Ansprechpartner</b><br/>Jan Sudmeyer<br/>Managing Partner<br/>#gerne per Du</p><p><b>Besuche unser Karriereportal</b><br/>www.carmasec.com/karriere</p><p>Art der Stelle: Vollzeit, Teilzeit, Festanstellung</p><p>Erwartete Arbeitsstunden: 24&ndash;40 pro Woche</p><p>Arbeitszeiten:</p><ul><li>Keine Wochenenden</li><li>Montag bis Freitag</li></ul><p>Leistungen:</p><ul><li>Betriebliche Weiterbildung</li><li>Empfehlungsprogramm</li><li>Erfolgsbeteiligung</li><li>Firmenevents</li><li>Firmenhandy</li><li>Flexible Arbeitszeiten</li><li>Gleitzeit</li><li>Homeoffice-M&ouml;glichkeit</li><li>Kostenlose Getr&auml;nke</li><li>Mentoring-Programm f&uuml;r Mitarbeiter</li><li>Mitarbeiter-Rabatt</li><li>Sabbatical</li><li>Zus&auml;tzliche Urlaubstage</li></ul><p>Sonderzahlung:</p><ul><li>Provision</li><li>Zusatzzahlungen</li></ul><p>Arbeitsort: Zum Teil im Homeoffice in 50670 K&ouml;ln</p><p>Voraussichtliches Einstiegsdatum: 01.10.2024</p>";"Wir sind ein Team von Cyber Security Expert:innen und setzen uns leidenschaftlich für den Schutz digitaler Infrastrukturen ein.
Mit einer Kombination aus langjähriger Beratungserfahrung, agilen Arbeitsweisen und kontinuierlicher Weiterentwicklung unterstützen wir unsere Kunden branchenneutral und herstellerunabhängig. Dabei bieten wir interdisziplinäre Kompetenz aus einer Hand.
Wir leben kollegiale Unterstützung im Team und eine respektvolle Feedback- und Fehlerkultur. Bei kniffligen Aufgaben findest Du immer Ansprechpartner:innen für Deine Fragen.
Unsere Vision
Eine Welt, in der sich unsere Mitarbeiter:innen selbst verwirklichen und sich unsere Kunden in Sicherheit auf ihr Kerngeschäft fokussieren können.
Aufgaben
Du führst eigenständig Kundenprojekte durch, in denen die Konzeptionierung und Implementierung von Cloudinfrastrukturen sowie anschließender Weiterentwicklung der Systeme im Vordergrund stehen
Du erarbeitest und stellst neue Cloud-Ressourcen und Services in Azure durch geeignete Automatisierung bereit
Du treibst innovative Themen rund um den Bereich Cloud voran und unterstützt auch intern beim Aufbau unseres Portfolio im Bereich Cloud und Cloud Security
Du optimierst bestehende Cloud-Infrastrukturen, indem du Leistungsanalysen durchführst, Engpässe identifizierst und entsprechende Anpassungen vornimmst
Deine Fähigkeiten (für uns wichtig)
Uns ist wichtig, dass du Spaß daran hast, neue Dinge zu lernen und Dein Wissen zu teilen.
Folgende Dinge wünschen wir uns von Dir:
Du besitzt Expertenwissen in der Konzeption, Integration und im Betrieb von Cloud-Infrastrukturen in Microsoft Azure
Du bringst fundierte Kenntnisse in den Bereichen Infrastructure-as-Code (z.B. Terraform, Biceps oder OpenTofu) und Container-Orchestrierung (z.B. Kubernetes oder Nomad) mit
Du benutzt Automatisierungstools (z.B. GitLab, GitHub oder DevOps) als dein tägliches Werkzeug
Deine Fähigkeiten (nice to have)
Über folgenden Fähigkeiten von Dir freuen wir uns, ansonsten erlernst Du die Aspekte im Rahmen der Einarbeitung:
Du verfügst über Erfahrung mit deskriptiven Programmiersprachen (z.B. Bash oder Python)
Du bringst Zertifizierungen eines Cloud-Service-Providers mit (z.B. AWS Solutions Architect Associate / Professional oder Microsoft AZ-305) oder planst diese Zertifizierungen noch zu erlangen
Du verfügst über Erfahrung in der Arbeit in Kundenprojekten sowie im Management von internen Projektteams
Benefits
Selbstverwirklichung: Freiraum zum Ausprobieren, eine offene Fehlerkultur und die Mitgestaltung von Strukturen im Unternehmen sind bei uns selbstverständlich.
Dein Weg zur Expertin/zum Experten: Unsere erfahrenen Mitarbeitenden begleiten Dich bei Deiner persönlichen und fachlichen Entwicklung.
Flexible Arbeitszeiten: Arbeite in Deiner produktiven Zeit und plane private Verpflichtungen flexibel ein. Mehrarbeit wird ausgeglichen.
Zusatzleistungen: Du hast die Wahl zwischen verschiedenen Angeboten wie Deutschland-Jobticket, Urban Sports Club Mitgliedschaft oder Kitaplatzes Förderung.
Weiterbildungen: Wir investieren in Deine Entwicklung durch regelmäßige Weiterbildungen und renommierte Zertifizierungen.
Individuelle Hardware-Auswahl: Du entscheidest, welche Hardware Du nutzen möchtest.
Geringe Reisetätigkeit: Wir arbeiten remote oder in unseren Büros in Köln oder Essen. Besprechungen vor-Ort beim Kunden sind bei uns die Ausnahme.
Teambuilding: Unser monatlicher Open Space dient der kreativen Arbeit an aktuellen Themen. Regelmäßige Events (z.B. gemeinsame Workation, Sommerfest oder Weihnachtsfeier) werden vom Team selbst geplant und umgesetzt.
Workation: Kombiniere Arbeit und Reisen oder nimm Dir eine längere Auszeit im Rahmen eines Sabbaticals.
Urlaub: 30 Tage Urlaub pro Jahr und Sonderurlaub für besondere Anlässe.
Du brennst für Cyber Security und bist begeistert, Teil eines starken und diversen Teams zu sein, in dem auch der Spaß nicht zu kurz kommt. Wenn Du unser Unternehmen langfristig mitgestalten möchtest, bist Du bei uns genau richtig!
Unser Bewerbungsprozess ist schlank und unkompliziert. Es erwarten Dich keine endlosen Fragerunden oder Assessment Center. Im Interview geht es uns vor allem um den lockeren Austausch und das gegenseitige Kennenlernen.
Schick uns lediglich einen kurzen Lebenslauf mit den wichtigsten Stationen, die für die Stellenausschreibung relevant sind. Wir melden uns umgehend zurück und vereinbaren einen Termin via Microsoft Teams.
Jan Sudmeyer
Managing Partner
#gerne per Du
Dein Ansprechpartner
www.carmasec.com/karriere
Besuche unser Karriereportal
Art der Stelle: Vollzeit, Teilzeit, Festanstellung
Erwartete Arbeitsstunden: 24–40 pro Woche
Arbeitszeiten:
Keine Wochenenden
Montag bis Freitag
Leistungen:
Betriebliche Weiterbildung
Empfehlungsprogramm
Erfolgsbeteiligung
Firmenevents
Firmenhandy
Flexible Arbeitszeiten
Gleitzeit
Homeoffice-Möglichkeit
Kostenlose Getränke
Mentoring-Programm für Mitarbeiter
Mitarbeiter-Rabatt
Sabbatical
Zusätzliche Urlaubstage
Sonderzahlung:
Provision
Zusatzzahlungen
Arbeitsort: Zum Teil im Homeoffice in 50670 Köln
Voraussichtliches Einstiegsdatum: 01.10.2024";Weingarten;Nordrhein-Westfalen;Germany;50.933594;6.961899;;;Essen, Deutschland;;;Unbekannt/Nicht zutreffend;Unbekannt;Aktiengesellschaft;
32;1.0094E+12;Cyber Security Specialist - Security Engineer (f/m/d);Frankfurt am Main;11878;Deutsche Börse;315;EUR;;;;;4.2;2025-09-25T00:00:00;;;;Azure, Writing skills, English, Google Cloud Platform, Information security, AWS, Cloud computing, Cybersecurity, German;"<p></p><div><div><div><div><div><div><h3 class=""jobSectionHeader""><b>Build the future of financial markets. Build yours.
</b></h3><div><div><p>Ready to make a real impact in the financial industry? At Deutsche B&ouml;rse Group, we'll empower you to grow your career in a supportive and inclusive environment. With our unique business model, driven by 15,000 colleagues around the globe, we actively shape the future of financial markets. Join our One Global Team!</p>
</div></div><p><b>Want to learn more?
</b></p></div></div></div></div><div></div><div><div><div><div><h3 class=""jobSectionHeader""><b>Who we are</b></h3>
<div><div><p>Deutsche B&ouml;rse Group is one of the world&rsquo;s leading exchange organisations and an innovative market infrastructure provider. With our products and services, we ensure that capital markets are fair, transparent, reliable, and stable. Together, we develop state-of-the-art IT solutions and offer our IT systems all over the world. Play a key role in our mission: to create trust in the markets of today and tomorrow.</p>
</div></div></div></div></div></div><div></div><div><div><div><div><div><div><p>Frankfurt am Main</p>
</div></div></div><div></div><h3 class=""jobSectionHeader""><b>Your career at Deutsche B&ouml;rse Group</b></h3>
<div><div><p>The Group Security department directly contributes to execution of the Deutsche B&ouml;rse Group information security strategy. As a central service provider for the Group entities, Group Security is responsible to protect information assets in terms of safety, integrity, confidentiality, authenticity, and availability by enforcing information security controls based on the relevant regulatory requirements and follows the international standard ISO/IEC 27000-series on the Information Security Management System.</p><br>
<p></p>
<p><b>
Your area of work:</b></p>
<p>
Cyber Defense Framework team operates in strict cooperation with CERT, SOC, Threat Intelligence and Cyber Analytics teams (responsible for SIEM use case implementation). Cyber Defense Framework team is responsible for a wide range of essential tasks, including defining comprehensive requirements, setting strategic goals, and conducting maturity evaluations to enhance our threat detection capabilities. This includes Threat Landscape definition, Purple Teaming, Threat Modeling and Threat Management structured against MITRE.</p><br>
<p></p>
<p>
We are looking for a Security Engineer to enhance our threat landscape analysis, use case coverage, and detection efficacy. The ideal candidate will assess our current detection capabilities, identify gaps, and develop new detection logic in SIEM, EDR, cloud-native solutions to address evolving threats. You will work closely with security teams to analyze attack trends, optimize security use cases, and improve threat visibility across on-premises and cloud environments.</p><br>
<p></p>
<p><b>Your responsibilities:</b></p>
<ul>
<li>Assess the organization&rsquo;s security posture against evolving threats and propose enhancements.</li>
<li>Develop and refine detection use cases in SIEM, EDR, cloud-native tools based on MITRE ATT&amp;CK and real-world attack scenarios.</li>
<li>Map existing detections to known attack frameworks to identify gaps in coverage.</li>
</ul><ul><li>Understand threat scenarios and threat actor approach to perform red team/penetration testing exercises and suggest remediations and support closures.</li>
<li>Threat actor profiling and understanding operations of threat actors.</li>
</ul><ul><li>Conduct Threat Modeling assessments.</li>
<li>Understand how external attacks happen and support remediation of external threats.</li>
<li>Collaborate with Red and Blue Teams to continuously refine detection and response strategies.</li>
<li>Ability to simplify and present complex technical topics to a broad audience, e.g. management, regulators, authorities and other stakeholders.</li>
<li>Engagement with german and financial authorities to exchange data and knowledge in german language.</li></ul><br>
<p></p>
<p><b>
Your profile:</b></p>
<ul>
<li>Fluent german language skills (C1+) is a must, Proficiency in written and spoken English; French language skills will be an asset.</li>
<li>Solid IT Security technical background and broad knowledge of IT and Information Security technologies especially in the frame of threat detection and security monitoring (e.g. SIEM, EDR, Cloud Security).</li>
<li>Solid understanding of cyber threats and appropriate detection measures.</li>
<li>Familiar with cyber threat management, esp. using MITRE ATT&amp;CK framework.</li>
<li>Deliverable-oriented, with strong problem-solving skills and adaptation on complex and highly regulated environment.</li>
<li>Team player willing to cooperate with multiple colleagues across office locations.</li>
<li>Good report-writing skills to present the results of a threat modelling exercise.</li>
<li>Technical certification in the area of Red Teaming/Penetration Testing/Purple Teaming (e.g. GIAC, OSCP, CEH, etc.) are considered as a strong asset.
</li><li>Experienced or conversant with public cloud computing - GCP (preferred), Azure and/or AWS.</li>
</ul></div></div></div></div></div><div><div><div><div><h2 class=""jobSectionHeader""><b>Why Deutsche B&ouml;rse Group?</b></h2>
<div><p>We are committed to providing a work environment where everyone feels welcome and can reach their full potential. Our standards go far beyond simply matching candidates with the right position.</p>
</div></div><div></div><div><div><div><h3 class=""jobSectionHeader""><b>Mobility</b></h3>
<p>We enable you to move freely with our job tickets, job (e-)bikes and free parking opportunities.</p>
</div></div><div></div><div><div><h3 class=""jobSectionHeader""><b>Work environment</b></h3>
<p>Collaboration, communication, or deep focus &ndash; in our modern office buildings you will find the perfect work environment. Free drinks and food and meal allowances included.</p>
</div></div><div></div><div><div><h3 class=""jobSectionHeader""><b>Health and wellbeing</b></h3>
<p>We care for your health and wellbeing and besides various health promotion measures we offer you a group accident insurance and additional insurance offers at discounted rates.</p>
</div></div><div></div><div><div><h3 class=""jobSectionHeader""><b>Financial stability</b></h3>
<p>We provide financial stability by offering attractive salaries, company pension schemes, participation in our Group Share Plan, as well as bonuses, subsidies and discounts.</p>
</div></div><div></div><div><div><h3 class=""jobSectionHeader""><b>Hybrid work</b></h3>
<p>Collaborate and exchange on-site or work remotely several days a week in line with business needs and local regulations. Our hybrid working model combines the best of both worlds.</p>
</div></div><div></div><div><div><h3 class=""jobSectionHeader""><b>Flexible working hours</b></h3>
<p>We want your job to fit your life situation and offer flexible working time models, childcare allowance, or the possibility to study alongside your job.</p>
</div></div><div></div><div><div><h3 class=""jobSectionHeader""><b>Internationality</b></h3>
<p>Our market infrastructures are globally connected. Working with us means collaborating with like-minded colleagues across over 60 locations from more than 100 nations.</p>
</div></div><div></div><div><div><h3 class=""jobSectionHeader""><b>Development</b></h3>
<p>We promote individual development by offering internal development programmes, mentoring, further education and training budgets.</p>
</div></div></div></div></div></div><div><p><b>Contact</b></p>
<div></div><div><div><div><div><div><h3 class=""jobSectionHeader""><div><b>Recruiting Team</b></div></h3>
<p>Take your career to the next level with us and embrace new challenges!</p></div><p></p><div><div><div><p><b><br>
</b></p></div></div><div></div><div><div>+496921111810</div><br>
</div><p>Our Recruiting Team is looking forward to your call or e-mail.</p></div></div></div></div></div></div></div></div><p></p>";"Build the future of financial markets. Build yours.
Ready to make a real impact in the financial industry? At Deutsche Börse Group, we'll empower you to grow your career in a supportive and inclusive environment. With our unique business model, driven by 15,000 colleagues around the globe, we actively shape the future of financial markets. Join our One Global Team!
Want to learn more?
Who we are
Deutsche Börse Group is one of the world’s leading exchange organisations and an innovative market infrastructure provider. With our products and services, we ensure that capital markets are fair, transparent, reliable, and stable. Together, we develop state-of-the-art IT solutions and offer our IT systems all over the world. Play a key role in our mission: to create trust in the markets of today and tomorrow.
Frankfurt am Main
Your career at Deutsche Börse Group
The Group Security department directly contributes to execution of the Deutsche Börse Group information security strategy. As a central service provider for the Group entities, Group Security is responsible to protect information assets in terms of safety, integrity, confidentiality, authenticity, and availability by enforcing information security controls based on the relevant regulatory requirements and follows the international standard ISO/IEC 27000-series on the Information Security Management System.
Your area of work:
Cyber Defense Framework team operates in strict cooperation with CERT, SOC, Threat Intelligence and Cyber Analytics teams (responsible for SIEM use case implementation). Cyber Defense Framework team is responsible for a wide range of essential tasks, including defining comprehensive requirements, setting strategic goals, and conducting maturity evaluations to enhance our threat detection capabilities. This includes Threat Landscape definition, Purple Teaming, Threat Modeling and Threat Management structured against MITRE.
We are looking for a Security Engineer to enhance our threat landscape analysis, use case coverage, and detection efficacy. The ideal candidate will assess our current detection capabilities, identify gaps, and develop new detection logic in SIEM, EDR, cloud-native solutions to address evolving threats. You will work closely with security teams to analyze attack trends, optimize security use cases, and improve threat visibility across on-premises and cloud environments.
Your responsibilities:
Assess the organization’s security posture against evolving threats and propose enhancements.
Develop and refine detection use cases in SIEM, EDR, cloud-native tools based on MITRE ATT&CK and real-world attack scenarios.
Map existing detections to known attack frameworks to identify gaps in coverage.
Understand threat scenarios and threat actor approach to perform red team/penetration testing exercises and suggest remediations and support closures.
Threat actor profiling and understanding operations of threat actors.
Conduct Threat Modeling assessments.
Understand how external attacks happen and support remediation of external threats.
Collaborate with Red and Blue Teams to continuously refine detection and response strategies.
Ability to simplify and present complex technical topics to a broad audience, e.g. management, regulators, authorities and other stakeholders.
Engagement with german and financial authorities to exchange data and knowledge in german language.
Your profile:
Fluent german language skills (C1+) is a must, Proficiency in written and spoken English; French language skills will be an asset.
Solid IT Security technical background and broad knowledge of IT and Information Security technologies especially in the frame of threat detection and security monitoring (e.g. SIEM, EDR, Cloud Security).
Solid understanding of cyber threats and appropriate detection measures.
Familiar with cyber threat management, esp. using MITRE ATT&CK framework.
Deliverable-oriented, with strong problem-solving skills and adaptation on complex and highly regulated environment.
Team player willing to cooperate with multiple colleagues across office locations.
Good report-writing skills to present the results of a threat modelling exercise.
Technical certification in the area of Red Teaming/Penetration Testing/Purple Teaming (e.g. GIAC, OSCP, CEH, etc.) are considered as a strong asset.
Experienced or conversant with public cloud computing - GCP (preferred), Azure and/or AWS.
Why Deutsche Börse Group?
We are committed to providing a work environment where everyone feels welcome and can reach their full potential. Our standards go far beyond simply matching candidates with the right position.
Mobility
We enable you to move freely with our job tickets, job (e-)bikes and free parking opportunities.
Work environment
Collaboration, communication, or deep focus – in our modern office buildings you will find the perfect work environment. Free drinks and food and meal allowances included.
Health and wellbeing
We care for your health and wellbeing and besides various health promotion measures we offer you a group accident insurance and additional insurance offers at discounted rates.
Financial stability
We provide financial stability by offering attractive salaries, company pension schemes, participation in our Group Share Plan, as well as bonuses, subsidies and discounts.
Hybrid work
Collaborate and exchange on-site or work remotely several days a week in line with business needs and local regulations. Our hybrid working model combines the best of both worlds.
Flexible working hours
We want your job to fit your life situation and offer flexible working time models, childcare allowance, or the possibility to study alongside your job.
Internationality
Our market infrastructures are globally connected. Working with us means collaborating with like-minded colleagues across over 60 locations from more than 100 nations.
Development
We promote individual development by offering internal development programmes, mentoring, further education and training budgets.
Contact
Recruiting Team
Take your career to the next level with us and embrace new challenges!
+496921111810
Our Recruiting Team is looking forward to your call or e-mail.";Frankfurt am Main;Hessen;Germany;50.11088;8.682433;Dr. Stephan Leithner;;Eschborn, Deutschland;Börse;Finanzen;1 bis 5 Milliarden $ (USD);Mehr als 10.000 Mitarbeiter;Aktiengesellschaft;1990
33;1.00989E+12;Cyber Security Engineer (m/w/d);Frankfurt am Main;;c.cure - Geschäftsbereich der Megamaris GmbH;10;EUR;ANNUAL;50000;65000;80000;;2025-09-26T00:00:00;;;;IT, Cybersecurity, VPN;"Unser Kunde ist ein Beratungsunternehmen mit den Schwerpunkten Infrastruktur, Security und Managed Services, welches sich in den letzten 25 Jahren erfolgreich international etablieren konnte.
<br><br>
Als Cyber Security Engineer (m/w/d) unterstützt Du Kunden beim Betrieb, der Analyse sowie beim Neuaufbau und der Optimierung von IT-Sicherheitslösungen – unter anderem in den Bereichen E-Mail-Security, Firewall, Routing und weiteren Netzwerk-Tools.
<br><br>
Aufgaben
<br><br>
<ul>
<li>Betreuung und Unterstützung verschiedener Kunden rund um den Einsatz und die Weiterentwicklung von Security Devices</li>
<li>Projektumsetzung in den Bereichen eMail-Security, Netzwerk, Firewall, etc.</li>
<li>Teilnahme und Durchführung von Workshops</li>
</ul>
Qualifikation
<br><br>
<ul>
<li>Abgeschlossenes Studium der (Wirtschafts-) Informatik oder eine abgeschlossene Ausbildung mit IT-Bezug</li>
<li>mindestens 2 Jahre Erfahrung in der technischen IT-Sicherheit</li>
<li>Erfahrung im Umgang und der Implementierung von eMail-Security, Firewalltechnologien, VPN, Routing, Switching sowie mit den Betriebssystemen Windows und Linux</li>
<li>Idealerweise Zertifizierungen von führenden Herstellern (z.B. Cisco, Fortinet, etc.)</li>
</ul>
Benefits
<br><br>
<ul>
<li>Flexible Arbeitszeitgestaltung</li>
<li>30 Tage Urlaub</li>
<li>Firmenwagen nach erfolgreicher Probezeit</li>
<li>persönliche und fachliche Weiterbildungsmöglichkeiten</li>
<li>betriebliche Altersvorsorge</li>
<li>sehr gute ÖPNV-Anbindung sowie kostenlose Parkplätze</li>
</ul>
Für Rückfragen steht Dir Mike Bagdonas unter 06131 - 8945 215 gerne zur Verfügung. Wir freuen uns darauf, Dich kennenzulernen.";"Unser Kunde ist ein Beratungsunternehmen mit den Schwerpunkten Infrastruktur, Security und Managed Services, welches sich in den letzten 25 Jahren erfolgreich international etablieren konnte.
Als Cyber Security Engineer (m/w/d) unterstützt Du Kunden beim Betrieb, der Analyse sowie beim Neuaufbau und der Optimierung von IT-Sicherheitslösungen – unter anderem in den Bereichen E-Mail-Security, Firewall, Routing und weiteren Netzwerk-Tools.
Aufgaben
Qualifikation
Benefits
Für Rückfragen steht Dir Mike Bagdonas unter 06131 - 8945 215 gerne zur Verfügung. Wir freuen uns darauf, Dich kennenzulernen.
Betreuung und Unterstützung verschiedener Kunden rund um den Einsatz und die Weiterentwicklung von Security Devices
Projektumsetzung in den Bereichen eMail-Security, Netzwerk, Firewall, etc.
Teilnahme und Durchführung von Workshops
Abgeschlossenes Studium der (Wirtschafts-) Informatik oder eine abgeschlossene Ausbildung mit IT-Bezug
mindestens 2 Jahre Erfahrung in der technischen IT-Sicherheit
Erfahrung im Umgang und der Implementierung von eMail-Security, Firewalltechnologien, VPN, Routing, Switching sowie mit den Betriebssystemen Windows und Linux
Idealerweise Zertifizierungen von führenden Herstellern (z.B. Cisco, Fortinet, etc.)
Flexible Arbeitszeitgestaltung
30 Tage Urlaub
Firmenwagen nach erfolgreicher Probezeit
persönliche und fachliche Weiterbildungsmöglichkeiten
betriebliche Altersvorsorge
sehr gute ÖPNV-Anbindung sowie kostenlose Parkplätze";Frankfurt am Main;Hessen;Germany;50.11088;8.682433;;;;;;;;;
34;1.00962E+12;Cyber Security Engineer – Analyst SOC/SIEM (m/w/d);Deutschland;6217494;NOVELLUS Integrierte Dienste GmbH;248;EUR;;;;;3;2025-09-30T00:00:00;;;;English, IT, Cybersecurity;"<div></div><div><div><h6 class=""jobSectionHeader""><b>Einsatzort: Appenweier-Urloffen, Freiburg im Breisgau, Karlsruhe
</b></h6><h1 class=""jobSectionHeader""><b>Cyber Security Engineer &ndash; Analyst SOC/SIEM (m/w/d)</b></h1>
<p></p><div><div><p>Du findest f&uuml;r jedes Sicherheitsproblem eine L&ouml;sung. Eine optimale Verf&uuml;gbarkeit der IT-Security Systeme ist f&uuml;r Dich selbstverst&auml;ndlich. Du begleitest professionell die Konzeption und Inbetriebnahme von IT-Security Landschaften.<br>
<br>
<b>&sbquo;Dann komm als Pers&ouml;nlichkeit zum Q-FOX&reg;!&lsquo;</b><br>
<br>
Die <b>LEITWERK AG </b>ist eines der f&uuml;hrenden Systemh&auml;user in der Region. Zu unseren Kernkompetenzen z&auml;hlen Data Center, IT-Infrastrukturen, IT-Netzwerke, Applikationsbereitstellung, Cloud-Dienste und ganzheitliche Security-L&ouml;sungen. Mit knapp 200 Experten sowie gut ausgebildeten Fachkr&auml;ften reagieren wir schnell und flexibel auf die Anforderungen unserer Kunden. Dank der BADEN CLOUD&reg;, unserem eigenen Rechenzentrum, sind wir in der Lage, L&ouml;sungen mit h&ouml;chster Sicherheit und Zuverl&auml;ssigkeit zu realisieren.</p><p></p>
</div><h3 class=""jobSectionHeader""><b>Was Du tun wirst
</b></h3><p></p><div><ul><li><p>Erkennung und Analyse potenzieller Security Incidents sowie deren Eind&auml;mmung</p>
</li>
<li><p>Betreuung von IT-Security-Systemen</p>
</li>
<li><p>Durchf&uuml;hrung von 1st-, 2nd- und 3rd-Level-Forensik</p>
</li>
<li><p>Leiten und Unterst&uuml;tzen von Security-Projekten</p>
</li>
<li><p>Threat Hunting</p>
</li>
<li><p>Entwicklung und Optimierung von Managed Services im IT-Security-Umfeld</p>
</li>
</ul></div><p></p><h3 class=""jobSectionHeader""><b>Was wir uns von Dir w&uuml;nschen
</b></h3><p></p><div><ul><li><p>Erfahrung in Design und Architektur von IT-Security Systemen und Umgebungen</p>
</li>
<li><p>Kundenorientierung</p>
</li>
<li><p>Leistungsbereitschaft</p>
</li>
<li><p>Teamf&auml;higkeit
</p></li><li><p>Eigenverantwortung</p>
</li>
<li><p>Flexibilit&auml;t und Engagement</p>
</li>
<li><p>Kenntnisse in Englisch</p>
</li>
</ul><p><b>&hellip; Dein gro&szlig;es PLUS</b></p>
<ul>
<li><p>Erfahrung im Umgang der Produkte f&uuml;hrender Hersteller im Cyber Security Bereich (wie elastic, Microsoft, Check Point)
</p></li></ul></div><p></p><div><div><h3 class=""jobSectionHeader""><b>Was wir Dir bieten
</b></h3></div><div></div><div><div><p>Wohlf&uuml;hlarbeitsplatz</p>
<div>F&uuml;r die Arbeit wirst Du von uns technisch bestens ausgestattet und kannst Dich vor Ort auf moderne Arbeitspl&auml;tze in gro&szlig;z&uuml;gigen, hellen B&uuml;ror&auml;umen sowie auf kostenlose Getr&auml;nke inkl. Kaffee und Softdrinks freuen. In den meisten Fachbereichen ist zudem mobiles Arbeiten an mehreren Tagen pro Woche m&ouml;glich.
</div></div></div><div></div><div><div><p>Verantwortung &amp; Weiterbildung</p>
<div>Bei uns hast Du die M&ouml;glichkeit, vieles mitzugestalten, Dir eigene Ziele zu setzen und somit schnell Verantwortung zu &uuml;bernehmen. Selbstverst&auml;ndlich bieten wir Dir daf&uuml;r auch die n&ouml;tigen Weiterbildungen an.
</div></div></div><div></div><div><div><p>Wertsch&auml;tzende Du-Kultur</p>
<div>Vom Praktikanten bis hin zum Vorstand &ndash; bei uns spricht sich jeder mit einem respektvollen &bdquo;Du&ldquo; an.
</div></div></div><div></div><div><div><p>Professionelles Onboarding</p>
<div>Die ersten beiden Tage erh&auml;ltst Du alle Infos und Schulungen, die Du f&uuml;r den Start in Deinen Fachbereich ben&ouml;tigst; hierbei hast Du au&szlig;erdem die M&ouml;glichkeit, erste Kontakte zu kn&uuml;pfen, zum Beispiel w&auml;hrend des gemeinsamen Mittagsbuffets mit Deinen neuen Kollegen.
</div></div></div><div></div><div><div><p>Regelm&auml;&szlig;ige Events</p>
<div>Ob Oktoberfest an unseren Standorten, Boule-Turnier oder Weinsafari als Teamevent &ndash; wir lieben es, gemeinsam zu feiern, und sorgen daf&uuml;r, dass unsere Events nicht zu kurz kommen.
</div></div></div><div></div><div><div><p>Corporate Benefits</p>
<div>Freue Dich auf attraktive Verg&uuml;nstigungen &uuml;ber unser Partnerprogramm, mit denen Shopping noch mehr Spa&szlig; macht.
</div></div></div></div></div></div><div></div><div><div><div><div><h6 class=""jobSectionHeader""><b>Komm in unser Team!</b></h6></div><div>
</div></div></div><div><div><h6 class=""jobSectionHeader""><b>Ansprechpartner</b></h6>
<div></div><div><div><div><b>Jens Enderle</b><br>
</div><div>Tel: +49 (7805) 918-2209
</div><div>Mail: jobs@qfox.de
</div></div></div></div><div><h6 class=""jobSectionHeader""><b>Postanschrift</b></h6>
<div><b>LEITWERK AG</b><br>
Im Ettenbach 13a<br>
77767 Appenweier</div></div></div></div></div>";"Einsatzort: Appenweier-Urloffen, Freiburg im Breisgau, Karlsruhe
Cyber Security Engineer – Analyst SOC/SIEM (m/w/d)
Du findest für jedes Sicherheitsproblem eine Lösung. Eine optimale Verfügbarkeit der IT-Security Systeme ist für Dich selbstverständlich. Du begleitest professionell die Konzeption und Inbetriebnahme von IT-Security Landschaften.
Die
ist eines der führenden Systemhäuser in der Region. Zu unseren Kernkompetenzen zählen Data Center, IT-Infrastrukturen, IT-Netzwerke, Applikationsbereitstellung, Cloud-Dienste und ganzheitliche Security-Lösungen. Mit knapp 200 Experten sowie gut ausgebildeten Fachkräften reagieren wir schnell und flexibel auf die Anforderungen unserer Kunden. Dank der BADEN CLOUD®, unserem eigenen Rechenzentrum, sind wir in der Lage, Lösungen mit höchster Sicherheit und Zuverlässigkeit zu realisieren.
‚Dann komm als Persönlichkeit zum Q-FOX®!‘
LEITWERK AG
Was Du tun wirst
Erkennung und Analyse potenzieller Security Incidents sowie deren Eindämmung
Betreuung von IT-Security-Systemen
Durchführung von 1st-, 2nd- und 3rd-Level-Forensik
Leiten und Unterstützen von Security-Projekten
Threat Hunting
Entwicklung und Optimierung von Managed Services im IT-Security-Umfeld
Was wir uns von Dir wünschen
Erfahrung in Design und Architektur von IT-Security Systemen und Umgebungen
Kundenorientierung
Leistungsbereitschaft
Teamfähigkeit
Eigenverantwortung
Flexibilität und Engagement
Kenntnisse in Englisch
… Dein großes PLUS
Erfahrung im Umgang der Produkte führender Hersteller im Cyber Security Bereich (wie elastic, Microsoft, Check Point)
Was wir Dir bieten
Wohlfühlarbeitsplatz
Für die Arbeit wirst Du von uns technisch bestens ausgestattet und kannst Dich vor Ort auf moderne Arbeitsplätze in großzügigen, hellen Büroräumen sowie auf kostenlose Getränke inkl. Kaffee und Softdrinks freuen. In den meisten Fachbereichen ist zudem mobiles Arbeiten an mehreren Tagen pro Woche möglich.
Verantwortung & Weiterbildung
Bei uns hast Du die Möglichkeit, vieles mitzugestalten, Dir eigene Ziele zu setzen und somit schnell Verantwortung zu übernehmen. Selbstverständlich bieten wir Dir dafür auch die nötigen Weiterbildungen an.
Wertschätzende Du-Kultur
Vom Praktikanten bis hin zum Vorstand – bei uns spricht sich jeder mit einem respektvollen „Du“ an.
Professionelles Onboarding
Die ersten beiden Tage erhältst Du alle Infos und Schulungen, die Du für den Start in Deinen Fachbereich benötigst; hierbei hast Du außerdem die Möglichkeit, erste Kontakte zu knüpfen, zum Beispiel während des gemeinsamen Mittagsbuffets mit Deinen neuen Kollegen.
Regelmäßige Events
Ob Oktoberfest an unseren Standorten, Boule-Turnier oder Weinsafari als Teamevent – wir lieben es, gemeinsam zu feiern, und sorgen dafür, dass unsere Events nicht zu kurz kommen.
Corporate Benefits
Freue Dich auf attraktive Vergünstigungen über unser Partnerprogramm, mit denen Shopping noch mehr Spaß macht.
Komm in unser Team!
Ansprechpartner
Jens Enderle
Tel: +49 (7805) 918-2209
Mail: jobs@qfox.de
Postanschrift
Im Ettenbach 13a
77767 Appenweier
LEITWERK AG";;;Germany;51;9;;;Frankfurt am Main, Deutschland;;;Unbekannt/Nicht zutreffend;Unbekannt;Aktiengesellschaft;
35;1.00912E+12;Cyber Security Engineer;Weingarten;1562443;Tiro Partners;317;EUR;;;;;4.3;2025-09-23T00:00:00;;;;Microsoft Access, Azure, Oracle, Load balancing, DevOps, English, Information security, AWS, Nessus, Burp Suite, SIEM, Linux, Cybersecurity, Communication skills, Dutch, Identity & access management;"<div><ul><p>Contract</p>
<p>Hybrid / Cologne</p>
</ul><div><p>We are seeking an experienced Cyber Security Engineer to join our client&rsquo;s Security Management Team in Cologne. This is a 6-month contract position with the possibility of extensions. As a member of the team, you will play a crucial role in defining company-wide information security strategies, standards, and policies. Reporting to the Group Head of Security, you will be responsible for strategic security engineering functions and ensuring compliance with security requirements.</p>
<p><b>
Key responsibilities:</b></p>
<ul>
<li>Maintain and support security measures for business systems</li>
<li>Provide technical security support for projects and other business requests.</li>
<li>Enhance threat intelligence, security logging, monitoring, and alerting through automation in security platforms</li>
<li>Improve threat hunting, incident analysis, and response capabilities</li>
<li>Review and enhance network security, including network segmentation, certificate management, and DNS security</li>
<li>Review and enhance Microsoft 365 E5 investments and Microsoft Azure security</li>
</ul>
<p><b>Skills and experience:</b></p>
<ul>
<li>Demonstrable experience as a hands-on Security Engineer/Security Consultant/InfoSec Consultant in large global enterprises</li>
<li>Strong knowledge of Information Security and Information Technology</li>
<li>Relevant security/InfoSec certifications (CIGE, CIST, CIAM, CIMP, CAMS, CAP, CISSP, etc.) preferred</li>
<li>Microsoft Certifications focused on security (e.g., Microsoft Certified: Security Operations Analyst Associate/Identity and Access Administrator Associate)</li>
<li>Technical knowledge in Unix, AIX, Linux, Windows, Oracle, F5, WAF Cisco, Palo Alto, Azure, AWS, Google</li>
<li>Experience with SIEM maintenance, security event investigation, and analysis</li>
<li>Familiarity with security compliance tools such as Defender, Nessus, ELK, Burp Suite, Imperva, Zscaler, or others</li>
<li>Experience supporting Identity and Access Management suites, including API security, RBAC, ABAC</li>
<li>Knowledge of network security using Cisco, Palo Alto, F5 technologies, and Microsoft Advanced security features</li>
<li>Ideally, experience with Azure Cloud and DevOps</li>
<li>Strong communication skills and the ability to engage with management, key stakeholders, 3rd parties, and suppliers</li>
</ul>
<p><b>Other details:</b></p>
<ul>
<li>Hybrid working arrangement (1 day per week in Cologne)</li>
<li>Contract extension highly likely</li>
<li>Excellent English language skills required</li>
<li>German, Spanish, Dutch language skills nice to have</li>
<li>Ability to travel to other European cities as needed &ndash; Amsterdam, London, Madrid</li></ul></div></div><p></p>";"Contract
Hybrid / Cologne
We are seeking an experienced Cyber Security Engineer to join our client’s Security Management Team in Cologne. This is a 6-month contract position with the possibility of extensions. As a member of the team, you will play a crucial role in defining company-wide information security strategies, standards, and policies. Reporting to the Group Head of Security, you will be responsible for strategic security engineering functions and ensuring compliance with security requirements.
Key responsibilities:
Maintain and support security measures for business systems
Provide technical security support for projects and other business requests.
Enhance threat intelligence, security logging, monitoring, and alerting through automation in security platforms
Improve threat hunting, incident analysis, and response capabilities
Review and enhance network security, including network segmentation, certificate management, and DNS security
Review and enhance Microsoft 365 E5 investments and Microsoft Azure security
Skills and experience:
Demonstrable experience as a hands-on Security Engineer/Security Consultant/InfoSec Consultant in large global enterprises
Strong knowledge of Information Security and Information Technology
Relevant security/InfoSec certifications (CIGE, CIST, CIAM, CIMP, CAMS, CAP, CISSP, etc.) preferred
Microsoft Certifications focused on security (e.g., Microsoft Certified: Security Operations Analyst Associate/Identity and Access Administrator Associate)
Technical knowledge in Unix, AIX, Linux, Windows, Oracle, F5, WAF Cisco, Palo Alto, Azure, AWS, Google
Experience with SIEM maintenance, security event investigation, and analysis
Familiarity with security compliance tools such as Defender, Nessus, ELK, Burp Suite, Imperva, Zscaler, or others
Experience supporting Identity and Access Management suites, including API security, RBAC, ABAC
Knowledge of network security using Cisco, Palo Alto, F5 technologies, and Microsoft Advanced security features
Ideally, experience with Azure Cloud and DevOps
Strong communication skills and the ability to engage with management, key stakeholders, 3rd parties, and suppliers
Other details:
Hybrid working arrangement (1 day per week in Cologne)
Contract extension highly likely
Excellent English language skills required
German, Spanish, Dutch language skills nice to have
Ability to travel to other European cities as needed – Amsterdam, London, Madrid";Weingarten;North Rhine-Westphalia;Germany;50.933594;6.961899;William Excell and Paul Conaghan;;London, Vereinigtes Königreich;IT-Kundenbetreuung;Informationstechnologie;Unbekannt/Nicht zutreffend;1 bis 50 Mitarbeiter;Privatunternehmen;2012
36;1.00981E+12;Network & Cyber Security Engineer (m/f/d)*;Neutraubling;10660;Krones AG;85;EUR;;;;;4.1;2025-09-14T00:00:00;;;;Internet of things, Microsoft Office, Cybersecurity, Communication skills;"<div><div><div><div><p>Being the world market leader, we at Krones are working on future-oriented solutions for sustainable and affordable beverages and food &ndash; for everyone and everywhere. And we need you to bring them into the world.</p><p>
In the international Krones.digital community, all digital experts of the Krones Group work together. We are fans of cutting-edge technologies and develop innovative services and solutions which are used in every fourth beverage bottle worldwide. We are united by the ambition to do more than just ticking off to-do lists. We want to create real added value for our customers and optimise the beverage and liquid-food production wherever there is still room for improvement - and thus make our contribution to a sustainable and better future.</p><div>
Interested? Become part of the Krones team &ndash; because together we achieve more!</div><br>
</div><p></p><div>
</div></div></div><div><h4 class=""jobSectionHeader""><b>Let's create impact beyond tomorrow</b></h4>
<p>What awaits you</p>
<div></div><div><div><div><ul><li>Customer consulting in Industry 4.0, Connectivity and OT/IoT - security of our digitalization solutions and their connection to the Krones Ecosystem</li><li>
Conception and implementation of network and security solutions for automation networks</li><li>
If necessary, commissioning of our network solutions also at the customer</li><li>
Performance of security and network analyses on process-related and control systems</li><li>
Technical development and preparation of quotations, high-level designs, solution and service concepts</li><li>
Development of methods and tools for future projects in the process and manufacturing industry, as well as critical infrastructures</li><li>
Continuous further development of specific network and security knowledge at trade exhibitions, both personally and as part of a team</li><li>
Advocate for the topic of industrial networking and security for your organisation at customers&rsquo; companies and through publications and lectures</li><li>
Optional: Performance of security or penetration tests for OT components or in industrial networks</li></ul>
</div></div></div></div><div><div><h4 class=""jobSectionHeader""><b>Your Profil</b></h4>
<p>You contribute
</p><div><ul><li>Successfully completed studies in the field of business informatics, Automation technology or a successfully completed technical studies with main focus on IT/OT Security, IT, IT-Security</li><li>
Experience in IT/OT security, development and commissioning of industrial IoT components or the operation of industrial networks</li><li>
Professional experience in at least one of the following areas: Network technology, network security, client and server hardening, analysis of weak points or pentesting, Automation technology</li><li>
Knowledge of ISO 27001, IEC 62443, BSI, GDPR desirable</li><li>
Knowledge of and/or certifications in network solutions and manufacturers (for example CCCNA, CCNP, CISM, CISA, CISSP)</li><li>
Good knowledge of MS Office and SAP</li><li>
Excellent communication skills and teamwork</li><li>
Customer-oriented method of operation, especially in explaining complex issues between technology and non-specialist staff</li><li>
No fear of contact with new technology and mediator between IT and OT</li><li>
Interest in knowledge about global regulations (USA, APAC, Africa, etc.)</li><li>
Good spoken and written German and English</li><li>
Occasional willingness to travel</li></ul></div></div></div><p></p><div><div><div><div><div><br>
<p></p><p>
</p></div></div></div></div></div><div><div><h4 class=""jobSectionHeader""><b>Our benefits</b></h4>
<p>Krones as an employer</p>
<div><div><p>Krones&rsquo; employees are what set it apart from the rest. For they deliver a peak performance every day &ndash; thus ensuring the future viability of the company. And it is exactly this level of input that Krones acknowledges with its attractive rewards:</p>
</div></div><div></div><div><div><div><div>Meaningful work</div>
</div></div><div></div><div><div><div>International community</div>
</div></div><div></div><div><div><div>Attractive pay</div>
</div></div><div></div><div><div><div>Flexible working environment</div>
</div></div><div></div><div><div><div>Focus on health</div>
</div></div><div></div><div><div><div>Further training and retraining measures</div>
</div></div></div></div></div><div></div><div><div><div><div><p><b>The community</b></p>
<p>Krones.digital</p>
</div><div></div><div><div><p>The digital community of the Krones Group</p>
<p>At Krones, however, the focus is not only on connectivity in production, but also on an interpersonal level: Behind Krones.digital is a community of currently around 450 experts from a wide variety of fields, companies and countries. Their common mission is: To drive forward the digitalization of production processes &ndash; from machines to line control and central cloud platforms to SAP solutions for the beverage industry.</p>
<div><p>The team for Krones.digital</p></div>
<p>Get the latest insights into projects and working life at Krones.digital on LinkedIn</p>
<div><p>Krones.digital at LinkedIn</p></div></div></div></div></div></div></div>";"Being the world market leader, we at Krones are working on future-oriented solutions for sustainable and affordable beverages and food – for everyone and everywhere. And we need you to bring them into the world.
In the international Krones.digital community, all digital experts of the Krones Group work together. We are fans of cutting-edge technologies and develop innovative services and solutions which are used in every fourth beverage bottle worldwide. We are united by the ambition to do more than just ticking off to-do lists. We want to create real added value for our customers and optimise the beverage and liquid-food production wherever there is still room for improvement - and thus make our contribution to a sustainable and better future.
Interested? Become part of the Krones team – because together we achieve more!
Let's create impact beyond tomorrow
What awaits you
Customer consulting in Industry 4.0, Connectivity and OT/IoT - security of our digitalization solutions and their connection to the Krones Ecosystem
Conception and implementation of network and security solutions for automation networks
If necessary, commissioning of our network solutions also at the customer
Performance of security and network analyses on process-related and control systems
Technical development and preparation of quotations, high-level designs, solution and service concepts
Development of methods and tools for future projects in the process and manufacturing industry, as well as critical infrastructures
Continuous further development of specific network and security knowledge at trade exhibitions, both personally and as part of a team
Advocate for the topic of industrial networking and security for your organisation at customers’ companies and through publications and lectures
Optional: Performance of security or penetration tests for OT components or in industrial networks
Your Profil
You contribute
Successfully completed studies in the field of business informatics, Automation technology or a successfully completed technical studies with main focus on IT/OT Security, IT, IT-Security
Experience in IT/OT security, development and commissioning of industrial IoT components or the operation of industrial networks
Professional experience in at least one of the following areas: Network technology, network security, client and server hardening, analysis of weak points or pentesting, Automation technology
Knowledge of ISO 27001, IEC 62443, BSI, GDPR desirable
Knowledge of and/or certifications in network solutions and manufacturers (for example CCCNA, CCNP, CISM, CISA, CISSP)
Good knowledge of MS Office and SAP
Excellent communication skills and teamwork
Customer-oriented method of operation, especially in explaining complex issues between technology and non-specialist staff
No fear of contact with new technology and mediator between IT and OT
Interest in knowledge about global regulations (USA, APAC, Africa, etc.)
Good spoken and written German and English
Occasional willingness to travel
Our benefits
Krones as an employer
Krones’ employees are what set it apart from the rest. For they deliver a peak performance every day – thus ensuring the future viability of the company. And it is exactly this level of input that Krones acknowledges with its attractive rewards:
Meaningful work
International community
Attractive pay
Flexible working environment
Focus on health
Further training and retraining measures
The community
Krones.digital
The digital community of the Krones Group
At Krones, however, the focus is not only on connectivity in production, but also on an interpersonal level: Behind Krones.digital is a community of currently around 450 experts from a wide variety of fields, companies and countries. Their common mission is: To drive forward the digitalization of production processes – from machines to line control and central cloud platforms to SAP solutions for the beverage industry.
The team for Krones.digital
Get the latest insights into projects and working life at Krones.digital on LinkedIn
Krones.digital at LinkedIn";Neutraubling;Bayern;Germany;48.990295;12.200936;Christoph Klenk;;Neutraubling, Deutschland;Fertigungsbetriebe;Produktion;weniger als 1 Million $ (USD);Mehr als 10.000 Mitarbeiter;Privatunternehmen;1951
37;1.00983E+12;Cyber Security Engineer (m/w/d);Frankfurt am Main;951923;DERTOUR Group;67;EUR;;;;;3.5;2025-09-30T00:00:00;Full-time;;;English, Organizational skills, IT, Cybersecurity, German, Active Directory;"<p></p><div><h3 class=""jobSectionHeader""><b>Deine Aufgaben</b></h3><p></p><ul><li>
Aufbau und Sicherstellen der Aktualit&auml;t von Incident Response Pl&auml;nen</li><li>
Review und Optimierung von Sicherheitsmechanismen mit Schwerpunkt im Workplace und Identity Bereich</li><li>
Entwicklung, Pr&uuml;fung und Aktualisierung von Sicherheitskonzepten und Betriebsdokumentationen</li><li>
Koordination der Anbindung von Eventquellen an SIEM inkl. entsprechender Dokumentation</li><li>
Verfolgen der allgemeinen aktuellen Sicherheitslage- und Risiken sowie die Ableitung entsprechender Ma&szlig;nahmen</li><li>
Aktive Mitarbeit bei Security Vorf&auml;llen sowie eigenverantwortliche Durchf&uuml;hrung von Analysen/Pentests</li><li>
Ansprechpartner und Sparringspartner bei allen Security Fragen innerhalb und au&szlig;erhalb der IT (IT Security Consulting)</li><li>
Sicherstellung, dass Sicherheitsvorf&auml;lle schnell, effektiv und strukturiert beseitigt werden</li><li>
Steuerung, Koordination und &Uuml;berwachung interner sowie externer Dienstleister</li><li>
Organisation und Durchf&uuml;hrung von Security Trainings/Workshops innerhalb und au&szlig;erhalb der IT</li><li>
Marktbeobachtung im Bereich Security Innovation und aktuelle Trends</li><li>
Unterst&uuml;tzung bei Audits (PCI-DSS, ISO, etc.)</li><li>
Bereitschaft zur Teilnahme an einer Rufbereitschaft.</li></ul><h3 class=""jobSectionHeader""><b>
Dein Profil</b></h3><p></p><div><ul><li>
Du hast eine einschl&auml;gige Ausbildung erfolgreich abgeschlossen und bringst sehr gute Kenntnisse im IT-Security-Umfeld mit.</li><li>
Du hast fundierte Erfahrungen mit Produkten und L&ouml;sungen wie M365, XDR/MDR-Services, Fortinet sowie im Aufbau von IT-Security-Prozessen.</li><li>
Du verf&uuml;gst &uuml;ber eine hohe IT-Affinit&auml;t und ein ausgepr&auml;gtes Prozessverst&auml;ndnis, bist flexibel und belastbar. Mit Deinem Durchsetzungsverm&ouml;gen und Organisationstalent rundest Du Dein Profil ab.</li><li>
Du verf&uuml;gst &uuml;ber operative Erfahrungen im Umgang mit u.a. Active Directory, DNS, Virtualisierungsl&ouml;sungen, Client-/Server Systemen und Netzwerktechnologien und setzt diese sicher ein.</li><li>
Deine Kommunikationsst&auml;rke und Deine strukturierte Vorgehensweise setzt Du auch in schwierigen Situationen gezielt ein.</li><li>
Du sprichst Deutsch und Englisch flie&szlig;end in Wort und Schrift.</li></ul></div><p></p><h3 class=""jobSectionHeader""><b>
Wir bieten Dir</b></h3><div><ul>
<li>30 Tage Urlaub
</li><li>Kantine
</li><li>Attraktive Mitarbeiterrabatte
</li><li>Urlaubs- und Weihnachtsgeld
</li><li>Flexible Arbeitszeiten
</li><li>Mobiles Arbeiten
</li><li>Jobrad
</li><li>Bezuschusstes Deutschlandticket
</li><li>Fitness- und Wellnessangebot
</li><li>30 Tage Workation im EU Ausland
</li></ul></div><div></div><h3 class=""jobSectionHeader""><b>Interessiert?</b></h3><p></p><p><br>
Weitere Informationen zu unserem Unternehmen findest Du unter www.dertour-group.com.</p><p>
Wir freuen uns auf Deine Bewerbung. Bei Fragen wende Dich gerne an:</p><h5 class=""jobSectionHeader""><b><br>
Kontakt</b></h5><p>
DERTOUR Deutschland GmbH</p><p><b>
Aleksandra</b><b> </b><b>S&uuml;&szlig;</b><br>
Tel: +496995884616</p></div><div></div>";"Deine Aufgaben
Aufbau und Sicherstellen der Aktualität von Incident Response Plänen
Review und Optimierung von Sicherheitsmechanismen mit Schwerpunkt im Workplace und Identity Bereich
Entwicklung, Prüfung und Aktualisierung von Sicherheitskonzepten und Betriebsdokumentationen
Koordination der Anbindung von Eventquellen an SIEM inkl. entsprechender Dokumentation
Verfolgen der allgemeinen aktuellen Sicherheitslage- und Risiken sowie die Ableitung entsprechender Maßnahmen
Aktive Mitarbeit bei Security Vorfällen sowie eigenverantwortliche Durchführung von Analysen/Pentests
Ansprechpartner und Sparringspartner bei allen Security Fragen innerhalb und außerhalb der IT (IT Security Consulting)
Sicherstellung, dass Sicherheitsvorfälle schnell, effektiv und strukturiert beseitigt werden
Steuerung, Koordination und Überwachung interner sowie externer Dienstleister
Organisation und Durchführung von Security Trainings/Workshops innerhalb und außerhalb der IT
Marktbeobachtung im Bereich Security Innovation und aktuelle Trends
Unterstützung bei Audits (PCI-DSS, ISO, etc.)
Bereitschaft zur Teilnahme an einer Rufbereitschaft.
Dein Profil
Du hast eine einschlägige Ausbildung erfolgreich abgeschlossen und bringst sehr gute Kenntnisse im IT-Security-Umfeld mit.
Du hast fundierte Erfahrungen mit Produkten und Lösungen wie M365, XDR/MDR-Services, Fortinet sowie im Aufbau von IT-Security-Prozessen.
Du verfügst über eine hohe IT-Affinität und ein ausgeprägtes Prozessverständnis, bist flexibel und belastbar. Mit Deinem Durchsetzungsvermögen und Organisationstalent rundest Du Dein Profil ab.
Du verfügst über operative Erfahrungen im Umgang mit u.a. Active Directory, DNS, Virtualisierungslösungen, Client-/Server Systemen und Netzwerktechnologien und setzt diese sicher ein.
Deine Kommunikationsstärke und Deine strukturierte Vorgehensweise setzt Du auch in schwierigen Situationen gezielt ein.
Du sprichst Deutsch und Englisch fließend in Wort und Schrift.
Wir bieten Dir
30 Tage Urlaub
Kantine
Attraktive Mitarbeiterrabatte
Urlaubs- und Weihnachtsgeld
Flexible Arbeitszeiten
Mobiles Arbeiten
Jobrad
Bezuschusstes Deutschlandticket
Fitness- und Wellnessangebot
30 Tage Workation im EU Ausland
Interessiert?
Weitere Informationen zu unserem Unternehmen findest Du unter www.dertour-group.com.
Wir freuen uns auf Deine Bewerbung. Bei Fragen wende Dich gerne an:
Kontakt
DERTOUR Deutschland GmbH
Tel: +496995884616
Aleksandra
Süß";Frankfurt am Main;Hessen;Germany;50.11088;8.682433;Dr. Ingo Burmester;;Frankfurt am Main, Deutschland;Reisebüros;Hotel & Unterbringung;Unbekannt/Nicht zutreffend;5.001 bis 10.000 Mitarbeiter;Privatunternehmen;1918
38;1.00989E+12;Duales Masterstudium Cyber Security Engineer (M.Sc.) - Erlangen/Forchheim;Erlangen;1317005;Siemens Healthineers;5;EUR;MONTHLY;2310;2310;2310;4;2025-10-01T00:00:00;Full-time, Temporary;;Master's degree, Bachelor's degree;English, Software development, Agriculture, Cybersecurity, German;"<div><div><div><div><div><div>Job ID
</div><div>466597
</div></div><div><div>Posted since
</div><div>02-Jun-2025
</div></div><div><div>Organization
</div><div>Siemens Healthineers
</div></div><div><div>Field of work
</div><div>Human Resources
</div></div><div><div>Company
</div><div>Siemens Healthineers AG
</div></div><div><div>Experience level
</div><div>Student (Not Yet Graduated)
</div></div><div><div>Job type
</div><div>Full-time
</div></div><div><div>Work mode
</div><div>Office/Site only
</div></div><div><div>Employment type
</div><div>Fixed Term
</div></div><div><div>Location(s)
</div><div><ul><li>Erlangen - Bayern - Germany
</li></ul></div></div></div></div></div><div><div><div><div><div><p><b>Dein Berufsbild:</b></p><p>
Der berufsbegleitende Masterstudiengang M.Sc. Cyber Security Engineer vertieft Fragestellungen und Kenntnisse der allgemeinen Cybersicherheit. Zielgruppen des Weiterbildungsstudiengangs sind einerseits Hochschulabsolvent*innen ingenieurswissenschaftlicher und technischer Bildungsg&auml;nge, die im Arbeitskontext bereits erste Erfahrungen mit der Softwareentwicklung sammeln konnten sowie andererseits Software- und Systementwickler*innen, die ihre Fachkenntnisse weiter sch&auml;rfen und vertiefen m&ouml;chten. Absolvent*innen des Studiengangs sind in der Lage, Leitungs- und F&uuml;hrungspositionen insbesondere dort einzunehmen, wo die Entwicklung sowie die Wartung und der Betrieb komplexer Sicherheitssysteme eine wesentliche Rolle spielen. Als Security Engineer, Security Analyst, Chief Security Officer oder als IT-Security Entrepreneur erkennen die IT-Sicherheitsexpert*innen Schwachstellen oder Sicherheitsl&uuml;cken in Softwaresystemen und tragen so ma&szlig;geblich zum Schutz komplexer Unternehmensstrukturen und sensibler Daten bei.</p><p></p><p><b><br>
Das erwartet dich:</b></p><ul><li>
Studiendauer: 2 Jahre (4 Semester)</li><li>
Studium an der Technischen Hochschule Ingolstadt</li><li>
Praktische T&auml;tigkeit in unseren Fachabteilungen am Standort Erlangen/Forchheim</li><li>
Zw&ouml;lf Vorlesungstage pro Semester; die Vorlesungen finden in Pr&auml;senz am Wochenende bzw. online unter der Woche statt</li></ul><p></p><p><b><br>
Das solltest du mitbringen:</b></p><ul><li>
Sehr erfolgreich abgeschlossenes informationstechnisches oder ingenieurswissenschaftliches Bachelorstudium mit idealerweise mind. 210 ECTS</li><li>
Idealerweise mind. einj&auml;hrige Berufserfahrung nach Studienabschluss, idealerweise im Bereich der Softwareentwicklung, bei Vorliegen eines informationstechnischen Bachelorabschlusses (z.B. Informatik oder Wirtschaftsinformatik) oder</li><li>
Zwingend notwendig mind. zweij&auml;hrige Berufserfahrung nach Studienabschluss, idealerweise im Bereich der Softwareentwicklung, bei Vorliegen eines ingenieurswissenschaftlichen und technischen Bachelorabschlusses</li><li>
Erste Berufserfahrung im Ausland bzw. Arbeitserfahrung in interkulturellen Teams w&uuml;nschenswert</li><li>
Hohes Interesse an der IT und IT-Sicherheit</li><li>
Idealerweise fundierte Kenntnisse einer oder mehrerer Programmiersprachen</li><li>
Strukturierte und selbst&auml;ndige Arbeitsweise</li><li>
Ausgepr&auml;gte Kommunikations- und Pr&auml;sentationsf&auml;higkeit</li><li>
Sehr gute Englischkenntnisse und zwingend Deutschkenntnisse mind. des Levels B2</li><li>
Begeisterung f&uuml;r unser innovatives Unternehmen</li></ul>
Weitere Informationen zu den Zulassungsvoraussetzungen zum Weiterbildungsstudiengang M.Sc. Cyber Security Engineer findest du hier.<p></p><p><b><br>
Das bieten wir dir:</b></p><ul><li>
Monatliche Verg&uuml;tung i.H.v. 2.310,00&euro;</li><li>
Flexible Arbeitszeiten 35h Arbeitswoche (Mo-Fr)</li><li>
30 Tage Erholungsurlaub pro Kalenderjahr</li><li>
M&ouml;glichkeit zu Home-Office w&auml;hrend der praktischen T&auml;tigkeit</li><li>
Sehr gute &Uuml;bernahme- und Karriereperspektiven nach Studienabschluss</li></ul><p></p><p><b><br>
Das ist uns f&uuml;r ein gutes Miteinander wichtig:</b></p><ul><li>
Wir finden es gut, wenn es verschiedene Meinungen gibt. Das erweitert den Blick.</li><li>
Wir k&ouml;nnen &uuml;ber alles sprechen. Nur so kommen wir weiter. Wir k&ouml;nnen auch mal Sachen anders machen als bisher. Dann packen wir das an.</li><li>
Wir sind offen f&uuml;r Alle. Jede*r darf sein, wie er oder sie ist.</li><li>
Wir bieten eine faire Chance f&uuml;r alle, mit oder ohne Behinderung, und aus allen Kulturen.</li></ul>
In diesem Sinne &ndash; Wir freuen uns auf deine Bewerbung!<p></p><p><b><br>
Unser globales Team:</b></p><p>
Siemens Healthineers ist ein weltweit f&uuml;hrendes Medizintechnikunternehmen. Mit mehr als 73.000 engagierten Mitarbeitenden in &uuml;ber 70 L&auml;ndern gestalten wir die Zukunft des Gesundheitswesens. Jeden Tag profitieren etwa f&uuml;nf Millionen Patient*innen weltweit von unseren innovativen Technologien und Dienstleistungen aus den Bereichen Diagnostik und therapeutische Bildgebung, Labordiagnostik und molekulare Medizin sowie von unseren digitalen Gesundheits- und Unternehmensdienstleistungen.</p><p></p><p><b>
Unsere Kultur:</b></p><p>
Unsere Unternehmenskultur sch&auml;tzt verschiedene Blickwinkel, offene Diskussionen und den Willen, Konventionen in Frage zu stellen. St&auml;ndiger Wandel geh&ouml;rt zu unserem Arbeitsalltag. Wir wollen in unserer Branche Ver&auml;nderungen vorantreiben, statt nur darauf zu reagieren. Deswegen laden wir Sie ein, sich neuen Herausforderungen zu stellen, eigene Ideen auszutesten und Erfolge zu feiern. Besuchen Sie auch unsere Karriere-Seite unter https://www.siemens-healthineers.com/de/careers</p><p>
Wir legen Wert auf Diversit&auml;t und Chancengleichheit und freuen uns &uuml;ber Bewerbungen mit vielf&auml;ltigen Hintergr&uuml;nden und insbesondere von Menschen mit Behinderung. #myabilityshs</p><p></p><p>
Sie m&ouml;chten mehr erfahren und erste Fragen gern pers&ouml;nlich kl&auml;ren &ndash; Sprechen Sie uns an: +49 (9131) / 17 &ndash; 1717. Kontaktperson dieser Stellenausschreibung ist Larissa Hengelein.</p><p></p><p>
Wir nehmen den Schutz Ihrer Daten und die Einhaltung der DSGVO und anderer Datenschutzgesetze ernst. Deshalb bitten wir Sie, uns Ihren Lebenslauf nicht per E-Mail zu schicken. Bitte legen Sie ein Profil in unserer Talent Community an, um Ihren Lebenslauf hochzuladen. Daran erkennen wir, dass Sie an Karrierem&ouml;glichkeiten bei uns interessiert sind und k&ouml;nnen Sie zu relevanten Stellen benachrichtigen. Klicken Sie hier, um ein Profil anzulegen.</p><p><b>
An alle Personalvermittlungsagenturen:</b></p><p>
Die Personalbeschaffung bei Siemens Healthineers wird intern verwaltet. Externe Unterst&uuml;tzung ist nur dann gestattet, wenn eine qualifizierte Agentur einen formellen Vertrag mit uns abgeschlossen hat. Unaufgeforderte Bewerbungen und Empfehlungen von Kandidatenprofilen ohne aktuelle Lieferantenvereinbarung begr&uuml;nden keine Zustimmung und sind somit nicht geb&uuml;hrenpflichtig. Wir l&ouml;schen und vernichten nicht angeforderte Informationen und empfehlen, von derartigen Praktiken abzusehen. Wir danken Ihnen f&uuml;r die Einhaltung unserer Richtlinien.</p><p></p><p><br>
Siemens Healthineers Deutschland wurde mit dem Zertifikat Great Place to Work&reg; ausgezeichnet.</p></div></div></div></div></div></div><p></p>";"Job ID
466597
Posted since
02-Jun-2025
Organization
Siemens Healthineers
Field of work
Human Resources
Company
Siemens Healthineers AG
Experience level
Student (Not Yet Graduated)
Job type
Full-time
Work mode
Office/Site only
Employment type
Fixed Term
Location(s)
Erlangen - Bayern - Germany
Weitere Informationen zu den Zulassungsvoraussetzungen zum Weiterbildungsstudiengang M.Sc. Cyber Security Engineer findest du hier.
In diesem Sinne – Wir freuen uns auf deine Bewerbung!
Dein Berufsbild:
Der berufsbegleitende Masterstudiengang M.Sc. Cyber Security Engineer vertieft Fragestellungen und Kenntnisse der allgemeinen Cybersicherheit. Zielgruppen des Weiterbildungsstudiengangs sind einerseits Hochschulabsolvent*innen ingenieurswissenschaftlicher und technischer Bildungsgänge, die im Arbeitskontext bereits erste Erfahrungen mit der Softwareentwicklung sammeln konnten sowie andererseits Software- und Systementwickler*innen, die ihre Fachkenntnisse weiter schärfen und vertiefen möchten. Absolvent*innen des Studiengangs sind in der Lage, Leitungs- und Führungspositionen insbesondere dort einzunehmen, wo die Entwicklung sowie die Wartung und der Betrieb komplexer Sicherheitssysteme eine wesentliche Rolle spielen. Als Security Engineer, Security Analyst, Chief Security Officer oder als IT-Security Entrepreneur erkennen die IT-Sicherheitsexpert*innen Schwachstellen oder Sicherheitslücken in Softwaresystemen und tragen so maßgeblich zum Schutz komplexer Unternehmensstrukturen und sensibler Daten bei.
Das erwartet dich:
Studiendauer: 2 Jahre (4 Semester)
Studium an der Technischen Hochschule Ingolstadt
Praktische Tätigkeit in unseren Fachabteilungen am Standort Erlangen/Forchheim
Zwölf Vorlesungstage pro Semester; die Vorlesungen finden in Präsenz am Wochenende bzw. online unter der Woche statt
Das solltest du mitbringen:
Sehr erfolgreich abgeschlossenes informationstechnisches oder ingenieurswissenschaftliches Bachelorstudium mit idealerweise mind. 210 ECTS
Idealerweise mind. einjährige Berufserfahrung nach Studienabschluss, idealerweise im Bereich der Softwareentwicklung, bei Vorliegen eines informationstechnischen Bachelorabschlusses (z.B. Informatik oder Wirtschaftsinformatik) oder
Zwingend notwendig mind. zweijährige Berufserfahrung nach Studienabschluss, idealerweise im Bereich der Softwareentwicklung, bei Vorliegen eines ingenieurswissenschaftlichen und technischen Bachelorabschlusses
Erste Berufserfahrung im Ausland bzw. Arbeitserfahrung in interkulturellen Teams wünschenswert
Hohes Interesse an der IT und IT-Sicherheit
Idealerweise fundierte Kenntnisse einer oder mehrerer Programmiersprachen
Strukturierte und selbständige Arbeitsweise
Ausgeprägte Kommunikations- und Präsentationsfähigkeit
Sehr gute Englischkenntnisse und zwingend Deutschkenntnisse mind. des Levels B2
Begeisterung für unser innovatives Unternehmen
Das bieten wir dir:
Monatliche Vergütung i.H.v. 2.310,00€
Flexible Arbeitszeiten 35h Arbeitswoche (Mo-Fr)
30 Tage Erholungsurlaub pro Kalenderjahr
Möglichkeit zu Home-Office während der praktischen Tätigkeit
Sehr gute Übernahme- und Karriereperspektiven nach Studienabschluss
Das ist uns für ein gutes Miteinander wichtig:
Wir finden es gut, wenn es verschiedene Meinungen gibt. Das erweitert den Blick.
Wir können über alles sprechen. Nur so kommen wir weiter. Wir können auch mal Sachen anders machen als bisher. Dann packen wir das an.
Wir sind offen für Alle. Jede*r darf sein, wie er oder sie ist.
Wir bieten eine faire Chance für alle, mit oder ohne Behinderung, und aus allen Kulturen.
Unser globales Team:
Siemens Healthineers ist ein weltweit führendes Medizintechnikunternehmen. Mit mehr als 73.000 engagierten Mitarbeitenden in über 70 Ländern gestalten wir die Zukunft des Gesundheitswesens. Jeden Tag profitieren etwa fünf Millionen Patient*innen weltweit von unseren innovativen Technologien und Dienstleistungen aus den Bereichen Diagnostik und therapeutische Bildgebung, Labordiagnostik und molekulare Medizin sowie von unseren digitalen Gesundheits- und Unternehmensdienstleistungen.
Unsere Kultur:
Unsere Unternehmenskultur schätzt verschiedene Blickwinkel, offene Diskussionen und den Willen, Konventionen in Frage zu stellen. Ständiger Wandel gehört zu unserem Arbeitsalltag. Wir wollen in unserer Branche Veränderungen vorantreiben, statt nur darauf zu reagieren. Deswegen laden wir Sie ein, sich neuen Herausforderungen zu stellen, eigene Ideen auszutesten und Erfolge zu feiern. Besuchen Sie auch unsere Karriere-Seite unter https://www.siemens-healthineers.com/de/careers
Wir legen Wert auf Diversität und Chancengleichheit und freuen uns über Bewerbungen mit vielfältigen Hintergründen und insbesondere von Menschen mit Behinderung. #myabilityshs
Sie möchten mehr erfahren und erste Fragen gern persönlich klären – Sprechen Sie uns an: +49 (9131) / 17 – 1717. Kontaktperson dieser Stellenausschreibung ist Larissa Hengelein.
Wir nehmen den Schutz Ihrer Daten und die Einhaltung der DSGVO und anderer Datenschutzgesetze ernst. Deshalb bitten wir Sie, uns Ihren Lebenslauf nicht per E-Mail zu schicken. Bitte legen Sie ein Profil in unserer Talent Community an, um Ihren Lebenslauf hochzuladen. Daran erkennen wir, dass Sie an Karrieremöglichkeiten bei uns interessiert sind und können Sie zu relevanten Stellen benachrichtigen. Klicken Sie hier, um ein Profil anzulegen.
An alle Personalvermittlungsagenturen:
Die Personalbeschaffung bei Siemens Healthineers wird intern verwaltet. Externe Unterstützung ist nur dann gestattet, wenn eine qualifizierte Agentur einen formellen Vertrag mit uns abgeschlossen hat. Unaufgeforderte Bewerbungen und Empfehlungen von Kandidatenprofilen ohne aktuelle Lieferantenvereinbarung begründen keine Zustimmung und sind somit nicht gebührenpflichtig. Wir löschen und vernichten nicht angeforderte Informationen und empfehlen, von derartigen Praktiken abzusehen. Wir danken Ihnen für die Einhaltung unserer Richtlinien.
Siemens Healthineers Deutschland wurde mit dem Zertifikat Great Place to Work® ausgezeichnet.";Erlangen;Bayern;Germany;49.595135;11.00498;Bernd Montag;https://media.glassdoor.com/people/sql/1317005/siemens-healthcare-ceo1480670679697.png;Erlangen, Deutschland;Biotechnologie;Pharmazeutika & Biotechnologie;Mehr als 10 Milliarden $ (USD);Mehr als 10.000 Mitarbeiter;Aktiengesellschaft;1847
39;1.00977E+12;Junior Systems Engineer for Germany / Berlin;Berlin;427189;Motorola Solutions;124;EUR;;;;;4.3;2025-10-04T00:00:00;Full-time;;Master's degree, Bachelor's degree;IP networking, Cybersecurity;"<div><h2 class=""jobSectionHeader""><b>Company Overview</b></h2><p>
At Motorola Solutions, we believe that everything starts with our people. We&rsquo;re a global close-knit community, united by the relentless pursuit to help keep people safer everywhere. Our critical communications, video security and command center technologies support public safety agencies and enterprises alike, enabling the coordination that&rsquo;s critical for safer communities, safer schools, safer hospitals and safer businesses. Connect with a career that matters, and help us build a safer future.<br>
</p><h2 class=""jobSectionHeader""><br>
<b>Department Overview</b></h2>
If you are an Engineering passionate and love challenges, come and join us to create new mission critical solutions.<br>
You will be part of a multi-disciplined project team dedicated to work on design and delivery of complex mission critical voice + data communication and video security systems. The systems may be used directly by our customers or by Motorola Solutions to deliver Managed Services to our customers.<h2 class=""jobSectionHeader""><br>
<b>
Job Description</b></h2><p></p><p>
We&rsquo;re looking for curious and passionate electrical engineering graduates to join us and help us deploy communication solutions and video security systems. You will participate in the designing and integrating of our systems in the customer's IT and communication environment as well as learn and support mission critical communication and video technologies. We offer full training and support, so new graduates are encouraged to apply.</p><p></p><p><b>
What you will do as Junior Systems Engineer:</b></p><ul><li><p>
Understand customers&rsquo; operations and the environment in which our systems will be integrated.</p></li><li><p>
Learn about traditional mission critical voice and data communication, command centers and video security technologies.</p></li><li><p>
Provide support and execute the given tasks e.g. define, write, update technical documentation for customer projects or validate and test our systems within the client environment.</p></li></ul><p></p><p><b>
We offer:</b></p><ul><li><p>
You will be involved in the newest technologies used for mission critical communication and video security solutions. Be part of the most-valued and prestigious projects.</p></li><li><p>
Opportunity to join an Innovative company with 90+ years experience in Public Safety Communication Solutions</p></li><li><p>
Leverage a great variety of development possibilities, frame your continuous development plan and shape your role and profile</p></li></ul><p>
You are part of a dynamic and experienced team with great attitude and team spirit with best-in-class compensation and benefits</p><h2 class=""jobSectionHeader""><b><br>
Basic Requirements</b></h2><p><b>
Skills &amp; Qualifications of a Junior Systems Engineer:</b></p><ul><li><p>
Bachelor&rsquo;s or Master's degree in Telecommunications, Electrical Engineering or IT.</p></li><li><p>
Fluent in German and English.</p></li><li><p>
Eligible to live and work in Germany as this position requires security clearance approval from the German government authorities.</p></li><li><p>
A team player person who enjoys to work with other international based engineers and is highly motivated to start her/his career</p></li><li><p>
Good communication skills and confidence to present solutions to colleagues/customers/users is essential.</p></li><li><p>
It is an advantage, if you are interested in/have experience in IT and communication engineering, IP networking and cyber security.</p></li></ul><p></p><p>
The role requires the flexibility to travel within the Central Europe region for short periods, so a valid driving license would be helpful.</p><p>
We are open to consider applicants from across Germany to be located in our Berlin office.</p><h2 class=""jobSectionHeader""><b><br>
Travel Requirements</b></h2>
10-25%<h2 class=""jobSectionHeader""><br>
<b>
Relocation Provided</b></h2>
None<h2 class=""jobSectionHeader""><br>
<b>
Position Type</b></h2>
New Grad<p></p><h2 class=""jobSectionHeader""><b>
Referral Payment Plan</b></h2>
No<p></p><h2 class=""jobSectionHeader""><b>
Company</b></h2>
Motorola Solutions Germany GmbH<p></p><p><b><i>
EEO Statement</i></b></p><p></p><p>
Motorola Solutions is an Equal Opportunity Employer. All qualified applicants will receive consideration for employment without regard to race, color, religion or belief, sex, sexual orientation, gender identity, national origin, disability, veteran status or any other legally-protected characteristic.</p><p></p><p>
We are proud of our people-first and community-focused culture, empowering every Motorolan to be their most authentic self and to do their best work to deliver on the promise of a safer world. If you&rsquo;d like to join our team but feel that you don&rsquo;t quite meet all of the preferred skills, we&rsquo;d still love to hear why you think you&rsquo;d be a great addition to our team.</p></div>";"If you are an Engineering passionate and love challenges, come and join us to create new mission critical solutions.
You will be part of a multi-disciplined project team dedicated to work on design and delivery of complex mission critical voice + data communication and video security systems. The systems may be used directly by our customers or by Motorola Solutions to deliver Managed Services to our customers.
10-25%
None
New Grad
No
Motorola Solutions Germany GmbH
Company Overview
At Motorola Solutions, we believe that everything starts with our people. We’re a global close-knit community, united by the relentless pursuit to help keep people safer everywhere. Our critical communications, video security and command center technologies support public safety agencies and enterprises alike, enabling the coordination that’s critical for safer communities, safer schools, safer hospitals and safer businesses. Connect with a career that matters, and help us build a safer future.
Department Overview
Job Description
We’re looking for curious and passionate electrical engineering graduates to join us and help us deploy communication solutions and video security systems. You will participate in the designing and integrating of our systems in the customer's IT and communication environment as well as learn and support mission critical communication and video technologies. We offer full training and support, so new graduates are encouraged to apply.
What you will do as Junior Systems Engineer:
Understand customers’ operations and the environment in which our systems will be integrated.
Learn about traditional mission critical voice and data communication, command centers and video security technologies.
Provide support and execute the given tasks e.g. define, write, update technical documentation for customer projects or validate and test our systems within the client environment.
We offer:
You will be involved in the newest technologies used for mission critical communication and video security solutions. Be part of the most-valued and prestigious projects.
Opportunity to join an Innovative company with 90+ years experience in Public Safety Communication Solutions
Leverage a great variety of development possibilities, frame your continuous development plan and shape your role and profile
You are part of a dynamic and experienced team with great attitude and team spirit with best-in-class compensation and benefits
Basic Requirements
Skills & Qualifications of a Junior Systems Engineer:
Bachelor’s or Master's degree in Telecommunications, Electrical Engineering or IT.
Fluent in German and English.
Eligible to live and work in Germany as this position requires security clearance approval from the German government authorities.
A team player person who enjoys to work with other international based engineers and is highly motivated to start her/his career
Good communication skills and confidence to present solutions to colleagues/customers/users is essential.
It is an advantage, if you are interested in/have experience in IT and communication engineering, IP networking and cyber security.
The role requires the flexibility to travel within the Central Europe region for short periods, so a valid driving license would be helpful.
We are open to consider applicants from across Germany to be located in our Berlin office.
Travel Requirements
Relocation Provided
Position Type
Referral Payment Plan
Company
EEO Statement
Motorola Solutions is an Equal Opportunity Employer. All qualified applicants will receive consideration for employment without regard to race, color, religion or belief, sex, sexual orientation, gender identity, national origin, disability, veteran status or any other legally-protected characteristic.
We are proud of our people-first and community-focused culture, empowering every Motorolan to be their most authentic self and to do their best work to deliver on the promise of a safer world. If you’d like to join our team but feel that you don’t quite meet all of the preferred skills, we’d still love to hear why you think you’d be a great addition to our team.";Berlin;Berlin;Germany;52.51767;13.405538;Gregory Q. Brown;https://media.glassdoor.com/people/sql/427189/motorola-solutions-ceo1745585976321.png;Chicago, Vereinigte Staaten von Amerika;Softwareentwicklung;Informationstechnologie;5 bis 10 Milliarden $ (USD);Mehr als 10.000 Mitarbeiter;Aktiengesellschaft;1928
40;1.0098E+12;IT Cyber Security Engineer (w/m/d);Hille;37895;Bücker IT-Security GmbH;98;EUR;;;;;3.3;2025-10-01T00:00:00;;;;IT, Cybersecurity;"<p></p><div><div><div><div><div><div>Anf.-Kennung: 77597
</div></div></div></div><div><div><div><div>Gesellschaft: B&uuml;cker IT-Security GmbH
</div></div></div></div><div><div><div><div>Ort(e):
<p>32479 Hille
</p></div></div></div></div><div></div><div><div><p>Als Spezialist f&uuml;r IT-Security unterst&uuml;tzt B&uuml;cker seit 1992 Unternehmen jeder Gr&ouml;&szlig;enordnung und &ouml;ffentliche Auftraggeber bei allen Fragen rund um das Thema IT-Sicherheit. Die Leistungen reichen hier von der Beratung und L&ouml;sungsauswahl bis hin zu Konzeption, Implementierung und Schulungen. Tiefgehende Managed Security Services- und Support-Leistungen runden das Angebot ab. Ausgewiesene Experten im Wachstumsmarkt Security, exzellente Herstellerbeziehungen und branchen&uuml;bergreifend gewachsene Kundenbindungen in einem der spannendsten Themenfelder zeichnen das Unternehmen mit Sitz im ostwestf&auml;lischen Hille aus. B&uuml;cker IT-Security ist ein Teil der Bechtle Gruppe. Mit &uuml;ber 15.500 Mitarbeitenden ist Bechtle eines der erfolgreichsten IT-Unternehmen und Marktf&uuml;hrer in der Branche.
</p></div></div><div><div><div><div>IT Cyber Security Engineer (w/m/d)
</div></div></div></div><div><div><div><div><h2 class=""jobSectionHeader""><b>In deiner Mission bl&uuml;hst du auf, denn:<br>
</b></h2><p></p><ul><li>An euch kommt keine IT-Bedrohung vorbei &ndash; hier bist du Teil eines erfahrenen Teams voller IT-Security-Spezialist:innen mit den unterschiedlichsten Schwerpunkten.
</li><li>Deine Verantwortlichkeiten umfassen die Betreuung und Umsetzung von Sicherheitsma&szlig;nahmen, die Analyse von Cyberangriffen und die Behebung von Sicherheitsl&uuml;cken.
</li><li>Du sorgst f&uuml;r eine reibungslose Integration neuer Sicherheitsma&szlig;nahmen und nutzt dein stetig wachsendes Fachwissen, um unsere Kunden bei der Verbesserung ihrer IT-Security zu beraten und zu unterst&uuml;tzen.
</li>Neue Bedrohungen? Innovative Sicherheitsma&szlig;nahmen? Du beh&auml;ltst die Entwicklungen auf dem IT-Sicherheitsmarkt im Auge und wirst Schritt f&uuml;r Schritt selbst Expert:in f&uuml;r IT-Security.<br>
<li>
</li></ul><p></p><h2 class=""jobSectionHeader""><b>Deine Skills? Mehr als interessant:<br>
</b></h2><p></p><ul><li>Berufserfahrung und /oder Fortbildung im Bereich IT Security
</li><li>Kenntnisse in Netzwerktechnologien und -protokollen
</li><li>Interesse an innovativen IT-Sicherheitsl&ouml;sungen und ihrer kontinuierlichen Weiterentwicklung
</li><li>Bereitschaft, sich mit modernen, KI-gest&uuml;tzten Security-L&ouml;sungen auseinanderzusetzen
</li><li>Wille zum/zur Top-Ansprechparner:In f&uuml;r Security-Fragen unserer Kunden zu werden
</li><li>Das Streben danach, zum/zur Topp-Ansprechpartner:in f&uuml;r Sicherheitsfragen unserer Kunden zu werden
<br>
</li></ul><h2 class=""jobSectionHeader""><b>Du verdienst echten Mehrwert. Freu dich deshalb auf:<br>
</b></h2><p></p><ul><li>Weiterentwicklung: Mit einem umfangreichen Angebot der Bechtle Akademie, individueller Karriereplanung, Expert:innen- und F&uuml;hrungsprogrammen, Herstellerzertifizierungen und vielem mehr entwickelst du dich kontinuierlich weiter und bleibst niemals stehen.
</li><li>Flexibilit&auml;t: Deine Arbeitszeit und deinen Arbeitsort kannst du je nach Aufgabengebiet und in Abstimmung mit deiner F&uuml;hrungskraft individuell gestalten.
</li><li>Rund-um-Sorglos-Paket: Deine Zukunft ist uns wichtig. Das zeigt unsere attraktive Berufsunf&auml;higkeitsversicherung sowie unsere betriebliche Altersversorgung mit einer Bezuschussung von bis zu 100 Prozent.
</li>30 Tage Urlaub: 6 Wochen freie Zeit, die du zur Erholung, Entspannung, zum Reisen und F&uuml;&szlig;e hochlegen nutzen kannst.<br>
<li>
</li></ul></div></div></div></div><p></p><div><div><div><div><p>Marian W&ouml;rner | HR Business Partner | marian.woerner@bechtle.com<br>
</p></div></div></div></div><p></p><div><div><p><b>Bereit f&uuml;r all das? </b>Jetzt &uuml;ber unser Online-Bewerbungstool bewerben, auch ohne Anschreiben. Profilvorschl&auml;ge von Personaldienstleistern und Bewerbungen per E-Mail k&ouml;nnen wir leider nicht ber&uuml;cksichtigen.</p></div></div><div></div><div><div><br>
</div></div><div><div><p>Wir lehnen jegliche Form von Diskriminierung ab, denn Vielfalt geh&ouml;rt zu uns. Bei uns hat jede:r Bewerber:in die gleichen M&ouml;glichkeiten &ndash; unabh&auml;ngig von Geschlecht, sexueller Identit&auml;t, Behinderung, Alter, ethnischer Herkunft sowie Religion oder Weltanschauung.</p></div></div></div></div><div></div>";"Anf.-Kennung: 77597
Gesellschaft: Bücker IT-Security GmbH
Ort(e):
32479 Hille
Als Spezialist für IT-Security unterstützt Bücker seit 1992 Unternehmen jeder Größenordnung und öffentliche Auftraggeber bei allen Fragen rund um das Thema IT-Sicherheit. Die Leistungen reichen hier von der Beratung und Lösungsauswahl bis hin zu Konzeption, Implementierung und Schulungen. Tiefgehende Managed Security Services- und Support-Leistungen runden das Angebot ab. Ausgewiesene Experten im Wachstumsmarkt Security, exzellente Herstellerbeziehungen und branchenübergreifend gewachsene Kundenbindungen in einem der spannendsten Themenfelder zeichnen das Unternehmen mit Sitz im ostwestfälischen Hille aus. Bücker IT-Security ist ein Teil der Bechtle Gruppe. Mit über 15.500 Mitarbeitenden ist Bechtle eines der erfolgreichsten IT-Unternehmen und Marktführer in der Branche.
IT Cyber Security Engineer (w/m/d)
In deiner Mission blühst du auf, denn:
Neue Bedrohungen? Innovative Sicherheitsmaßnahmen? Du behältst die Entwicklungen auf dem IT-Sicherheitsmarkt im Auge und wirst Schritt für Schritt selbst Expert:in für IT-Security.
An euch kommt keine IT-Bedrohung vorbei – hier bist du Teil eines erfahrenen Teams voller IT-Security-Spezialist:innen mit den unterschiedlichsten Schwerpunkten.
Deine Verantwortlichkeiten umfassen die Betreuung und Umsetzung von Sicherheitsmaßnahmen, die Analyse von Cyberangriffen und die Behebung von Sicherheitslücken.
Du sorgst für eine reibungslose Integration neuer Sicherheitsmaßnahmen und nutzt dein stetig wachsendes Fachwissen, um unsere Kunden bei der Verbesserung ihrer IT-Security zu beraten und zu unterstützen.
Deine Skills? Mehr als interessant:
Berufserfahrung und /oder Fortbildung im Bereich IT Security
Kenntnisse in Netzwerktechnologien und -protokollen
Interesse an innovativen IT-Sicherheitslösungen und ihrer kontinuierlichen Weiterentwicklung
Bereitschaft, sich mit modernen, KI-gestützten Security-Lösungen auseinanderzusetzen
Wille zum/zur Top-Ansprechparner:In für Security-Fragen unserer Kunden zu werden
Das Streben danach, zum/zur Topp-Ansprechpartner:in für Sicherheitsfragen unserer Kunden zu werden
Du verdienst echten Mehrwert. Freu dich deshalb auf:
30 Tage Urlaub: 6 Wochen freie Zeit, die du zur Erholung, Entspannung, zum Reisen und Füße hochlegen nutzen kannst.
Weiterentwicklung: Mit einem umfangreichen Angebot der Bechtle Akademie, individueller Karriereplanung, Expert:innen- und Führungsprogrammen, Herstellerzertifizierungen und vielem mehr entwickelst du dich kontinuierlich weiter und bleibst niemals stehen.
Flexibilität: Deine Arbeitszeit und deinen Arbeitsort kannst du je nach Aufgabengebiet und in Abstimmung mit deiner Führungskraft individuell gestalten.
Rund-um-Sorglos-Paket: Deine Zukunft ist uns wichtig. Das zeigt unsere attraktive Berufsunfähigkeitsversicherung sowie unsere betriebliche Altersversorgung mit einer Bezuschussung von bis zu 100 Prozent.
Marian Wörner | HR Business Partner | marian.woerner@bechtle.com
Jetzt über unser Online-Bewerbungstool bewerben, auch ohne Anschreiben. Profilvorschläge von Personaldienstleistern und Bewerbungen per E-Mail können wir leider nicht berücksichtigen.
Bereit für all das?
Wir lehnen jegliche Form von Diskriminierung ab, denn Vielfalt gehört zu uns. Bei uns hat jede:r Bewerber:in die gleichen Möglichkeiten – unabhängig von Geschlecht, sexueller Identität, Behinderung, Alter, ethnischer Herkunft sowie Religion oder Weltanschauung.";Hille;Nordrhein-Westfalen;Germany;52.337196;8.743508;Dr. Thomas Olemotz;https://media.glassdoor.com/people/sql/37895/bechtle-ceo1619531808544.png;Neckarsulm, Deutschland;IT-Kundenbetreuung;Informationstechnologie;5 bis 10 Milliarden $ (USD);Mehr als 10.000 Mitarbeiter;Aktiengesellschaft;1983
41;1.00989E+12;Security Analyst & Engineer (all genders);Berlin;1258649;gematik GmbH;7;EUR;;;;;3.4;2025-09-29T00:00:00;Full-time, Part-time;;;English, Splunk, SIEM, Python, German;"<div></div><div><div><div><h4 class=""jobSectionHeader""><b>Wir wollen etwas bewegen &ndash; bist Du dabei? Wir sorgen daf&uuml;r, dass &uuml;ber 80 Millionen Menschen in Deutschland von einer digitalen Gesundheitsversorgung profitieren k&ouml;nnen. Einige Produkte von uns, wie das eRezept oder die ePatientenakte (ePA), kennst Du vielleicht schon. Gestalte mit uns das Gesundheitssystem von morgen.</b></h4>
<div></div>
<h4 class=""jobSectionHeader""><b>Dein Arbeitsbereich: Sicherheit</b></h4>
<h4 class=""jobSectionHeader""><b>Unsere sensiblen Gesundheitsdaten verdienen effektiven Schutz. Die gematik gew&auml;hrleistet den Datenschutz und die Datensicherheit von Anwendungen der Telematikinfrastruktur, wie zum Beispiel das eRezept oder die ePA. Unsere Expert:innen verantworten sowohl das sichere und datenschutzgerechte Design von Anwendungen als auch die &Uuml;berwachung im laufenden Betrieb und die regelm&auml;&szlig;igen Sicherheits&uuml;berpr&uuml;fungen. Dabei arbeiten sie in enger Abstimmung mit dem BSI und der BfDI. Werde Teil eines Teams mit Einfluss - Deine Sicherheitsexpertise z&auml;hlt!</b></h4></div></div><p></p><div><h2 class=""jobSectionHeader""><b><br>
Deine Aufgaben</b></h2><div><ul>
<li><h4 class=""jobSectionHeader""><b>Von der Konzeption bis zur technischen Umsetzung: Du </b><b>entwickelst </b><b>die zentralen Themenfelder des Cyber Defense Centers (CDC) &ndash; </b><b>Security Monitoring, Vulnerability Management</b><b> sowie </b><b>Threat Intelligence</b><b> &ndash; kontinuierlich weiter.</b></h4>
</li><li><h4 class=""jobSectionHeader""><b>Auf Basis strategischer Ziele und der zentralen Themenfelder des CDCs gestaltest Du die </b><b>Systemarchitektur </b><b>fortlaufend und sorgst durch </b><b>Automatisierung </b><b>und </b><b>KI&#8209;Unterst&uuml;tzung</b><b> daf&uuml;r, das Optimum im Zusammenspiel der CDC&#8209;Tools herauszuholen.</b></h4>
</li><li><h4 class=""jobSectionHeader""><b>Durch </b><b>einheitliche Datenmodelle</b><b>, optimale Vorverarbeitung sowie nahtlose Integration stellst Du sicher, dass aus Daten messbare Informationen und Mehrwerte entstehen.</b></h4>
</li><li><h4 class=""jobSectionHeader""><b>Du bist die </b><b>zentrale Ansprechperson</b><b> f&uuml;r andere Fachbereiche sowie externe Partner:innen, Dienstleister und CERT&#8209;Verb&uuml;nde.</b></h4>
</li><li><h4 class=""jobSectionHeader""><b>Gemeinsam mit Expert:innen identifizierst Du auf Basis von </b><b>Threat Modelling</b><b> und </b><b>Risikoanalysen </b><b>die erforderlichen Daten f&uuml;r ein effektives </b><b>Security Monitoring</b><b>.</b></h4>
</li></ul></div></div><div><h2 class=""jobSectionHeader""><b>Dein Profil</b></h2><div><ul>
<li><h4 class=""jobSectionHeader""><b>Abschluss:</b><b> Du hast einen Hochschulabschluss (Bachelor oder Master) oder eine abgeschlossene technische Berufsausbildung (z. B. Fachinformatiker/in Systemintegration).</b></h4>
</li><li><h4 class=""jobSectionHeader""><b>Erfahrung: </b><b>Du bringst mehrj&auml;hrige praktische Erfahrung in SIEM (vorzugsweise Splunk), EDR/XDR, Schwachstellenscannern, OSINT&#8209;Tools und Programmiersprachen (u. a. Python) mit und hast eigene (Security&#8209;)Projekte geleitet.</b></h4>
</li><li><h4 class=""jobSectionHeader""><b>Tool- &amp; Methodenkenntnisse:</b><b> Du arbeitest sicher mit g&auml;ngigen Security&#8209;Frameworks zum Threat Modelling (MITRE ATT&amp;CK, STRIDE).</b></h4>
</li><li><h4 class=""jobSectionHeader""><b>Arbeitsweise: </b><b>Du arbeitest teamorientiert, strukturiert und qualit&auml;tsbewusst.</b></h4><b>
</b></li><li><h4 class=""jobSectionHeader""><b>Pers&ouml;nlichkeit:</b><b> Du hast eine hohe intrinsische Motivation sowie Lern&#8209; und Entwicklungsbereitschaft.</b></h4>
</li><li><h4 class=""jobSectionHeader""><b>Sprache:</b><b> Du hast sehr gute Deutsch- und Englischkenntnisse in Wort und Schrift.</b></h4>
</li></ul><h4 class=""jobSectionHeader""><b>Du erf&uuml;llst nicht alle Anforderungen? Kein Problem, bewirb Dich trotzdem! Wir pr&uuml;fen jede Bewerbung individuell und freuen uns darauf, Deine einzigartigen F&auml;higkeiten und Erfahrungen kennenzulernen.</b></h4></div></div><div><h2 class=""jobSectionHeader""><b>
Das bieten wir Dir</b></h2><div><div>
<ul><li><h4 class=""jobSectionHeader""><b>Job mit Sinn: </b><b>Wir verpassen dem Gesundheitssystem ein Update &ndash; Denk mit uns Gesundheit digital.</b></h4>
</li><li><h4 class=""jobSectionHeader""><b>Perspektive &amp; Entwicklung:</b><b> Bei uns erh&auml;ltst Du eine unbefristete Anstellung mit langfristigen Perspektiven. Wir bieten Dir nicht nur einen sicheren Arbeitsplatz, sondern auch vielf&auml;ltige Chancen zur pers&ouml;nlichen und beruflichen Weiterentwicklung &ndash; durch individuelle Weiterbildungen, das &bdquo;Mitarbeitende schulen Mitarbeitende&ldquo;-Programm, Workshops, Messen und Konferenzen.</b></h4>
</li><li><h4 class=""jobSectionHeader""><b>Agiles Arbeitsumfeld:</b><b> Bei uns liegt der Fokus auf abteilungs&uuml;bergreifendem Austausch und der Zusammenarbeit in crossfunktionalen Teams. Dabei stehen gemeinsames Lernen und die Freude an der Arbeit im Vordergrund.</b></h4>
</li><li><h4 class=""jobSectionHeader""><b>Benefits:</b><b> Neben einem attraktiven Gehalt bieten wir Dir 30 Tage Urlaub sowie zus&auml;tzlich freie Tage am 24.12. und 31.12., Gesundheits- und Sportangebote, Zuschuss zum Deutschlandticket, Mitarbeitendenevents, Corporate Benefits und vieles mehr.</b></h4>
</li><li><h4 class=""jobSectionHeader""><b>Mobiles Arbeiten:</b><b> Innerhalb Deutschlands ist mobiles Arbeiten m&ouml;glich, sowie eine bis zu 30-t&auml;gige Workation im europ&auml;ischen Ausland (EU, EWR, Schweiz).</b></h4>
</li><li><h4 class=""jobSectionHeader""><b>Work-Life-Balance:</b><b> Vereinbarkeit von Privatleben und Beruf ist uns wichtig, daher gestaltest Du Deine Arbeitszeit flexibel. Wir sind flexibel und gehen auf Deine individuellen Bed&uuml;rfnisse ein, einschlie&szlig;lich des Wiedereinstiegs nach der Elternzeit &ndash; gerne auch in Teilzeit, wenn es f&uuml;r Dich passt.</b></h4>
</li></ul></div><h4 class=""jobSectionHeader""><b>Wir freuen uns auf Dich!</b><br>
<br>
<b>Vielfalt macht uns stark! Deshalb haben alle Menschen bei uns die gleichen Chancen. Ganz egal ob weiblich, m&auml;nnlich, divers, mit Behinderung und unabh&auml;ngig von Alter, ethnischer oder religi&ouml;ser Zugeh&ouml;rigkeit oder ob Du nach einer Elternzeit wieder einsteigst. Dein Beitrag verbessert die Gesundheitsversorgung von morgen! Wir sind &uuml;berzeugt: Ein respektvolles, wertsch&auml;tzendes und offenes Miteinander ist die Grundlage, um das Gesundheitssystem erfolgreich zu digitalisieren.</b></h4></div></div></div>";"Wir wollen etwas bewegen – bist Du dabei? Wir sorgen dafür, dass über 80 Millionen Menschen in Deutschland von einer digitalen Gesundheitsversorgung profitieren können. Einige Produkte von uns, wie das eRezept oder die ePatientenakte (ePA), kennst Du vielleicht schon. Gestalte mit uns das Gesundheitssystem von morgen.
Dein Arbeitsbereich: Sicherheit
Unsere sensiblen Gesundheitsdaten verdienen effektiven Schutz. Die gematik gewährleistet den Datenschutz und die Datensicherheit von Anwendungen der Telematikinfrastruktur, wie zum Beispiel das eRezept oder die ePA. Unsere Expert:innen verantworten sowohl das sichere und datenschutzgerechte Design von Anwendungen als auch die Überwachung im laufenden Betrieb und die regelmäßigen Sicherheitsüberprüfungen. Dabei arbeiten sie in enger Abstimmung mit dem BSI und der BfDI. Werde Teil eines Teams mit Einfluss - Deine Sicherheitsexpertise zählt!
Deine Aufgaben
Von der Konzeption bis zur technischen Umsetzung: Du
entwickelst
die zentralen Themenfelder des Cyber Defense Centers (CDC) –
Security Monitoring, Vulnerability Management
sowie
Threat Intelligence
– kontinuierlich weiter.
Auf Basis strategischer Ziele und der zentralen Themenfelder des CDCs gestaltest Du die
Systemarchitektur
fortlaufend und sorgst durch
Automatisierung
und
KI‑Unterstützung
dafür, das Optimum im Zusammenspiel der CDC‑Tools herauszuholen.
Durch
einheitliche Datenmodelle
, optimale Vorverarbeitung sowie nahtlose Integration stellst Du sicher, dass aus Daten messbare Informationen und Mehrwerte entstehen.
Du bist die
zentrale Ansprechperson
für andere Fachbereiche sowie externe Partner:innen, Dienstleister und CERT‑Verbünde.
Gemeinsam mit Expert:innen identifizierst Du auf Basis von
Threat Modelling
und
Risikoanalysen
die erforderlichen Daten für ein effektives
Security Monitoring
.
Dein Profil
Abschluss:
Du hast einen Hochschulabschluss (Bachelor oder Master) oder eine abgeschlossene technische Berufsausbildung (z. B. Fachinformatiker/in Systemintegration).
Erfahrung:
Du bringst mehrjährige praktische Erfahrung in SIEM (vorzugsweise Splunk), EDR/XDR, Schwachstellenscannern, OSINT‑Tools und Programmiersprachen (u. a. Python) mit und hast eigene (Security‑)Projekte geleitet.
Tool- & Methodenkenntnisse:
Du arbeitest sicher mit gängigen Security‑Frameworks zum Threat Modelling (MITRE ATT&CK, STRIDE).
Arbeitsweise:
Du arbeitest teamorientiert, strukturiert und qualitätsbewusst.
Persönlichkeit:
Du hast eine hohe intrinsische Motivation sowie Lern‑ und Entwicklungsbereitschaft.
Sprache:
Du hast sehr gute Deutsch- und Englischkenntnisse in Wort und Schrift.
Du erfüllst nicht alle Anforderungen? Kein Problem, bewirb Dich trotzdem! Wir prüfen jede Bewerbung individuell und freuen uns darauf, Deine einzigartigen Fähigkeiten und Erfahrungen kennenzulernen.
Das bieten wir Dir
Job mit Sinn:
Wir verpassen dem Gesundheitssystem ein Update – Denk mit uns Gesundheit digital.
Perspektive & Entwicklung:
Bei uns erhältst Du eine unbefristete Anstellung mit langfristigen Perspektiven. Wir bieten Dir nicht nur einen sicheren Arbeitsplatz, sondern auch vielfältige Chancen zur persönlichen und beruflichen Weiterentwicklung – durch individuelle Weiterbildungen, das „Mitarbeitende schulen Mitarbeitende“-Programm, Workshops, Messen und Konferenzen.
Agiles Arbeitsumfeld:
Bei uns liegt der Fokus auf abteilungsübergreifendem Austausch und der Zusammenarbeit in crossfunktionalen Teams. Dabei stehen gemeinsames Lernen und die Freude an der Arbeit im Vordergrund.
Benefits:
Neben einem attraktiven Gehalt bieten wir Dir 30 Tage Urlaub sowie zusätzlich freie Tage am 24.12. und 31.12., Gesundheits- und Sportangebote, Zuschuss zum Deutschlandticket, Mitarbeitendenevents, Corporate Benefits und vieles mehr.
Mobiles Arbeiten:
Innerhalb Deutschlands ist mobiles Arbeiten möglich, sowie eine bis zu 30-tägige Workation im europäischen Ausland (EU, EWR, Schweiz).
Work-Life-Balance:
Vereinbarkeit von Privatleben und Beruf ist uns wichtig, daher gestaltest Du Deine Arbeitszeit flexibel. Wir sind flexibel und gehen auf Deine individuellen Bedürfnisse ein, einschließlich des Wiedereinstiegs nach der Elternzeit – gerne auch in Teilzeit, wenn es für Dich passt.
Wir freuen uns auf Dich!
Vielfalt macht uns stark! Deshalb haben alle Menschen bei uns die gleichen Chancen. Ganz egal ob weiblich, männlich, divers, mit Behinderung und unabhängig von Alter, ethnischer oder religiöser Zugehörigkeit oder ob Du nach einer Elternzeit wieder einsteigst. Dein Beitrag verbessert die Gesundheitsversorgung von morgen! Wir sind überzeugt: Ein respektvolles, wertschätzendes und offenes Miteinander ist die Grundlage, um das Gesundheitssystem erfolgreich zu digitalisieren.";Berlin;Berlin;Germany;52.51767;13.405538;Dr. med. Markus Leyck Dieken;https://media.glassdoor.com/people/sql/1258649/gematik-ceo1580203083578.png;Berlin, Deutschland;;;25 bis 100 Millionen $ (USD);201 bis 500 Mitarbeiter;Unbekannt;2005
42;1.00986E+12;Cyber Security Engineer (w/m/d) - Netzwerk Security mit Fortinet und E-Mail Security;Weingarten;252108;TÜV Rheinland Group;35;EUR;;;;;3.7;2025-10-01T00:00:00;Full-time;;;English, Cybersecurity, German, VPN;"<div><p>Stellen-ID: 14957</p><p>
T&Uuml;V Rheinland i-sec GmbH</p><p>
Unbefristet, Vollzeit
</p><div><div>K&ouml;ln, Hamburg, Aachen, Dresden, Essen, Hallbergmoos, Gelnhausen</div></div><div><p>
Ab sofort</p></div></div>
<br><div><h2 class=""jobSectionHeader""><b>T&auml;tigkeiten &amp; Verantwortlichkeiten</b></h2><ul><li><ul><li>Du arbeitest im Bereich Professional Services und bist verantwortlich f&uuml;r die technische Konzeption, Installation und Konfiguration von Netzwerktechnologien im Projektgesch&auml;ft, mit Schwerpunkt auf Komponenten des Herstellers Fortinet.
</li><li>Du entwickelst moderne Netzwerkdesigns f&uuml;r Neu- und Bestandskunden und bringst deine Expertise in interdisziplin&auml;re Teams ein.
</li><li>Du analysierst sicherheitsrelevante Ereignisse (Security Incidents) und &uuml;bernimmst das Monitoring und Auditing von Firewall-, VPN- und Network-Devices (physisch und virtuell).
</li><li>Du unterst&uuml;tzt Fachbereiche bei der Umsetzung von Sicherheitsrichtlinien, Best Practices und H&auml;rtungsma&szlig;nahmen. Zudem bist du im 2nd- und 3rd-Level-Support f&uuml;r Netzwerke und Firewalls t&auml;tig.
</li><li>Du &uuml;bernimmst Aufgaben im Bereich E-Mail Security und arbeitest dich gerne in neue Themenfelder ein.
</li><li>Du unterst&uuml;tzt unser Team auch bei Presales-Aktivit&auml;ten, etwa bei der technischen Beratung von Kunden und der Ausarbeitung von L&ouml;sungen.
</li></ul></li></ul><h2 class=""jobSectionHeader""><b>Erfahrung &amp; weitere Qualifikationen</b></h2><ul><li><ul><li>Abgeschlossene Ausbildung oder ein Studium mit IT-Fokus (z.B. Fachinformatik)</li><li>Mehrj&auml;hrige Erfahrung im Bereich Netzwerksicherheit und fundiertes Wissen &uuml;ber g&auml;ngige Netzwerk-Technologien
</li><li>Praktische Erfahrung mit Komponenten aus den Bereichen Fortinet Secure Networking und Fortinet User &amp; Device Security
</li><li>E-Mail Security ist dir vertraut und du bist motiviert, dein Wissen in diesem Bereich weiter zu vertiefen und Kundenprojekte zu begleiten</li><li>Verhandlungssichere Deutsch (C1)- und sehr gute Englischkenntnisse in Wort und Schrift</li></ul></li></ul></div>";"Stellen-ID: 14957
TÜV Rheinland i-sec GmbH
Unbefristet, Vollzeit
Köln, Hamburg, Aachen, Dresden, Essen, Hallbergmoos, Gelnhausen
Ab sofort
Tätigkeiten & Verantwortlichkeiten
Du arbeitest im Bereich Professional Services und bist verantwortlich für die technische Konzeption, Installation und Konfiguration von Netzwerktechnologien im Projektgeschäft, mit Schwerpunkt auf Komponenten des Herstellers Fortinet.
Du entwickelst moderne Netzwerkdesigns für Neu- und Bestandskunden und bringst deine Expertise in interdisziplinäre Teams ein.
Du analysierst sicherheitsrelevante Ereignisse (Security Incidents) und übernimmst das Monitoring und Auditing von Firewall-, VPN- und Network-Devices (physisch und virtuell).
Du unterstützt Fachbereiche bei der Umsetzung von Sicherheitsrichtlinien, Best Practices und Härtungsmaßnahmen. Zudem bist du im 2nd- und 3rd-Level-Support für Netzwerke und Firewalls tätig.
Du übernimmst Aufgaben im Bereich E-Mail Security und arbeitest dich gerne in neue Themenfelder ein.
Du unterstützt unser Team auch bei Presales-Aktivitäten, etwa bei der technischen Beratung von Kunden und der Ausarbeitung von Lösungen.
Erfahrung & weitere Qualifikationen
Abgeschlossene Ausbildung oder ein Studium mit IT-Fokus (z.B. Fachinformatik)
Mehrjährige Erfahrung im Bereich Netzwerksicherheit und fundiertes Wissen über gängige Netzwerk-Technologien
Praktische Erfahrung mit Komponenten aus den Bereichen Fortinet Secure Networking und Fortinet User & Device Security
E-Mail Security ist dir vertraut und du bist motiviert, dein Wissen in diesem Bereich weiter zu vertiefen und Kundenprojekte zu begleiten
Verhandlungssichere Deutsch (C1)- und sehr gute Englischkenntnisse in Wort und Schrift";Weingarten;North Rhine-Westphalia;Germany;50.933594;6.961899;Michael Fübi;https://media.glassdoor.com/people/sql/252108/tuv-rheinland-michael-fübi.png;Köln, Deutschland;Sicherheit & Zivilschutz;Management & Beratung;1 bis 5 Milliarden $ (USD);Mehr als 10.000 Mitarbeiter;Privatunternehmen;1872
43;1.00989E+12;DevOps Engineer - Cyber Defense Center (m/w/d);Niedernhall;12888;Würth IT GmbH;5;EUR;;;;;3.5;2025-10-01T00:00:00;Full-time;;;Azure, Ansible, DevOps, GitHub, Python;"<div><div><div><div><div><div><p>Hoch konzentriert, gesichert am Seil &#727; was am Berg den Gipfelsturm erm&ouml;glicht, das sind auch im Bereich W&uuml;rth Global Services wichtige Aspekte f&uuml;r die Entwicklung moderner, zukunftsorientierter Systeme. Wir unterst&uuml;tzen Unternehmen dabei, indem wir sie in ihren IT-L&ouml;sungen optimal ausstatten. Au&szlig;erdem sind wir daf&uuml;r zust&auml;ndig, dass die digitale Zusammenarbeit und die Systemkommunikation funktionieren. Dabei immer im Blick: die Informationssicherheit.</p>
</div></div><div><div><p>DEVOPS ENGINEER - CYBER DEFENSE CENTER (M/W/D)</p></div></div><div></div><div><div><p><br>
 </p></div></div><br>
<div><div>Niedernhall-Waldzimmern Festanstellung
</div></div><div><div><p>Let's do IT!</p><p>
F&uuml;r Probleme findest du meistens eine L&ouml;sung? Oder finden die L&ouml;sungen sogar dich? Wie du es auch drehst und wendest, du besch&auml;ftigst dich gerne mit technischen Herausforderungen, interessierst dich f&uuml;r die Details und hast kreative Ideen? Dann haben wir da ein paar spannende Aufgaben f&uuml;r dich. Du:</p><ul><li>
automatisierst die Pipelines zwischen GitHub Enterprise und unserer SIEM Umgebung inkl. der Betreuung und Verwaltung von lokalen runnern.</li><li>
administrierst und automatisierst die Infrastruktur- und Continuous Deployment-Prozessen und stellst den Betrieb sowie die kontinuierliche Weiterentwicklung der Systeme sicher.</li><li>
unterst&uuml;tzt beim Testen und der Bereitstellung von Azure-Diensten, einschlie&szlig;lich der Implementierung von Services, virtuellen Maschinen (VMs) und anderen Ressourcen in der Azure-Umgebung im Bezug auf unser Cyber Defense Center.</li><li>
planst, implementierst und betreibst die containerbasierte Infrastruktur und Applikationen auf Basis von OpenShift.</li><li>
arbeitest in Projekten zur Einf&uuml;hrung von neuen Technologien und Innovation innerhalb des Cyber Defense Centers.</li><li>
arbeitest eng mit den Security Analysten zusammen und bist als Teil des R&amp;D Teams an der Weiterentwicklung von Cybersicherheitssystemen innerhalb unseres Cyber Defense Center beteiligt.</li></ul><p>
Bring IT on!</p><p>
Du l&auml;sst die Tasten qualmen, wenn du programmierst? Sehr gut, wir haben standhaftes Equipment f&uuml;r dich, mit dem du deine Qualifikationen im Team einbringen kannst. Du:</p><ul><li>
hast ein erfolgreich abgeschlossenes IT- technisches oder Security-Studium oder eine abgeschlossene IT-technische Ausbildung bzw. eine vergleichbare Qualifikation.</li><li>
bringst eine drei- bis f&uuml;nfj&auml;hrige Berufserfahrung im Bereich DevOps mit und hast Lust dich in diesem Bereich weiterzuentwickeln.</li><li>
zeichnest dich durch deine selbstst&auml;ndige und strukturierte Arbeitsweise aus.</li><li>
hast Kenntnisse in Programmier- und Skriptsprachen wie Python, sowie Erfahrung mit Tools wie Ansible, Azure Pipelines, OpenShift Pipelines (Tectone) oder &auml;hnliche.</li><li>
hast Praxiserfahrung in der Administration und Verwaltung, sowie &Uuml;berwachung von Cloud Plattformen auf Basis von DevOps, sowie eine ausgepr&auml;gte DevOps Mentalit&auml;t.</li><li>
bist ein Teamplayer und hast Freude daran Themen gemeinsam voran zu bringen.</li><li>
Kenntnisse in der Konzeption und Administration von Github, OpenShift sowie Cloud-Services.</li></ul><p>
Get IT and be happy!</p><p>
Neben den st&auml;ndig neuen Tastaturen, einem super Team und einem sicheren Arbeitsplatz bieten wir dir noch mehr Benefits:</p><ul><li>
Unbefristetes Arbeitsverh&auml;ltnis</li><li>
Flexible Arbeitszeiten</li><li>
Mobile Working (in der Regel 3 Tage pro Woche)</li><li>
30 Tage Urlaub pro Jahr (bei Vollzeitbesch&auml;ftigung, bei verringerten Arbeitstagen anteilig)</li><li>
Variable Verg&uuml;tung</li><li>
Workation (bis zu 30 Tage pro Jahr, in ausgew&auml;hlten L&auml;ndern)</li><li>
Sabbatical (nach 3 Jahren Betriebszugeh&ouml;rigkeit)</li><li>
Moderne Arbeitsmittel</li><li>
Onboardingtag und individuelles Einarbeitungsprogramm</li><li>
Regelm&auml;&szlig;iger Obsttag an den meisten Standorten</li><li>
M&ouml;glichkeit zur Teilnahme am Fit mit W&uuml;rth Gesundheitsmanagement (Wellpass, 7Mind &amp; Lifesum)</li><li>
Gesundheitstage mit kostenloser Beratung von medizinischem Fachpersonal</li><li>
Angebot von Betriebssportgruppen an ausgew&auml;hlten Standorten</li><li>
Lauftreff unter Mitarbeitenden an ausgew&auml;hlten Standorten</li><li>
Karriereprogramme und -perspektiven</li><li>
Betriebliche Weiterentwicklungsm&ouml;glichkeiten, z. B. in der Akademie W&uuml;rth</li><li>
Unterst&uuml;tzung bei externen Weiterbildungen</li><li>
Interne F&uuml;hrungskr&auml;fteweiterbildung durch die W&uuml;rth Business Academy</li><li>
Flache Hierarchien &amp; eine wertsch&auml;tzende Firmenkultur</li><li>
Mitarbeitenden- und Kulturevents</li><li>
Verg&uuml;nstigungen (Mitarbeitenden-Shop, Corporate Benefits)</li><li>
Kostenlose Hei&szlig;- und Kaltgetr&auml;nke an den meisten Standorten</li><li>
Mitarbeitende werben Mitarbeitende-Programm</li><li>
Treuepr&auml;mie, Geburts- und Heiratsbeihilfe, Jubil&auml;umszuwendungen</li><li>
Erstattung von Umzugskosten unter bestimmten Voraussetzungen</li><li>
JobRad und JobTicket</li><li>
Angebot der Betriebskrankenkasse W&uuml;rth</li></ul>
</div></div></div></div></div><div><div><div><div><p>WE LOVE IT.
<br>
WE SHARE IT.
<br>
WE USE IT.
</p><p>Aus unseren Leidenschaften erwachsen unsere gr&ouml;&szlig;ten St&auml;rken. Wenn auch du f&uuml;r etwas brennst, freuen wir uns auf dein Talent. Denn Talente sind bei uns immer willkommen und Leidenschaft kann ansteckend sein. So wachsen wir zusammen und teilen, was uns ausmacht.
</p></div></div></div></div><div><div><div><div><div><div><div><div><p>Dein Standort: Niedernhall-Waldzimmern</p>
<p>W&uuml;rth IT GmbH<br>
W&uuml;rthstr. 2<br>
74676 Niedernhall-Waldzimmern<br>
+49 7940 930-0<br>
+49 7940 930-31000<br>
info@wuerth-it.com<br>
https://www.wuerth-it.com
</p></div></div></div></div></div><div></div><div><div><p>Deine Ansprechperson:</p>
</div></div><div></div><div><div><p>W&uuml;rth IT GmbH<br>
Personalrecruiting</p>
<div>Herr Ren&eacute; Schleich</div>
<p>07940 930-1881<br>
https://www.wuerth-it.com/karriere</p></div></div></div></div></div></div><p></p>";"Hoch konzentriert, gesichert am Seil ˗ was am Berg den Gipfelsturm ermöglicht, das sind auch im Bereich Würth Global Services wichtige Aspekte für die Entwicklung moderner, zukunftsorientierter Systeme. Wir unterstützen Unternehmen dabei, indem wir sie in ihren IT-Lösungen optimal ausstatten. Außerdem sind wir dafür zuständig, dass die digitale Zusammenarbeit und die Systemkommunikation funktionieren. Dabei immer im Blick: die Informationssicherheit.
DEVOPS ENGINEER - CYBER DEFENSE CENTER (M/W/D)
Niedernhall-Waldzimmern Festanstellung
Let's do IT!
Für Probleme findest du meistens eine Lösung? Oder finden die Lösungen sogar dich? Wie du es auch drehst und wendest, du beschäftigst dich gerne mit technischen Herausforderungen, interessierst dich für die Details und hast kreative Ideen? Dann haben wir da ein paar spannende Aufgaben für dich. Du:
automatisierst die Pipelines zwischen GitHub Enterprise und unserer SIEM Umgebung inkl. der Betreuung und Verwaltung von lokalen runnern.
administrierst und automatisierst die Infrastruktur- und Continuous Deployment-Prozessen und stellst den Betrieb sowie die kontinuierliche Weiterentwicklung der Systeme sicher.
unterstützt beim Testen und der Bereitstellung von Azure-Diensten, einschließlich der Implementierung von Services, virtuellen Maschinen (VMs) und anderen Ressourcen in der Azure-Umgebung im Bezug auf unser Cyber Defense Center.
planst, implementierst und betreibst die containerbasierte Infrastruktur und Applikationen auf Basis von OpenShift.
arbeitest in Projekten zur Einführung von neuen Technologien und Innovation innerhalb des Cyber Defense Centers.
arbeitest eng mit den Security Analysten zusammen und bist als Teil des R&D Teams an der Weiterentwicklung von Cybersicherheitssystemen innerhalb unseres Cyber Defense Center beteiligt.
Bring IT on!
Du lässt die Tasten qualmen, wenn du programmierst? Sehr gut, wir haben standhaftes Equipment für dich, mit dem du deine Qualifikationen im Team einbringen kannst. Du:
hast ein erfolgreich abgeschlossenes IT- technisches oder Security-Studium oder eine abgeschlossene IT-technische Ausbildung bzw. eine vergleichbare Qualifikation.
bringst eine drei- bis fünfjährige Berufserfahrung im Bereich DevOps mit und hast Lust dich in diesem Bereich weiterzuentwickeln.
zeichnest dich durch deine selbstständige und strukturierte Arbeitsweise aus.
hast Kenntnisse in Programmier- und Skriptsprachen wie Python, sowie Erfahrung mit Tools wie Ansible, Azure Pipelines, OpenShift Pipelines (Tectone) oder ähnliche.
hast Praxiserfahrung in der Administration und Verwaltung, sowie Überwachung von Cloud Plattformen auf Basis von DevOps, sowie eine ausgeprägte DevOps Mentalität.
bist ein Teamplayer und hast Freude daran Themen gemeinsam voran zu bringen.
Kenntnisse in der Konzeption und Administration von Github, OpenShift sowie Cloud-Services.
Get IT and be happy!
Neben den ständig neuen Tastaturen, einem super Team und einem sicheren Arbeitsplatz bieten wir dir noch mehr Benefits:
Unbefristetes Arbeitsverhältnis
Flexible Arbeitszeiten
Mobile Working (in der Regel 3 Tage pro Woche)
30 Tage Urlaub pro Jahr (bei Vollzeitbeschäftigung, bei verringerten Arbeitstagen anteilig)
Variable Vergütung
Workation (bis zu 30 Tage pro Jahr, in ausgewählten Ländern)
Sabbatical (nach 3 Jahren Betriebszugehörigkeit)
Moderne Arbeitsmittel
Onboardingtag und individuelles Einarbeitungsprogramm
Regelmäßiger Obsttag an den meisten Standorten
Möglichkeit zur Teilnahme am Fit mit Würth Gesundheitsmanagement (Wellpass, 7Mind & Lifesum)
Gesundheitstage mit kostenloser Beratung von medizinischem Fachpersonal
Angebot von Betriebssportgruppen an ausgewählten Standorten
Lauftreff unter Mitarbeitenden an ausgewählten Standorten
Karriereprogramme und -perspektiven
Betriebliche Weiterentwicklungsmöglichkeiten, z. B. in der Akademie Würth
Unterstützung bei externen Weiterbildungen
Interne Führungskräfteweiterbildung durch die Würth Business Academy
Flache Hierarchien & eine wertschätzende Firmenkultur
Mitarbeitenden- und Kulturevents
Vergünstigungen (Mitarbeitenden-Shop, Corporate Benefits)
Kostenlose Heiß- und Kaltgetränke an den meisten Standorten
Mitarbeitende werben Mitarbeitende-Programm
Treueprämie, Geburts- und Heiratsbeihilfe, Jubiläumszuwendungen
Erstattung von Umzugskosten unter bestimmten Voraussetzungen
JobRad und JobTicket
Angebot der Betriebskrankenkasse Würth
WE LOVE IT.
WE SHARE IT.
WE USE IT.
Aus unseren Leidenschaften erwachsen unsere größten Stärken. Wenn auch du für etwas brennst, freuen wir uns auf dein Talent. Denn Talente sind bei uns immer willkommen und Leidenschaft kann ansteckend sein. So wachsen wir zusammen und teilen, was uns ausmacht.
Dein Standort: Niedernhall-Waldzimmern
Würth IT GmbH
Würthstr. 2
74676 Niedernhall-Waldzimmern
+49 7940 930-0
+49 7940 930-31000
info@wuerth-it.com
https://www.wuerth-it.com
Deine Ansprechperson:
Würth IT GmbH
Personalrecruiting
Herr René Schleich
07940 930-1881
https://www.wuerth-it.com/karriere";Niedernhall;Baden-Württemberg;Germany;49.29566;9.614213;Robert Friedmann;https://media.glassdoor.com/people/sql/12888/würth-robert-friedmann.png;Künzelsau, Deutschland;IT-Kundenbetreuung;Informationstechnologie;Unbekannt/Nicht zutreffend;51 bis 200 Mitarbeiter;Privatunternehmen;1945
44;1.00986E+12;CYBER DEFENCE ENGINEER (D/F/M);München;3059;Airbus Protect GmbH;40;EUR;;;;;4.2;2025-09-27T00:00:00;Full-time;;;CI/CD, Azure, Windows, Scripting, Linux, Cybersecurity, Python, PowerShell;"<div><p><b>Job Description:
 </b></p><p><b>Tasks:
</b></p><ul><li><p>Integration of customer systems and data into Airbus Protect's MSSP tool and platform landscape
</p></li><li><p>Supporting in day-to-day operational tasks within the Managed Security Service (MSS)
</p></li><li><p>Assist in deploying and configuring foundational Azure resources for new customers or for internal stakeholders
</p></li><li><p>Capturing and analyzing specific customer requirements
</p></li><li><p>Assisting in the creation of customer documentation
</p></li><li><p>Supporting operational task and trouble shooting in relation to new customer deployment and own cloud infrastructure
</p></li><li><p>Act as a technical point of contact during the customer onboarding phase, providing support for connectivity and configuration issues to ensure a smooth transition
</p></li><li><p>Onboard customers into our security services by deploying and connecting Azure Sentinel and Microsoft Defender for Cloud, ensuring log data from critical sources is successfully ingested
</p></li><li><p>Supporting User Account Management
</p></li></ul><p></p><p><b>Required qualification:
</b></p><p>The work task requires knowledge and skills, which are usually acquired through a relevant, completed vocational training of at least three years in the area Cyber Security, Computer Science, Information Technology or similar or comparable training and extensive subject-specific additional qualifications. Knowledge and skills that are usually acquired through qualified further training (e. g. technicians) are treated equally. The overall knowledge and experience required may have been acquired in other ways
</p><p></p><p><b>Required expertise and skills:
</b></p><ul><li><p>Knowledge and experience in the above-mentioned areas of responsibility
</p></li><li><p>Experience in security engineering Windows/AD, Linux, Network and Cloud technologies
</p></li><li><p>Knowledge and experience with Azure Cloud Operations &amp; Administration ,
</p></li><li><p>Experience in popular programming/scripting language e.g. Python, Bash, Powershell, and DevOps, CI/CD pipeline
</p></li><li><p>A results-driven mentality with the personal initiative to drive projects forward from concept to completion. You are able to navigate ambiguity and start working effectively even when instructions are not perfectly defined
</p></li><li><p>A curious and constructively challenging mindset, constantly seeking to improve processes and proposing innovative solutions. You have exceptional analytical skills to solve complex problems under pressure.
</p></li><li><p>A collaborative team player who thrives in a dynamic and transnational environment and is committed to sharing knowledge to elevate the team's collective expertise
</p></li><li><p>Very good written and spoken German and English skills
</p></li><li><p>Willingness for occasional business trips at home and abroad
</p></li></ul><p></p><p><b>Location </b><b>:
</b></p><p>Our location is just a stone's throw away from Munich, the beautiful state capital of Bavaria. Do you like sports and other outdoor activities? The Alps and Lake Starnberg are just an hour away and offer a wide range of leisure activities.
</p><p></p><p><b>Your advantages </b>:
</p><ul><li><p>Mobile working and flexible working hours
</p></li><li><p>Fair and attractive remuneration and special payments
</p></li><li><p>30 days' holiday and additional days off for special occasions
</p></li><li><p>Intensive induction and expert support as part of onboarding in the form of personalized onboarding with a personal mentor
</p></li><li><p>Excellent training opportunities and promising development prospects
</p></li><li><p>Attractive social benefits and offers, including employer-financed pension scheme, employee share options, discounted car leasing, bike leasing, special conditions for insurance, employee benefits at cooperating companies
</p></li><li><p>On-site facilities (depending on location) e. g. canteen and cafeteria, fitness studio, on-site kindergarten, company medical service and other health-related services
</p></li></ul><p></p><p>This job requires an awareness of any potential compliance risks and a commitment to act with integrity, as the foundation for the Company&rsquo;s success, reputation and sustainable growth.
</p><p></p><p><b>Company:
</b></p>Airbus Protect GmbH
<p></p><p><b>Contract Type:
</b></p>Permanent
<p></p><p><b>Experience Level:
</b></p>Entry Level
<p></p><p><b>Job Family:
</b></p>Cyber Security &lt;JF-CG-ST&gt;
<p></p><p>By submitting your CV or application you are consenting to Airbus using and storing information about you for monitoring purposes relating to your application or future employment. This information will only be used by Airbus.
<br>
Airbus is committed to achieving workforce diversity and creating an inclusive working environment. We welcome all applications irrespective of social and cultural background, age, gender, disability, sexual orientation or religious belief.
</p><p>Airbus is, and always has been, committed to equal opportunities for all. As such, we will never ask for any type of monetary exchange in the frame of a recruitment process. Any impersonation of Airbus to do so should be reported to emsom@airbus.com .
</p><p></p><p>At Airbus, we support you to work, connect and collaborate more easily and flexibly. Wherever possible, we foster flexible working arrangements to stimulate innovative thinking.</p></div>";"Airbus Protect GmbH
Permanent
Entry Level
Cyber Security <JF-CG-ST>
Job Description:
Tasks:
Integration of customer systems and data into Airbus Protect's MSSP tool and platform landscape
Supporting in day-to-day operational tasks within the Managed Security Service (MSS)
Assist in deploying and configuring foundational Azure resources for new customers or for internal stakeholders
Capturing and analyzing specific customer requirements
Assisting in the creation of customer documentation
Supporting operational task and trouble shooting in relation to new customer deployment and own cloud infrastructure
Act as a technical point of contact during the customer onboarding phase, providing support for connectivity and configuration issues to ensure a smooth transition
Onboard customers into our security services by deploying and connecting Azure Sentinel and Microsoft Defender for Cloud, ensuring log data from critical sources is successfully ingested
Supporting User Account Management
Required qualification:
The work task requires knowledge and skills, which are usually acquired through a relevant, completed vocational training of at least three years in the area Cyber Security, Computer Science, Information Technology or similar or comparable training and extensive subject-specific additional qualifications. Knowledge and skills that are usually acquired through qualified further training (e. g. technicians) are treated equally. The overall knowledge and experience required may have been acquired in other ways
Required expertise and skills:
Knowledge and experience in the above-mentioned areas of responsibility
Experience in security engineering Windows/AD, Linux, Network and Cloud technologies
Knowledge and experience with Azure Cloud Operations & Administration ,
Experience in popular programming/scripting language e.g. Python, Bash, Powershell, and DevOps, CI/CD pipeline
A results-driven mentality with the personal initiative to drive projects forward from concept to completion. You are able to navigate ambiguity and start working effectively even when instructions are not perfectly defined
A curious and constructively challenging mindset, constantly seeking to improve processes and proposing innovative solutions. You have exceptional analytical skills to solve complex problems under pressure.
A collaborative team player who thrives in a dynamic and transnational environment and is committed to sharing knowledge to elevate the team's collective expertise
Very good written and spoken German and English skills
Willingness for occasional business trips at home and abroad
Location
:
Our location is just a stone's throw away from Munich, the beautiful state capital of Bavaria. Do you like sports and other outdoor activities? The Alps and Lake Starnberg are just an hour away and offer a wide range of leisure activities.
:
Your advantages
Mobile working and flexible working hours
Fair and attractive remuneration and special payments
30 days' holiday and additional days off for special occasions
Intensive induction and expert support as part of onboarding in the form of personalized onboarding with a personal mentor
Excellent training opportunities and promising development prospects
Attractive social benefits and offers, including employer-financed pension scheme, employee share options, discounted car leasing, bike leasing, special conditions for insurance, employee benefits at cooperating companies
On-site facilities (depending on location) e. g. canteen and cafeteria, fitness studio, on-site kindergarten, company medical service and other health-related services
This job requires an awareness of any potential compliance risks and a commitment to act with integrity, as the foundation for the Company’s success, reputation and sustainable growth.
Company:
Contract Type:
Experience Level:
Job Family:
By submitting your CV or application you are consenting to Airbus using and storing information about you for monitoring purposes relating to your application or future employment. This information will only be used by Airbus.
Airbus is committed to achieving workforce diversity and creating an inclusive working environment. We welcome all applications irrespective of social and cultural background, age, gender, disability, sexual orientation or religious belief.
Airbus is, and always has been, committed to equal opportunities for all. As such, we will never ask for any type of monetary exchange in the frame of a recruitment process. Any impersonation of Airbus to do so should be reported to emsom@airbus.com .
At Airbus, we support you to work, connect and collaborate more easily and flexibly. Wherever possible, we foster flexible working arrangements to stimulate innovative thinking.";München;Bayern;Germany;48.13704;11.575529;Guillaume Faury;https://media.glassdoor.com/people/sql/3059/airbus-ceo1557757796518.png;Toulouse, Frankreich;Luftfahrt & Verteidigung;Luft- & Raumfahrt, Verteidigung;Mehr als 10 Milliarden $ (USD);Mehr als 10.000 Mitarbeiter;Aktiengesellschaft;1970
45;1.00985E+12;Senior Cyber Security Engineer (gn);Stuttgart;1054837;Boerse Stuttgart Group;46;EUR;;;;;4;2025-09-21T00:00:00;Full-time;;;Information security, IT, Cybersecurity, Leadership;"<div><div>At the Boerse Stuttgart Group, we are the sixth-largest stock exchange group in Europe with strategic pillars in the capital markets business as well as in the digital and crypto business. In the capital markets sector, we operate stock exchanges in Germany, Sweden, and Switzerland, and CATS, a European over-the-counter trading network. The group also includes EUWAX AG, an internationally active broker.</div>
<div><b>
Pioneers #Disruption #Blockchain #Tokenized Assets #Europe</b>. Are you interested in these terms? Then you've come to the right place. The Stuttgart Stock Exchange Group aims to revolutionize existing capital markets and create an open, unified capital market union in Europe through the use of blockchain technology. With the newly founded fintech Seturion in Stuttgart and BX Digital in Zurich, we are developing an innovative, pan-European and future-proof solution for the capital market. We work at the nexus of traditional financial services and new blockchain technologies.</div><br>
<div></div>
<h4 class=""jobSectionHeader""><b>
Your Role</b></h4><br>
<div></div>
<div>
As <b>Senior Cyber Security Engineer</b>, you will report directly to our CTO and build a <b>holistic IT security function</b> with equal focus on the <b>confidentiality, integrity, and availability</b> of data and IT systems, alongside the specific challenges of cybersecurity.</div><div><br>
While the gradual build-up and leadership of the IT Security team is part of your responsibilities, we are looking for someone who does not see this primarily as a management role. Instead, you bring a <b>hands-on IT security perspective</b> based on solid experience as an engineer. You are not afraid to intervene in processes, enforce necessary adjustments, and take ownership of key security operations.</div><div><br>
This role gives a passionate IT security leader the opportunity and authority to thrive in a technically challenging environment where your contribution is seen as <b>absolutely critical to the company&rsquo;s success.</b></div><div><br>
Would you like to actively shape the digital future of a leading financial company? Then apply now and become part of our team! We look forward to receiving your application.</div><br>
<div></div>
<h4 class=""jobSectionHeader""><b>
Your Tasks</b></h4><div></div><ul><li><b><br>
IT security framework &amp; policies:</b> Implement and oversee the company&rsquo;s IT security framework, define policies, standards, and key controls, and ensure they are applied consistently across all systems and processes.</li><li><b><br>
Cybersecurity by design:</b> Integrate security into every phase of the system development life cycle (SecDevOps), ensuring security is a core element of product and platform design.</li><li><b><br>
Risk &amp; compliance management:</b> Continuously evaluate the company&rsquo;s IT risk posture, conduct risk analyses, and ensure compliance with relevant regulations and industry standards (e.g., DORA, BAIT).</li><li><b><br>
Business continuity:</b> Manage business continuity planning and disaster recovery, ensuring resilience of critical systems.</li><li><b><br>
Operational security responsibilities:</b> Take ownership of access management, monitoring of security-critical systems, and other high-trust security tasks.</li><li><b><br>
Certifications &amp; audits:</b> Lead IT security certification initiatives and support audits with internal and external stakeholders.</li><li><b><br>
Incident response:</b> Direct incident management and crisis response, coordinating immediate actions and long-term remediation.</li><li><b><br>
Culture &amp; awareness:</b> Drive cybersecurity awareness and training programs, fostering a company-wide culture of strong security practices.</li><li><b><br>
Ownership:</b> Take ownership of IT security initiatives and align with group-wide policies, with the opportunity to build, mentor, and lead a high-performing team as the function grows.</li><li><b><br>
External engagement:</b> Represent the company on IT security topics in collaboration with partners, clients, auditors, and regulators.</li></ul><br>
<div></div>
<h4 class=""jobSectionHeader""><b>
What You Bring to the Table</b></h4><div></div><ul><li><b><br>
Experience:</b> At least 5 years of professional experience in information security, ideally in a regulated environment (finance or crypto preferred), with exposure to both hands-on engineering and some leadership responsibility.</li><li><b><br>
Engineering background:</b> Solid working experience as a systems engineer with strong technical expertise in IT infrastructure, networking, and cybersecurity technologies (e.g., firewalls, intrusion detection/prevention systems, VPNs, authentication, encryption).</li><li><b><br>
Frameworks &amp; standards</b>: Familiarity with major security frameworks and regulatory requirements, including ISO 27001, NIST Cybersecurity Framework, SOC II, CIS Controls, GDPR, DORA, BAIT, and NIS2; proven ability to implement or work with certification processes.</li><li><b><br>
Certifications:</b> Professional security certifications such as CISSP, CISM, CISA, or equivalent are highly desirable.</li><li><b><br>
Education:</b> University degree in computer science, information security, or a related technical field (or equivalent practical experience).</li><li><b><br>
Languages:</b> Fluency in English (written and spoken) is required; German skills are a strong plus.</li><li><b><br>
Strategic mindset:</b> Ability to combine a hands-on, operational approach with a forward-looking view to align security measures with business objectives.</li><li><b><br>
Startup drive:</b> Pragmatic, solution-oriented, and willing to go the extra mile in a fast-paced environment where initiative and accountability are valued.</li></ul><br>
<div></div>
<h4 class=""jobSectionHeader""><b>
What We Offer You</b></h4><div></div><ul><li><b><br>
Dynamic and Innovative Environment:</b> Work in the midst of a dynamic, fast-growing, and innovative sector of Digital Assets</li><li><b><br>
Challenging Tasks:</b> Engage in exciting activities with opportunities for personal and professional development</li><li><b><br>
Attractive Compensation:</b> Competitive remuneration that rewards success and performance</li><li><b><br>
Modern Hybrid Work Environment:</b> Hybrid work opportunities in Stuttgart, Berlin, or Frankfurt with flexible working hours.</li><li><b><br>
Additional Benefits:</b> Perks such as bike leasing, Workflex (up to 20 days/year working in a European country of your choice), and 30 days of vacation, plus extra days off on December 24th and 31st.</li><li><b><br>
Excellent Network:</b> Access to a network of leading financial institutions and key players in the financial market.</li></ul><br>
<div></div>
<h4 class=""jobSectionHeader""><b>
Join our team and become part of our success story!</b></h4></div>";"At the Boerse Stuttgart Group, we are the sixth-largest stock exchange group in Europe with strategic pillars in the capital markets business as well as in the digital and crypto business. In the capital markets sector, we operate stock exchanges in Germany, Sweden, and Switzerland, and CATS, a European over-the-counter trading network. The group also includes EUWAX AG, an internationally active broker.
. Are you interested in these terms? Then you've come to the right place. The Stuttgart Stock Exchange Group aims to revolutionize existing capital markets and create an open, unified capital market union in Europe through the use of blockchain technology. With the newly founded fintech Seturion in Stuttgart and BX Digital in Zurich, we are developing an innovative, pan-European and future-proof solution for the capital market. We work at the nexus of traditional financial services and new blockchain technologies.
Pioneers #Disruption #Blockchain #Tokenized Assets #Europe
Your Role
As
, you will report directly to our CTO and build a
with equal focus on the
of data and IT systems, alongside the specific challenges of cybersecurity.
Senior Cyber Security Engineer
holistic IT security function
confidentiality, integrity, and availability
While the gradual build-up and leadership of the IT Security team is part of your responsibilities, we are looking for someone who does not see this primarily as a management role. Instead, you bring a
based on solid experience as an engineer. You are not afraid to intervene in processes, enforce necessary adjustments, and take ownership of key security operations.
hands-on IT security perspective
This role gives a passionate IT security leader the opportunity and authority to thrive in a technically challenging environment where your contribution is seen as
absolutely critical to the company’s success.
Would you like to actively shape the digital future of a leading financial company? Then apply now and become part of our team! We look forward to receiving your application.
Your Tasks
Implement and oversee the company’s IT security framework, define policies, standards, and key controls, and ensure they are applied consistently across all systems and processes.
IT security framework & policies:
Integrate security into every phase of the system development life cycle (SecDevOps), ensuring security is a core element of product and platform design.
Cybersecurity by design:
Continuously evaluate the company’s IT risk posture, conduct risk analyses, and ensure compliance with relevant regulations and industry standards (e.g., DORA, BAIT).
Risk & compliance management:
Manage business continuity planning and disaster recovery, ensuring resilience of critical systems.
Business continuity:
Take ownership of access management, monitoring of security-critical systems, and other high-trust security tasks.
Operational security responsibilities:
Lead IT security certification initiatives and support audits with internal and external stakeholders.
Certifications & audits:
Direct incident management and crisis response, coordinating immediate actions and long-term remediation.
Incident response:
Drive cybersecurity awareness and training programs, fostering a company-wide culture of strong security practices.
Culture & awareness:
Take ownership of IT security initiatives and align with group-wide policies, with the opportunity to build, mentor, and lead a high-performing team as the function grows.
Ownership:
Represent the company on IT security topics in collaboration with partners, clients, auditors, and regulators.
External engagement:
What You Bring to the Table
At least 5 years of professional experience in information security, ideally in a regulated environment (finance or crypto preferred), with exposure to both hands-on engineering and some leadership responsibility.
Experience:
Solid working experience as a systems engineer with strong technical expertise in IT infrastructure, networking, and cybersecurity technologies (e.g., firewalls, intrusion detection/prevention systems, VPNs, authentication, encryption).
Engineering background:
: Familiarity with major security frameworks and regulatory requirements, including ISO 27001, NIST Cybersecurity Framework, SOC II, CIS Controls, GDPR, DORA, BAIT, and NIS2; proven ability to implement or work with certification processes.
Frameworks & standards
Professional security certifications such as CISSP, CISM, CISA, or equivalent are highly desirable.
Certifications:
University degree in computer science, information security, or a related technical field (or equivalent practical experience).
Education:
Fluency in English (written and spoken) is required; German skills are a strong plus.
Languages:
Ability to combine a hands-on, operational approach with a forward-looking view to align security measures with business objectives.
Strategic mindset:
Pragmatic, solution-oriented, and willing to go the extra mile in a fast-paced environment where initiative and accountability are valued.
Startup drive:
What We Offer You
Work in the midst of a dynamic, fast-growing, and innovative sector of Digital Assets
Dynamic and Innovative Environment:
Engage in exciting activities with opportunities for personal and professional development
Challenging Tasks:
Competitive remuneration that rewards success and performance
Attractive Compensation:
Hybrid work opportunities in Stuttgart, Berlin, or Frankfurt with flexible working hours.
Modern Hybrid Work Environment:
Perks such as bike leasing, Workflex (up to 20 days/year working in a European country of your choice), and 30 days of vacation, plus extra days off on December 24th and 31st.
Additional Benefits:
Access to a network of leading financial institutions and key players in the financial market.
Excellent Network:
Join our team and become part of our success story!";Stuttgart;Baden-Württemberg;Germany;48.775818;9.177734;;;Berlin, Deutschland;Börse;Finanzen;Unbekannt/Nicht zutreffend;Unbekannt;Aktiengesellschaft;
46;1.00988E+12;Cyber Security Engineer (w/m/d);Frankfurt am Main;1786724;Apleona;13;EUR;;;;;3.4;2025-09-23T00:00:00;Full-time;;;Azure, English, Cybersecurity;"<div></div><div><div><div><div><h1 class=""jobSectionHeader""><b>Cyber Security Engineer (w/m/d)</b></h1>
<p>Apleona GmbH &bull; Frankfurt am Main
</p></div></div></div><div></div><div><div><div><b>Merken
</b></div></div><div><div><b>Bewerben</b></div><b>
</b></div></div><div><div><div><div><h3 class=""jobSectionHeader""><b>IT &amp; Digitalisierung</b></h3>
<div><div><p>Unsere IT- und Digitalisierungsteams gestalten die Zukunft unseres Unternehmens mit innovativen Technologien und smarten L&ouml;sungen. Ob Softwareentwicklung, Systemadministration oder IT-Support &ndash; wir treiben die digitale Transformation voran. Sie sind technikaffin, analytisch und haben Freude an digitalen Innovationen? Dann sind Sie bei uns genau richtig. Bewerben Sie sich jetzt!</p>
</div></div></div></div></div></div><div></div><div><div><div><div><div><div><p>Frankfurt am Main</p>
</div></div><div></div><div><div>ab sofort</div>
</div></div><div>Stellen-ID: 23620<br>
<p></p>
<p><br>
Verst&auml;rken Sie unser Team und gestalten Sie gemeinsam mit uns Ihre Zukunft!<br>
Wir &ndash; die <b>Apleona GmbH</b> &ndash; suchen f&uuml;r unseren Standort in <b>Neu-Isenburg bei Frankfurt am Main, Berlin oder M&uuml;nchen</b><br>
<b>Cyber Security Engineer (w/m/d)</b><b> - JobID </b><b>23620</b></p><br>
<p><b>
Unsere APLEONA Pluspunkte:</b></p>
<p><b>
#realisingyourindividualpotential </b>Apleona ist auf Wachstumskurs - werden Sie Teil unserer Erfolgsgeschichte. Sie treffen auf spannende Aufgaben, flache Hierarchien und ein dynamisches Arbeitsumfeld, in dem Vielfalt und Gleichberechtigung gef&ouml;rdert wird.</p>
<ul>
<li>Onboarding: Strukturiertes und individuell abgestimmtes Onboarding, F&ouml;rderung der schnellen Teamintegration durch Ihre F&uuml;hrungskraft, Teambuilding-Ma&szlig;nahmen</li>
<li>Work-Life-Balance: Flexible Arbeitszeiten und -modelle, Mobiles Arbeiten, Vereinbarung von Beruf und Familie, 30 Tage Urlaub (im Tarifvertrag Weihnachten und Silvester arbeitsfrei)</li>
<li>Weiterentwicklung: F&ouml;rderung der individuellen Weiterentwicklung durch j&auml;hrliche Zielvereinbarungsgespr&auml;che, Apleona-Weiterbildungsprogramme, Weiterentwicklungsm&ouml;glichkeiten innerhalb der Apleona Gruppe</li>
<li>Gesundheit und Fitness: Gesundheitstage, verg&uuml;nstigte Fitnessstudio-Mitgliedschaften, Jobrad-Leasing f&uuml;r Ihr pers&ouml;nliches Training oder den Weg zur Arbeit, gemeinsame Firmenl&auml;ufe</li>
<li>Mitarbeiter werben Mitarbeiter: Pr&auml;mienauszahlung - wir honorieren Mitarbeiterempfehlungen aus Ihrem privaten Netzwerk</li><br>
</ul>
<p><b>Das machen Sie bei uns:</b>
</p><ul><li>Entwicklung, Aufbau und Betrieb von SIEM-L&ouml;sungen und die kontinuierliche Pflege eines sich im Aufbau befindlichen SIEM-Systems (z. B. Integration neuer Security-Produkte, etc.)</li>
<li>Betrieb und Pflege von End-Point-Protection-L&ouml;sungen (EDR), insbesondere Erfahrung mit Crowdstrike, Umsetzung und Monitoring von Schutzma&szlig;nahmen</li>
<li>Schwachstellenmanagement: Identifikation, Bewertung und Management von Schwachstellen in Client-/Server-Umgebungen</li>
<li>Durchf&uuml;hrung von Cloud Security Ma&szlig;nahmen, idealerweise mit praktischer Erfahrung in Azure oder vergleichbaren Plattformen</li>
<li>Mitarbeit bei E-Mail Security Monitoring sowie Incident Response und Forensik-Bearbeitung bei Bedarf</li>
<li>Ticketbearbeitung zu eingehenden Security-Vorf&auml;llen und technischen St&ouml;rungen</li>
<li>Optional: Mitwirkung an der Integration neuer Security-Produkte und Security-Strategie sowie Nachweis von Security-Zertifikaten (CISSP, CompTIASecurity+, etc.)</li></ul><br>
<p><br>
<b>Das w&uuml;nschen wir uns von Ihnen:</b></p>
<ul>
<li>Abgeschlossenes IT-Studium oder vergleichbare Ausbildung</li>
<li>Nachweisbare Erfahrung in der Entwicklung, Pflege und dem Betrieb von SIEM- und EDR-L&ouml;sungen</li>
<li>Fundiertes Wissen im Bereich Schwachstellenmanagement und Bewertung von Zero-Day-Schwachstellen sowie Client-/Server-Strukturen</li>
<li>Erfahrungen mit Crowdstrike w&uuml;nschenswert</li>
<li>Gute Kenntnisse in der englischen Sprache</li>
<li>Optional: Praktische Cloud-Erfahrung, insbesondere im Security Bereich</li></ul><br>
<p><br>
<b>Interessiert? Werden Sie Teil unseres Teams!</b><br>
<br>
Wir leben Vielfalt und Chancengleichheit. Wir freuen uns daher &uuml;ber alle qualifizierten Bewerbungen unabh&auml;ngig von Geschlecht, ethnischer Herkunft, Religion, sexueller Orientierung, Alter oder etwaigen Beeintr&auml;chtigungen.<br>
<br>
<b>Bewerben Sie sich in nur wenigen Klicks &uuml;ber das Bewerbungsformular!</b></p><p><br>
<b>
Wir freuen uns auf Ihre Bewerbung!</b><br>
<br>
<b>Ansprechpartner:</b><br>
<b>Katharina Albert</b><br>
+49 15254873739<br>
</p><p>Wir bitten Personalberater und -dienstleister von einer Kontaktaufnahme abzusehen. Die angegebenen Kontaktdaten sind ausschlie&szlig;lich f&uuml;r Bewerbende gedacht.</p></div>
</div></div></div><div><div><div><div><h2 class=""jobSectionHeader""><b>&#12644;</b></h2>
</div><div><div><div><div><div><p><b>&#12644;</b></p>
<div><p>Bitte nutzen Sie ausschlie&szlig;lich die Funktion unserer Online-Bewerbung. Per Post eingesandte Unterlagen k&ouml;nnen aus organisatorischen Gr&uuml;nden nicht zur&uuml;ckgesendet werden.</p>
</div></div></div></div></div></div></div></div></div><div><div><div><div><h2 class=""jobSectionHeader""><b>ARBEITEN BEI APLEONA: LOHNT SICH!</b></h2>
</div><div></div><div><div><div><h3 class=""jobSectionHeader""><b>Gemeinsam f&uuml;r ein besseres Morgen:</b></h3>
<p>Wir er&ouml;ffnen Ihnen die M&ouml;glichkeit, Nachhaltigkeit aktiv mitzugestalten und Ihre Karriere in einem zukunftsorientierten Umfeld zu entfalten. Unser Engagement im Klima- und Umweltschutz bietet sinnvolle Jobs mit Perspektive.</p>
</div></div><div></div><div><div><h3 class=""jobSectionHeader""><b>Sicherheit ist Wohlbefinden:</b></h3>
<p>Erleben Sie Sicherheit und Planbarkeit f&uuml;r Ihre Zukunft. Bei uns erwarten Sie eine unbefristete Anstellung und optimale Rahmenbedingungen f&uuml;r eine langfristige Karriereplanung, sowohl f&uuml;r Sie als auch f&uuml;r Ihre Familie.</p>
</div></div><div></div><div><div><h3 class=""jobSectionHeader""><b>Angebote und Rabatte:</b></h3>
<p>Profitieren Sie von vielf&auml;ltigen Vorteilen bei Apleona: Ob Jobrad, Fitnessstudio oder exklusive Corporate Benefits, wir unterst&uuml;tzen Sie umfassend, um Ihr Berufs- und Privatleben zu bereichern.</p>
</div></div><div></div><div><div><h3 class=""jobSectionHeader""><b>Facility Management trifft Fortschritt</b></h3>
<p>Gro&szlig;e M&uuml;hlen mahlen langsam? Nicht bei uns! Facility Management ist eine innovative Branche und bietet diverse M&ouml;glichkeiten, die eigenen Ideen einzubringen und effizient umzusetzen.</p>
</div></div></div></div></div></div><div><p><b>Ansprechpartner</b></p>
<div><div><div><div><div><h3 class=""jobSectionHeader""><div><b>Katharina Albert</b></div></h3>
</div></div></div></div></div></div><p></p><div><div><div><h3 class=""jobSectionHeader""><b>IN 2 MINUTEN ZU IHRER FERTIGEN BEWERBUNG.</b></h3>
<div><b>Jetzt bewerben</b></div></div></div></div></div>";"Cyber Security Engineer (w/m/d)
Apleona GmbH • Frankfurt am Main
Merken
Bewerben
IT & Digitalisierung
Unsere IT- und Digitalisierungsteams gestalten die Zukunft unseres Unternehmens mit innovativen Technologien und smarten Lösungen. Ob Softwareentwicklung, Systemadministration oder IT-Support – wir treiben die digitale Transformation voran. Sie sind technikaffin, analytisch und haben Freude an digitalen Innovationen? Dann sind Sie bei uns genau richtig. Bewerben Sie sich jetzt!
Frankfurt am Main
ab sofort
Stellen-ID: 23620
Verstärken Sie unser Team und gestalten Sie gemeinsam mit uns Ihre Zukunft!
Wir – die
– suchen für unseren Standort in
Apleona GmbH
Neu-Isenburg bei Frankfurt am Main, Berlin oder München
Cyber Security Engineer (w/m/d)
- JobID
23620
Unsere APLEONA Pluspunkte:
Apleona ist auf Wachstumskurs - werden Sie Teil unserer Erfolgsgeschichte. Sie treffen auf spannende Aufgaben, flache Hierarchien und ein dynamisches Arbeitsumfeld, in dem Vielfalt und Gleichberechtigung gefördert wird.
#realisingyourindividualpotential
Onboarding: Strukturiertes und individuell abgestimmtes Onboarding, Förderung der schnellen Teamintegration durch Ihre Führungskraft, Teambuilding-Maßnahmen
Work-Life-Balance: Flexible Arbeitszeiten und -modelle, Mobiles Arbeiten, Vereinbarung von Beruf und Familie, 30 Tage Urlaub (im Tarifvertrag Weihnachten und Silvester arbeitsfrei)
Weiterentwicklung: Förderung der individuellen Weiterentwicklung durch jährliche Zielvereinbarungsgespräche, Apleona-Weiterbildungsprogramme, Weiterentwicklungsmöglichkeiten innerhalb der Apleona Gruppe
Gesundheit und Fitness: Gesundheitstage, vergünstigte Fitnessstudio-Mitgliedschaften, Jobrad-Leasing für Ihr persönliches Training oder den Weg zur Arbeit, gemeinsame Firmenläufe
Mitarbeiter werben Mitarbeiter: Prämienauszahlung - wir honorieren Mitarbeiterempfehlungen aus Ihrem privaten Netzwerk
Das machen Sie bei uns:
Entwicklung, Aufbau und Betrieb von SIEM-Lösungen und die kontinuierliche Pflege eines sich im Aufbau befindlichen SIEM-Systems (z. B. Integration neuer Security-Produkte, etc.)
Betrieb und Pflege von End-Point-Protection-Lösungen (EDR), insbesondere Erfahrung mit Crowdstrike, Umsetzung und Monitoring von Schutzmaßnahmen
Schwachstellenmanagement: Identifikation, Bewertung und Management von Schwachstellen in Client-/Server-Umgebungen
Durchführung von Cloud Security Maßnahmen, idealerweise mit praktischer Erfahrung in Azure oder vergleichbaren Plattformen
Mitarbeit bei E-Mail Security Monitoring sowie Incident Response und Forensik-Bearbeitung bei Bedarf
Ticketbearbeitung zu eingehenden Security-Vorfällen und technischen Störungen
Optional: Mitwirkung an der Integration neuer Security-Produkte und Security-Strategie sowie Nachweis von Security-Zertifikaten (CISSP, CompTIASecurity+, etc.)
Das wünschen wir uns von Ihnen:
Abgeschlossenes IT-Studium oder vergleichbare Ausbildung
Nachweisbare Erfahrung in der Entwicklung, Pflege und dem Betrieb von SIEM- und EDR-Lösungen
Fundiertes Wissen im Bereich Schwachstellenmanagement und Bewertung von Zero-Day-Schwachstellen sowie Client-/Server-Strukturen
Erfahrungen mit Crowdstrike wünschenswert
Gute Kenntnisse in der englischen Sprache
Optional: Praktische Cloud-Erfahrung, insbesondere im Security Bereich
Wir leben Vielfalt und Chancengleichheit. Wir freuen uns daher über alle qualifizierten Bewerbungen unabhängig von Geschlecht, ethnischer Herkunft, Religion, sexueller Orientierung, Alter oder etwaigen Beeinträchtigungen.
Interessiert? Werden Sie Teil unseres Teams!
Bewerben Sie sich in nur wenigen Klicks über das Bewerbungsformular!
+49 15254873739
Wir freuen uns auf Ihre Bewerbung!
Ansprechpartner:
Katharina Albert
Wir bitten Personalberater und -dienstleister von einer Kontaktaufnahme abzusehen. Die angegebenen Kontaktdaten sind ausschließlich für Bewerbende gedacht.
ㅤ
ㅤ
Bitte nutzen Sie ausschließlich die Funktion unserer Online-Bewerbung. Per Post eingesandte Unterlagen können aus organisatorischen Gründen nicht zurückgesendet werden.
ARBEITEN BEI APLEONA: LOHNT SICH!
Gemeinsam für ein besseres Morgen:
Wir eröffnen Ihnen die Möglichkeit, Nachhaltigkeit aktiv mitzugestalten und Ihre Karriere in einem zukunftsorientierten Umfeld zu entfalten. Unser Engagement im Klima- und Umweltschutz bietet sinnvolle Jobs mit Perspektive.
Sicherheit ist Wohlbefinden:
Erleben Sie Sicherheit und Planbarkeit für Ihre Zukunft. Bei uns erwarten Sie eine unbefristete Anstellung und optimale Rahmenbedingungen für eine langfristige Karriereplanung, sowohl für Sie als auch für Ihre Familie.
Angebote und Rabatte:
Profitieren Sie von vielfältigen Vorteilen bei Apleona: Ob Jobrad, Fitnessstudio oder exklusive Corporate Benefits, wir unterstützen Sie umfassend, um Ihr Berufs- und Privatleben zu bereichern.
Facility Management trifft Fortschritt
Große Mühlen mahlen langsam? Nicht bei uns! Facility Management ist eine innovative Branche und bietet diverse Möglichkeiten, die eigenen Ideen einzubringen und effizient umzusetzen.
Ansprechpartner
Katharina Albert
IN 2 MINUTEN ZU IHRER FERTIGEN BEWERBUNG.
Jetzt bewerben";Frankfurt am Main;Hesse;Germany;50.11088;8.682433;Dr. Jochen Keysberg;https://media.glassdoor.com/people/sql/1786724/apleona-ceo1541137576331.png;Neu-Isenburg, Deutschland;Immobilien;Immobilien;1 bis 5 Milliarden $ (USD);Mehr als 10.000 Mitarbeiter;Privatunternehmen;2016
47;1.0098E+12;Embedded Systems Cyber Security Engineer (m/w/d);Hamburg;3029584;PICKPLACE Consulting GmbH;90;EUR;ANNUAL;72000;82000;92000;-0.100000001;2025-09-08T00:00:00;;;;English, C++, C, Software development, Cybersecurity, Python, PowerShell, German;"<div><div><div><p><b>BEWIRB DICH EINFACH</b></p><p>
Ehrlich gesagt: Wir wissen nicht genau, was wir hier schreiben sollen, um dich zu &uuml;berzeugen. Die meisten Unternehmen erz&auml;hlen an dieser Stelle etwas von jahrzehntelanger Erfahrung, gro&szlig;er Tradition und Produkten, die Generationen begleitet haben.</p><p>
Wir sind PICKPLACE. Kein Traditionsunternehmen. Keine hundert Jahre Geschichte. Aber ein verdammt gutes Team.</p><p>
Und vielleicht suchst du genau das. Vielleicht suchen wir genau dich.</p><p>
Denn wir wollen weiter hoch hinaus &ndash; und brauchen daf&uuml;r genau solche Menschen wie dich.</p><p>
Ob du geradeaus durch dein Leben marschierst oder eher ein Freigeist bist &ndash; egal.</p><p>
Wir suchen eine Entwicklerin oder einen Entwickler mit Leidenschaft. F&uuml;r Embedded. F&uuml;r Security. F&uuml;r's Anpacken.</p><p><b>
Wer wir sind</b></p><p>
PICKPLACEversteht sich als Embedded-Systems-Agentur. Wir l&ouml;sen technische Herausforderungen &ndash; kreativ, pragmatisch und f&uuml;r die unterschiedlichsten Kunden. Unsere Projekte sind so vielf&auml;ltig wie die Systeme, die wir entwickeln &ndash; und mindestens genauso anspruchsvoll.</p><p>
Konzernalltag? Gibt&rsquo;s bei uns nicht. Du wirst bei uns nicht ein Modul f&uuml;r Jahre pflegen. Stattdessen arbeitest du an echten L&ouml;sungen, mit unterschiedlichsten Mikrocontrollern, Toolchains und Branchen. Du bringst deine Ideen ein &ndash; wir setzen sie gemeinsam um.</p><p><b>
GET THINGS DONE. TOGETHER.</b></p><p>
Wenn du das Gef&uuml;hl hast, das k&ouml;nnte passen: Sag Hallo. Schick uns deine Unterlagen.</p><p>
Wir freuen uns auf dich!</p></div><p>
Aufgaben</p><div><ul><li>
Durchf&uuml;hrung von Risikoanalysen (z. B. TARA) zur Bewertung potenzieller Bedrohungen und Schwachstellen</li><li>
Analyse, Ableitung und Management von Cyber-Security-Anforderungen in Kundenprojekten</li><li>
Konzeption, Dokumentation und Umsetzung ganzheitlicher Sicherheitsarchitekturen</li><li>
Mitarbeit im System- und Architekturdesign unter Ber&uuml;cksichtigung sicherheitsrelevanter Aspekte</li><li>
Entwicklung und Integration sicherheitskritischer Funktionen in Embedded-Systemen (C/C++)</li><li>
Durchf&uuml;hrung von Code-Reviews sowie Verifikation der Sicherheitsanforderungen im Rahmen von Security Audits</li><li>
Sicherstellung der Einhaltung regulatorischer Anforderungen (z. B. Cyber Resilience Act, ISO 21434, IEC 62443)</li><li>
Fachliche Beratung und Unterst&uuml;tzung unserer Kunden in allen Fragen der Embedded Cyber Security</li><li>
ggf. Durchf&uuml;hrung von Penetration Tests mit KaliLinux</li></ul></div><p>
Qualifikation</p><div><ul><li>
Ein abgeschlossenes Studium in Informatik, Elektrotechnik, IT-Security oder eine vergleichbare technische Ausbildung</li><li>
Mehrj&auml;hrige praktische Erfahrung in der Embedded-Softwareentwicklung (z. B. in C/C++)</li><li>
Gute Kenntnisse mindestens einer Skriptsprache wie Python, bash oder PowerShell</li><li>
Fundierte Kenntnisse im Bereich industrieller Bussysteme und -protokolle wie CAN, CANopen, UDS, EtherCAT, ioLink oder klassischer Serieller Protokolle (RS232, RS485, Modbus, ... )</li><li>
Fundierte Kenntnisse und Praxiserfahrung im Bereich Cyber Security, idealerweise im Embedded-Umfeld</li><li>
Vertrautheit mit aktuellen Sicherheitstechnologien sowie Erfahrung in der Durchf&uuml;hrung von Schwachstellenanalysen</li><li>
Sehr gute Deutsch- und Englischkenntnisse in Wort und Schrift</li></ul></div><p>
Benefits</p><div><ul><li>
ideale Entfaltungs- und Mitbestimmungsm&ouml;glichkeiten sowie flache Hierarchien</li><li>
ein kreatives und individuelles Arbeitsumfeld mit spannenden Partnern</li><li>
eine attraktive Bezahlung und andauernde Weiterentwicklung</li><li>
ein Recht auf Homeoffice (wenn gew&uuml;nscht)</li><li>
betriebliche Altersvorsorge</li><li>
Mobilit&auml;tszusch&uuml;sse in Sach- oder Gegenstandswerten</li><li>
Startup-Mentalit&auml;t</li><li>
Guter Kaffee und Brainfood</li></ul></div><div><div>
Wenn dich das alles nicht &uuml;berzeugt, ruf uns doch einfach an unter 040 32516647.</div></div></div><div><div><div>
Aktualisiert: vor 1 Monat</div><div></div><div>
Job ID 14918078</div></div></div></div><p></p>";"BEWIRB DICH EINFACH
Ehrlich gesagt: Wir wissen nicht genau, was wir hier schreiben sollen, um dich zu überzeugen. Die meisten Unternehmen erzählen an dieser Stelle etwas von jahrzehntelanger Erfahrung, großer Tradition und Produkten, die Generationen begleitet haben.
Wir sind PICKPLACE. Kein Traditionsunternehmen. Keine hundert Jahre Geschichte. Aber ein verdammt gutes Team.
Und vielleicht suchst du genau das. Vielleicht suchen wir genau dich.
Denn wir wollen weiter hoch hinaus – und brauchen dafür genau solche Menschen wie dich.
Ob du geradeaus durch dein Leben marschierst oder eher ein Freigeist bist – egal.
Wir suchen eine Entwicklerin oder einen Entwickler mit Leidenschaft. Für Embedded. Für Security. Für's Anpacken.
Wer wir sind
PICKPLACEversteht sich als Embedded-Systems-Agentur. Wir lösen technische Herausforderungen – kreativ, pragmatisch und für die unterschiedlichsten Kunden. Unsere Projekte sind so vielfältig wie die Systeme, die wir entwickeln – und mindestens genauso anspruchsvoll.
Konzernalltag? Gibt’s bei uns nicht. Du wirst bei uns nicht ein Modul für Jahre pflegen. Stattdessen arbeitest du an echten Lösungen, mit unterschiedlichsten Mikrocontrollern, Toolchains und Branchen. Du bringst deine Ideen ein – wir setzen sie gemeinsam um.
GET THINGS DONE. TOGETHER.
Wenn du das Gefühl hast, das könnte passen: Sag Hallo. Schick uns deine Unterlagen.
Wir freuen uns auf dich!
Aufgaben
Durchführung von Risikoanalysen (z. B. TARA) zur Bewertung potenzieller Bedrohungen und Schwachstellen
Analyse, Ableitung und Management von Cyber-Security-Anforderungen in Kundenprojekten
Konzeption, Dokumentation und Umsetzung ganzheitlicher Sicherheitsarchitekturen
Mitarbeit im System- und Architekturdesign unter Berücksichtigung sicherheitsrelevanter Aspekte
Entwicklung und Integration sicherheitskritischer Funktionen in Embedded-Systemen (C/C++)
Durchführung von Code-Reviews sowie Verifikation der Sicherheitsanforderungen im Rahmen von Security Audits
Sicherstellung der Einhaltung regulatorischer Anforderungen (z. B. Cyber Resilience Act, ISO 21434, IEC 62443)
Fachliche Beratung und Unterstützung unserer Kunden in allen Fragen der Embedded Cyber Security
ggf. Durchführung von Penetration Tests mit KaliLinux
Qualifikation
Ein abgeschlossenes Studium in Informatik, Elektrotechnik, IT-Security oder eine vergleichbare technische Ausbildung
Mehrjährige praktische Erfahrung in der Embedded-Softwareentwicklung (z. B. in C/C++)
Gute Kenntnisse mindestens einer Skriptsprache wie Python, bash oder PowerShell
Fundierte Kenntnisse im Bereich industrieller Bussysteme und -protokolle wie CAN, CANopen, UDS, EtherCAT, ioLink oder klassischer Serieller Protokolle (RS232, RS485, Modbus, ... )
Fundierte Kenntnisse und Praxiserfahrung im Bereich Cyber Security, idealerweise im Embedded-Umfeld
Vertrautheit mit aktuellen Sicherheitstechnologien sowie Erfahrung in der Durchführung von Schwachstellenanalysen
Sehr gute Deutsch- und Englischkenntnisse in Wort und Schrift
Benefits
ideale Entfaltungs- und Mitbestimmungsmöglichkeiten sowie flache Hierarchien
ein kreatives und individuelles Arbeitsumfeld mit spannenden Partnern
eine attraktive Bezahlung und andauernde Weiterentwicklung
ein Recht auf Homeoffice (wenn gewünscht)
betriebliche Altersvorsorge
Mobilitätszuschüsse in Sach- oder Gegenstandswerten
Startup-Mentalität
Guter Kaffee und Brainfood
Wenn dich das alles nicht überzeugt, ruf uns doch einfach an unter 040 32516647.
Aktualisiert: vor 1 Monat
Job ID 14918078";Hamburg;Hamburg;Germany;53.55068;9.99697;;;Hamburg, Deutschland;;;Unbekannt/Nicht zutreffend;Unbekannt;Privatunternehmen;
48;1.00962E+12;JUNIOR VULNERABILITY MANAGEMENT SPECIALIST;Deutschland;8262634;Zync Group;249;EUR;ANNUAL;65000;65000;65000;-0.100000001;2025-09-30T00:00:00;Full-time;;;Computer science, Java, SQL, Cybersecurity, Python;"<div>I`m hiring a Junior Vulnerability Management Specialist on behalf of a leading global provider of cybersecurity solutions, specializing in hardware security modules (HSMs) and related services.<br>
<br>
With a focus on safeguarding sensitive data and cryptographic keys, their innovative products cater to diverse industries, including finance, healthcare, and government.<br>
<br>
The company is committed to delivering robust, scalable, and customizable security solutions to protect digital assets and ensure the integrity of critical information in an increasingly interconnected world.<br>
<br>
<b>In this role you will be responsible for:</b>
<ul><li>Implementation of an automated vulnerability and penetration testing solution
</li><li>Incident Handling
</li><li>Threat Hunting
</li><li>Vulnerability Management
</li></ul>This role is remote from anywhere in Germany.<br>
<br>
<b>Essential:</b>
<ul><li>Relevant degree e.g. Computer Science, Cyber Security etc.
</li><li>Professional experience as security engineer or similar role (working student is fine)
</li><li>Defensive security experience
</li><li>Programming Languages e.g. Java, Python, SQL
</li><li>Minimum C1 German and fluent English
</li></ul><b>Preferred:</b>
<ul><li>Penetration Testing or CTF experience
</li></ul><b>Company Benefits:</b>
<ul><li>Attractive salary
</li><li>Strong progression plans
</li><li>Excellent training opportunities and personal development
</li><li>Participation in sports programmes
</li><li>Opportunity to attain certifications
</li><li>and more...
</li></ul>
<br>
<b>Junior Vulnerability Management Specialist - Germany/Remote - &euro;65k DOE - 5798</b></div><p></p>
<br><div><h3 class=""jobSectionHeader""><b>CONTACT CONSULTANT</b></h3>
<ul><div><b>ADEN GWYNNE</b></div>
<div><b>ADEN@ZYNCGROUP.IO</b></div>
<div><b>+4921190760029</b></div></ul></div><p></p>";"I`m hiring a Junior Vulnerability Management Specialist on behalf of a leading global provider of cybersecurity solutions, specializing in hardware security modules (HSMs) and related services.
With a focus on safeguarding sensitive data and cryptographic keys, their innovative products cater to diverse industries, including finance, healthcare, and government.
The company is committed to delivering robust, scalable, and customizable security solutions to protect digital assets and ensure the integrity of critical information in an increasingly interconnected world.
This role is remote from anywhere in Germany.
In this role you will be responsible for:
Implementation of an automated vulnerability and penetration testing solution
Incident Handling
Threat Hunting
Vulnerability Management
Essential:
Relevant degree e.g. Computer Science, Cyber Security etc.
Professional experience as security engineer or similar role (working student is fine)
Defensive security experience
Programming Languages e.g. Java, Python, SQL
Minimum C1 German and fluent English
Preferred:
Penetration Testing or CTF experience
Company Benefits:
Attractive salary
Strong progression plans
Excellent training opportunities and personal development
Participation in sports programmes
Opportunity to attain certifications
and more...
Junior Vulnerability Management Specialist - Germany/Remote - €65k DOE - 5798
CONTACT CONSULTANT
ADEN GWYNNE
ADEN@ZYNCGROUP.IO
+4921190760029";;;Germany;51;9;;;Manchester, Vereinigtes Königreich;;;Unbekannt/Nicht zutreffend;Unbekannt;Aktiengesellschaft;
49;1.0098E+12;Cyber Security Engineer (all gender);Erlangen;12800;ALTEN Consulting Services GmbH;96;EUR;;;;;3.4;2025-10-02T00:00:00;Full-time;;;Microsoft Windows Server, English, IT, Cybersecurity, German, Active Directory;"<p></p><div><div><div><p>Die ALTEN Consulting Services GmbH bietet mit &uuml;ber 20 Jahren Branchenerfahrung ihren namhaften Kunden aus Industrie und Wirtschaft hochspezialisierte Engineering- und IT-Dienstleistungen zur gemeinsamen Realisierung von branchen- und technologie&uuml;bergreifenden L&ouml;sungen an.<br>
<br>
Kompetenz, Engagement und Leidenschaft verbinden alle unsere Mitarbeiter der ALTEN Consulting Services GmbH. Dabei stehen ein partnerschaftliches Miteinander, ein starkes WIR-Gef&uuml;hl, der pers&ouml;nliche Kontakt zu unseren Kunden und die Kreativit&auml;t jedes Einzelnen stets im Fokus. Werde auch Du Teil unserer Erfolgsgeschichte.</p></div></div><p></p><div><div><div><p>
Cyber Security Engineer (all gender)</p><div><p><b>
Standort: 91058 Erlangen</b><br>
Referenznummer: #504065</p></div></div></div></div><p></p><div><div><p><b>
Make it happen</b></p><p><b>
DU...</b></p><ul><li>
testest und evaluierst neue Cybersecurity-Technologien und deren Implementierung bei positiver Bewertung</li><li>
planst, implementierst und wartest IT/OT-Infrastrukturen mit einem besonderen Fokus auf Cybersecurity, Firewalls, Routing und Switches</li><li>
stellst den Schutz vor Cyberangriffen durch Implementierung neuester Technologien sicher</li><li>
unterst&uuml;tzt bei der Automatisierung und Optimierung von Produktionsprozessen</li><li>
bist zust&auml;ndig f&uuml;r die Fehleranalyse und -behebung sowie kontinuierliche Verbesserung der IT/OT-Systeme</li></ul><p></p><p><b>
A home where people learn and thrive</b></p><ul><li>
Zukunftsorientierter Arbeitsplatz mit unbefristetem Arbeitsvertrag</li><li>
Attraktive Verg&uuml;tung</li><li>
Mobiles Arbeiten nach Absprache</li><li>
Individuelle interne und externe Weiterbildungen</li><li>
Flexible Arbeitszeitgestaltung mit Gleitzeitkontenregelung</li><li>
Pers&ouml;nlichen Ansprechpartner</li></ul></div><p></p><div><p><b>
Be our forward thinker</b></p><p><b>
DU...</b></p><ul><li>
hast ein abgeschlossenes Studium in Netzwerk-/Kommunikationstechnik, Informatik oder IT- Sicherheit, alternativ eine relevante Ausbildung mit mehrj&auml;hriger Berufserfahrung</li><li>
bringst fundierte Kenntnisse in IT-Administration (z.B. Netzwerksicherheit, Windows Server, Active Directory, WSUS, Virtualisierung, Firewalls und Remote Access) sowie einschl&auml;gige Erfahrung in Cybersecurity</li><li>
verf&uuml;gst &uuml;ber Erfahrung in OT-Cybersicherheit und Automatisierungstechnik (w&uuml;nschenswert)</li><li>
sprichst flie&szlig;end Deutsch und Englisch</li></ul></div></div><p></p><div><div><p>
Weitere Informationen findest Du unter: <b>www.alten-consulting.de</b></p><p></p><p><br>
Wir wertsch&auml;tzen Vielfalt und begr&uuml;&szlig;en daher alle Bewerbungen - unabh&auml;ngig von Geschlecht, Nationalit&auml;t, ethnischer und sozialer Herkunft, Religion / Weltanschauung, Behinderung, Alter sowie sexueller Orientierung und Identit&auml;t.</p><p></p><p><br>
Schwerbehinderte werden bei gleicher Eignung bevorzugt ber&uuml;cksichtigt.</p><p></p><p><br>
Bewirb dich jetzt &uuml;ber unser Online-Bewerbungsformular.</p></div></div><p></p><div><div><p>
ALTEN Consulting Services</p></div></div><div><div>
Herr Dino Melic<br>
Technical Recruiter
</div><div>Elsenheimer Stra&szlig;e 55<br>
80687 M&uuml;nchen<br>
</div><p>
+49 89 23 88 57 547<br>
dino.melic@alten-consulting.de</p></div></div><p></p>";"Die ALTEN Consulting Services GmbH bietet mit über 20 Jahren Branchenerfahrung ihren namhaften Kunden aus Industrie und Wirtschaft hochspezialisierte Engineering- und IT-Dienstleistungen zur gemeinsamen Realisierung von branchen- und technologieübergreifenden Lösungen an.
Kompetenz, Engagement und Leidenschaft verbinden alle unsere Mitarbeiter der ALTEN Consulting Services GmbH. Dabei stehen ein partnerschaftliches Miteinander, ein starkes WIR-Gefühl, der persönliche Kontakt zu unseren Kunden und die Kreativität jedes Einzelnen stets im Fokus. Werde auch Du Teil unserer Erfolgsgeschichte.
Cyber Security Engineer (all gender)
Referenznummer: #504065
Standort: 91058 Erlangen
Make it happen
DU...
testest und evaluierst neue Cybersecurity-Technologien und deren Implementierung bei positiver Bewertung
planst, implementierst und wartest IT/OT-Infrastrukturen mit einem besonderen Fokus auf Cybersecurity, Firewalls, Routing und Switches
stellst den Schutz vor Cyberangriffen durch Implementierung neuester Technologien sicher
unterstützt bei der Automatisierung und Optimierung von Produktionsprozessen
bist zuständig für die Fehleranalyse und -behebung sowie kontinuierliche Verbesserung der IT/OT-Systeme
A home where people learn and thrive
Zukunftsorientierter Arbeitsplatz mit unbefristetem Arbeitsvertrag
Attraktive Vergütung
Mobiles Arbeiten nach Absprache
Individuelle interne und externe Weiterbildungen
Flexible Arbeitszeitgestaltung mit Gleitzeitkontenregelung
Persönlichen Ansprechpartner
Be our forward thinker
DU...
hast ein abgeschlossenes Studium in Netzwerk-/Kommunikationstechnik, Informatik oder IT- Sicherheit, alternativ eine relevante Ausbildung mit mehrjähriger Berufserfahrung
bringst fundierte Kenntnisse in IT-Administration (z.B. Netzwerksicherheit, Windows Server, Active Directory, WSUS, Virtualisierung, Firewalls und Remote Access) sowie einschlägige Erfahrung in Cybersecurity
verfügst über Erfahrung in OT-Cybersicherheit und Automatisierungstechnik (wünschenswert)
sprichst fließend Deutsch und Englisch
Weitere Informationen findest Du unter:
www.alten-consulting.de
Wir wertschätzen Vielfalt und begrüßen daher alle Bewerbungen - unabhängig von Geschlecht, Nationalität, ethnischer und sozialer Herkunft, Religion / Weltanschauung, Behinderung, Alter sowie sexueller Orientierung und Identität.
Schwerbehinderte werden bei gleicher Eignung bevorzugt berücksichtigt.
Bewirb dich jetzt über unser Online-Bewerbungsformular.
ALTEN Consulting Services
Herr Dino Melic
Technical Recruiter
Elsenheimer Straße 55
80687 München
+49 89 23 88 57 547
dino.melic@alten-consulting.de";Erlangen;Bayern;Germany;49.595135;11.00498;Simon Azoulay;https://media.glassdoor.com/people/sql/12800/alten-ceo1673265285917.png;Boulogne-Billancourt, Frankreich;Forschung & Entwicklung;Management & Beratung;1 bis 5 Milliarden $ (USD);Mehr als 10.000 Mitarbeiter;Privatunternehmen;1988
50;1.00988E+12;Cyber Security Support Engineer (m/w/d);Home office;;Enginsight GmbH;19;EUR;ANNUAL;50000;50000;50000;;2025-09-18T00:00:00;Full-time;WORK_FROM_HOME;;Kubernetes, English, Docker, Debian, IT support, IT, Linux, Cybersecurity, Network engineering, German, VPN;"<p>Sei unser Troubleshooter f&uuml;r alles, was in unserem Support richtig knifflig wird. Von IT-Security bis Monitoring gehst du Problemen auf den Grund und sorgst daf&uuml;r, dass sie nicht wiederkommen. Das Spannende: Du arbeitest direkt an komplexen Security-Setups, bist nah an der Produktentwicklung und hast sp&uuml;rbaren Einfluss auf die Sicherheit unserer Kunden.</p><p><b>DEINE AUFGABEN</b></p><p>Bearbeitung komplexer Anfragen und technischer Supporttickets von Kunden, Partnern und Distributoren</p><p>Analyse und Behebung von Fehlern in den Bereichen:</p><ul><li><i>Agent-Installation und -Konfiguration</i></li><li><i>SIEM-Integration und Log-Analyse</i></li><li><i>Netzwerk- und Endpoint-Monitoring</i></li><li><i>Microsegmentierung</i></li><li><i>Vulnerability Management und Schwachstellen-Scanning</i></li><li><i>Fehler- und Performance-Analysen auf Linux-Servern</i></li></ul><p>Durchf&uuml;hrung von Root-Cause-Analysen bei wiederkehrenden Problemen</p><p>Installation, Konfiguration und Optimierung von Enginsight Produkten</p><p>Enge Zusammenarbeit mit dem Third Level / der Entwicklung bei Produkt- und Bug-Themen</p><p>Mitwirkung an der Weiterentwicklung von Support-Prozessen</p><p>Erstellung und Pflege von Support-Dokumentationen und Knowledge-Base-Artikeln</p><p>Unterst&uuml;tzung von Kundenschulungen und Webinaren zu technischen Themen</p><p>Unterst&uuml;tzung des First Level Supports durch Coaching, Training &amp; Wissenstransfer</p><p><b>DEIN PROFIL</b></p><p>Du hast eine abgeschlossene Ausbildung oder ein Studium im IT-Bereich (z. B. Fachinformatiker, Informatik) oder eine vergleichbare Qualifikation</p><p>Du bringst mehrj&auml;hrige Erfahrung im Second Level Support mit &ndash; idealerweise im Bereich IT-Security, Monitoring oder Systemmanagement</p><p>In Linux (Debian) besitzt du tiefgehende Erfahrung</p><p>Du hast gute Kenntnisse in:</p><ul><li><i>Netzwerktechnik und IT-Infrastrukturen (Loadbalancer, Proxy, Zertifikate, VMs)</i></li><li><i>Windows-Server-Administration</i></li><li><i>Netzwerken (Routing, Switching, Firewalls, VPN)</i></li><li><i>IT-Sicherheitsl&ouml;sungen (Firewall, Endpoint Security, SIEM, Vulnerability Scanning)</i></li></ul><p>Wenn du au&szlig;erdem Erfahrung in folgenden Bereichen mitbringst, ist das ein Plus:</p><ul><li><i>Mongo DB</i></li><li><i>Containerisierung und Orchestrierung (Docker, Kubernetes)</i></li></ul><p>Du arbeitest analytisch, strukturiert und l&ouml;sungsorientiert</p><p>Dein Deutsch ist sehr gut, dein Englisch gut (jeweils in Wort und Schrift)</p><p><b>WIR BIETEN</b></p><ul><li>Ein spannendes und zukunftsweisendes Projekt im Bereich Cybersecurity</li><li>Neueste Technologien sowie eine agile und moderne Arbeitsweise</li><li>Vielseitige und verantwortungsvolle T&auml;tigkeiten</li><li>Chance zur pers&ouml;nlichen und beruflichen Weiterentwicklung/-bildung</li><li>Flexible Gestaltung der Arbeitszeit im B&uuml;ro oder Remote</li><li>Teamorientierte Arbeitsatmosph&auml;re sowie regelm&auml;&szlig;ige Teamevents</li><li>Mit EGYM Wellpass kannst du flexibel zahlreiche Fitnessstudios und Wellnesseinrichtungen nutzen</li><li>Home Office Ausstattung</li><li>Und nat&uuml;rlich viel Spa&szlig; in einem motivierten und dynamischen Team mit flachen Hierarchien, welches sich darauf freut, mit Dir viele neue Themen umsetzen zu k&ouml;nnen</li></ul><p>Art der Stelle: Festanstellung</p><p>Gehalt: ab 50.000,00&euro; pro Jahr</p><p>Leistungen:</p><ul><li>Betriebliche Weiterbildung</li><li>Empfehlungsprogramm</li><li>Firmenevents</li><li>Flexible Arbeitszeiten</li><li>Gleitzeit</li><li>Homeoffice-M&ouml;glichkeit</li></ul><p>Bewerbungsfrage(n):</p><ul><li>Wie gut sind Ihre Kenntnisse und Erfahrungen mit den Betriebssystem Linux (Debian)?</li><li>Wie viel Erfahrungen im Umgang mit Netzwerktechnik und IT-Infrastrukturen bringen Sie mit?</li></ul><p>Berufserfahrung:</p><ul><li>IT-Support: 3&nbsp;Jahre (Erforderlich)</li></ul><p>Arbeitsort: Homeoffice</p>";"Sei unser Troubleshooter für alles, was in unserem Support richtig knifflig wird. Von IT-Security bis Monitoring gehst du Problemen auf den Grund und sorgst dafür, dass sie nicht wiederkommen. Das Spannende: Du arbeitest direkt an komplexen Security-Setups, bist nah an der Produktentwicklung und hast spürbaren Einfluss auf die Sicherheit unserer Kunden.
DEINE AUFGABEN
Bearbeitung komplexer Anfragen und technischer Supporttickets von Kunden, Partnern und Distributoren
Analyse und Behebung von Fehlern in den Bereichen:
Agent-Installation und -Konfiguration
SIEM-Integration und Log-Analyse
Netzwerk- und Endpoint-Monitoring
Microsegmentierung
Vulnerability Management und Schwachstellen-Scanning
Fehler- und Performance-Analysen auf Linux-Servern
Durchführung von Root-Cause-Analysen bei wiederkehrenden Problemen
Installation, Konfiguration und Optimierung von Enginsight Produkten
Enge Zusammenarbeit mit dem Third Level / der Entwicklung bei Produkt- und Bug-Themen
Mitwirkung an der Weiterentwicklung von Support-Prozessen
Erstellung und Pflege von Support-Dokumentationen und Knowledge-Base-Artikeln
Unterstützung von Kundenschulungen und Webinaren zu technischen Themen
Unterstützung des First Level Supports durch Coaching, Training & Wissenstransfer
DEIN PROFIL
Du hast eine abgeschlossene Ausbildung oder ein Studium im IT-Bereich (z. B. Fachinformatiker, Informatik) oder eine vergleichbare Qualifikation
Du bringst mehrjährige Erfahrung im Second Level Support mit – idealerweise im Bereich IT-Security, Monitoring oder Systemmanagement
In Linux (Debian) besitzt du tiefgehende Erfahrung
Du hast gute Kenntnisse in:
Netzwerktechnik und IT-Infrastrukturen (Loadbalancer, Proxy, Zertifikate, VMs)
Windows-Server-Administration
Netzwerken (Routing, Switching, Firewalls, VPN)
IT-Sicherheitslösungen (Firewall, Endpoint Security, SIEM, Vulnerability Scanning)
Wenn du außerdem Erfahrung in folgenden Bereichen mitbringst, ist das ein Plus:
Mongo DB
Containerisierung und Orchestrierung (Docker, Kubernetes)
Du arbeitest analytisch, strukturiert und lösungsorientiert
Dein Deutsch ist sehr gut, dein Englisch gut (jeweils in Wort und Schrift)
WIR BIETEN
Ein spannendes und zukunftsweisendes Projekt im Bereich Cybersecurity
Neueste Technologien sowie eine agile und moderne Arbeitsweise
Vielseitige und verantwortungsvolle Tätigkeiten
Chance zur persönlichen und beruflichen Weiterentwicklung/-bildung
Flexible Gestaltung der Arbeitszeit im Büro oder Remote
Teamorientierte Arbeitsatmosphäre sowie regelmäßige Teamevents
Mit EGYM Wellpass kannst du flexibel zahlreiche Fitnessstudios und Wellnesseinrichtungen nutzen
Home Office Ausstattung
Und natürlich viel Spaß in einem motivierten und dynamischen Team mit flachen Hierarchien, welches sich darauf freut, mit Dir viele neue Themen umsetzen zu können
Art der Stelle: Festanstellung
Gehalt: ab 50.000,00€ pro Jahr
Leistungen:
Betriebliche Weiterbildung
Empfehlungsprogramm
Firmenevents
Flexible Arbeitszeiten
Gleitzeit
Homeoffice-Möglichkeit
Bewerbungsfrage(n):
Wie gut sind Ihre Kenntnisse und Erfahrungen mit den Betriebssystem Linux (Debian)?
Wie viel Erfahrungen im Umgang mit Netzwerktechnik und IT-Infrastrukturen bringen Sie mit?
Berufserfahrung:
IT-Support: 3 Jahre (Erforderlich)
Arbeitsort: Homeoffice";;;Portugal;39.5;-8;;;;;;;;;
