desc_tier_llm,salary_mid,experience_min_llm,edulevel_llm,state,sector
none,90000,0,-,Texas,Information Technology
none,160000,3,-,Unknown,Human Resources & Staffing
none,95000,3,Bachelor's,Michigan,Information Technology
ai_integration,125000,2,-,Unknown,Unknown
none,80000,3,-,Unknown,Unknown
none,125000,3,-,Maryland,Aerospace & Defense
none,97400,3,Bachelor's,Minnesota,Manufacturing
none,84069,6,Bachelor's,Virginia,Aerospace & Defense
none,101300,0,-,Texas,Financial Services
none,96900,3,Bachelor's,Indiana,Retail & Wholesale
none,100508,3,Bachelor's,California,Unknown
none,90800,4,Bachelor's,Virginia,Aerospace & Defense
none,92550,,-,Wisconsin,Financial Services
none,155060,6,Bachelor's,Illinois,Retail & Wholesale
none,176450,,-,Texas,Information Technology
none,112500,,-,Nebraska,Unknown
ai_integration,115000,,-,Illinois,Manufacturing
none,155060,6,Bachelor's,Illinois,Retail & Wholesale
ai_integration,175000,5,Bachelor's,New York State,Information Technology
none,120000,4,Bachelor's,Unknown,Nonprofit & NGO
ai_integration,94200,3,Bachelor's,Illinois,Pharmaceutical & Biotechnology
applied_ai,180000,5,-,Unknown,Information Technology
none,60000,3,Bachelor's,Illinois,Media & Communication
ai_integration,90000,,-,Unknown,Unknown
ai_integration,124823,3,Bachelor's,California,Unknown
none,70000,3,Bachelor's,Colorado,Hotels & Travel Accommodation
ai_integration,136671,8,Bachelor's,Unknown,Information Technology
ai_integration,149570,5,Bachelor's,Virginia,Management & Consulting
applied_ai,144916,5,Bachelor's,Colorado,Manufacturing
none,149500,5,-,Missouri,Financial Services
none,175000,2,-,California,Unknown
none,91700,2,Bachelor's,New York State,Nonprofit & NGO
none,100000,3,-,Unknown,Unknown
none,113625,,-,North Carolina,Financial Services
none,120000,5,-,Unknown,Financial Services
none,112118,,-,Idaho,Unknown
ai_integration,220000,1,-,Georgia,Unknown
none,91919,1.5,-,Texas,Information Technology
none,138667,1,-,Maryland,Government & Public Administration
none,93150,3,-,New Jersey,Insurance
ai_integration,140000,,Bachelor's,California,Unknown
none,114427,6,Bachelor's,Pennsylvania,Information Technology
none,120000,1,-,California,Information Technology
ai_integration,119750,,Master's,Florida,Financial Services
none,119500,,-,Missouri,Financial Services
ai_integration,101375,0,Bachelor's,Florida,Financial Services
none,123000,,Bachelor's,Unknown,Aerospace & Defense
none,111419,,-,Massachusetts,Information Technology
applied_ai,330000,6,-,California,Management & Consulting
none,110578,10,Bachelor's,Ohio,"Construction, Repair & Maintenance Services"
ai_integration,350000,5,-,Unknown,Information Technology
applied_ai,160000,3,Bachelor's,Unknown,Information Technology
none,82346,3,Bachelor's,Texas,Information Technology
none,90000,2,Bachelor's,Georgia,Unknown
none,198800,,Bachelor's,California,Information Technology
applied_ai,129216,3,Bachelor's,California,Unknown
none,115000,4,-,Texas,Information Technology
none,147169,7,-,Georgia,Financial Services
none,87500,5,-,Illinois,Information Technology
none,111000,3,Bachelor's,Unknown,Information Technology
ai_integration,125000,3,Bachelor's,Kansas,Unknown
applied_ai,164500,2,Bachelor's,California,Information Technology
applied_ai,98233,4,Bachelor's,Indiana,Financial Services
none,130006,8,-,New York State,Unknown
none,103925,,-,Illinois,Media & Communication
none,146607,5,Bachelor's,Unknown,Information Technology
none,152500,2,-,New York State,Healthcare
none,120731,,-,Texas,Human Resources & Staffing
none,102500,3,-,Unknown,Information Technology
none,95245,5,-,Texas,Unknown
none,90000,,-,Unknown,Management & Consulting
none,175000,3,-,Unknown,Information Technology
applied_ai,138355,8,Bachelor's,California,Information Technology
none,104025,2,Bachelor's,Washington State,Aerospace & Defense
applied_ai,124297,3,Bachelor's,Minnesota,Information Technology
none,93954,0,Bachelor's,California,Aerospace & Defense
none,105000,5,-,Unknown,Unknown
none,175979,5,High School,Virginia,Aerospace & Defense
ai_integration,148000,4,-,North Carolina,Financial Services
none,102008,4,Bachelor's,Texas,Information Technology
applied_ai,134375,0,Bachelor's,Unknown,Transportation & Logistics
none,132500,3,-,Unknown,Management & Consulting
none,89609,5,-,Wisconsin,Information Technology
applied_ai,120000,3,-,Massachusetts,Manufacturing
none,88442,,-,Pennsylvania,Unknown
ai_integration,157200,6,Bachelor's,Texas,Financial Services
none,51533,3,Bachelor's,North Carolina,Healthcare
none,97500,5,Associate,Colorado,Information Technology
none,95000,,-,Virginia,Unknown
none,100000,4,Bachelor's,Texas,Financial Services
applied_ai,216000,,Bachelor's,California,Manufacturing
ai_integration,87123,4,-,Pennsylvania,Information Technology
none,89000,3,Bachelor's,Illinois,Financial Services
none,80035,3,Bachelor's,Ohio,Manufacturing
none,105000,3,Bachelor's,Unknown,Healthcare
none,102635,5,Associate,Virginia,Information Technology
none,130000,4,Bachelor's,Unknown,"Arts, Entertainment & Recreation"
none,160000,2,-,California,Information Technology
none,83748,2,Bachelor's,Missouri,Information Technology
ai_integration,174850,8,-,Unknown,Information Technology
none,137500,8,Bachelor's,Maryland,Information Technology
none,117500,2,-,Minnesota,Human Resources & Staffing
none,105000,2,-,Unknown,Human Resources & Staffing
none,72160,3,-,Texas,Media & Communication
none,135000,3,Bachelor's,California,Unknown
applied_ai,97243,,Bachelor's,Alabama,Financial Services
none,137500,3,Bachelor's,California,Unknown
applied_ai,140000,,Bachelor's,California,Information Technology
none,110000,2,-,Virginia,Unknown
none,90000,3,Bachelor's,Illinois,Real Estate
none,130213,5,Bachelor's,Alabama,Financial Services
none,95500,7,-,Ohio,Information Technology
ai_integration,135000,3,-,Tennessee,Information Technology
applied_ai,155000,7,Bachelor's,Texas,Information Technology
ai_integration,100052,2,Bachelor's,Georgia,Media & Communication
none,149100,,-,Florida,Management & Consulting
none,120000,3,-,Illinois,Unknown
none,98100,2,-,New York State,Information Technology
none,118850,5,-,New Jersey,Insurance
none,111658,,Bachelor's,Ohio,Manufacturing
none,132500,2,-,Texas,Retail & Wholesale
none,121500,8,Bachelor's,Illinois,Healthcare
none,92087,1,-,Georgia,Financial Services
none,93000,,Bachelor's,New York State,Manufacturing
none,105000,,-,Connecticut,Unknown
ai_integration,89498,6,-,South Carolina,Retail & Wholesale
ai_integration,100000,3,Bachelor's,Colorado,Information Technology
none,69926,3,Bachelor's,Arkansas,Telecommunications
none,119302,10,Bachelor's,Ohio,Management & Consulting
none,145000,5,Bachelor's,New Jersey,Unknown
none,87500,,-,Unknown,Unknown
none,97699,3,Bachelor's,Georgia,Financial Services
ai_integration,152000,5,-,Massachusetts,Pharmaceutical & Biotechnology
none,100000,2,-,Unknown,"Construction, Repair & Maintenance Services"
none,91200,3,Bachelor's,Unknown,Healthcare
none,119319,,-,Texas,Information Technology
ai_integration,90000,3,-,Illinois,Unknown
none,130000,5,-,Georgia,Financial Services
none,88000,,Bachelor's,Texas,Information Technology
none,140810,5,-,Missouri,Insurance
ai_integration,94742,4,Bachelor's,Unknown,Unknown
none,110889,8,-,Ohio,Information Technology
ai_integration,165000,3,-,New York State,Personal Consumer Services
none,93307,2,-,Colorado,Unknown
ai_integration,165100,5,-,Unknown,Information Technology
none,110500,4,Bachelor's,New Jersey,Insurance
none,125000,,-,Georgia,Media & Communication
ai_integration,142500,2,-,New York State,Nonprofit & NGO
none,82500,1,-,New York State,Unknown
none,125000,5,Bachelor's,Unknown,Information Technology
ai_integration,150950,6,Bachelor's,Illinois,Agriculture
none,135000,4,Bachelor's,Unknown,Information Technology
ai_integration,122500,2,-,California,Financial Services
none,193750,4,Bachelor's,California,Information Technology
none,87840,8,Bachelor's,Utah,Financial Services
none,144350,5,Bachelor's,Ohio,Management & Consulting
none,95000,6,Bachelor's,Georgia,Financial Services
none,86766,,Bachelor's,Texas,Manufacturing
ai_integration,145000,3,Bachelor's,Unknown,Information Technology
none,108000,2,-,Virginia,Aerospace & Defense
none,90000,2,-,Unknown,Human Resources & Staffing
ai_integration,106000,2,-,Virginia,Financial Services
ai_integration,147149,4,Bachelor's,Massachusetts,Information Technology
none,107500,2,Bachelor's,Unknown,Unknown
ai_integration,110000,5,-,Unknown,Nonprofit & NGO
none,114596,,-,Texas,Information Technology
none,96826,6,-,Delaware,Information Technology
ai_integration,150000,1,-,California,Unknown
ai_integration,128700,2,-,Illinois,Information Technology
none,105000,4,-,Texas,Healthcare
ai_integration,144200,5,Bachelor's,Unknown,Insurance
none,117500,5,Bachelor's,Unknown,Aerospace & Defense
none,120000,3,Bachelor's,New York State,"Energy, Mining & Utilities"
ai_integration,86309,6,-,Kansas,Unknown
none,165000,,Bachelor's,California,Unknown
ai_integration,99200,2,High School,Minnesota,Healthcare
ai_integration,147500,7,-,Colorado,Unknown
none,175000,3,Bachelor's,New York State,Unknown
applied_ai,96200,5,Bachelor's,Unknown,Financial Services
none,99451,5,Bachelor's,Utah,Information Technology
none,145000,5,Bachelor's,California,Insurance
none,160950,7,Bachelor's,Virginia,Aerospace & Defense
none,142300,10,Bachelor's,Florida,Financial Services
none,105987,,-,Texas,Information Technology
none,112628,,-,Arizona,Financial Services
none,102672,5,Bachelor's,Florida,Unknown
none,90000,0,Bachelor's,Maryland,Information Technology
none,127049,3,Bachelor's,Ohio,Manufacturing
none,109034,4,Bachelor's,Ohio,Government & Public Administration
none,110000,4,Bachelor's,California,Pharmaceutical & Biotechnology
ai_integration,147515,,-,Texas,Information Technology
ai_integration,170500,5,-,Wisconsin,Media & Communication
ai_integration,125000,4,Bachelor's,California,Information Technology
none,112244,,-,Iowa,Pharmaceutical & Biotechnology
ai_integration,137893,5,Bachelor's,Tennessee,Healthcare
ai_integration,105000,,-,Unknown,Unknown
ai_integration,131950,5,Bachelor's,Texas,Information Technology
none,116699,3,Bachelor's,California,Manufacturing
applied_ai,200000,,-,California,Unknown
applied_ai,152929,0,Bachelor's,California,Information Technology
none,107600,3,Bachelor's,Iowa,Insurance
none,137500,3,Bachelor's,Florida,Education
none,105000,5,-,Virginia,Unknown
none,113000,2,-,California,Financial Services
applied_ai,145000,3,-,California,Unknown
none,125498,,Bachelor's,California,Unknown
applied_ai,94326,5,-,Ohio,Retail & Wholesale
applied_ai,98328,,Bachelor's,Michigan,Media & Communication
none,112500,1,Bachelor's,Arizona,Nonprofit & NGO
applied_ai,105000,3,-,Illinois,Unknown
ai_integration,187950,6,Bachelor's,Utah,Information Technology
none,117000,,-,New York State,Media & Communication
ai_integration,135000,5,-,Illinois,Unknown
ai_integration,157469,2,-,Unknown,Information Technology
applied_ai,165000,,-,Unknown,Information Technology
none,82500,3,High School,Florida,Insurance
applied_ai,137375,2,-,California,Information Technology
none,160000,4,Bachelor's,California,Unknown
none,87500,5,-,Illinois,Information Technology
none,161259,8,Bachelor's,Rhode Island,Financial Services
ai_integration,153893,6,Bachelor's,Maryland,Pharmaceutical & Biotechnology
applied_ai,130000,,-,California,Information Technology
ai_integration,124020,5,Bachelor's,Massachusetts,Aerospace & Defense
none,155000,,-,Texas,Retail & Wholesale
none,90000,3,Bachelor's,Florida,Personal Consumer Services
ai_integration,161000,4,-,Unknown,Insurance
ai_integration,155000,0,-,California,Information Technology
ai_integration,114858,4,-,Virginia,Information Technology
ai_integration,119500,2,-,Oregon,Information Technology
ai_integration,145000,3,-,California,Unknown
none,69799,2,-,Ohio,Unknown
none,153000,3,Bachelor's,Washington State,Financial Services
none,81900,2,High School,Arizona,Healthcare
none,111500,5,Bachelor's,Florida,Unknown
none,191500,3,-,California,Information Technology
none,200000,5,-,New Jersey,Financial Services
ai_integration,104285,5,-,Illinois,Information Technology
none,155000,5,-,Unknown,Information Technology
ai_integration,117864,4,-,California,Unknown
none,96725,3,-,Massachusetts,Information Technology
ai_integration,156890,5,Bachelor's,Texas,Manufacturing
none,86477,2,Bachelor's,North Carolina,Financial Services
none,96947,7,Bachelor's,Georgia,Unknown
ai_integration,92500,3,-,Maryland,Government & Public Administration
ai_integration,113062,2,-,California,Unknown
ai_integration,142500,4,Bachelor's,Unknown,Unknown
none,110000,,-,Unknown,Information Technology
ai_integration,154000,5,-,California,Media & Communication
applied_ai,180000,,-,Unknown,Information Technology
none,115000,5,Bachelor's,Unknown,Information Technology
none,83999,5,Bachelor's,Ohio,Nonprofit & NGO
none,93736,3,-,Texas,Information Technology
applied_ai,158000,2,Bachelor's,Georgia,Information Technology
none,92587,,Bachelor's,Virginia,Information Technology
none,200000,5,-,Unknown,Unknown
ai_integration,100500,4,-,Georgia,Financial Services
ai_integration,130000,4,-,Unknown,Unknown
none,153000,7,-,Utah,Information Technology
none,87592,,-,Pennsylvania,Unknown
none,175000,10,Bachelor's,Unknown,Information Technology
ai_integration,188100,,Bachelor's,Washington State,Information Technology
none,109183,,-,Oregon,Unknown
ai_integration,158693,,-,California,Unknown
none,95000,,Bachelor's,Pennsylvania,Manufacturing
none,110698,6,Bachelor's,Tennessee,Healthcare
none,125000,8,-,Oregon,Information Technology
ai_integration,147500,2,-,California,Unknown
none,133900,5,Bachelor's,Unknown,Financial Services
none,109351,5,Bachelor's,Florida,Financial Services
none,100000,10,Bachelor's,Unknown,Unknown
ai_integration,120000,3,Bachelor's,Unknown,Unknown
none,165000,2,-,California,Manufacturing
none,187950,2,Bachelor's,California,Information Technology
ai_integration,177500,7,-,New York State,Information Technology
none,107151,5,-,Virginia,"Construction, Repair & Maintenance Services"
none,127500,3,Bachelor's,Unknown,Unknown
none,140000,7,Bachelor's,Unknown,Information Technology
applied_ai,105000,12,-,Unknown,Insurance
none,101569,3,Bachelor's,Massachusetts,Unknown
none,125000,4,Bachelor's,Colorado,Aerospace & Defense
applied_ai,165000,,-,California,Unknown
none,101321,,Bachelor's,Illinois,Information Technology
applied_ai,152929,0,Bachelor's,California,Information Technology
ai_integration,155000,5,Bachelor's,California,Information Technology
none,128922,5,Bachelor's,Pennsylvania,Real Estate
none,121281,,-,Wyoming,Unknown
none,189520,7,Bachelor's,Illinois,Healthcare
none,177500,5,Bachelor's,Texas,Information Technology
none,118209,5,-,Unknown,Education
none,108631,2,-,Illinois,Media & Communication
none,161597,7,-,Texas,Healthcare
ai_integration,180000,,-,California,Unknown
none,80584,5,-,Texas,Retail & Wholesale
none,105000,3,Bachelor's,Louisiana,Information Technology
applied_ai,65701,3,-,Kansas,Unknown
ai_integration,100000,,-,Unknown,Unknown
applied_ai,183598,7,Bachelor's,Connecticut,Healthcare
none,88137,4,-,Illinois,Information Technology
none,140000,14,Bachelor's,Maryland,Unknown
none,110000,,-,California,Unknown
none,117500,3,-,New York State,Retail & Wholesale
none,112000,1,Bachelor's,California,Unknown
none,154000,4,-,California,Information Technology
none,105217,6,Bachelor's,Florida,Restaurants & Food Service
none,113008,,Bachelor's,Georgia,Information Technology
none,145000,1,Bachelor's,California,Aerospace & Defense
none,159750,2,Bachelor's,California,Telecommunications
none,79630,3,-,Missouri,Retail & Wholesale
ai_integration,170000,5,-,Texas,Unknown
ai_integration,174000,3,-,New York State,Education
ai_integration,75495,,-,Virginia,Unknown
none,122073,,-,North Carolina,Financial Services
none,150000,4,-,California,Healthcare
applied_ai,150000,4,-,California,Unknown
none,129000,5,Bachelor's,Unknown,Restaurants & Food Service
none,62649,3,Bachelor's,Wyoming,"Energy, Mining & Utilities"
none,117500,4,-,Unknown,Manufacturing
none,145000,4,Bachelor's,Unknown,Unknown
ai_integration,132072,,-,Washington State,Education
ai_integration,145000,3,-,California,Education
none,103870,5,-,Maryland,Information Technology
applied_ai,132235,5,-,Massachusetts,Information Technology
ai_integration,105000,2,-,Unknown,Unknown
none,79630,3,-,Missouri,Retail & Wholesale
ai_integration,68940,5,-,Michigan,Information Technology
none,90000,6,Bachelor's,Minnesota,Financial Services
none,200000,5,Bachelor's,Unknown,Unknown
none,81490,,-,Pennsylvania,Information Technology
none,110716,3,-,Washington State,Information Technology
none,170000,7,-,Illinois,"Construction, Repair & Maintenance Services"
ai_integration,110000,1,-,Unknown,Media & Communication
none,105000,,Bachelor's,New Jersey,Unknown
none,86771,3,Bachelor's,Texas,Information Technology
none,206622,7,-,Unknown,Pharmaceutical & Biotechnology
ai_integration,225000,,-,Unknown,Management & Consulting
none,108790,5,-,California,Financial Services
none,105000,3,Bachelor's,Unknown,Information Technology
none,62500,0,Bachelor's,Indiana,Unknown
ai_integration,292500,4,-,Unknown,Management & Consulting
applied_ai,146000,3,-,Utah,Unknown
none,91004,2,Bachelor's,Alabama,Unknown
none,136529,5,-,Maine,Information Technology
none,97817,8,Bachelor's,Alabama,Aerospace & Defense
none,79794,1,Bachelor's,Iowa,Healthcare
none,61465,3,Bachelor's,Georgia,Unknown
none,120000,,-,Idaho,Information Technology
ai_integration,135000,2,Bachelor's,Arkansas,Retail & Wholesale
ai_integration,137989,,-,Illinois,Information Technology
none,163550,5,Bachelor's,California,Information Technology
none,180000,,-,Maryland,Aerospace & Defense
none,90722,3,-,California,Information Technology
none,169167,,-,California,Unknown
ai_integration,231004,8,-,Texas,Information Technology
applied_ai,175000,,-,New York State,Information Technology
none,107500,3,-,Unknown,Unknown
none,170150,1,-,California,Real Estate
none,150000,8,-,New York State,Retail & Wholesale
none,123208,2,Bachelor's,California,Unknown
none,119000,,-,Illinois,Manufacturing
ai_integration,103310,5,Bachelor's,Georgia,Retail & Wholesale
none,92072,5,Bachelor's,Texas,"Energy, Mining & Utilities"
applied_ai,154543,,-,California,Restaurants & Food Service
none,197500,3,-,California,Unknown
none,160000,3,-,California,Unknown
none,106242,,-,Colorado,Information Technology
none,112490,3,Bachelor's,Texas,Real Estate
none,132500,5,-,Texas,Information Technology
ai_integration,139500,2,-,Texas,Information Technology
none,77500,3,Bachelor's,Nebraska,Aerospace & Defense
applied_ai,213350,7,-,Unknown,Information Technology
ai_integration,225000,4,-,California,Unknown
none,128268,8,Bachelor's,Ohio,Financial Services
none,217500,4,-,California,Unknown
applied_ai,135000,3,-,Unknown,Information Technology
ai_integration,202700,5,-,Minnesota,Information Technology
ai_integration,134835,3,-,California,Healthcare
none,111220,,-,North Carolina,Unknown
none,126786,5,Bachelor's,Arkansas,Information Technology
none,185650,4,-,New York State,Information Technology
ai_integration,188100,2,Bachelor's,Washington State,Information Technology
ai_integration,89192,7,-,Unknown,Unknown
none,118663,5,Bachelor's,Florida,Media & Communication
none,140000,,-,Virginia,Information Technology
none,106802,,-,North Carolina,Information Technology
applied_ai,101667,2,Bachelor's,California,Unknown
ai_integration,137500,3,-,Unknown,Human Resources & Staffing
applied_ai,82944,2,-,New York State,Pharmaceutical & Biotechnology
none,89421,,-,Texas,Unknown
ai_integration,157500,3,-,California,Information Technology
none,157590,5,Bachelor's,Connecticut,Healthcare
none,106830,,-,Michigan,Human Resources & Staffing
none,196600,1,Bachelor's,Washington State,Aerospace & Defense
none,127622,5,-,Florida,Personal Consumer Services
none,112500,5,-,Unknown,Information Technology
none,101680,5,-,Maryland,Information Technology
ai_integration,132500,5,Bachelor's,California,"Energy, Mining & Utilities"
none,187911,5,Master's,Unknown,Information Technology
none,135000,5,Bachelor's,California,Financial Services
none,162500,5,Bachelor's,Unknown,Healthcare
none,78290,,Bachelor's,North Carolina,Unknown
ai_integration,112191,5,-,Massachusetts,Pharmaceutical & Biotechnology
applied_ai,155000,3,-,New York State,Information Technology
none,89933,4,Bachelor's,Texas,Unknown
none,97039,2,Bachelor's,Texas,Information Technology
ai_integration,95722,2,-,Texas,Insurance
ai_integration,112500,3,Bachelor's,California,Information Technology
ai_integration,135000,6,-,New Jersey,Media & Communication
none,117500,3,Bachelor's,Texas,Financial Services
applied_ai,225000,5,-,California,Unknown
none,170850,3,Bachelor's,California,Manufacturing
none,131811,,Bachelor's,Georgia,Insurance
none,132307,10,High School,Texas,Manufacturing
applied_ai,103130,5,Bachelor's,Texas,Information Technology
none,138197,5,Bachelor's,California,Unknown
none,150510,6,Bachelor's,North Carolina,Financial Services
none,95000,1,Bachelor's,Unknown,Information Technology
none,185000,,-,California,Aerospace & Defense
none,97500,1,Bachelor's,Arizona,Unknown
applied_ai,103931,3,Bachelor's,Virginia,Information Technology
none,101212,2,Bachelor's,Washington State,Financial Services
applied_ai,135000,5,Bachelor's,Unknown,"Construction, Repair & Maintenance Services"
ai_integration,150000,3,-,California,Unknown
applied_ai,135000,5,Bachelor's,Unknown,Financial Services
none,123548,7,Bachelor's,Virginia,Real Estate
none,83880,4,Bachelor's,Texas,Insurance
none,107775,5,Bachelor's,Illinois,Information Technology
none,124969,5,Bachelor's,Georgia,Financial Services
none,118157,5,-,Texas,Information Technology
none,120000,3,Bachelor's,Unknown,Unknown
none,160000,5,-,Unknown,Unknown
ai_integration,105110,4,Bachelor's,Florida,Information Technology
ai_integration,187950,5,Bachelor's,California,Information Technology
none,200000,7,-,Unknown,Healthcare
none,128100,5,-,Virginia,Information Technology
none,97500,,-,Alabama,Unknown
none,105258,,Bachelor's,Virginia,Aerospace & Defense
applied_ai,140564,1.5,-,California,Unknown
none,99444,2,Bachelor's,California,Unknown
none,84515,2,Bachelor's,Virginia,Information Technology
none,93283,,-,Utah,Information Technology
none,96865,5,Bachelor's,Florida,Unknown
none,113708,4,-,California,Media & Communication
none,159500,2,Bachelor's,California,Information Technology
none,158646,,-,California,Unknown
none,96257,5,Bachelor's,Georgia,Unknown
none,107989,,-,Connecticut,Information Technology
ai_integration,140000,5,Bachelor's,Minnesota,Manufacturing
ai_integration,97463,,Bachelor's,Pennsylvania,Unknown
none,95997,8,Bachelor's,North Carolina,Information Technology
none,107790,3,Bachelor's,Georgia,Financial Services
applied_ai,100000,1,-,Pennsylvania,Healthcare
ai_integration,190000,4,-,Unknown,Information Technology
applied_ai,220100,5,-,California,Information Technology
none,145000,5,-,California,Real Estate
none,175000,3,-,Texas,Information Technology
none,129900,5,-,Minnesota,Education
none,100626,6,Bachelor's,Wisconsin,Media & Communication
none,112500,5,-,Minnesota,Information Technology
none,154400,3,Bachelor's,Virginia,Unknown
none,145000,5,Bachelor's,New Jersey,Unknown
none,112500,3,Bachelor's,California,Information Technology
ai_integration,110281,3,-,Texas,Retail & Wholesale
none,145721,,-,California,Unknown
none,143877,2,-,California,Information Technology
none,137500,,-,Unknown,Information Technology
none,114585,7,Bachelor's,Georgia,Management & Consulting
none,102480,3,Bachelor's,Georgia,Information Technology
none,95000,3,Bachelor's,North Carolina,Human Resources & Staffing
ai_integration,140000,7,-,Michigan,Human Resources & Staffing
none,148400,3,-,California,Unknown
ai_integration,175000,2,-,California,Human Resources & Staffing
none,162000,3,-,Unknown,Information Technology
none,121287,5,-,Florida,Unknown
none,115751,,-,California,Unknown
none,152955,5,Bachelor's,Rhode Island,Healthcare
none,107456,,-,Florida,Information Technology
none,89553,,-,Georgia,Information Technology
none,87117,3,-,California,Information Technology
none,164000,5,-,New York State,Financial Services
none,101802,3,Bachelor's,Texas,Healthcare
ai_integration,120000,4,-,Unknown,Management & Consulting
none,165000,5,-,Unknown,Information Technology
none,162500,6,-,Utah,Financial Services
ai_integration,250000,,-,New York State,Unknown
none,91377,3,Bachelor's,Florida,Healthcare
none,142500,2,-,Unknown,Pharmaceutical & Biotechnology
ai_integration,140000,1,Bachelor's,California,Unknown
none,147681,1,Bachelor's,California,Information Technology
none,86985,3,Bachelor's,Tennessee,Healthcare
applied_ai,200000,5,-,California,Unknown
ai_integration,169000,6,Bachelor's,Unknown,Healthcare
ai_integration,135000,1,-,Unknown,Information Technology
none,124644,14,Bachelor's,Maryland,Information Technology
none,75656,5,Bachelor's,Virginia,Unknown
none,165000,3,-,California,Manufacturing
ai_integration,173000,,Bachelor's,California,Information Technology
none,99512,5,Bachelor's,Florida,Manufacturing
ai_integration,137500,5,-,Texas,Unknown
ai_integration,145000,5,Bachelor's,Massachusetts,Education
none,93042,2,-,California,Unknown
none,137500,,-,Texas,Unknown
ai_integration,137500,6,Bachelor's,California,Transportation & Logistics
ai_integration,220000,7,-,New York State,Information Technology
applied_ai,140000,,-,Massachusetts,Unknown
applied_ai,180000,5,-,Colorado,Management & Consulting
none,172393,,-,California,Information Technology
ai_integration,152250,3,-,Illinois,Information Technology
none,125000,5,Bachelor's,Unknown,Unknown
none,190000,5,-,California,Manufacturing
none,100736,8,-,Texas,Unknown
ai_integration,205000,,-,Unknown,Manufacturing
ai_integration,94940,,Bachelor's,Georgia,Unknown
none,88497,4,-,California,Information Technology
none,123916,8,Bachelor's,Texas,Information Technology
applied_ai,102843,,-,Texas,Information Technology
ai_integration,155000,3,-,New York State,Unknown
none,150000,4,-,New York State,Management & Consulting
none,132614,2,-,California,Transportation & Logistics
none,120000,5,-,Unknown,Information Technology
none,104571,5,Bachelor's,California,Unknown
none,91470,4,-,Utah,Nonprofit & NGO
applied_ai,147500,5,-,Unknown,Information Technology
ai_integration,195000,5,-,Illinois,Information Technology
none,143500,7,-,Unknown,Unknown
ai_integration,114900,8,Bachelor's,Alabama,Insurance
none,94230,7,Bachelor's,Indiana,Information Technology
none,147500,4,-,Unknown,Information Technology
ai_integration,155000,5,Bachelor's,California,Transportation & Logistics
none,124595,5,High School,Texas,Information Technology
none,178328,5,-,New York State,Healthcare
none,178500,7,-,California,Insurance
none,188500,5,Bachelor's,California,Information Technology
none,120000,7,Bachelor's,North Carolina,Human Resources & Staffing
none,180000,2,-,California,Unknown
ai_integration,121000,3,Bachelor's,Alabama,Financial Services
none,180000,6,-,Unknown,Information Technology
applied_ai,202500,5,-,California,Manufacturing
applied_ai,116373,2,Bachelor's,California,Education
ai_integration,139061,5,Bachelor's,Texas,Unknown
none,124972,7,-,Hawaii,Unknown
ai_integration,140000,5,Bachelor's,Unknown,Unknown
none,90000,6,-,Unknown,Unknown
none,111384,5,-,Alabama,Retail & Wholesale
applied_ai,163650,5,Bachelor's,California,Financial Services
none,78606,4,-,Alabama,Unknown
none,76007,8,Bachelor's,Ohio,Unknown
none,139043,,-,Texas,Information Technology
none,157500,8,-,Massachusetts,Information Technology
none,165334,5,-,California,Information Technology
none,150000,5,-,Texas,Insurance
applied_ai,177500,6,-,Unknown,Information Technology
none,126517,5,-,Texas,Information Technology
ai_integration,175950,5,-,California,Information Technology
ai_integration,155000,5,-,Unknown,Information Technology
none,147500,5,-,Unknown,Information Technology
none,130023,7,-,Oregon,Insurance
none,160000,5,-,Unknown,Information Technology
none,155000,5,-,Colorado,Unknown
none,105096,3,Bachelor's,Maryland,Human Resources & Staffing
none,150000,4,Bachelor's,California,Human Resources & Staffing
applied_ai,187500,3,-,California,Information Technology
none,83605,2,Bachelor's,Unknown,Insurance
none,95510,,-,Ohio,Aerospace & Defense
none,111500,3,-,Unknown,Information Technology
none,116890,,-,Unknown,Healthcare
none,135000,3,Associate,Unknown,Information Technology
none,136326,,Bachelor's,Unknown,Information Technology
none,65000,0,Bachelor's,Pennsylvania,Information Technology
ai_integration,229000,6,-,Unknown,Information Technology
ai_integration,91737,0,Bachelor's,Hawaii,Aerospace & Defense
none,131100,4,Bachelor's,Unknown,Financial Services
none,115384,0,Bachelor's,Massachusetts,Information Technology
none,118078,0,Bachelor's,Delaware,Management & Consulting
none,122500,5,High School,Unknown,Management & Consulting
none,78875,0,-,Unknown,Healthcare
none,101898,0,-,Texas,Management & Consulting
none,90000,1,Associate,Illinois,Healthcare
none,91621,1,-,Arizona,Information Technology
none,87500,2,-,New Jersey,Media & Communication
none,97500,3,-,Unknown,Financial Services
none,110000,3,Bachelor's,Illinois,Transportation & Logistics
none,131689,,-,Virginia,Information Technology
none,132000,1,-,Unknown,Information Technology
none,109770,,-,Ohio,Aerospace & Defense
none,150000,0,-,Virginia,Management & Consulting
none,168175,5,-,Texas,Information Technology
none,86500,3,Associate,Texas,Retail & Wholesale
ai_integration,112500,2,Bachelor's,Illinois,Financial Services
none,77563,1,Bachelor's,Florida,Aerospace & Defense
none,93174,5,Bachelor's,Illinois,Healthcare
none,125000,4,Bachelor's,Unknown,Information Technology
none,217500,,-,Maryland,Information Technology
none,108706,0,-,Utah,Information Technology
none,120750,,-,Unknown,Financial Services
none,131884,,-,Virginia,Information Technology
none,107500,4,Bachelor's,New York State,Government & Public Administration
none,140000,6,-,Unknown,Human Resources & Staffing
none,93500,2,-,Unknown,Information Technology
none,112500,3,-,Unknown,Information Technology
none,135000,5,-,Unknown,Information Technology
none,96211,1,Bachelor's,Texas,Information Technology
none,157000,,-,Massachusetts,Legal
none,121553,,-,Georgia,Information Technology
none,244550,8,-,Unknown,Information Technology
applied_ai,177675,7,High School,Pennsylvania,Healthcare
none,90000,7,Bachelor's,Idaho,Retail & Wholesale
none,122813,,Bachelor's,Wyoming,Unknown
none,125629,2,Bachelor's,Texas,Information Technology
none,150000,,Bachelor's,Unknown,Information Technology
none,86646,3,Bachelor's,Pennsylvania,Transportation & Logistics
none,207500,8,-,Unknown,Information Technology
none,207425,8,Bachelor's,Texas,Information Technology
none,90668,5,Bachelor's,North Carolina,Healthcare
none,228905,5,Bachelor's,Unknown,Healthcare
none,122835,3,Bachelor's,Minnesota,Manufacturing
none,81000,0,Bachelor's,Iowa,Aerospace & Defense
none,78119,0,-,Utah,Aerospace & Defense
none,67500,,Bachelor's,Pennsylvania,Aerospace & Defense
none,155000,5,Bachelor's,Georgia,Retail & Wholesale
none,185625,2,-,Unknown,Information Technology
none,192900,,-,Utah,Information Technology
none,135000,5,Bachelor's,Unknown,Management & Consulting
none,155000,9,High School,Texas,Information Technology
none,85455,1,Bachelor's,West Virginia,Information Technology
none,102738,0,Bachelor's,Pennsylvania,Pharmaceutical & Biotechnology
none,117000,2,Bachelor's,Texas,Information Technology
none,125000,3,Bachelor's,Unknown,Insurance
none,91975,3,High School,California,Management & Consulting
none,95138,3,High School,California,Management & Consulting
none,113414,5,Bachelor's,Virginia,Aerospace & Defense
none,115000,2,-,Unknown,Human Resources & Staffing
none,135080,,-,Texas,Insurance
none,163494,8,Bachelor's,Unknown,Management & Consulting
ai_integration,120000,4,-,Unknown,Healthcare
none,108479,5,Bachelor's,North Carolina,Financial Services
none,120000,5,-,Unknown,Human Resources & Staffing
ai_integration,129000,3,Bachelor's,Texas,Information Technology
none,157500,5,Bachelor's,New Jersey,Financial Services
none,107650,3,Bachelor's,Vermont,"Energy, Mining & Utilities"
ai_integration,205000,,-,Unknown,Information Technology
ai_integration,125000,5,Bachelor's,Unknown,Unknown
none,127452,10,-,North Carolina,Financial Services
none,126575,1,High School,Unknown,Management & Consulting
none,127500,3,Bachelor's,Unknown,Information Technology
none,80000,8,Bachelor's,Unknown,Information Technology
none,128247,3,Bachelor's,Florida,Manufacturing
none,83901,8,Bachelor's,Virginia,Information Technology
none,95000,3,-,Texas,Media & Communication
none,116500,5,-,Unknown,Government & Public Administration
none,77175,2,-,Maryland,Government & Public Administration
none,90409,5,-,Unknown,Manufacturing
none,107500,3,Bachelor's,Illinois,Management & Consulting
none,62500,2,-,Texas,Human Resources & Staffing
none,139114,,-,District of Columbia,Information Technology
none,110390,3,Bachelor's,Texas,Telecommunications
applied_ai,165750,3,-,Unknown,Information Technology
none,115753,,-,Indiana,Unknown
ai_integration,120000,0,Bachelor's,Maryland,Aerospace & Defense
none,84006,3,Bachelor's,Kansas,"Arts, Entertainment & Recreation"
none,150000,10,High School,Colorado,Aerospace & Defense
applied_ai,169150,1,-,Texas,Information Technology
none,93675,0,Bachelor's,Texas,Financial Services
none,89230,4,-,Kentucky,Healthcare
none,70199,3,-,Maryland,Government & Public Administration
none,97166,6,Bachelor's,Wisconsin,Information Technology
none,135000,6,Bachelor's,Unknown,Human Resources & Staffing
none,92500,,-,Illinois,Financial Services
none,121178,,-,Florida,Unknown
none,98242,,Bachelor's,Georgia,Information Technology
none,116721,,-,Tennessee,Retail & Wholesale
none,80000,,-,Texas,Legal
none,167063,3,-,Unknown,Information Technology
ai_integration,120186,5,Bachelor's,Florida,Education
none,90600,0,High School,New York State,Information Technology
ai_integration,75780,,Bachelor's,California,Information Technology
none,113967,,Bachelor's,Florida,Aerospace & Defense
none,122998,,-,New York State,Insurance
none,90000,2,Bachelor's,District of Columbia,Unknown
none,160150,10,High School,Unknown,Manufacturing
none,130000,3,-,Unknown,Information Technology
none,182300,7,-,California,Insurance
none,81000,0,Bachelor's,New York State,"Construction, Repair & Maintenance Services"
none,77022,5,-,Alabama,Information Technology
none,78000,0,Bachelor's,Minnesota,Manufacturing
none,107400,2,-,Alabama,Information Technology
none,93512,4,Bachelor's,Virginia,Aerospace & Defense
none,93395,,-,Ohio,Aerospace & Defense
ai_integration,292500,,-,New York State,Management & Consulting
none,198000,11,-,Virginia,Aerospace & Defense
none,102928,3,Bachelor's,Florida,Government & Public Administration
none,140000,4,-,Unknown,Information Technology
none,92367,1,Associate,Maryland,Education
none,145700,6,-,Georgia,Financial Services
none,145000,,-,Unknown,Aerospace & Defense
none,90000,,Bachelor's,Florida,Information Technology
none,112500,3,-,Unknown,Information Technology
none,200000,6,-,Unknown,Unknown
applied_ai,116822,,Bachelor's,Alabama,Unknown
none,128700,3,Bachelor's,Texas,Information Technology
none,112500,5,Bachelor's,Unknown,Management & Consulting
none,145000,7,Bachelor's,Unknown,Management & Consulting
none,115000,3,Bachelor's,Unknown,Information Technology
none,130500,2,Bachelor's,North Carolina,Unknown
none,156000,2,-,Unknown,Pharmaceutical & Biotechnology
none,117896,,Associate,Massachusetts,Financial Services
none,106964,4,Bachelor's,Arizona,Information Technology
none,143534,11,Bachelor's,Virginia,Financial Services
none,125000,3,Bachelor's,Unknown,Information Technology
ai_integration,105000,3,Associate,Minnesota,Financial Services
none,132200,,Bachelor's,Virginia,Aerospace & Defense
none,95980,2,-,Texas,Financial Services
none,66439,1,-,Virginia,Information Technology
none,144000,,-,California,Information Technology
none,128087,,Bachelor's,Guam,Media & Communication
none,108190,5,-,Unknown,Education
none,133964,4,Bachelor's,Texas,Aerospace & Defense
ai_integration,155450,5,-,Illinois,Financial Services
none,85022,0,-,California,Government & Public Administration
none,145800,5,Bachelor's,Unknown,Information Technology
none,115000,,-,Texas,Unknown
none,117500,3,Bachelor's,North Carolina,Unknown
none,178900,0,Associate,Unknown,Information Technology
none,151500,,-,Unknown,Information Technology
none,114714,5,-,Texas,Information Technology
none,103250,2,Bachelor's,Unknown,Insurance
none,93620,0,Bachelor's,Utah,Information Technology
ai_integration,105000,5,Bachelor's,Oklahoma,Aerospace & Defense
none,161300,2,-,Illinois,Information Technology
none,152000,5,Bachelor's,Maryland,Aerospace & Defense
ai_integration,101000,5,-,Unknown,Information Technology
ai_integration,125000,3,High School,Unknown,"Energy, Mining & Utilities"
ai_integration,86326,2,Bachelor's,Nevada,"Arts, Entertainment & Recreation"
none,127411,,Bachelor's,Virginia,Information Technology
none,90000,2,Bachelor's,Michigan,Education
none,96000,5,Bachelor's,Texas,Telecommunications
none,151691,10,High School,Tennessee,Financial Services
none,88566,2,Bachelor's,Tennessee,Management & Consulting
none,80625,0,Bachelor's,South Carolina,Aerospace & Defense
none,107393,5,Bachelor's,Tennessee,Healthcare
none,107500,5,High School,Michigan,Financial Services
none,87986,5,Bachelor's,Ohio,Unknown
none,124715,.5,Bachelor's,California,Information Technology
ai_integration,99191,3,-,Massachusetts,Government & Public Administration
none,96200,5,Bachelor's,Unknown,Healthcare
none,125387,,-,New Jersey,Unknown
applied_ai,170000,5,-,Unknown,Information Technology
none,197000,15,-,California,Management & Consulting
none,108200,4,Bachelor's,Unknown,Healthcare
none,142300,5,Bachelor's,Florida,Financial Services
none,105000,3,Bachelor's,California,"Construction, Repair & Maintenance Services"
none,123500,5,Bachelor's,Virginia,Government & Public Administration
none,102725,6,High School,Alabama,Financial Services
none,91488,0,-,Florida,Aerospace & Defense
ai_integration,153850,1,Bachelor's,Unknown,Information Technology
ai_integration,206000,5,-,New York State,Financial Services
none,142831,,-,Virginia,Aerospace & Defense
ai_integration,66605,0,Bachelor's,Tennessee,Information Technology
none,145000,12,Bachelor's,Maryland,Information Technology
none,89006,3,-,Virginia,Information Technology
ai_integration,153250,5,-,Indiana,Financial Services
none,92759,.333,Master's,Michigan,Unknown
none,85000,3,-,New York State,Information Technology
none,51978,0,-,Tennessee,Healthcare
none,114344,5,-,Missouri,Transportation & Logistics
none,135971,5,Bachelor's,Virginia,Information Technology
none,98351,7,High School,Georgia,Information Technology
none,107500,,-,Illinois,Healthcare
none,110000,,-,Arizona,Information Technology
ai_integration,121230,5,-,Texas,Information Technology
none,125250,4,-,Minnesota,Healthcare
none,67500,2,Bachelor's,South Dakota,Information Technology
ai_integration,105000,,Bachelor's,Colorado,Information Technology
none,115000,,-,Minnesota,Information Technology
none,146913,8,Bachelor's,Unknown,Aerospace & Defense
none,118519,6,-,Texas,Information Technology
none,106006,3,High School,Texas,Information Technology
none,112500,2,Bachelor's,California,Manufacturing
ai_integration,195000,5,Bachelor's,Utah,Information Technology
none,169500,5,Bachelor's,Texas,Information Technology
ai_integration,160000,5,Bachelor's,Florida,Information Technology
none,183500,7,-,Ohio,Financial Services
none,97382,4,-,Texas,Healthcare
none,145000,5,Bachelor's,Unknown,Manufacturing
none,116168,7,Bachelor's,Tennessee,Government & Public Administration
none,140000,5,-,Maryland,Human Resources & Staffing
none,134749,2,Bachelor's,Colorado,Aerospace & Defense
none,143500,5,-,Tennessee,Unknown
none,157500,4,Bachelor's,California,Information Technology
applied_ai,145000,7,-,Washington State,Financial Services
none,90000,7,Associate,Missouri,Information Technology
none,131100,3,Bachelor's,Unknown,Financial Services
none,85000,4,-,Arizona,Manufacturing
ai_integration,141000,3,-,District of Columbia,Legal
none,93500,2,Bachelor's,Texas,Management & Consulting
none,85100,,-,North Carolina,Information Technology
none,109342,,-,Missouri,"Energy, Mining & Utilities"
none,130500,2,Bachelor's,Unknown,Information Technology
none,121453,5,-,Ohio,Financial Services
none,116322,3,-,Georgia,Financial Services
none,135375,0,High School,District of Columbia,Management & Consulting
none,145000,5,Bachelor's,Unknown,Manufacturing
none,171150,4,Bachelor's,Virginia,Management & Consulting
none,205000,,-,Unknown,Information Technology
none,187200,8,-,Massachusetts,Information Technology
none,109142,5,Associate,Idaho,Retail & Wholesale
none,105000,,-,New York State,Unknown
none,104327,,Bachelor's,Massachusetts,Education
none,150000,5,-,Unknown,Legal
none,120700,5,Bachelor's,Illinois,Unknown
none,115027,5,Bachelor's,Pennsylvania,Information Technology
none,117550,3,Bachelor's,Minnesota,Manufacturing
none,130409,5,-,Washington State,Unknown
none,94682,5,Bachelor's,Minnesota,Retail & Wholesale
none,139783,,Bachelor's,Pennsylvania,Manufacturing
none,115000,3,Bachelor's,New Jersey,Financial Services
none,147500,5,-,District of Columbia,Management & Consulting
none,115127,2,-,Texas,Financial Services
ai_integration,91737,0,-,Hawaii,Aerospace & Defense
none,97184,7,Bachelor's,South Carolina,Aerospace & Defense
none,207425,8,Bachelor's,Texas,Information Technology
none,100000,5,Bachelor's,Michigan,Restaurants & Food Service
none,122500,5,Master's,Maryland,Media & Communication
none,125000,2,Bachelor's,Maryland,Manufacturing
none,120420,5,-,Texas,Information Technology
none,125000,5,Bachelor's,Unknown,Information Technology
none,116000,,-,Unknown,Information Technology
none,140000,,-,Washington State,Unknown
none,125000,4,Associate,Colorado,Information Technology
none,90000,2,Bachelor's,Colorado,Unknown
none,116463,5,Bachelor's,Ohio,Information Technology
ai_integration,212500,3,-,California,Management & Consulting
none,140000,5,Bachelor's,Texas,Pharmaceutical & Biotechnology
none,110000,2,-,Rhode Island,Management & Consulting
none,82500,1,Bachelor's,Georgia,Unknown
none,139186,8,Bachelor's,Oklahoma,Manufacturing
none,115319,,-,Texas,Unknown
none,101360,2,-,Texas,Manufacturing
none,161221,,Bachelor's,Ohio,Aerospace & Defense
ai_integration,121352,5,Bachelor's,Virginia,Information Technology
none,105915,5,Bachelor's,Ohio,Aerospace & Defense
ai_integration,125000,8,-,Maryland,Unknown
none,132808,5,Bachelor's,Arizona,Pharmaceutical & Biotechnology
none,127928,5,-,Massachusetts,Financial Services
none,104500,3,Bachelor's,New York State,Unknown
none,135000,5,Bachelor's,California,"Arts, Entertainment & Recreation"
none,120481,5,Bachelor's,Pennsylvania,Education
none,250000,,-,Virginia,Information Technology
none,140000,10,Master's,California,"Construction, Repair & Maintenance Services"
none,131798,5,Bachelor's,Texas,"Energy, Mining & Utilities"
none,162500,5,Bachelor's,Florida,Human Resources & Staffing
none,100494,,Bachelor's,California,Information Technology
none,83590,1,Bachelor's,Delaware,Manufacturing
none,133220,,-,Virginia,Information Technology
none,105000,3,-,Florida,Unknown
none,115800,3,Bachelor's,Texas,Information Technology
none,77500,2,Bachelor's,Michigan,Information Technology
none,85015,3,Bachelor's,Mississippi,Financial Services
none,96273,5,Bachelor's,Maryland,Unknown
none,152500,2,-,California,Aerospace & Defense
none,133500,3,-,Texas,Real Estate
none,121341,,-,New Jersey,Media & Communication
none,140000,3,Bachelor's,Massachusetts,Information Technology
none,99322,3,Bachelor's,Maryland,Unknown
none,130000,2,Bachelor's,California,Information Technology
none,150000,3,-,California,Financial Services
none,112500,5,Bachelor's,California,Financial Services
none,171774,0,Bachelor's,Virginia,Information Technology
none,110051,5,-,Missouri,Legal
none,135362,0,-,Maryland,Government & Public Administration
none,90000,1,Bachelor's,Texas,Information Technology
none,78515,0,Bachelor's,South Carolina,Unknown
none,90964,0,Associate,Utah,Nonprofit & NGO
none,197500,3,-,California,Information Technology
none,169150,3,Bachelor's,Washington State,Information Technology
none,204500,5,Bachelor's,Unknown,Financial Services
none,61057,.5,Bachelor's,South Carolina,Information Technology
none,132500,7,Bachelor's,New Jersey,"Energy, Mining & Utilities"
applied_ai,120000,0,Bachelor's,Maryland,Aerospace & Defense
none,198000,11,-,Virginia,Aerospace & Defense
none,123000,3,Bachelor's,Florida,Aerospace & Defense
none,95263,7,-,Virginia,Unknown
none,132500,5,-,Unknown,Information Technology
none,78000,1,Bachelor's,Maine,Nonprofit & NGO
none,124875,3,Bachelor's,New York State,Healthcare
none,90000,2,Bachelor's,Florida,Healthcare
none,130500,5,Bachelor's,Unknown,Unknown
none,106687,4,Bachelor's,Illinois,Pharmaceutical & Biotechnology
ai_integration,188100,,-,Washington State,Information Technology
none,75000,,-,Florida,Government & Public Administration
none,209750,,-,California,Information Technology
none,119913,5,Bachelor's,District of Columbia,Information Technology
none,98077,5,Bachelor's,Texas,Financial Services
ai_integration,176500,5,-,Unknown,Information Technology
none,110000,0,Bachelor's,Colorado,"Energy, Mining & Utilities"
none,139250,8,-,Arizona,Financial Services
none,127284,,-,Tennessee,Healthcare
none,85000,5,Bachelor's,Pennsylvania,Aerospace & Defense
none,150112,5,-,Illinois,Information Technology
none,77846,4,Bachelor's,Puerto Rico,Information Technology
none,145000,7,Bachelor's,Unknown,Information Technology
none,140000,4,Bachelor's,New York State,Education
none,198000,,-,Virginia,Aerospace & Defense
none,86320,1,Bachelor's,California,Information Technology
ai_integration,116334,4,Bachelor's,Utah,Information Technology
none,184750,7,Bachelor's,California,Telecommunications
none,117873,4,Bachelor's,Colorado,Government & Public Administration
none,134005,,-,Texas,Information Technology
none,101078,3,Bachelor's,Illinois,Transportation & Logistics
none,144000,1,Bachelor's,Virginia,Information Technology
none,91474,4,High School,New Mexico,Unknown
none,117500,1,Bachelor's,New York State,"Construction, Repair & Maintenance Services"
applied_ai,193925,12,Bachelor's,Unknown,Pharmaceutical & Biotechnology
none,130661,10,Bachelor's,Ohio,Aerospace & Defense
none,143500,5,Bachelor's,Virginia,Unknown
applied_ai,148000,4,-,North Carolina,Financial Services
none,116890,6,Bachelor's,Unknown,Healthcare
ai_integration,192500,2,-,California,Information Technology
ai_integration,160150,5,Bachelor's,New Jersey,Manufacturing
none,171500,2,Bachelor's,California,Information Technology
none,82500,3,Bachelor's,New York State,Manufacturing
none,88065,,Bachelor's,South Dakota,Education
none,114613,4,Bachelor's,Maryland,Pharmaceutical & Biotechnology
none,120000,6,Bachelor's,Maryland,Human Resources & Staffing
none,187500,5,-,Washington State,Retail & Wholesale
ai_integration,126722,4,Bachelor's,Michigan,Manufacturing
none,100780,3,Bachelor's,Utah,Real Estate
none,101090,5,Bachelor's,Florida,Media & Communication
none,103788,,-,Arizona,Education
none,128923,7,-,Virginia,Unknown
none,95000,3,Bachelor's,Wisconsin,Information Technology
none,120144,5,-,Virginia,Unknown
none,88614,3,Bachelor's,Mississippi,Insurance
ai_integration,132500,5,Bachelor's,Georgia,Financial Services
ai_integration,102125,2,Bachelor's,Washington State,Information Technology
none,88286,0,Bachelor's,Indiana,Aerospace & Defense
ai_integration,70000,0,-,California,Management & Consulting
ai_integration,150070,1,-,California,Financial Services
none,159000,5,-,Washington State,Financial Services
none,106113,,-,New Jersey,Education
ai_integration,164000,10,High School,Maryland,Unknown
none,93550,3,Associate,New York State,Manufacturing
none,130000,7,-,Unknown,Information Technology
none,105000,4,Bachelor's,Colorado,Manufacturing
none,120000,3,Bachelor's,Florida,Media & Communication
none,125664,,-,Texas,Financial Services
applied_ai,227500,5,PhD,California,Management & Consulting
none,141000,5,Bachelor's,Washington State,Aerospace & Defense
none,175979,6,-,Virginia,Aerospace & Defense
ai_integration,190000,5,-,California,Unknown
none,118680,3,Bachelor's,Oregon,Financial Services
none,96656,3,Bachelor's,South Carolina,Healthcare
ai_integration,92500,1,Bachelor's,Maryland,Information Technology
none,88397,,-,Indiana,Financial Services
ai_integration,206050,1,Associate,Unknown,Information Technology
none,185000,4,-,Unknown,Information Technology
none,110467,5,-,Virginia,Information Technology
ai_integration,167500,5,Bachelor's,North Carolina,Information Technology
none,75000,,Bachelor's,Nevada,Healthcare
none,145000,4,-,Unknown,Financial Services
none,104783,4,Bachelor's,Kansas,Aerospace & Defense
none,92638,3,Bachelor's,Missouri,Retail & Wholesale
ai_integration,98147,3,Bachelor's,Utah,Retail & Wholesale
none,126750,3,Bachelor's,South Carolina,Information Technology
none,127500,3,Bachelor's,North Carolina,Human Resources & Staffing
none,165500,5,Bachelor's,California,Education
ai_integration,245500,6,Bachelor's,California,Information Technology
none,95396,7,-,Missouri,Manufacturing
none,136250,5,Bachelor's,California,Manufacturing
none,131000,7,-,Virginia,Management & Consulting
none,90605,3,-,Virginia,Information Technology
none,168175,5,Bachelor's,Illinois,Information Technology
none,120000,4,Bachelor's,Colorado,Aerospace & Defense
none,130000,5,-,Unknown,Information Technology
none,117500,,Bachelor's,Arizona,Financial Services
applied_ai,139050,5,Bachelor's,Pennsylvania,Healthcare
none,171095,5,-,California,Retail & Wholesale
none,147000,5,-,Wisconsin,Insurance
ai_integration,102500,3,Bachelor's,Wyoming,Unknown
none,88065,,Bachelor's,South Dakota,Education
none,125000,5,Bachelor's,Illinois,Manufacturing
none,128304,7,-,Unknown,Information Technology
none,130000,5,-,North Carolina,Unknown
none,128080,6,Bachelor's,Florida,Restaurants & Food Service
applied_ai,175000,6,-,Unknown,Healthcare
ai_integration,113700,3,Bachelor's,Unknown,Financial Services
none,150000,5,-,Unknown,Information Technology
none,71771,8,Bachelor's,Arizona,Retail & Wholesale
none,105000,3,Bachelor's,Colorado,Aerospace & Defense
applied_ai,135000,5,Bachelor's,Washington State,Transportation & Logistics
none,130000,3,Bachelor's,California,Management & Consulting
none,81150,3,Bachelor's,Illinois,Nonprofit & NGO
none,87693,3,Bachelor's,Florida,Unknown
ai_integration,157500,5,-,Unknown,Healthcare
none,135125,2,-,New York State,Healthcare
none,133000,5,Bachelor's,Minnesota,Retail & Wholesale
none,103243,3,Bachelor's,Pennsylvania,Unknown
none,157400,,-,California,Information Technology
none,149500,5,Bachelor's,Georgia,Telecommunications
none,111657,,-,Michigan,Human Resources & Staffing
none,103000,2,Bachelor's,Virginia,Information Technology
ai_integration,175750,6,-,Texas,Telecommunications
ai_integration,88372,5,-,Wisconsin,Information Technology
none,102500,4,Bachelor's,Unknown,Financial Services
none,102500,5,Bachelor's,Florida,Healthcare
none,114078,3,Bachelor's,Massachusetts,Insurance
none,112500,3,Bachelor's,Massachusetts,Aerospace & Defense
none,112857,5,-,New Hampshire,"Energy, Mining & Utilities"
none,97500,3,-,Michigan,Information Technology
none,147275,5,-,Unknown,Information Technology
none,145000,3,Bachelor's,Florida,Aerospace & Defense
none,102500,3,-,Indiana,Information Technology
none,101279,,-,Texas,Unknown
none,103461,5,-,Florida,Aerospace & Defense
ai_integration,177500,4,-,New York State,Information Technology
none,120145,7,-,Virginia,Aerospace & Defense
ai_integration,188900,5,-,North Carolina,Information Technology
none,136000,8,Bachelor's,Washington State,Manufacturing
none,119500,8,-,Wisconsin,Manufacturing
none,95140,,-,New Jersey,Unknown
none,110000,3,Bachelor's,Maryland,Information Technology
none,120597,3,-,Texas,Manufacturing
ai_integration,151920,10,Bachelor's,Texas,Real Estate
none,187500,7,Bachelor's,Texas,Unknown
none,140500,,-,Georgia,"Arts, Entertainment & Recreation"
none,129854,0,Bachelor's,California,Financial Services
none,117500,3,Bachelor's,Massachusetts,Unknown
none,115000,2,Bachelor's,Oklahoma,Unknown
none,93066,3,Bachelor's,Utah,Information Technology
none,169248,5,-,California,Healthcare
none,118854,5,High School,Michigan,"Energy, Mining & Utilities"
none,155000,10,Bachelor's,Unknown,Information Technology
none,130000,5,-,Massachusetts,Manufacturing
none,96486,1,Bachelor's,Utah,Information Technology
none,85308,5,Bachelor's,Pennsylvania,Manufacturing
none,197400,5,-,Hawaii,Information Technology
none,110000,10,Bachelor's,Unknown,Information Technology
none,134125,,-,New York State,"Arts, Entertainment & Recreation"
none,118000,3,-,California,Information Technology
none,115131,5,Bachelor's,Connecticut,"Construction, Repair & Maintenance Services"
none,105000,5,Bachelor's,New York State,Healthcare
applied_ai,149500,5,Bachelor's,Missouri,Financial Services
none,152929,0,-,California,Information Technology
none,81518,3,Associate,Oklahoma,Education
none,189500,,Bachelor's,Colorado,Aerospace & Defense
none,124494,6,Bachelor's,Connecticut,Information Technology
none,81738,9,Bachelor's,Florida,Management & Consulting
ai_integration,115000,5,Bachelor's,New York State,Healthcare
ai_integration,200000,1,Bachelor's,California,Information Technology
none,155513,,-,Virginia,Insurance
none,129110,,-,Virginia,Unknown
ai_integration,122500,5,Bachelor's,Colorado,Transportation & Logistics
none,80557,2,-,Massachusetts,Information Technology
none,132000,1,-,Illinois,Information Technology
none,175500,6,Bachelor's,California,Aerospace & Defense
none,137500,5,-,Unknown,Information Technology
ai_integration,107500,4,-,Maryland,Financial Services
none,128700,5,-,Unknown,Information Technology
none,150000,7,Bachelor's,Unknown,Information Technology
none,185000,5,Bachelor's,California,Pharmaceutical & Biotechnology
none,182000,5,Bachelor's,Unknown,Media & Communication
none,94165,3,Bachelor's,Virginia,Information Technology
none,170000,,-,Mississippi,Information Technology
none,101986,3,Bachelor's,California,Information Technology
applied_ai,126599,,-,Texas,Information Technology
none,95980,7,Bachelor's,Georgia,Information Technology
none,164000,5,Bachelor's,Florida,Financial Services
none,151000,8,Bachelor's,Texas,Financial Services
none,72181,3,-,Virginia,Information Technology
none,195000,15,Master's,Unknown,Management & Consulting
none,145000,3,-,Texas,Information Technology
none,114294,5,-,New Jersey,Unknown
none,160300,8,Bachelor's,New York State,Aerospace & Defense
none,109000,3,-,Indiana,"Energy, Mining & Utilities"
none,147500,12,-,Pennsylvania,Information Technology
none,116650,5,Bachelor's,Virginia,Aerospace & Defense
ai_integration,155000,5,Bachelor's,Unknown,Healthcare
none,147650,5,Bachelor's,Unknown,Healthcare
none,145000,3,Bachelor's,Indiana,Aerospace & Defense
none,185500,8,Bachelor's,California,Manufacturing
none,170000,3,-,Colorado,Insurance
none,122500,4,-,Illinois,Information Technology
none,152955,5,Bachelor's,Puerto Rico,Healthcare
none,118415,6,High School,California,Unknown
none,131209,6,Bachelor's,California,Manufacturing
none,186654,7,-,Unknown,Government & Public Administration
ai_integration,140000,5,Bachelor's,New Jersey,Media & Communication
none,115000,10,Bachelor's,Florida,Aerospace & Defense
none,102252,5,Bachelor's,Arizona,Unknown
none,115245,5,Bachelor's,Pennsylvania,Management & Consulting
none,123461,10,-,Texas,Government & Public Administration
none,107436,0,Bachelor's,Illinois,Pharmaceutical & Biotechnology
none,162100,7,-,Washington State,Restaurants & Food Service
none,120000,0,Bachelor's,Maryland,Aerospace & Defense
none,154300,3,Bachelor's,California,Education
none,115000,5,Bachelor's,Pennsylvania,Management & Consulting
none,123002,3,Bachelor's,Tennessee,Information Technology
applied_ai,187500,5,-,Washington State,Information Technology
none,160000,6,-,Unknown,Healthcare
none,145000,5,-,Florida,Information Technology
none,188220,6,-,Virginia,Information Technology
none,123550,4,High School,Missouri,Information Technology
none,125000,3,Bachelor's,Maryland,Aerospace & Defense
none,113311,8,High School,Virginia,Unknown
none,110000,5,Associate,Kentucky,Information Technology
none,99715,,-,Utah,Financial Services
none,170764,5,-,California,Human Resources & Staffing
none,150535,5,Bachelor's,Utah,Information Technology
none,128000,5,Bachelor's,Illinois,Healthcare
none,105000,2,Bachelor's,New Jersey,Transportation & Logistics
ai_integration,157250,5,-,California,Restaurants & Food Service
none,105000,5,-,Virginia,Aerospace & Defense
none,101255,4,Bachelor's,Tennessee,Telecommunications
none,150000,7,Bachelor's,Virginia,Human Resources & Staffing
none,102500,2,Bachelor's,New York State,"Construction, Repair & Maintenance Services"
none,113731,2,Bachelor's,Indiana,Aerospace & Defense
none,130193,2,-,Washington State,Healthcare
ai_integration,147625,5,Bachelor's,California,Information Technology
none,175979,7,Bachelor's,Virginia,Aerospace & Defense
none,110822,3,Bachelor's,North Carolina,Healthcare
none,145000,3,-,California,Aerospace & Defense
none,136450,6,-,Maine,Insurance
none,116254,5,Bachelor's,Nevada,Hotels & Travel Accommodation
none,105000,3,Bachelor's,New York State,Healthcare
none,132503,8,Bachelor's,Florida,Financial Services
none,150000,8,-,California,Information Technology
none,143084,2,Bachelor's,California,Manufacturing
ai_integration,175000,5,-,Massachusetts,Management & Consulting
none,132021,4,Bachelor's,Illinois,Transportation & Logistics
none,85500,3,Associate,California,Unknown
none,125000,7,Bachelor's,Maryland,Unknown
ai_integration,203500,,Bachelor's,New Jersey,Information Technology
none,185000,15,Bachelor's,Maryland,Unknown
ai_integration,120000,7,Bachelor's,Minnesota,Information Technology
none,180200,5,-,Virginia,Information Technology
none,105500,3,Bachelor's,California,Information Technology
none,135488,4,Bachelor's,Illinois,Transportation & Logistics
ai_integration,175000,5,-,California,Management & Consulting
none,114598,6,Bachelor's,Florida,Healthcare
none,101444,,-,Iowa,Healthcare
none,162347,7,-,Unknown,Information Technology
none,122179,7,Bachelor's,North Carolina,Healthcare
none,120000,5,-,Utah,Unknown
none,142335,8,Bachelor's,Maryland,Manufacturing
none,127000,3,Bachelor's,New Jersey,Information Technology
none,105500,3,Bachelor's,California,Information Technology
none,139500,8,Bachelor's,Arizona,Healthcare
none,163500,7,Bachelor's,Virginia,Information Technology
none,115000,5,Bachelor's,New Jersey,Unknown
none,101452,5,Bachelor's,Virginia,Aerospace & Defense
none,110238,5,-,Indiana,Information Technology
none,123624,8,Bachelor's,California,Unknown
none,155000,8,Bachelor's,New Jersey,Pharmaceutical & Biotechnology
ai_integration,85000,,-,Unknown,Unknown
ai_integration,90000,0,-,Unknown,Unknown
none,100000,0,-,Unknown,Unknown
none,140000,3,-,Unknown,Government & Public Administration
none,126344,,-,Unknown,Unknown
none,67500,0,-,Unknown,Unknown
applied_ai,85000,,-,Unknown,Unknown
none,121400,1,Bachelor's,California,Information Technology
applied_ai,90000,0,Bachelor's,California,Insurance
applied_ai,117650,2,Bachelor's,Unknown,Insurance
none,94728,,Bachelor's,Unknown,Financial Services
applied_ai,55000,0,-,Unknown,Unknown
none,92500,3,High School,Unknown,Information Technology
none,112500,1,-,Colorado,Aerospace & Defense
none,119402,3,Bachelor's,Unknown,Unknown
none,160000,5,-,Unknown,"Arts, Entertainment & Recreation"
none,79500,2,Bachelor's,Minnesota,Manufacturing
none,190000,3,-,Unknown,Personal Consumer Services
none,157500,,-,Unknown,Unknown
none,125000,,-,Texas,Information Technology
none,70000,1,Bachelor's,Unknown,Unknown
none,124776,0,Bachelor's,California,Aerospace & Defense
none,147500,,Bachelor's,Unknown,Information Technology
none,95000,3,Bachelor's,New York State,Information Technology
none,175000,6,Bachelor's,Unknown,Information Technology
applied_ai,200000,,-,Unknown,Unknown
none,107500,2,-,Unknown,Media & Communication
applied_ai,70000,2,-,Unknown,Real Estate
none,110000,1,-,District of Columbia,Unknown
none,93547,0,Bachelor's,Massachusetts,Aerospace & Defense
none,119500,,-,California,Media & Communication
applied_ai,140000,1,-,Unknown,Unknown
ai_integration,102000,3,-,Unknown,Information Technology
none,95000,,Bachelor's,Unknown,Information Technology
none,143000,5,-,Unknown,Information Technology
none,125000,3,-,Unknown,Financial Services
ai_integration,155000,,-,Texas,Information Technology
none,117500,3,Bachelor's,Unknown,Media & Communication
none,145000,3,-,Unknown,Education
none,151549,,-,California,Media & Communication
none,101655,3,Bachelor's,California,Manufacturing
none,80582,0,Bachelor's,Florida,Retail & Wholesale
none,85530,,Bachelor's,Unknown,Information Technology
none,85000,2,Bachelor's,Unknown,Unknown
none,113903,2,Bachelor's,Unknown,Insurance
none,85000,2,Bachelor's,Colorado,Unknown
ai_integration,130000,3,-,Unknown,Information Technology
applied_ai,131407,5,Bachelor's,California,Education
none,107500,3,-,Unknown,Information Technology
none,160750,2,-,Unknown,Nonprofit & NGO
ai_integration,215000,,-,Unknown,Unknown
ai_integration,87500,,-,Unknown,Unknown
applied_ai,120000,0,Bachelor's,California,Manufacturing
none,107500,,Bachelor's,North Carolina,Information Technology
none,100814,2,Bachelor's,Massachusetts,Healthcare
none,112500,3,-,Unknown,Information Technology
none,169834,6,-,Unknown,Information Technology
none,72200,0,-,Unknown,Education
none,159500,2,Bachelor's,California,Information Technology
none,130500,3,-,New York State,Media & Communication
none,92500,,Bachelor's,Florida,Unknown
none,205000,8,-,Unknown,Insurance
ai_integration,210000,5,-,California,Unknown
none,300000,,-,California,Information Technology
ai_integration,120000,4,Bachelor's,Unknown,Information Technology
none,155000,3,-,Unknown,Information Technology
none,145418,2,Bachelor's,California,Information Technology
none,143000,4,-,Unknown,Information Technology
applied_ai,100000,2,-,Unknown,Information Technology
none,110000,6,Bachelor's,Illinois,Unknown
applied_ai,185000,5,-,California,Information Technology
none,127500,5,-,Unknown,Information Technology
ai_integration,135000,,-,New York State,Healthcare
none,155000,7,Bachelor's,Georgia,Retail & Wholesale
none,110000,3,Bachelor's,Unknown,Retail & Wholesale
none,85000,2,Bachelor's,District of Columbia,Information Technology
none,205000,2,-,New York State,Media & Communication
none,129000,2,Bachelor's,Unknown,Information Technology
ai_integration,135000,,-,Unknown,Healthcare
applied_ai,102000,5,-,Unknown,Information Technology
none,122500,1,Bachelor's,Maine,Unknown
none,125000,6,Bachelor's,Unknown,Information Technology
none,81575,0,Bachelor's,Florida,Media & Communication
none,96000,0,Associate,Unknown,Media & Communication
none,120927,,-,Florida,Information Technology
none,146500,3,-,New York State,Management & Consulting
none,89216,2,Bachelor's,Pennsylvania,Healthcare
ai_integration,156000,3,-,California,Unknown
none,85000,2,Bachelor's,Unknown,Management & Consulting
ai_integration,165000,5,-,Unknown,Unknown
none,102572,,-,Unknown,Unknown
none,192000,7,-,Unknown,Information Technology
ai_integration,155000,3,Bachelor's,New York State,Healthcare
none,123200,,-,Oregon,Unknown
none,212500,5,-,Unknown,Unknown
ai_integration,147500,2,-,Unknown,Unknown
none,110000,3,-,California,"Construction, Repair & Maintenance Services"
none,160000,3,-,Unknown,Human Resources & Staffing
none,74968,1,Associate,Florida,Information Technology
none,165775,5,-,Washington State,Information Technology
none,125000,1,-,Nevada,Management & Consulting
none,110150,7,Bachelor's,Unknown,Unknown
none,118480,4,Bachelor's,Unknown,Insurance
applied_ai,122500,3,-,Pennsylvania,Unknown
none,137500,2,-,Oregon,Information Technology
ai_integration,114500,,-,Illinois,Insurance
none,118500,,-,Unknown,Insurance
none,126140,5,Bachelor's,Unknown,Unknown
none,100000,,-,Tennessee,Unknown
none,110787,,-,Alabama,Insurance
none,212500,5,-,Unknown,Unknown
none,95000,5,Bachelor's,Unknown,Information Technology
none,126987,0,Bachelor's,Illinois,Information Technology
none,127500,5,Bachelor's,Unknown,Unknown
none,103000,0,-,Virginia,Financial Services
none,205000,5,-,California,Information Technology
none,143800,5,Bachelor's,Unknown,Information Technology
none,110000,2,-,Unknown,Information Technology
none,119159,,Bachelor's,New Jersey,Information Technology
applied_ai,175000,3,-,Unknown,Unknown
none,100000,3,-,California,"Construction, Repair & Maintenance Services"
applied_ai,190000,5,-,Unknown,Information Technology
none,177719,3,Bachelor's,California,Media & Communication
applied_ai,180000,,-,Unknown,Information Technology
none,100000,,-,Maryland,Information Technology
none,112500,4,-,Utah,Unknown
none,72500,5,-,Florida,Unknown
applied_ai,169300,3,-,Unknown,Financial Services
none,120000,3,Bachelor's,Unknown,Human Resources & Staffing
none,85000,,-,California,Unknown
none,139642,3,-,California,Unknown
none,107500,2,-,Unknown,Healthcare
none,123000,,-,Unknown,"Energy, Mining & Utilities"
applied_ai,198950,6,Bachelor's,Unknown,Information Technology
ai_integration,150000,,-,Unknown,Unknown
applied_ai,95600,5,Bachelor's,Unknown,Healthcare
none,117500,3,Bachelor's,Unknown,Information Technology
none,163875,1,Master's,California,Information Technology
none,202500,8,-,Unknown,Healthcare
ai_integration,118217,3,Bachelor's,Unknown,Unknown
none,132500,8,-,Unknown,Government & Public Administration
none,120000,5,Bachelor's,Unknown,Human Resources & Staffing
applied_ai,150000,,Bachelor's,Unknown,Information Technology
ai_integration,162400,3,-,Unknown,Healthcare
none,97500,2,Associate,Unknown,Unknown
none,76875,2,-,Alabama,Information Technology
ai_integration,105276,3,Bachelor's,California,Information Technology
ai_integration,136671,5,Bachelor's,Unknown,Information Technology
applied_ai,105000,,-,Unknown,Unknown
none,110000,,-,Illinois,Financial Services
none,87000,2,Bachelor's,Florida,Unknown
none,109339,3,-,Georgia,Management & Consulting
none,111255,,Bachelor's,Wisconsin,Information Technology
none,87381,2,Bachelor's,Louisiana,Manufacturing
none,146300,,-,Virginia,Aerospace & Defense
ai_integration,110000,5,-,Unknown,Unknown
none,165000,7,-,Unknown,Information Technology
ai_integration,159850,0,Bachelor's,Utah,Information Technology
applied_ai,136230,3,Bachelor's,California,Information Technology
none,89710,,Bachelor's,Louisiana,Information Technology
none,130400,5,Bachelor's,Unknown,Manufacturing
applied_ai,217000,5,Bachelor's,Unknown,Information Technology
none,104500,,Bachelor's,Unknown,Management & Consulting
none,108708,0,Bachelor's,New Jersey,Information Technology
none,100000,3,Bachelor's,Louisiana,Information Technology
ai_integration,177675,7,Bachelor's,Colorado,Healthcare
ai_integration,119932,3,Bachelor's,Utah,Information Technology
none,77500,3,Bachelor's,West Virginia,Information Technology
applied_ai,145000,5,-,Texas,Information Technology
none,123775,2,Bachelor's,California,Information Technology
none,112500,4,-,Unknown,Government & Public Administration
none,110000,3,-,Colorado,Information Technology
ai_integration,115572,,-,North Carolina,Government & Public Administration
none,94560,5,-,California,Unknown
none,175000,5,-,Unknown,Unknown
applied_ai,190000,5,-,Unknown,Unknown
none,159650,4,-,California,Information Technology
none,125000,,-,California,Information Technology
applied_ai,146819,5,Bachelor's,California,Unknown
none,114449,,-,Unknown,Unknown
ai_integration,145000,,-,California,"Energy, Mining & Utilities"
none,134998,,-,New Jersey,Unknown
ai_integration,176400,3,-,California,Information Technology
ai_integration,180000,5,-,Unknown,Manufacturing
none,88374,3,-,Virginia,Media & Communication
ai_integration,125000,3,-,Unknown,Real Estate
ai_integration,160000,3,-,Unknown,Unknown
none,150000,,-,Unknown,Unknown
none,138232,6,-,Massachusetts,Financial Services
none,84465,1,-,Tennessee,Healthcare
none,109889,5,-,Maryland,Government & Public Administration
none,142500,1,Bachelor's,Unknown,Information Technology
none,142500,2,Bachelor's,Unknown,Information Technology
none,85000,0,Bachelor's,Illinois,Retail & Wholesale
applied_ai,176000,1.5,Bachelor's,Unknown,Financial Services
none,69000,,Bachelor's,New Jersey,Unknown
none,120000,,-,Texas,"Energy, Mining & Utilities"
none,99500,2,Bachelor's,Wisconsin,Retail & Wholesale
none,99721,,-,Texas,Healthcare
none,85200,5,-,Oregon,Retail & Wholesale
none,133500,5,-,Unknown,Information Technology
none,160858,10,-,Utah,Pharmaceutical & Biotechnology
applied_ai,110000,3,Bachelor's,California,Information Technology
none,99500,4,Bachelor's,Wisconsin,Retail & Wholesale
none,81537,.25,Bachelor's,New Jersey,Information Technology
none,96744,5,Bachelor's,Pennsylvania,Transportation & Logistics
none,99131,5,-,Georgia,Unknown
none,131911,2,Bachelor's,California,Information Technology
ai_integration,88450,3,Associate,Illinois,Insurance
none,95391,3,Bachelor's,Tennessee,Retail & Wholesale
none,125000,5,Bachelor's,Texas,Healthcare
ai_integration,230000,6,-,Unknown,Information Technology
applied_ai,170000,8,Bachelor's,Unknown,"Arts, Entertainment & Recreation"
none,95000,4,-,Unknown,Unknown
ai_integration,144500,2,Bachelor's,Unknown,Information Technology
ai_integration,180000,,-,Unknown,Information Technology
none,158000,3,Bachelor's,Missouri,Information Technology
none,157469,2,-,New York State,Information Technology
none,67500,,-,California,Financial Services
ai_integration,127700,2,-,Unknown,Retail & Wholesale
none,115000,5,-,Texas,Retail & Wholesale
none,75000,5,-,Unknown,Management & Consulting
ai_integration,70000,2,-,Oregon,Information Technology
none,119250,5,Bachelor's,Florida,Financial Services
none,175000,5,-,Unknown,Information Technology
none,225000,5,-,California,Unknown
none,90000,2,-,Florida,Management & Consulting
ai_integration,100000,5,Bachelor's,Unknown,Information Technology
none,174375,2,Bachelor's,California,Information Technology
applied_ai,175000,3,Bachelor's,Unknown,Insurance
none,155000,5,-,California,Agriculture
none,162500,,-,Georgia,Healthcare
none,99200,2,-,Wisconsin,Healthcare
ai_integration,127500,5,-,Arizona,Unknown
none,170000,10,Bachelor's,Unknown,Information Technology
none,142781,7,Bachelor's,Unknown,Insurance
none,107056,10,-,Oregon,Information Technology
none,128303,8,Bachelor's,Unknown,Financial Services
applied_ai,175000,8,Bachelor's,Unknown,Information Technology
none,103100,2,Bachelor's,Massachusetts,Aerospace & Defense
none,105000,5,-,Unknown,Unknown
ai_integration,136393,,Bachelor's,California,Information Technology
ai_integration,112148,3,-,North Carolina,Information Technology
none,140000,5,-,Unknown,Media & Communication
none,160000,4,Bachelor's,Maryland,Insurance
none,111224,10,Bachelor's,Florida,Financial Services
none,95000,5,-,Utah,Unknown
none,161072,3,-,Unknown,Information Technology
none,145250,5,-,Washington State,Information Technology
none,227000,5,-,Unknown,Information Technology
none,127000,5,High School,Unknown,Healthcare
none,93500,2,Bachelor's,Virginia,Aerospace & Defense
none,77500,1,Bachelor's,Michigan,Transportation & Logistics
none,84526,0,-,Colorado,Real Estate
none,104820,3,Bachelor's,Colorado,Unknown
none,100861,8,Bachelor's,Maryland,Unknown
none,176000,4,-,Unknown,Financial Services
ai_integration,110000,5,-,Unknown,Information Technology
none,140000,5,-,Unknown,Manufacturing
none,109115,5,-,Utah,Financial Services
none,116000,5,-,Unknown,Financial Services
none,75000,3,-,Florida,Unknown
ai_integration,155000,5,Bachelor's,Unknown,Unknown
none,130700,5,Bachelor's,New Jersey,Pharmaceutical & Biotechnology
none,194000,8,Bachelor's,Ohio,Insurance
applied_ai,115000,3,Bachelor's,Ohio,Unknown
none,105300,3,Bachelor's,Colorado,Aerospace & Defense
none,199350,5,Bachelor's,California,Information Technology
applied_ai,78801,3,Bachelor's,South Dakota,Information Technology
none,132467,5,Bachelor's,Virginia,Management & Consulting
ai_integration,180000,5,Bachelor's,Unknown,Information Technology
none,77500,6,Bachelor's,Pennsylvania,Unknown
ai_integration,210000,3,-,Unknown,Unknown
none,176000,1.5,-,Unknown,Financial Services
none,137000,2,Bachelor's,Unknown,Unknown
none,175000,,-,Maryland,Unknown
none,132138,3,-,California,Unknown
ai_integration,125000,5,-,Unknown,Unknown
applied_ai,205000,5,-,Unknown,Information Technology
none,64863,5,-,Florida,Information Technology
none,122500,3,-,Unknown,Information Technology
none,175000,5,Bachelor's,Unknown,Human Resources & Staffing
none,155000,7,Bachelor's,Washington State,Hotels & Travel Accommodation
applied_ai,126261,6,-,Virginia,Information Technology
none,75000,0,-,Virginia,Unknown
none,70000,3,Bachelor's,California,Unknown
ai_integration,130000,4,-,Unknown,Information Technology
ai_integration,132000,5,-,Unknown,Information Technology
ai_integration,71500,,-,Oklahoma,Unknown
none,105000,7,-,Illinois,Information Technology
ai_integration,136000,10,-,Unknown,Information Technology
ai_integration,70125,5,Bachelor's,Unknown,Information Technology
none,111045,4,Associate,Florida,Unknown
none,89360,3,Bachelor's,Oregon,Insurance
none,75000,0,-,Virginia,Unknown
none,124818,3,-,Massachusetts,Information Technology
applied_ai,183342,6,-,California,Management & Consulting
none,133000,5,Bachelor's,North Carolina,Financial Services
none,153000,5,-,Unknown,Unknown
none,197000,5,-,Massachusetts,Information Technology
none,125000,2,-,Unknown,Aerospace & Defense
none,105766,4,-,Tennessee,Healthcare
none,124594,5,High School,Unknown,Information Technology
none,127661,5,-,California,Manufacturing
none,157500,4,Bachelor's,California,Insurance
ai_integration,145000,,Bachelor's,Unknown,Information Technology
none,89057,5,Bachelor's,Texas,Retail & Wholesale
none,110791,6,Bachelor's,Florida,Media & Communication
applied_ai,190000,3,Bachelor's,Michigan,Information Technology
ai_integration,190000,3,-,Unknown,Unknown
none,91350,4,Bachelor's,Utah,Financial Services
none,130243,2,Bachelor's,Unknown,Financial Services
none,95050,5,Bachelor's,Unknown,Government & Public Administration
ai_integration,105000,3,-,Unknown,Unknown
none,150000,5,Bachelor's,Unknown,Insurance
ai_integration,150000,5,-,Unknown,Information Technology
none,110000,3,-,Minnesota,Information Technology
ai_integration,122000,5,Bachelor's,Illinois,Financial Services
none,159167,6,-,Unknown,Information Technology
none,149000,5,-,South Dakota,Information Technology
none,204500,4,Bachelor's,Unknown,Financial Services
none,190000,5,-,Unknown,Information Technology
ai_integration,126510,7,Bachelor's,Utah,Information Technology
none,96450,3,Bachelor's,Iowa,Retail & Wholesale
ai_integration,100000,4,-,Unknown,Unknown
applied_ai,170000,12,-,Unknown,Financial Services
none,160000,5,-,Unknown,Financial Services
none,139000,5,-,Washington State,Information Technology
none,192500,5,-,Unknown,Unknown
none,157500,2,-,Unknown,Unknown
ai_integration,139050,5,Bachelor's,Texas,Healthcare
none,115000,4,-,Unknown,Information Technology
applied_ai,155000,5,-,Georgia,Information Technology
none,209300,4,Bachelor's,California,Information Technology
none,102000,2,-,Maryland,"Construction, Repair & Maintenance Services"
none,153000,5,-,California,Media & Communication
ai_integration,166000,5,-,California,Unknown
ai_integration,175000,5,-,Unknown,Information Technology
none,197500,5,-,Unknown,Information Technology
none,165000,5,-,Unknown,Information Technology
ai_integration,138364,5,Bachelor's,Rhode Island,Information Technology
none,80000,,Bachelor's,New York State,"Construction, Repair & Maintenance Services"
none,190000,5,-,California,Information Technology
none,113713,5,-,Wisconsin,Information Technology
ai_integration,107036,3,-,Texas,Retail & Wholesale
none,160000,4,-,Unknown,Information Technology
applied_ai,169355,5,Bachelor's,Texas,Information Technology
none,154258,8,-,Unknown,Healthcare
none,170000,5,-,New York State,Information Technology
ai_integration,117276,4,-,Utah,Information Technology
none,121500,5,-,Ohio,Restaurants & Food Service
none,105318,8,Bachelor's,Virginia,Aerospace & Defense
none,104844,,-,Oregon,Unknown
ai_integration,120000,5,Bachelor's,Illinois,Information Technology
none,144158,5,Bachelor's,Virginia,Insurance
none,132937,5,-,Texas,Real Estate
none,142500,6,-,Unknown,Information Technology
none,165000,7,-,Unknown,Information Technology
none,175000,5,-,Unknown,Human Resources & Staffing
applied_ai,185000,5,-,Unknown,Unknown
none,180000,5,-,Unknown,Information Technology
none,137500,5,-,Unknown,Information Technology
applied_ai,160000,5,-,California,Information Technology
ai_integration,149600,7,Bachelor's,Unknown,Information Technology
none,145000,5,-,Unknown,Information Technology
none,130500,6,-,Unknown,Information Technology
none,150000,3,-,Unknown,Information Technology
none,110044,5,-,Indiana,Information Technology
ai_integration,147000,2,-,Unknown,Information Technology
none,150000,5,-,Unknown,Information Technology
none,185000,4,-,Unknown,Personal Consumer Services
ai_integration,156500,5,-,Unknown,Education
none,193260,5,-,Unknown,Human Resources & Staffing
none,120000,,Bachelor's,Unknown,Unknown
ai_integration,120000,5,-,Unknown,Manufacturing
none,67500,,Associate,Ohio,Unknown
ai_integration,140000,5,-,Unknown,Unknown
none,145524,8,Bachelor's,Utah,Information Technology
none,170000,5,-,Unknown,Information Technology
none,195000,7,-,Unknown,Retail & Wholesale
none,105000,7,Bachelor's,Unknown,Telecommunications
none,150000,6,-,Unknown,Media & Communication
none,205000,5,Bachelor's,Unknown,Information Technology
none,167500,3,-,Unknown,Information Technology
none,160000,5,-,Unknown,Unknown
none,100989,5,Bachelor's,Texas,Healthcare
applied_ai,160000,5,-,Unknown,Information Technology
applied_ai,204621,5,Bachelor's,California,Information Technology
none,120000,5,Bachelor's,Arizona,Media & Communication
ai_integration,174500,5,-,Unknown,Information Technology
none,160000,5,-,New York State,Unknown
none,136500,5,Bachelor's,Arizona,Telecommunications
applied_ai,160000,5,-,Colorado,Financial Services
none,187000,10,-,Ohio,Insurance
none,150000,6,-,Illinois,"Construction, Repair & Maintenance Services"
none,112274,3,-,Florida,Information Technology
none,130000,3,-,Unknown,Unknown
ai_integration,157500,5,-,Unknown,Information Technology
ai_integration,197950,7,-,Unknown,Healthcare
none,184250,4,-,Unknown,Nonprofit & NGO
applied_ai,182057,5,-,Unknown,Information Technology
applied_ai,150000,4,Bachelor's,California,Unknown
none,164391,3,Bachelor's,Texas,Healthcare
none,203000,7,-,Unknown,Information Technology
none,155000,5,Bachelor's,Unknown,Unknown
ai_integration,190000,5,-,Unknown,Management & Consulting
none,160000,5,-,California,"Arts, Entertainment & Recreation"
none,150000,5,Bachelor's,Unknown,Information Technology
none,165000,6,-,New Jersey,Financial Services
applied_ai,150000,4,-,California,Unknown
none,160000,4,-,Minnesota,Information Technology
applied_ai,172500,3,Bachelor's,Unknown,Unknown
none,150000,6,Bachelor's,Unknown,Information Technology
ai_integration,155000,6,Bachelor's,Unknown,Healthcare
applied_ai,156800,7,Bachelor's,Virginia,Information Technology
none,160250,5,-,Unknown,Unknown
none,155000,8,-,Unknown,Healthcare
none,134500,6,Bachelor's,Virginia,Information Technology
none,115000,7,Bachelor's,Unknown,Telecommunications
ai_integration,162500,8,Bachelor's,California,Pharmaceutical & Biotechnology
ai_integration,195000,5,-,Unknown,Unknown
none,150000,5,-,Unknown,Information Technology
none,140000,5,Bachelor's,Unknown,Information Technology
none,160000,5,Bachelor's,New York State,Information Technology
none,85000,3,Bachelor's,California,Unknown
none,97791,3,-,Massachusetts,Unknown
none,150000,5,Bachelor's,Unknown,Government & Public Administration
applied_ai,165003,7,Bachelor's,California,Information Technology
none,120000,5,Bachelor's,Unknown,Management & Consulting
none,160000,5,-,California,"Arts, Entertainment & Recreation"
none,187950,5,Bachelor's,California,Information Technology
none,141300,7,Bachelor's,Unknown,Pharmaceutical & Biotechnology
none,178700,5,-,Unknown,Education
none,103652,3,Bachelor's,Florida,Real Estate
ai_integration,195000,7,-,Unknown,Unknown
none,165000,5,-,Unknown,Information Technology
ai_integration,175000,5,-,Unknown,Unknown
none,115500,2,Bachelor's,Unknown,Insurance
ai_integration,121250,1,Associate,Minnesota,Information Technology
ai_integration,118217,3,Bachelor's,Unknown,Unknown
ai_integration,121000,3,-,Unknown,Education
none,55000,1,Bachelor's,Unknown,Information Technology
none,115000,2,Bachelor's,Unknown,Information Technology
none,102500,1,-,New York State,Retail & Wholesale
none,86305,,-,Florida,Unknown
ai_integration,90000,0,Bachelor's,Idaho,Management & Consulting
none,91160,6,-,Texas,Management & Consulting
none,120000,2,Bachelor's,Virginia,Information Technology
none,75000,5,-,Unknown,Unknown
applied_ai,117500,3,Bachelor's,California,Management & Consulting
none,60000,,-,Massachusetts,Unknown
none,265000,5,Bachelor's,Unknown,Information Technology
none,118624,,-,Florida,Information Technology
applied_ai,72542,3,-,Florida,Unknown
none,82420,3,-,California,Unknown
none,84058,,-,Texas,Healthcare
none,99500,2,Bachelor's,Illinois,Retail & Wholesale
none,81803,2,-,Florida,Management & Consulting
none,93173,,Associate,Wisconsin,Manufacturing
none,62500,,Associate,Iowa,Education
none,125000,6,-,Illinois,Unknown
none,90000,4,-,Unknown,Telecommunications
none,99500,4,Bachelor's,Unknown,Retail & Wholesale
none,65000,0,-,Virginia,Legal
none,79857,7,Bachelor's,Alabama,Manufacturing
none,125000,7,-,Illinois,Unknown
ai_integration,137500,5,Bachelor's,Unknown,Education
none,72500,,-,Unknown,Unknown
none,89506,1,Master's,Georgia,Information Technology
applied_ai,99406,,-,Unknown,"Arts, Entertainment & Recreation"
none,106274,4,-,Unknown,Unknown
none,86938,4,Bachelor's,Florida,Unknown
none,80000,3,Bachelor's,Florida,Manufacturing
none,105127,5,Bachelor's,Unknown,Information Technology
none,159063,10,-,Unknown,Information Technology
ai_integration,222500,7,-,Unknown,Information Technology
none,85000,3,-,Unknown,Information Technology
ai_integration,96200,5,Bachelor's,Unknown,Financial Services
ai_integration,111654,5,Bachelor's,Texas,Information Technology
none,128303,6,Bachelor's,Unknown,Financial Services
none,97500,5,-,Unknown,Government & Public Administration
none,157500,5,-,Unknown,Healthcare
none,130000,3,Bachelor's,Georgia,Retail & Wholesale
none,90082,2,-,Virginia,Management & Consulting
none,170000,7,Bachelor's,Unknown,Information Technology
none,95000,3,-,New York State,"Construction, Repair & Maintenance Services"
ai_integration,195000,5,-,Unknown,Unknown
none,93500,2,Bachelor's,Virginia,Aerospace & Defense
none,169248,4,-,California,Healthcare
none,70000,1,Bachelor's,Nebraska,Aerospace & Defense
applied_ai,105000,0,Bachelor's,New Jersey,Financial Services
applied_ai,202500,10,-,Unknown,Information Technology
ai_integration,136000,10,-,Unknown,Information Technology
none,50550,5,Bachelor's,Florida,Retail & Wholesale
none,130000,3,Bachelor's,Virginia,Information Technology
none,117500,5,Bachelor's,Unknown,Human Resources & Staffing
none,70000,2,-,New Jersey,Unknown
none,165000,7,-,Unknown,Information Technology
none,130000,5,-,Unknown,Unknown
none,70000,3,-,Nebraska,Aerospace & Defense
none,150168,5,-,Oregon,Unknown
none,100000,5,-,Unknown,Information Technology
applied_ai,113000,3,Bachelor's,Indiana,Agriculture
none,132194,6,Bachelor's,California,Information Technology
none,95000,5,Bachelor's,Iowa,"Arts, Entertainment & Recreation"
none,185000,3,-,Unknown,Information Technology
none,140000,7,Bachelor's,Virginia,Information Technology
applied_ai,225000,5,-,Unknown,Financial Services
none,122310,10,Bachelor's,Kentucky,Unknown
none,200000,4,-,Unknown,Unknown
ai_integration,221375,6,-,Unknown,Information Technology
ai_integration,175000,5,-,Unknown,Real Estate
ai_integration,162500,7,-,California,Unknown
none,107089,,-,Texas,Healthcare
ai_integration,167500,7,-,Unknown,Information Technology
applied_ai,192500,5,-,Unknown,Management & Consulting
none,74000,3,Bachelor's,Unknown,Information Technology
applied_ai,185000,5,-,Unknown,Information Technology
none,95000,5,-,Unknown,Unknown
ai_integration,121102,2,Bachelor's,Oregon,Manufacturing
none,65000,2,Bachelor's,Texas,Education
none,163000,0,Bachelor's,California,Manufacturing
applied_ai,150000,,Bachelor's,Washington State,"Energy, Mining & Utilities"
none,65847,3,-,New Jersey,"Construction, Repair & Maintenance Services"
none,170000,3,-,New York State,Manufacturing
ai_integration,142450,4,Bachelor's,Oregon,Manufacturing
none,82500,4,-,New York State,Media & Communication
none,103740,5,-,Ohio,Manufacturing
none,61167,0,High School,South Carolina,Education
none,112500,,-,Texas,Information Technology
none,80587,5,Bachelor's,Virginia,Aerospace & Defense
none,105000,,Bachelor's,Unknown,Unknown
none,74799,0,-,Arizona,Nonprofit & NGO
ai_integration,100000,3,Bachelor's,Illinois,Management & Consulting
applied_ai,169800,3,-,California,Information Technology
none,80000,,-,Illinois,Information Technology
none,112500,3,Bachelor's,Georgia,"Construction, Repair & Maintenance Services"
applied_ai,150000,,Bachelor's,Washington State,"Energy, Mining & Utilities"
none,103500,1,-,Illinois,Retail & Wholesale
none,100950,7,-,Unknown,Information Technology
ai_integration,70107,2,Bachelor's,Texas,"Arts, Entertainment & Recreation"
none,160950,3,Bachelor's,Virginia,Aerospace & Defense
none,130000,1,Bachelor's,California,Information Technology
applied_ai,57500,0,Bachelor's,Pennsylvania,Information Technology
none,76292,8,-,New Jersey,Information Technology
none,95000,,Bachelor's,Nevada,Retail & Wholesale
none,185500,8,Bachelor's,California,Manufacturing
none,97775,5,-,Texas,"Energy, Mining & Utilities"
none,57500,1,-,South Carolina,Information Technology
none,38127,0,Bachelor's,Ohio,Information Technology
none,102500,5,-,California,Unknown
none,83475,2,Associate,Alabama,Aerospace & Defense
none,126000,4,-,Tennessee,Media & Communication
ai_integration,75000,2,Bachelor's,Unknown,Information Technology
none,112000,,-,Unknown,Management & Consulting
none,86000,1,-,Virginia,Information Technology
ai_integration,150000,1,Bachelor's,Washington State,"Energy, Mining & Utilities"
ai_integration,145000,,-,Texas,Education
ai_integration,66111,0,-,Kansas,Information Technology
none,95000,5,Bachelor's,Texas,Unknown
none,86539,,-,Virginia,Unknown
none,90000,,-,New York State,Media & Communication
none,98734,3,Bachelor's,Michigan,Government & Public Administration
none,110254,,-,Illinois,Unknown
none,100000,3,-,Washington State,Manufacturing
none,130000,3,-,Unknown,Government & Public Administration
none,85000,,-,Tennessee,Financial Services
none,78587,,-,Minnesota,Education
ai_integration,112500,4,-,Unknown,Information Technology
none,82500,2,-,California,Unknown
none,300000,,-,California,Information Technology
none,95000,5,Master's,Maryland,Media & Communication
none,110950,3,Bachelor's,Virginia,Aerospace & Defense
none,66280,4,Bachelor's,Illinois,Government & Public Administration
none,81931,,-,Florida,Financial Services
none,45000,,-,Texas,Information Technology
none,65000,2,-,Iowa,Information Technology
ai_integration,200000,5,-,Pennsylvania,Financial Services
none,51466,2,Bachelor's,Michigan,"Arts, Entertainment & Recreation"
ai_integration,88310,5,-,Utah,Unknown
none,83856,,-,Florida,Media & Communication
none,85000,2,Bachelor's,Colorado,Unknown
none,70000,3,-,New Hampshire,Media & Communication
none,65120,2,-,Pennsylvania,Information Technology
none,87151,2,Bachelor's,Colorado,Retail & Wholesale
none,97500,5,Associate,Illinois,Information Technology
ai_integration,95000,4,Bachelor's,Unknown,Nonprofit & NGO
none,113250,5,-,Unknown,Information Technology
none,99324,4,Bachelor's,Virginia,Financial Services
applied_ai,108000,,-,Unknown,Information Technology
none,67120,2,Bachelor's,Delaware,Information Technology
none,70000,3,-,Unknown,Personal Consumer Services
none,72177,2,-,Virginia,Information Technology
none,90000,4,-,New York State,Retail & Wholesale
ai_integration,110250,5,Bachelor's,Colorado,Aerospace & Defense
none,95000,,Bachelor's,Unknown,Human Resources & Staffing
none,66422,0,Bachelor's,North Carolina,Information Technology
none,67408,3,Bachelor's,Rhode Island,Manufacturing
ai_integration,200000,3,-,California,Unknown
none,77936,2,Bachelor's,Pennsylvania,"Arts, Entertainment & Recreation"
none,91094,3,Bachelor's,Virginia,Information Technology
none,70867,,Bachelor's,Illinois,Information Technology
none,70000,5,Bachelor's,New York State,Unknown
none,127500,3,Bachelor's,California,Unknown
ai_integration,90000,,-,Maryland,Unknown
none,116040,,-,Virginia,Unknown
ai_integration,175000,3,Bachelor's,New York State,Information Technology
none,105000,1,-,New York State,Retail & Wholesale
none,60504,2,High School,Rhode Island,Retail & Wholesale
none,174909,6,-,Unknown,Information Technology
none,75000,4,Bachelor's,Unknown,Information Technology
none,75000,1,Bachelor's,District of Columbia,Information Technology
none,87500,5,Bachelor's,North Carolina,Telecommunications
none,160950,10,Bachelor's,Virginia,Aerospace & Defense
none,107986,,-,Pennsylvania,Real Estate
ai_integration,54000,2,-,Florida,Information Technology
none,85242,6,Bachelor's,Unknown,Unknown
none,177500,5,-,Unknown,Information Technology
none,150000,,Bachelor's,Unknown,Information Technology
none,60000,,-,Unknown,Unknown
none,160950,8,Bachelor's,Maryland,Aerospace & Defense
none,128066,0,-,Pennsylvania,Unknown
none,175079,6,-,Unknown,Information Technology
none,129650,2,Bachelor's,Texas,Telecommunications
none,80000,2,-,California,Media & Communication
none,113999,5,Bachelor's,Illinois,Media & Communication
none,45000,5,-,Unknown,Unknown
ai_integration,200000,3,Bachelor's,Unknown,Unknown
none,150000,5,Bachelor's,Illinois,Financial Services
none,143500,5,Bachelor's,Maryland,Information Technology
none,82844,,-,Pennsylvania,Information Technology
none,71518,3,Bachelor's,Maine,Information Technology
none,57089,3,-,Tennessee,Media & Communication
none,80000,5,Bachelor's,Illinois,Unknown
none,60000,2,-,Pennsylvania,Information Technology
none,147000,3,Bachelor's,Unknown,Information Technology
ai_integration,135000,5,-,Unknown,Unknown
none,83992,5,-,North Carolina,Information Technology
none,65000,1,-,Texas,Information Technology
ai_integration,107675,1,-,Utah,Information Technology
none,105000,5,-,California,Legal
ai_integration,90600,5,Bachelor's,Maryland,Information Technology
none,87018,4,Bachelor's,Maryland,Unknown
ai_integration,103500,3,-,New York State,Information Technology
ai_integration,110250,0,Bachelor's,Colorado,Aerospace & Defense
none,70000,2,-,Texas,Unknown
none,130000,5,Bachelor's,New Jersey,Manufacturing
none,84238,,-,Illinois,Unknown
none,87111,0,-,Michigan,Personal Consumer Services
none,56141,0,-,Michigan,Information Technology
none,79593,3,High School,Wisconsin,Retail & Wholesale
none,168175,5,Bachelor's,Illinois,Information Technology
none,67950,3,-,Ohio,Information Technology
none,100000,3,-,Maryland,Management & Consulting
none,90596,3,Bachelor's,Virginia,Real Estate
none,137500,,-,Texas,Information Technology
none,176450,3,Bachelor's,Nevada,Information Technology
ai_integration,130000,4,-,California,Unknown
none,90000,,-,Illinois,Unknown
none,182500,3,-,District of Columbia,Information Technology
none,173616,2,-,Unknown,Media & Communication
none,147500,5,-,Illinois,Unknown
ai_integration,184677,4,-,Unknown,Human Resources & Staffing
none,89287,5,-,Virginia,Information Technology
none,92500,5,Bachelor's,Texas,Unknown
none,93780,0,-,Connecticut,Information Technology
none,139950,5,-,Virginia,Aerospace & Defense
ai_integration,91514,3,-,California,Healthcare
none,85250,3,Bachelor's,Georgia,Unknown
none,70000,3,-,Ohio,Unknown
none,57828,2,High School,Iowa,Information Technology
none,92943,2,Bachelor's,Illinois,Media & Communication
none,152500,10,Bachelor's,Wisconsin,Retail & Wholesale
ai_integration,304000,8,-,Washington State,Unknown
none,125000,3,Bachelor's,Illinois,Unknown
ai_integration,140000,3,-,Unknown,Information Technology
none,173000,3,Bachelor's,California,Information Technology
none,121850,5,-,Unknown,Manufacturing
none,184150,,Bachelor's,California,Information Technology
none,60995,3,Bachelor's,Georgia,Human Resources & Staffing
none,165000,6,-,Unknown,Information Technology
ai_integration,135000,5,-,Unknown,Information Technology
none,76273,,-,Florida,Media & Communication
none,57500,3,Bachelor's,Florida,Unknown
ai_integration,135000,3,Bachelor's,California,Information Technology
none,273380,,-,California,Information Technology
ai_integration,176450,2,Bachelor's,New York State,Information Technology
ai_integration,207500,5,-,New York State,Information Technology
none,85234,3,Bachelor's,Utah,Financial Services
none,165000,7,Bachelor's,Unknown,Information Technology
none,66788,2,-,Florida,Unknown
none,86197,3,-,Texas,Unknown
none,95545,5,Bachelor's,District of Columbia,Information Technology
none,123676,,-,Oregon,Unknown
none,90000,1,-,Florida,Unknown
none,130000,3,Bachelor's,Unknown,Insurance
none,86383,,-,North Carolina,Manufacturing
none,100400,10,-,New York State,Education
ai_integration,165000,,-,California,Unknown
none,59752,5,-,Tennessee,Manufacturing
none,87500,5,-,Florida,Financial Services
none,75753,3,Bachelor's,Virginia,Information Technology
none,99320,,-,Washington State,Information Technology
ai_integration,255000,,-,California,Management & Consulting
none,80187,0,Bachelor's,Massachusetts,Media & Communication
ai_integration,155000,3,-,Unknown,Information Technology
none,77005,0,-,California,Media & Communication
ai_integration,125000,3,Bachelor's,California,Manufacturing
none,67629,,-,Alabama,Manufacturing
none,90000,1,Bachelor's,Unknown,Pharmaceutical & Biotechnology
none,165520,2,-,California,Financial Services
none,121102,8,Bachelor's,Georgia,Aerospace & Defense
ai_integration,176500,,-,California,Information Technology
none,78079,1,-,Illinois,Management & Consulting
none,128500,7,-,Unknown,Information Technology
none,126140,5,Bachelor's,Unknown,Unknown
ai_integration,150000,2,-,Virginia,Aerospace & Defense
ai_integration,100000,3,-,Minnesota,Information Technology
none,101896,,-,Unknown,Unknown
ai_integration,85000,1,Bachelor's,Washington State,Healthcare
none,84124,5,Master's,Texas,Information Technology
none,83110,1,-,Georgia,Information Technology
none,139950,5,Bachelor's,Virginia,Aerospace & Defense
none,98342,2,Bachelor's,Texas,Unknown
none,90622,,-,Missouri,Human Resources & Staffing
none,94598,,-,Florida,Media & Communication
none,109974,,-,Florida,Unknown
none,109477,5,Bachelor's,Virginia,Management & Consulting
ai_integration,119567,3,-,Massachusetts,Information Technology
none,83057,2,-,New Jersey,Financial Services
none,107500,3,Bachelor's,Arizona,Information Technology
none,74990,3,Bachelor's,Florida,Management & Consulting
none,67236,3,-,Georgia,Information Technology
ai_integration,110000,5,-,Massachusetts,Education
ai_integration,195000,7,-,California,Information Technology
none,78719,,Bachelor's,Michigan,Unknown
none,140000,8,Bachelor's,Maryland,Unknown
none,103500,5,Bachelor's,California,Information Technology
none,135000,,-,California,Information Technology
none,111206,1,Bachelor's,California,Unknown
none,81653,4,Bachelor's,Utah,Personal Consumer Services
ai_integration,215000,2,-,New York State,Information Technology
none,92000,3,Bachelor's,California,Hotels & Travel Accommodation
none,68261,2,Associate,Georgia,Retail & Wholesale
none,81463,,-,North Carolina,Information Technology
none,114395,,Bachelor's,Virginia,Information Technology
none,142500,5,Bachelor's,California,Unknown
none,140000,,Bachelor's,Unknown,"Energy, Mining & Utilities"
none,78346,,-,Maryland,Unknown
ai_integration,134500,3,-,California,Information Technology
none,106095,,-,Oregon,Unknown
none,20000,,Bachelor's,Unknown,Unknown
none,56890,3,Bachelor's,South Carolina,Information Technology
none,153000,8,-,Texas,Financial Services
none,82279,,-,Nevada,Unknown
none,125000,0,Bachelor's,Virginia,Management & Consulting
none,66290,2,-,Iowa,Management & Consulting
none,111000,5,Bachelor's,Colorado,Information Technology
none,92596,35,Bachelor's,Kansas,Retail & Wholesale
none,178500,6,Bachelor's,California,Aerospace & Defense
none,67554,,-,Michigan,Media & Communication
none,87641,,Bachelor's,Michigan,Unknown
none,99500,,Bachelor's,Virginia,Management & Consulting
none,81464,,Bachelor's,Pennsylvania,Information Technology
ai_integration,57000,0,-,Florida,Unknown
ai_integration,114500,5,Bachelor's,District of Columbia,Management & Consulting
ai_integration,95298,,-,Maryland,Management & Consulting
none,117338,,-,Illinois,Unknown
none,188929,3,Bachelor's,California,Information Technology
ai_integration,147950,3,-,Washington State,Real Estate
applied_ai,200000,3,-,New York State,Unknown
none,107126,,-,Connecticut,Information Technology
none,65248,2,-,Texas,Media & Communication
none,74236,0,Master's,Texas,Information Technology
none,89150,,-,Arizona,Unknown
none,85000,5,Bachelor's,Nebraska,Insurance
none,76791,,Bachelor's,Georgia,Media & Communication
ai_integration,93000,2,Bachelor's,North Carolina,Manufacturing
none,60930,3,-,Missouri,Media & Communication
none,160000,5,-,California,Information Technology
none,100000,2,Bachelor's,District of Columbia,Aerospace & Defense
ai_integration,125000,5,-,California,Financial Services
ai_integration,162400,3,-,California,Healthcare
none,96500,5,-,Unknown,Information Technology
none,59547,3,-,South Dakota,Financial Services
ai_integration,100804,5,Bachelor's,Utah,Information Technology
none,97500,6,Bachelor's,District of Columbia,Media & Communication
ai_integration,113762,3,-,California,Human Resources & Staffing
none,73857,2,Bachelor's,Massachusetts,Hotels & Travel Accommodation
none,99548,3,Bachelor's,Utah,Manufacturing
none,101240,2,Bachelor's,Virginia,Aerospace & Defense
ai_integration,121069,5,-,Texas,Unknown
none,63924,2,Associate,Arizona,Unknown
none,86926,,-,Michigan,Unknown
none,62212,5,Bachelor's,Texas,Information Technology
none,62049,2,-,Michigan,Unknown
none,82750,2,Bachelor's,Nevada,Manufacturing
none,137500,5,Bachelor's,Unknown,Information Technology
none,60755,3,-,California,Information Technology
ai_integration,173500,,-,California,Information Technology
none,80387,2,Bachelor's,Massachusetts,Information Technology
none,97868,1,Bachelor's,California,Unknown
none,75415,,-,Ohio,Unknown
none,97026,5,Bachelor's,Texas,"Construction, Repair & Maintenance Services"
none,157000,5,-,Unknown,Information Technology
none,85246,,-,California,Unknown
none,213000,7,-,Unknown,Information Technology
none,79259,,-,Illinois,Media & Communication
ai_integration,100000,2,Bachelor's,California,Unknown
none,150000,4,-,California,Information Technology
none,88660,,-,Unknown,Management & Consulting
none,63664,2,-,Kansas,Manufacturing
none,69874,1,-,Texas,Media & Communication
none,78668,1,-,California,Unknown
ai_integration,175000,7,-,Colorado,Information Technology
ai_integration,140000,1,Bachelor's,Washington State,"Energy, Mining & Utilities"
none,71698,2,-,Illinois,Information Technology
none,92783,,-,New Jersey,Management & Consulting
none,98249,2,-,Florida,Unknown
none,90217,0,-,California,Nonprofit & NGO
none,90194,4,Bachelor's,Illinois,Human Resources & Staffing
ai_integration,114113,,-,Illinois,Information Technology
ai_integration,100000,2,-,California,Information Technology
none,150000,8,-,Maryland,Information Technology
none,72402,2,-,Maryland,Information Technology
none,160000,4,-,California,Unknown
none,62007,1,-,Texas,Information Technology
ai_integration,175000,2,Bachelor's,California,Information Technology
none,137580,,-,New Jersey,Healthcare
none,105000,8,-,Virginia,Information Technology
none,85821,4,-,Missouri,Aerospace & Defense
ai_integration,140000,3,-,Massachusetts,Unknown
none,71004,3,-,Florida,Unknown
none,175500,1,-,California,Retail & Wholesale
ai_integration,128124,,-,Texas,Information Technology
none,150000,5,-,Florida,Unknown
none,74161,3,-,Nevada,Unknown
none,100000,5,-,Illinois,Unknown
ai_integration,150000,1,Bachelor's,California,"Energy, Mining & Utilities"
applied_ai,153788,,-,California,Unknown
applied_ai,145000,,Bachelor's,Texas,Manufacturing
none,145000,8,Bachelor's,Maryland,Unknown
none,154050,5,-,Unknown,Telecommunications
none,140000,5,Bachelor's,Unknown,Information Technology
ai_integration,104794,5,-,Tennessee,Financial Services
none,113702,3,-,Massachusetts,Unknown
none,66528,1,-,Arkansas,Unknown
ai_integration,207500,5,-,California,Information Technology
none,100000,,-,North Carolina,Unknown
ai_integration,165000,,-,New York State,Unknown
none,160000,4,Bachelor's,Maryland,Unknown
none,61570,2,High School,Texas,Unknown
ai_integration,149624,,-,California,Unknown
none,165000,,-,California,Unknown
none,73370,3,Bachelor's,Florida,Education
none,185342,,-,California,Unknown
none,200000,7,High School,Maryland,Information Technology
none,90000,4,-,Arizona,Unknown
ai_integration,126750,,-,Unknown,Information Technology
ai_integration,125331,3,Bachelor's,Washington State,Unknown
none,117986,5,-,Unknown,Government & Public Administration
none,78458,4,-,District of Columbia,Unknown
none,175000,4,-,California,Information Technology
ai_integration,202500,6,Bachelor's,California,Information Technology
none,160000,3,Bachelor's,California,Financial Services
none,69441,4,Bachelor's,Massachusetts,Media & Communication
none,180000,5,-,Illinois,Information Technology
ai_integration,180000,5,-,Unknown,Media & Communication
none,105000,6,Bachelor's,Georgia,Information Technology
none,120253,,Bachelor's,California,Unknown
none,152500,10,Bachelor's,Unknown,Unknown
applied_ai,150000,6,Bachelor's,California,Unknown
none,68518,2,-,Nevada,Unknown
none,119109,,-,California,Information Technology
none,79515,,-,Florida,Information Technology
none,83784,,-,California,Information Technology
none,161300,3,Bachelor's,New York State,Information Technology
none,131625,6,-,California,Information Technology
ai_integration,185000,3,-,California,Unknown
none,81614,,-,Illinois,Unknown
none,120000,2,Bachelor's,California,Human Resources & Staffing
none,70831,,-,Maryland,Media & Communication
none,188929,2,Bachelor's,California,Information Technology
none,68256,,Associate,Georgia,Unknown
ai_integration,158750,5,-,California,Information Technology
ai_integration,97033,5,Bachelor's,Utah,Information Technology
none,65821,5,-,Tennessee,Unknown
none,101124,3,-,Utah,Unknown
none,122998,,-,Virginia,Information Technology
none,84331,,-,Utah,Information Technology
none,83393,,-,Oklahoma,Unknown
none,159444,5,-,Washington State,Unknown
ai_integration,133754,5,-,Texas,Information Technology
none,95569,6,-,Illinois,Unknown
none,128985,6,-,Washington State,Media & Communication
none,169319,5,-,California,Insurance
none,151692,5,Bachelor's,Unknown,Financial Services
none,75722,5,-,Pennsylvania,Media & Communication
none,108658,,-,Virginia,Information Technology
none,80131,5,Bachelor's,Alabama,Unknown
none,103171,5,Bachelor's,Missouri,Unknown
ai_integration,123271,2,Bachelor's,California,Education
none,84604,,Bachelor's,Florida,Media & Communication
none,165000,6,-,New Jersey,Financial Services
none,67696,5,-,Pennsylvania,Unknown
none,93836,,-,Maryland,Media & Communication
none,75076,3,-,Missouri,Information Technology
none,127224,7,-,California,Information Technology
none,110000,3,Bachelor's,California,Management & Consulting
ai_integration,190000,5,-,California,Information Technology
none,87093,4,Bachelor's,Texas,Information Technology
none,112772,,-,Texas,Information Technology
applied_ai,215000,8,-,Unknown,Information Technology
none,175000,5,-,Georgia,"Arts, Entertainment & Recreation"
none,103091,5,Bachelor's,Virginia,Manufacturing
none,84867,2,Bachelor's,California,Management & Consulting
none,83172,,-,Indiana,Unknown
ai_integration,180000,5,-,California,Information Technology
none,102436,,-,Illinois,Information Technology
none,115000,5,-,Georgia,Information Technology
none,170000,5,-,Unknown,Human Resources & Staffing
applied_ai,187500,10,Bachelor's,Virginia,Information Technology
none,114080,,Bachelor's,Washington State,Unknown
none,140000,5,Bachelor's,Unknown,Aerospace & Defense
none,111891,5,Bachelor's,Washington State,Human Resources & Staffing
none,140000,5,-,Unknown,Healthcare
none,74834,3,-,California,Unknown
none,108126,5,-,Massachusetts,Unknown
none,78055,3,Bachelor's,New Jersey,Information Technology
ai_integration,175000,5,-,Unknown,Information Technology
none,119958,2,High School,Unknown,Healthcare
none,97500,5,Bachelor's,Unknown,Media & Communication
ai_integration,158685,3,Bachelor's,Unknown,Aerospace & Defense
none,57500,0,Bachelor's,Unknown,Information Technology
none,204100,,Bachelor's,Unknown,Information Technology
none,97243,5,-,North Carolina,Information Technology
none,90000,2,-,Wisconsin,Real Estate
none,60320,,-,Wisconsin,"Construction, Repair & Maintenance Services"
none,117500,2,-,Unknown,Information Technology
ai_integration,93600,5,-,Unknown,Information Technology
none,128000,5,-,Illinois,Healthcare
ai_integration,245000,10,Bachelor's,Unknown,Information Technology
none,119500,4,Bachelor's,Virginia,Aerospace & Defense
none,125000,3,-,Unknown,Unknown
ai_integration,225000,5,-,Unknown,Information Technology
ai_integration,195000,6,-,Unknown,Financial Services
none,51151,1,Bachelor's,Puerto Rico,Retail & Wholesale
none,121543,10,Bachelor's,Texas,Unknown
none,101016,,-,California,Unknown
none,82500,1,-,New York State,Unknown
ai_integration,199100,5,-,California,Information Technology
none,105000,4,-,Unknown,Unknown
none,110000,3,-,Colorado,Retail & Wholesale
none,61909,4,Bachelor's,Texas,Retail & Wholesale
none,62500,2,-,California,Unknown
none,72500,,-,Unknown,Information Technology
applied_ai,100000,5,-,California,Unknown
none,96691,,-,Texas,Information Technology
ai_integration,138750,5,Bachelor's,Colorado,Information Technology
none,87500,0,-,California,Unknown
none,95791,,-,Massachusetts,Information Technology
ai_integration,55000,5,-,Unknown,Information Technology
none,126162,8,-,California,Unknown
none,50000,,-,Arizona,Unknown
none,80458,3,-,Wisconsin,Unknown
ai_integration,176480,,-,California,Pharmaceutical & Biotechnology
none,175000,3,-,Unknown,Information Technology
none,88348,2,-,Arizona,Unknown
none,121350,3,-,California,Unknown
none,140625,1,-,Unknown,Information Technology
none,410000,,-,California,Information Technology
ai_integration,82651,,Bachelor's,Texas,Information Technology
none,123372,5,-,North Carolina,Financial Services
ai_integration,185000,3,-,New Jersey,Human Resources & Staffing
applied_ai,107500,6,-,Unknown,Information Technology
none,125000,3,-,Washington State,Unknown
ai_integration,92292,3,-,Texas,Information Technology
none,125000,,-,Maryland,Information Technology
ai_integration,208964,5,-,Unknown,Information Technology
none,45000,2,-,North Carolina,Unknown
none,90000,4,-,New York State,Financial Services
none,176000,7,Bachelor's,Unknown,Information Technology
none,184150,5,-,California,Information Technology
none,107500,3,-,Unknown,Information Technology
none,93930,5,-,New York State,Unknown
ai_integration,137500,3,Bachelor's,California,Unknown
none,61000,3,-,Unknown,Unknown
none,175000,5,-,Unknown,Real Estate
none,165000,6,-,Unknown,Information Technology
none,130000,5,Bachelor's,Unknown,Financial Services
none,87500,3,-,Unknown,Information Technology
ai_integration,100000,7,-,California,Unknown
none,77323,3,Bachelor's,New York State,Real Estate
ai_integration,60000,3,Bachelor's,New Hampshire,Unknown
none,87500,4,-,Arizona,Unknown
ai_integration,100000,3,-,Illinois,Unknown
none,170000,3,-,California,Real Estate
ai_integration,108952,4,-,California,Unknown
ai_integration,205000,6,-,Washington State,"Energy, Mining & Utilities"
none,78282,5,Bachelor's,North Carolina,Aerospace & Defense
ai_integration,177500,,-,California,Information Technology
none,155900,,-,Virginia,Management & Consulting
none,111192,5,Bachelor's,Texas,Manufacturing
none,122917,10,Bachelor's,Unknown,Unknown
none,140000,,-,Unknown,Unknown
ai_integration,180000,5,Bachelor's,Unknown,Information Technology
none,113414,,-,Delaware,Information Technology
none,58500,,Bachelor's,Unknown,Information Technology
ai_integration,157500,4,-,California,Unknown
none,122000,5,Bachelor's,Wisconsin,Retail & Wholesale
none,89577,,Bachelor's,Ohio,Unknown
ai_integration,300000,,-,Unknown,Media & Communication
none,140000,10,-,Unknown,Media & Communication
ai_integration,184150,,Bachelor's,California,Information Technology
none,75261,2,Associate,Virginia,Telecommunications
none,137533,,-,Virginia,Information Technology
none,225000,7,-,Unknown,Information Technology
none,45000,,-,Pennsylvania,Unknown
ai_integration,135000,3,Bachelor's,North Carolina,Unknown
none,75664,3,-,Illinois,Information Technology
none,94270,5,-,Texas,Information Technology
none,98261,,-,Virginia,Unknown
none,135000,1,-,Arkansas,Retail & Wholesale
ai_integration,160000,5,-,Texas,Unknown
none,100000,2,Bachelor's,North Carolina,Unknown
ai_integration,103500,2,-,New York State,Information Technology
none,122549,4,-,Unknown,Unknown
none,77462,8,-,Tennessee,Unknown
none,108683,4,Bachelor's,California,Information Technology
applied_ai,110000,3,-,New York State,Information Technology
none,87672,,-,Connecticut,Information Technology
none,90600,2,High School,Virginia,Information Technology
none,107715,,-,Oregon,Unknown
none,164738,5,-,Unknown,Information Technology
ai_integration,225000,5,-,California,Retail & Wholesale
none,95000,5,-,New Hampshire,Media & Communication
none,88000,8,-,Texas,Information Technology
none,88829,8,Bachelor's,North Carolina,Aerospace & Defense
none,252000,5,Bachelor's,Unknown,Financial Services
none,109624,,-,Illinois,Media & Communication
none,115000,,-,Washington State,Unknown
ai_integration,188929,,Bachelor's,California,Information Technology
none,210000,5,-,Unknown,Unknown
none,182500,8,-,Unknown,Healthcare
none,140000,,-,Unknown,Unknown
none,125000,,-,Colorado,Unknown
ai_integration,87848,4,-,Texas,Personal Consumer Services
ai_integration,117610,7,-,District of Columbia,Nonprofit & NGO
none,110666,,-,Texas,Unknown
none,205600,5,Bachelor's,California,Manufacturing
none,118338,,Bachelor's,Iowa,Media & Communication
none,209000,5,-,California,Information Technology
none,127500,5,Bachelor's,New York State,Unknown
none,60833,2,-,California,Information Technology
none,94117,5,Bachelor's,New Mexico,Information Technology
none,96780,,-,Pennsylvania,Unknown
none,148000,6,-,Texas,Information Technology
none,90456,6,-,Wisconsin,Transportation & Logistics
none,182500,8,Bachelor's,California,Information Technology
none,98432,5,-,Illinois,Unknown
none,165000,5,-,Unknown,Information Technology
ai_integration,215000,5,-,California,Information Technology
none,94528,4,-,Texas,Personal Consumer Services
none,50000,,-,Unknown,Unknown
none,115869,,-,Massachusetts,Media & Communication
ai_integration,119925,5,Bachelor's,Utah,Retail & Wholesale
none,226600,5,Bachelor's,California,Information Technology
ai_integration,142500,5,-,California,Information Technology
none,104154,5,Bachelor's,Utah,Financial Services
none,91751,,Bachelor's,Minnesota,Unknown
none,85564,1,-,Virginia,Unknown
none,112093,8,-,Nebraska,Financial Services
ai_integration,150000,5,-,Texas,Healthcare
none,92000,3,Bachelor's,California,Hotels & Travel Accommodation
none,161198,,-,California,Management & Consulting
ai_integration,134332,5,-,Texas,Unknown
none,83100,7,Bachelor's,Texas,Management & Consulting
ai_integration,155000,5,Bachelor's,Unknown,Information Technology
none,102500,5,Bachelor's,Nebraska,Telecommunications
none,155000,10,Bachelor's,Unknown,Unknown
ai_integration,145000,5,-,Unknown,Information Technology
none,81926,8,-,Florida,Information Technology
none,248450,7,-,Massachusetts,Information Technology
ai_integration,195000,3,-,California,Nonprofit & NGO
none,77729,3,-,Illinois,Unknown
none,110180,3,-,California,Information Technology
none,116730,,-,Bulgaria,Unknown
ai_integration,160000,4,-,California,Unknown
ai_integration,253300,7,Bachelor's,Georgia,Information Technology
none,98468,5,-,Georgia,Unknown
none,98750,2,-,Texas,Telecommunications
none,93590,2,Bachelor's,New Jersey,Information Technology
none,109109,8,-,Hawaii,Unknown
none,96207,5,Bachelor's,Illinois,Information Technology
none,84125,2,Bachelor's,New Jersey,Information Technology
none,91460,8,-,Texas,Information Technology
none,90023,4,-,Arizona,Information Technology
none,92979,3,Bachelor's,California,Information Technology
none,120000,,-,Maryland,Insurance
applied_ai,235000,2,-,New York State,Unknown
ai_integration,187500,6,-,Unknown,Management & Consulting
none,151952,5,-,California,Information Technology
none,110000,5,-,Unknown,Human Resources & Staffing
none,183300,7,Bachelor's,Washington State,Information Technology
ai_integration,205000,7,-,Massachusetts,Unknown
ai_integration,187500,3,Bachelor's,New York State,Unknown
none,180000,5,Bachelor's,New York State,Financial Services
none,150000,5,-,California,Information Technology
none,195000,6,-,Unknown,Unknown
none,104107,,-,Colorado,Information Technology
ai_integration,110000,5,-,Maryland,Human Resources & Staffing
none,200000,6,Bachelor's,New York State,Unknown
ai_integration,112413,4,-,Virginia,Unknown
none,101054,,-,Michigan,Information Technology
none,175000,5,Bachelor's,Virginia,Aerospace & Defense
none,67508,2,-,Florida,Information Technology
ai_integration,175000,5,-,California,Education
none,227000,5,-,Unknown,Information Technology
ai_integration,135000,4,-,California,Healthcare
none,200000,5,-,Unknown,Human Resources & Staffing
ai_integration,139661,5,-,California,Unknown
ai_integration,146379,5,-,California,Unknown
none,110000,9,-,Unknown,Information Technology
none,92596,4,Bachelor's,Georgia,Financial Services
ai_integration,122719,,-,Massachusetts,Aerospace & Defense
none,160000,5,-,Unknown,Information Technology
none,82091,4,-,District of Columbia,Unknown
none,158288,5,Bachelor's,Unknown,Information Technology
none,142500,4,Bachelor's,California,Pharmaceutical & Biotechnology
none,126425,5,-,Massachusetts,Unknown
none,110887,,-,Washington State,Unknown
none,118569,5,-,Illinois,Unknown
none,92742,6,Bachelor's,California,Unknown
none,98065,4,-,North Carolina,Media & Communication
none,85742,6,Bachelor's,Georgia,Information Technology
none,84731,10,Bachelor's,Texas,Management & Consulting
none,93416,2,Bachelor's,California,Unknown
none,115134,5,-,Arizona,Unknown
none,180000,7,Bachelor's,Unknown,Human Resources & Staffing
none,90195,,-,Pennsylvania,Information Technology
none,141195,,-,California,Information Technology
none,112000,3,Bachelor's,California,Information Technology
none,218625,5,-,California,Information Technology
none,177500,7,-,Unknown,Information Technology
none,92501,3,-,Texas,Unknown
none,118217,,-,Massachusetts,Unknown
none,90706,5,Bachelor's,California,Information Technology
none,57529,3,-,New Jersey,Unknown
ai_integration,192500,5,-,California,Information Technology
ai_integration,150000,5,-,California,Unknown
none,95347,7,Bachelor's,District of Columbia,Information Technology
none,109256,,-,Massachusetts,Media & Communication
none,135000,4,-,California,Information Technology
applied_ai,235000,2,-,New York State,Manufacturing
none,145774,5,-,Massachusetts,Information Technology
ai_integration,142843,,Bachelor's,Massachusetts,Media & Communication
ai_integration,132346,4,-,California,Unknown
none,61582,2,-,Utah,Unknown
none,100000,,-,California,Human Resources & Staffing
ai_integration,290000,7,-,California,Information Technology
ai_integration,128027,5,-,Arizona,Information Technology
ai_integration,215000,4,-,California,Manufacturing
none,104176,5,-,North Carolina,Information Technology
none,126054,5,Bachelor's,New Jersey,Nonprofit & NGO
none,129641,5,-,Unknown,Media & Communication
none,118798,5,-,California,Unknown
none,78898,3,-,Maryland,Information Technology
none,62576,6,-,Pennsylvania,Unknown
none,150000,3,Bachelor's,Unknown,Unknown
ai_integration,190000,5,Bachelor's,New York State,Unknown
none,157500,3,-,New York State,Real Estate
none,220488,10,Bachelor's,California,Information Technology
ai_integration,175000,5,-,California,Unknown
none,83609,3,-,Massachusetts,Unknown
ai_integration,205000,6,-,California,"Energy, Mining & Utilities"
ai_integration,199500,6,Bachelor's,California,Information Technology
ai_integration,122500,3,-,Louisiana,Information Technology
none,125330,5,-,California,Information Technology
none,119126,8,Bachelor's,District of Columbia,Information Technology
none,71034,10,-,Texas,Information Technology
none,106874,5,Bachelor's,Massachusetts,Media & Communication
ai_integration,175000,5,-,Washington State,Unknown
ai_integration,210000,7,-,New York State,Media & Communication
none,158568,5,-,California,Information Technology
applied_ai,202500,5,-,New York State,Information Technology
ai_integration,225000,7,-,California,Unknown
ai_integration,199500,5,-,California,Information Technology
none,148223,4,Bachelor's,California,Information Technology
none,137037,5,Bachelor's,California,Unknown
none,70000,,Bachelor's,Illinois,Education
none,70000,,Bachelor's,Illinois,Education
none,71650,0,High School,Alabama,Education
none,68014,,-,Wisconsin,Education
none,108500,,Bachelor's,California,Education
none,84032,0,Bachelor's,Louisiana,Healthcare
none,96772,2,Bachelor's,New Hampshire,Healthcare
none,64875,1,Associate,Florida,Unknown
none,89000,3,Bachelor's,Kansas,Insurance
none,64875,1,Associate,Florida,Government & Public Administration
none,103990,0,Bachelor's,Minnesota,Healthcare
none,71444,5,Bachelor's,Alabama,"Construction, Repair & Maintenance Services"
none,55000,2,Bachelor's,Kentucky,Management & Consulting
none,61800,,Associate,Massachusetts,Information Technology
none,91700,2,Bachelor's,Florida,Financial Services
applied_ai,58698,,Bachelor's,Missouri,Education
none,64875,1,Associate,Florida,Government & Public Administration
none,62500,0,-,Missouri,Financial Services
none,106024,5,Bachelor's,New Mexico,"Energy, Mining & Utilities"
none,96986,3,Bachelor's,Ohio,Financial Services
none,134000,5,-,South Carolina,Aerospace & Defense
applied_ai,118000,3,-,Washington State,Aerospace & Defense
none,62974,2,-,Wisconsin,"Construction, Repair & Maintenance Services"
none,81675,,-,Maryland,Education
none,79498,6,Bachelor's,South Carolina,Insurance
none,109278,4,Bachelor's,California,Manufacturing
none,65000,3,Bachelor's,North Carolina,Insurance
none,63600,4,Bachelor's,Oklahoma,Education
ai_integration,58292,3,Bachelor's,Maine,Education
none,86000,1,-,Missouri,Aerospace & Defense
none,65681,2,Associate,Mississippi,Government & Public Administration
none,81759,0,Bachelor's,Missouri,Insurance
none,56251,,Bachelor's,Pennsylvania,Education
none,77198,5,Bachelor's,Wisconsin,Information Technology
none,74473,0,Bachelor's,Alabama,Education
none,90322,5,Bachelor's,Virginia,Government & Public Administration
none,78705,3,Bachelor's,Pennsylvania,Manufacturing
none,77686,,Bachelor's,Unknown,Transportation & Logistics
none,90000,,Bachelor's,Maryland,Financial Services
none,61138,2,High School,Florida,Education
none,118774,,-,Maryland,Aerospace & Defense
none,78164,5,Bachelor's,Texas,Education
none,94023,,-,Arkansas,Media & Communication
none,76688,1,Bachelor's,Connecticut,Education
none,89271,,Bachelor's,Virginia,Financial Services
none,102448,,-,Nebraska,Retail & Wholesale
none,90170,2,Bachelor's,Wisconsin,Information Technology
none,84545,5,Bachelor's,Kentucky,Manufacturing
none,73110,2,Bachelor's,Michigan,Management & Consulting
none,60000,2,Associate,Oklahoma,Aerospace & Defense
none,73400,,Bachelor's,Texas,Education
none,76742,2,Bachelor's,Texas,Financial Services
none,69034,5,Bachelor's,Ohio,Transportation & Logistics
none,74088,4,Associate,Ohio,Healthcare
none,122500,,-,New Jersey,Financial Services
applied_ai,80905,5,Bachelor's,Wisconsin,Manufacturing
none,82027,2,Associate,Georgia,Human Resources & Staffing
ai_integration,91700,2,Bachelor's,Florida,Financial Services
none,56203,1,Bachelor's,Texas,Healthcare
none,77862,5,Bachelor's,Louisiana,Education
none,80000,2,Associate,Rhode Island,Education
none,61400,0,Bachelor's,Oklahoma,Education
none,79656,3,Bachelor's,Texas,Legal
none,64000,3,Bachelor's,Unknown,Government & Public Administration
none,156741,8,-,California,Healthcare
none,60000,3,Bachelor's,Minnesota,Education
none,68363,,Bachelor's,Alabama,Unknown
ai_integration,91500,7,Bachelor's,Illinois,Government & Public Administration
applied_ai,78656,3,Bachelor's,Wisconsin,Education
none,106180,5,-,Idaho,Manufacturing
ai_integration,92750,7,Bachelor's,Unknown,Government & Public Administration
applied_ai,133900,3,Bachelor's,Texas,Financial Services
none,60000,1,Associate,Pennsylvania,Education
none,81836,5,Bachelor's,Iowa,Manufacturing
none,76742,2,-,Texas,Financial Services
none,69912,2,Bachelor's,Illinois,Government & Public Administration
none,73570,2,Bachelor's,Florida,Financial Services
none,109415,8,Bachelor's,Tennessee,Aerospace & Defense
none,84916,,-,Michigan,Education
none,90000,2,Associate,Rhode Island,Education
none,50537,5,Bachelor's,Puerto Rico,Information Technology
none,82532,1,-,Virginia,Unknown
none,84922,3,Bachelor's,Wisconsin,Education
none,89030,0,Bachelor's,California,Information Technology
none,82826,,Bachelor's,Illinois,Education
none,62560,,Bachelor's,Alabama,Education
none,70686,0,High School,Idaho,Education
none,118500,3,Associate,Massachusetts,Government & Public Administration
none,56233,2,Bachelor's,Virginia,Manufacturing
none,72474,3,Associate,New York State,Education
none,108008,5,-,Wisconsin,Information Technology
none,129126,3,Bachelor's,Maryland,Information Technology
none,80643,5,Bachelor's,Tennessee,Healthcare
none,108000,5,-,Michigan,Unknown
none,77000,3,Bachelor's,New York State,Education
none,96895,2,Bachelor's,California,Information Technology
none,68995,4,Associate,Ohio,Healthcare
none,112500,3,Bachelor's,Massachusetts,Unknown
none,57048,3,Associate,New York State,Education
none,104427,5,-,Michigan,Transportation & Logistics
none,68000,5,Bachelor's,Connecticut,Transportation & Logistics
none,59649,3,Bachelor's,Florida,Education
none,72500,2,Bachelor's,New York State,Education
none,88844,3,-,District of Columbia,Management & Consulting
none,67000,5,Bachelor's,Puerto Rico,Insurance
none,72036,2,Bachelor's,Alabama,Manufacturing
none,110000,8,-,Unknown,Information Technology
none,111956,4,-,California,Government & Public Administration
ai_integration,100630,5,Bachelor's,South Carolina,Government & Public Administration
none,72925,2,Associate,Ohio,Government & Public Administration
none,115779,5,Bachelor's,Missouri,Insurance
applied_ai,177500,,PhD,New York State,Financial Services
none,91700,5,-,Florida,Financial Services
none,58163,1,Bachelor's,Georgia,Education
none,74275,0,Bachelor's,New Jersey,Information Technology
none,121200,5,-,Florida,Financial Services
none,87693,3,Bachelor's,New York State,Education
none,104047,,Bachelor's,California,Information Technology
none,102600,3,Bachelor's,Illinois,Agriculture
none,109978,3,Bachelor's,New York State,Healthcare
none,104500,8,Bachelor's,Maryland,Information Technology
none,141272,3,Bachelor's,Florida,Financial Services
none,72153,3,-,Florida,Manufacturing
none,85008,2,Bachelor's,Pennsylvania,Financial Services
none,87135,5,Bachelor's,Florida,Insurance
none,121200,5,Bachelor's,Florida,Financial Services
none,92578,,-,Maine,Financial Services
none,63000,,Bachelor's,Illinois,Unknown
none,55538,1.5,-,Missouri,Financial Services
none,96098,1,Bachelor's,Maryland,Education
none,68500,5,Bachelor's,Puerto Rico,Information Technology
none,70943,2,Associate,Pennsylvania,Nonprofit & NGO
none,124097,4,Bachelor's,Virginia,Government & Public Administration
none,101951,,-,Pennsylvania,Information Technology
none,98286,10,Bachelor's,Michigan,Information Technology
none,171000,8,Bachelor's,Maryland,Information Technology
none,94656,7,Bachelor's,New Jersey,Financial Services
none,133900,5,-,Delaware,Financial Services
ai_integration,84000,0,Bachelor's,Virginia,Financial Services
none,97377,5,Bachelor's,Wisconsin,Financial Services
none,67361,2,Bachelor's,South Carolina,Education
ai_integration,92750,7,-,Unknown,Government & Public Administration
none,93035,2,-,New York State,Healthcare
none,80000,2,High School,Florida,Education
applied_ai,46532,1,High School,Florida,Transportation & Logistics
none,76274,3,-,North Carolina,Education
none,155400,7,Bachelor's,California,Manufacturing
none,110000,5,-,New Jersey,Unknown
none,83078,3,Bachelor's,Massachusetts,Information Technology
none,88522,2,Bachelor's,New Jersey,Information Technology
none,64518,3,-,Kansas,Manufacturing
none,84538,2,Bachelor's,Wisconsin,Education
none,141627,8,-,New York State,Manufacturing
applied_ai,177500,5,Bachelor's,Unknown,Information Technology
none,67500,3,-,Unknown,Unknown
none,192500,7,Bachelor's,Unknown,Information Technology
none,225000,5,Bachelor's,California,Information Technology
none,113750,4,Bachelor's,Unknown,Telecommunications
ai_integration,144599,5,Bachelor's,Massachusetts,Pharmaceutical & Biotechnology
none,86000,5,High School,Unknown,Information Technology
none,115000,2,Bachelor's,Unknown,Unknown
applied_ai,125000,4,-,California,Information Technology
none,112344,10,-,Bulgaria,Unknown
none,87125,,-,Pennsylvania,Information Technology
none,76426,3,Associate,North Carolina,Retail & Wholesale
none,179982,2,Bachelor's,New Jersey,Information Technology
none,95899,5,Bachelor's,New Jersey,Unknown
none,65449,2,Bachelor's,Maryland,Education
none,116350,4,Bachelor's,Texas,Insurance
none,134971,,Bachelor's,Texas,Information Technology
none,67738,5,Bachelor's,Florida,Human Resources & Staffing
none,97289,0,Bachelor's,Georgia,Unknown
none,81740,2,Bachelor's,Virginia,Transportation & Logistics
none,74100,1,Bachelor's,Maryland,Education
none,109057,,Bachelor's,Michigan,Information Technology
none,74500,5,Bachelor's,New York State,Insurance
none,111050,1,Bachelor's,New Jersey,Information Technology
none,39500,,-,Unknown,Information Technology
none,83144,1,Master's,Michigan,Information Technology
none,104500,2,Bachelor's,Kansas,"Energy, Mining & Utilities"
none,86538,5,Bachelor's,Alabama,Unknown
none,85266,2,Associate,New Jersey,Information Technology
none,88633,0,Bachelor's,New Jersey,Information Technology
none,141840,,High School,California,Management & Consulting
none,78500,,Bachelor's,Texas,Financial Services
none,99901,5,Bachelor's,Arizona,Education
none,99781,6,Bachelor's,New York State,Healthcare
none,89128,2,-,New Jersey,Financial Services
none,97736,,Bachelor's,New Jersey,Information Technology
none,92558,0,Master's,New Jersey,Information Technology
none,80000,1,Master's,New York State,Information Technology
none,96759,7,Bachelor's,Michigan,Healthcare
none,92386,,Bachelor's,Virginia,Information Technology
none,52249,2,Associate,New Jersey,Education
none,100000,7,High School,Unknown,Information Technology
none,70000,3,-,Massachusetts,Information Technology
none,76402,5,Bachelor's,Pennsylvania,Education
none,81627,4,-,New York State,Financial Services
none,101684,0,Master's,Virginia,Information Technology
none,160391,10,Bachelor's,New York State,Manufacturing
none,55162,2,Bachelor's,California,Unknown
none,75495,.5,Bachelor's,Virginia,Unknown
none,59039,2,Associate,South Carolina,Manufacturing
none,89152,0,Bachelor's,Illinois,Unknown
none,104925,0,Bachelor's,California,Management & Consulting
none,107185,3,Bachelor's,Virginia,"Energy, Mining & Utilities"
none,63970,2,Bachelor's,Ohio,Education
none,76285,1,Bachelor's,Michigan,Information Technology
applied_ai,92413,6,Bachelor's,Tennessee,Healthcare
ai_integration,50094,3,High School,Florida,Transportation & Logistics
none,162710,8,Bachelor's,Connecticut,"Energy, Mining & Utilities"
none,121209,,Bachelor's,California,Management & Consulting
none,98511,5,Bachelor's,Tennessee,Financial Services
none,122886,5,Bachelor's,Virginia,Information Technology
none,74419,3,-,Virginia,Manufacturing
ai_integration,113700,,High School,Maryland,Information Technology
none,104432,,Bachelor's,Virginia,Information Technology
none,157997,1,Bachelor's,New Jersey,Unknown
none,212500,6,-,Unknown,Information Technology
none,104869,,-,Connecticut,Information Technology
none,83801,2,Bachelor's,Illinois,Financial Services
none,85266,3,Associate,New Jersey,Information Technology
none,124097,5,-,Virginia,Government & Public Administration
none,113821,,-,California,Information Technology
none,70000,5,-,Virginia,Information Technology
none,82343,0,Bachelor's,South Carolina,Information Technology
none,92899,5,-,Texas,Manufacturing
none,120597,,-,New Jersey,Information Technology
none,138400,5,Bachelor's,California,"Energy, Mining & Utilities"
none,81130,3,Bachelor's,Massachusetts,Unknown
ai_integration,95273,,-,Virginia,Manufacturing
none,95514,,Master's,New Jersey,Information Technology
none,164000,8,-,Maryland,Information Technology
none,99109,3,Bachelor's,California,Information Technology
none,97226,4,-,Arkansas,Information Technology
none,91318,5,Bachelor's,Hawaii,Financial Services
none,77066,2,Bachelor's,Texas,Management & Consulting
none,86490,3,-,Virginia,Manufacturing
none,95914,,-,Georgia,Information Technology
none,71874,5,Bachelor's,Arizona,"Arts, Entertainment & Recreation"
none,86615,5,Bachelor's,Texas,Manufacturing
none,103036,,Bachelor's,California,Unknown
none,98976,5,-,Georgia,Transportation & Logistics
none,80726,1,Bachelor's,Illinois,Unknown
none,94523,,Bachelor's,Michigan,Information Technology
none,116671,4,Bachelor's,California,Education
none,85771,2,Bachelor's,Texas,Information Technology
none,110000,5,-,Texas,Financial Services
none,128232,5,Bachelor's,New Jersey,Financial Services
none,74762,3,Bachelor's,Georgia,Unknown
none,85313,7,-,Unknown,Unknown
none,128315,7,Bachelor's,Maryland,Education
none,84537,3,-,Michigan,Information Technology
none,121200,4,Bachelor's,Florida,Financial Services
none,131144,5,Bachelor's,New Jersey,Healthcare
none,133900,5,-,Delaware,Financial Services
none,93500,5,Bachelor's,Minnesota,Financial Services
none,118228,0,Bachelor's,California,Unknown
none,123386,.5,Bachelor's,Texas,Information Technology
none,135000,5,Bachelor's,New Jersey,Financial Services
none,83193,2,-,New Jersey,Unknown
none,97721,5,Bachelor's,Florida,Education
none,101213,,-,Texas,Unknown
none,99809,.5,Master's,Delaware,Information Technology
none,65731,5,Bachelor's,North Carolina,Manufacturing
none,75164,3,-,Florida,Information Technology
none,97062,,-,Texas,Information Technology
none,96366,1,Master's,New Jersey,Information Technology
none,74625,2,Bachelor's,Tennessee,Retail & Wholesale
none,81286,1,Master's,Texas,Unknown
none,97053,2,Associate,New Jersey,Information Technology
none,89401,,-,New Jersey,Management & Consulting
none,102413,3,Bachelor's,Michigan,Unknown
none,118529,,-,Maryland,Unknown
none,87711,2,Bachelor's,Virginia,Information Technology
none,90920,1,Master's,New Jersey,Information Technology
none,110000,5,Bachelor's,Illinois,Manufacturing
none,97950,2,Master's,California,Media & Communication
none,78000,2,Master's,Georgia,Information Technology
none,97451,5,-,Idaho,Unknown
none,78224,2,-,Texas,Information Technology
none,86265,3,Master's,Texas,Unknown
none,78355,2,Bachelor's,Massachusetts,Management & Consulting
none,115837,,Bachelor's,California,Unknown
none,136297,4,Bachelor's,California,Healthcare
none,94796,3,-,Massachusetts,Healthcare
none,81352,2,Bachelor's,Texas,Healthcare
none,70311,5,Bachelor's,Pennsylvania,Healthcare
none,122719,,-,California,Information Technology
none,61611,.5,Bachelor's,Texas,Information Technology
none,75465,2,Bachelor's,Michigan,Unknown
none,98590,.5,Bachelor's,California,Information Technology
none,75166,1,Master's,Pennsylvania,Information Technology
none,72000,,Master's,New Jersey,Unknown
none,94282,2,Bachelor's,District of Columbia,Unknown
none,101720,1,Master's,Michigan,Information Technology
none,88077,,Master's,Kansas,Information Technology
none,84647,1,Bachelor's,New Jersey,Information Technology
none,95512,1,Bachelor's,New Jersey,Information Technology
none,106030,,-,Virginia,Information Technology
none,80536,4,-,Maryland,Financial Services
none,89526,2,Bachelor's,District of Columbia,Unknown
none,85000,5,Bachelor's,Unknown,Legal
none,90168,5,Bachelor's,Michigan,Information Technology
none,91253,5,Bachelor's,New Jersey,Information Technology
none,75790,,-,Illinois,Information Technology
none,110920,,Bachelor's,Virginia,Management & Consulting
none,91418,1,Bachelor's,New Jersey,Information Technology
none,87243,1,-,Idaho,Manufacturing
none,73801,2,Bachelor's,Florida,Information Technology
none,75711,7,-,Virginia,Manufacturing
none,104367,,-,Virginia,Unknown
none,82803,2,Bachelor's,Delaware,Healthcare
none,89167,5,Bachelor's,New Jersey,Information Technology
none,72208,3,-,Texas,Media & Communication
none,75928,.5,Bachelor's,Virginia,Information Technology
none,125857,10,Bachelor's,Virginia,Manufacturing
none,72563,1,Master's,Michigan,Financial Services
none,71489,3,Bachelor's,Maryland,Information Technology
none,74686,2,Bachelor's,Florida,Unknown
none,88683,10,Bachelor's,Florida,Information Technology
none,70887,3,Bachelor's,Pennsylvania,Information Technology
none,93408,5,Bachelor's,New Jersey,Unknown
none,108537,1,Bachelor's,California,Information Technology
none,94115,,-,Virginia,Unknown
none,71630,3,Bachelor's,Florida,Unknown
none,93176,5,-,Ohio,Government & Public Administration
none,78523,,-,Georgia,Information Technology
none,99208,,Bachelor's,Texas,Unknown
none,90833,,Bachelor's,Missouri,Information Technology
none,99741,,-,Louisiana,Information Technology
none,95823,2,-,California,Information Technology
none,77282,2,Bachelor's,Georgia,Information Technology
none,96640,5,-,Michigan,Unknown
none,120400,5,-,New Jersey,"Energy, Mining & Utilities"
none,112090,7,Bachelor's,New Jersey,Telecommunications
none,85340,1,Bachelor's,New Jersey,Management & Consulting
none,118519,4,Bachelor's,California,Healthcare
none,107000,5,Bachelor's,Georgia,Information Technology
none,78015,3,Bachelor's,New Jersey,Information Technology
none,111587,10,Bachelor's,Texas,Manufacturing
none,101921,5,-,Texas,Information Technology
none,112829,,Bachelor's,Virginia,Information Technology
none,157997,3,Bachelor's,New Jersey,Information Technology
none,86555,5,Bachelor's,Texas,Unknown
ai_integration,73530,,Bachelor's,New York State,Healthcare
none,103027,,-,New Jersey,Management & Consulting
none,72472,1,Bachelor's,Kansas,Information Technology
none,120016,5,Bachelor's,Virginia,Information Technology
none,95789,7,Bachelor's,Florida,Information Technology
none,91450,6,Bachelor's,Maryland,Information Technology
none,107987,4,Bachelor's,Texas,Information Technology
none,76313,2,Master's,Iowa,Information Technology
none,100176,10,Master's,District of Columbia,Unknown
none,86166,,-,Maryland,Financial Services
none,79229,1,Bachelor's,Illinois,Information Technology
none,112004,6,-,Pennsylvania,Information Technology
none,72472,1,Bachelor's,Kansas,Information Technology
applied_ai,111600,3,High School,California,Healthcare
none,84354,3,Bachelor's,Texas,Education
none,73774,.5,Bachelor's,Texas,Information Technology
none,114770,5,-,Massachusetts,Financial Services
none,82048,.5,Bachelor's,Georgia,Information Technology
none,76400,2,Associate,Texas,Unknown
none,99846,7,-,New Jersey,Unknown
none,72317,5,Bachelor's,Florida,Information Technology
none,90158,2,Bachelor's,California,Unknown
none,86371,3,Bachelor's,Maryland,Unknown
none,101720,3,Master's,Michigan,Information Technology
none,73774,.5,Master's,Texas,Information Technology
none,111346,8,Bachelor's,New York State,Information Technology
none,85650,5,Bachelor's,New Jersey,Unknown
none,80526,1,Bachelor's,New Jersey,Information Technology
none,87041,5,-,Virginia,Unknown
none,89014,2,Associate,Massachusetts,Information Technology
none,84035,2,Bachelor's,New Jersey,Management & Consulting
none,133803,7,-,Michigan,Unknown
none,84867,3,Bachelor's,New York State,Education
none,97538,,-,Georgia,Media & Communication
none,82065,1,Bachelor's,New Jersey,Management & Consulting
none,55000,6,Bachelor's,California,Unknown
none,75646,3,Bachelor's,Illinois,Unknown
none,104742,7,-,Pennsylvania,Manufacturing
none,85367,1,Master's,New Jersey,Information Technology
none,80995,5,Bachelor's,Missouri,Information Technology
none,85262,3,Bachelor's,New Jersey,Unknown
none,89291,,Bachelor's,Maryland,Information Technology
none,101641,1,Master's,New Jersey,Information Technology
none,81624,1,Master's,Michigan,Information Technology
none,113137,8,-,Virginia,Unknown
none,96079,3,Bachelor's,New Jersey,Information Technology
none,111346,8,Bachelor's,New York State,Information Technology
none,91299,3,Bachelor's,Kansas,Information Technology
none,98555,8,Bachelor's,Maryland,Unknown
none,105171,5,Bachelor's,Virginia,Information Technology
none,91802,3,Bachelor's,New Jersey,Information Technology
none,80343,.25,Master's,Massachusetts,Unknown
none,86066,4,Bachelor's,Texas,Unknown
none,77230,6,Bachelor's,Maryland,Unknown
none,117500,3,-,California,Management & Consulting
none,102784,5,Bachelor's,Virginia,Information Technology
none,85764,6,Bachelor's,Florida,Unknown
none,96079,2,Master's,New Jersey,Information Technology
none,118546,5,Master's,Georgia,Unknown
none,84968,5,Bachelor's,Arizona,Government & Public Administration
applied_ai,104918,4,Bachelor's,Texas,Unknown
none,92727,20,Bachelor's,Alabama,Aerospace & Defense
none,99732,5,-,Texas,Personal Consumer Services
none,88851,1,Master's,Massachusetts,Information Technology
none,86296,2,Bachelor's,Texas,Management & Consulting
none,93335,5,Bachelor's,Maryland,Information Technology
none,114694,5,Bachelor's,New York State,Education
none,108407,5,Bachelor's,New Jersey,Information Technology
none,102784,5,Bachelor's,Virginia,Information Technology
none,78135,0,Bachelor's,Illinois,Information Technology
none,101226,,Bachelor's,Vermont,Information Technology
none,76575,2,Bachelor's,Colorado,Telecommunications
none,79884,0,Bachelor's,Wyoming,Aerospace & Defense
none,177025,12,Bachelor's,Maryland,Aerospace & Defense
none,106400,2,Bachelor's,Unknown,Management & Consulting
none,60000,,-,Iowa,Manufacturing
none,70000,3,Bachelor's,Unknown,Financial Services
none,198000,,-,Maryland,Aerospace & Defense
none,157965,1,Bachelor's,Arizona,Information Technology
none,58677,2,Bachelor's,Virginia,Aerospace & Defense
none,126225,6,Bachelor's,Florida,Retail & Wholesale
none,136500,12,-,Oregon,Information Technology
ai_integration,110000,2,-,District of Columbia,Information Technology
none,176850,7,Bachelor's,Ohio,Financial Services
ai_integration,84655,5,Bachelor's,Virginia,Aerospace & Defense
none,146913,8,Bachelor's,Maryland,Aerospace & Defense
none,79835,5,-,Pennsylvania,Information Technology
none,73632,2,Associate,Michigan,Insurance
none,78765,5,Bachelor's,Florida,"Construction, Repair & Maintenance Services"
none,162500,3,-,Pennsylvania,Information Technology
none,119564,5,-,Maryland,Unknown
none,117500,3,Bachelor's,Tennessee,Manufacturing
none,79133,0,Bachelor's,Virginia,Aerospace & Defense
none,146913,4,Bachelor's,Unknown,Aerospace & Defense
none,78526,5,Bachelor's,Virginia,Information Technology
none,110000,10,-,Virginia,Information Technology
ai_integration,100000,3,Bachelor's,Texas,Information Technology
none,158000,2,Bachelor's,Unknown,Information Technology
none,92500,5,Bachelor's,Massachusetts,Management & Consulting
none,72050,3,-,Ohio,Healthcare
ai_integration,62500,,-,Unknown,Unknown
ai_integration,87200,2,Bachelor's,Unknown,Insurance
none,142400,2,Bachelor's,Virginia,Information Technology
none,76859,,-,Iowa,Management & Consulting
none,127372,,Bachelor's,Florida,Aerospace & Defense
applied_ai,106350,6,-,Texas,Management & Consulting
none,75500,1,-,Arizona,Financial Services
none,93217,5,Bachelor's,Arizona,Information Technology
none,60320,2,Associate,Michigan,Insurance
none,102500,3,Bachelor's,Colorado,Telecommunications
none,176450,,-,Virginia,Information Technology
none,86158,3,Bachelor's,Virginia,Management & Consulting
ai_integration,69050,1,Bachelor's,Pennsylvania,Financial Services
none,56500,,-,Unknown,Unknown
none,108875,,-,New York State,Government & Public Administration
none,105000,1,Associate,Oregon,Unknown
none,75503,,-,Washington State,Information Technology
none,60001,1,Bachelor's,California,Information Technology
none,116933,,-,Florida,Transportation & Logistics
none,97500,4,Bachelor's,Maryland,Unknown
none,81110,4,Bachelor's,District of Columbia,Government & Public Administration
none,116746,12,Bachelor's,District of Columbia,Management & Consulting
none,134452,,-,Colorado,Telecommunications
none,72612,1,Bachelor's,Alabama,Aerospace & Defense
none,96450,9,Bachelor's,Oregon,Aerospace & Defense
ai_integration,98443,3,Bachelor's,Virginia,Unknown
none,57822,0,Bachelor's,New Jersey,Information Technology
none,69256,3,Bachelor's,Illinois,Information Technology
none,76610,2,Bachelor's,Texas,Unknown
none,98500,7,Bachelor's,Maryland,Information Technology
none,104000,8,High School,Maryland,Information Technology
applied_ai,177025,4,Bachelor's,Unknown,Aerospace & Defense
none,49932,,-,Missouri,Agriculture
none,130000,3,-,Michigan,Human Resources & Staffing
none,66569,1,-,Virginia,Information Technology
applied_ai,101500,,-,Virginia,Aerospace & Defense
none,90655,2,Bachelor's,Virginia,Government & Public Administration
none,61496,1,Bachelor's,Maryland,Information Technology
none,61344,2,-,Iowa,Media & Communication
none,113147,,-,Ohio,Unknown
none,107000,4,Bachelor's,Virginia,Management & Consulting
none,82500,1,High School,Florida,Aerospace & Defense
none,78134,,Bachelor's,Texas,Information Technology
ai_integration,118352,0,Master's,Texas,Information Technology
none,107250,6,Bachelor's,California,Aerospace & Defense
none,61184,1,High School,Indiana,Healthcare
applied_ai,65232,,Master's,North Carolina,Information Technology
none,82399,,Bachelor's,Minnesota,Manufacturing
none,71610,0,Bachelor's,Pennsylvania,Information Technology
ai_integration,60116,2,Bachelor's,Texas,Information Technology
none,50287,0,Bachelor's,Washington State,Information Technology
none,60001,1,Bachelor's,California,Information Technology
none,69915,3,Bachelor's,Virginia,Information Technology
none,67839,2,Bachelor's,Texas,Management & Consulting
none,110911,,Bachelor's,Virginia,Aerospace & Defense
none,135000,5,High School,Minnesota,Insurance
none,54000,1,Associate,Pennsylvania,Information Technology
none,155300,2,Bachelor's,Connecticut,Insurance
none,110000,,Bachelor's,New York State,Unknown
none,124514,4,-,Maine,Information Technology
none,71550,3,Bachelor's,Utah,Information Technology
none,59435,4,-,Nebraska,Financial Services
none,79643,1,Bachelor's,Unknown,Management & Consulting
none,98000,3,Bachelor's,South Carolina,Insurance
none,103957,0,Bachelor's,Michigan,Manufacturing
none,94091,2,Bachelor's,Texas,Unknown
none,72676,3,Bachelor's,District of Columbia,Management & Consulting
none,80514,,Bachelor's,Ohio,Transportation & Logistics
ai_integration,123900,7,Bachelor's,California,Insurance
none,100000,3,-,Colorado,Financial Services
ai_integration,113050,2,Bachelor's,New York State,"Arts, Entertainment & Recreation"
none,156326,10,Bachelor's,Arizona,Manufacturing
none,77808,,-,Kentucky,Unknown
none,74950,8,Bachelor's,Texas,Insurance
ai_integration,219900,5,Bachelor's,Georgia,Financial Services
none,88685,0,-,North Carolina,Unknown
none,107500,5,-,Virginia,Aerospace & Defense
none,105268,8,Bachelor's,District of Columbia,Management & Consulting
none,57900,2,-,Massachusetts,Information Technology
none,152500,5,-,Unknown,Information Technology
none,87875,3,Bachelor's,Pennsylvania,Financial Services
none,88993,8,Bachelor's,Maryland,Information Technology
none,113469,5,Bachelor's,Pennsylvania,"Energy, Mining & Utilities"
none,127000,1,Bachelor's,Unknown,Unknown
none,105000,8,Bachelor's,Maryland,Information Technology
none,95000,5,Bachelor's,California,Information Technology
none,148250,5,Bachelor's,Unknown,Management & Consulting
none,86854,,Bachelor's,Ohio,Financial Services
none,82750,3,Bachelor's,Unknown,Healthcare
ai_integration,143685,10,Bachelor's,Pennsylvania,Healthcare
none,175500,2,Bachelor's,California,Retail & Wholesale
none,112500,9,Bachelor's,New Jersey,Media & Communication
none,64145,.5,-,Ohio,Management & Consulting
none,96571,5,-,Texas,Unknown
none,80000,2,-,Florida,Unknown
none,137750,5,High School,Unknown,Insurance
applied_ai,165935,,-,Washington State,Unknown
none,113000,5,Bachelor's,Illinois,Healthcare
applied_ai,175000,6,Bachelor's,Unknown,Information Technology
none,111419,8,-,Unknown,Information Technology
none,108233,3,Bachelor's,Washington State,Financial Services
applied_ai,190000,5,-,Unknown,Information Technology
applied_ai,125500,4,-,Utah,Information Technology
none,62000,5,-,Unknown,Information Technology
applied_ai,175000,8,-,Unknown,Unknown
none,227000,5,-,Unknown,Information Technology
none,71554,3,Bachelor's,South Carolina,Information Technology
none,115080,5,Bachelor's,Illinois,Manufacturing
applied_ai,180500,5,-,Unknown,Information Technology
ai_integration,184500,3,Bachelor's,California,Financial Services
ai_integration,225000,5,-,Unknown,Education
none,198300,10,-,Unknown,Healthcare
none,120000,2,Bachelor's,Unknown,Information Technology
ai_integration,120311,,-,Illinois,Information Technology
none,136800,5,-,Unknown,Information Technology
applied_ai,205000,6,-,Unknown,Information Technology
none,138500,,-,Unknown,Information Technology
none,178900,2,Associate,Unknown,Information Technology
none,198950,5,Bachelor's,Unknown,Information Technology
none,65937,1,-,Rhode Island,Real Estate
none,134880,4,-,Unknown,Government & Public Administration
none,171501,10,-,California,Information Technology
none,132467,7,-,Virginia,Management & Consulting
none,194000,5,-,New Hampshire,Insurance
applied_ai,160000,7,-,Unknown,Unknown
none,96427,,-,Oregon,Unknown
none,95000,3,-,Unknown,Information Technology
none,112733,,-,Maryland,Aerospace & Defense
none,187500,7,-,Unknown,Healthcare
none,117500,3,Bachelor's,Texas,Financial Services
none,177269,5,-,California,Information Technology
none,112036,,-,Unknown,Unknown
applied_ai,172673,,-,California,Information Technology
none,93950,5,-,Pennsylvania,Management & Consulting
none,175000,8,-,California,"Arts, Entertainment & Recreation"
ai_integration,155000,3,-,Unknown,Unknown
none,62967,2,-,Pennsylvania,Information Technology
none,182500,7,-,Unknown,Unknown
applied_ai,84000,1,Bachelor's,Unknown,Insurance
ai_integration,143000,5,-,Massachusetts,Insurance
none,150500,5,-,Texas,Information Technology
none,187500,4,-,Unknown,Personal Consumer Services
applied_ai,177500,5,-,Unknown,Information Technology
none,100000,5,-,District of Columbia,Information Technology
applied_ai,127417,5,-,Florida,Information Technology
none,117415,,-,Virginia,Information Technology
none,147718,6,Bachelor's,Virginia,Aerospace & Defense
ai_integration,141230,,-,Colorado,Information Technology
applied_ai,140000,2,Bachelor's,New York State,Media & Communication
none,125010,5,Bachelor's,Unknown,Insurance
none,97000,3,Bachelor's,Ohio,Retail & Wholesale
none,135000,5,Bachelor's,Unknown,Unknown
none,178000,4,-,Illinois,Information Technology
none,178100,5,-,Unknown,Information Technology
applied_ai,221250,7,Bachelor's,Unknown,Information Technology
applied_ai,240000,4,Bachelor's,Unknown,Unknown
applied_ai,150000,3,-,California,Unknown
applied_ai,185000,5,-,Unknown,Unknown
none,183275,10,-,Florida,Healthcare
none,120000,2,-,New York State,Information Technology
none,92500,2,-,New York State,"Arts, Entertainment & Recreation"
none,168337,5,-,California,Unknown
none,180500,5,-,Unknown,Information Technology
none,92500,5,-,New York State,Financial Services
ai_integration,167500,4,-,California,Information Technology
none,118366,2,-,Texas,Telecommunications
ai_integration,104400,5,Bachelor's,Unknown,Information Technology
none,130000,5,Bachelor's,Unknown,Unknown
ai_integration,242500,7,-,California,Information Technology
none,85000,5,Bachelor's,Unknown,Information Technology
none,100266,,-,Florida,Information Technology
none,134550,8,-,New York State,Unknown
none,125298,5,Bachelor's,Unknown,Insurance
none,208500,6,-,Unknown,Information Technology
none,158200,8,-,Texas,Restaurants & Food Service
none,93381,5,-,Texas,Information Technology
ai_integration,180000,,-,California,Information Technology
none,107145,,-,New Jersey,Unknown
ai_integration,152000,5,-,Unknown,Information Technology
none,140000,5,-,Unknown,Unknown
applied_ai,162500,7,Bachelor's,California,Unknown
none,71983,7,-,Tennessee,Unknown
none,192500,8,Bachelor's,Florida,Real Estate
none,135000,5,Bachelor's,Unknown,Information Technology
ai_integration,215000,2,-,New York State,Information Technology
applied_ai,208500,4,Bachelor's,Massachusetts,Information Technology
none,128000,5,Bachelor's,Illinois,Healthcare
applied_ai,200355,8,-,California,Healthcare
none,141481,5,-,Texas,Information Technology
none,62306,1,Bachelor's,Virginia,Information Technology
ai_integration,130000,8,-,Washington State,Healthcare
none,250000,,-,Unknown,Nonprofit & NGO
ai_integration,130865,5,-,Oklahoma,Retail & Wholesale
none,100000,3,-,Tennessee,Healthcare
none,143000,12,-,Utah,Financial Services
applied_ai,125000,5,-,Massachusetts,Information Technology
none,90677,3,-,Bulgaria,Information Technology
applied_ai,200000,7,-,Unknown,Media & Communication
ai_integration,140000,5,-,Texas,Information Technology
none,165000,5,-,California,Information Technology
none,188100,,Bachelor's,Washington State,Information Technology
applied_ai,137500,5,Bachelor's,Unknown,Media & Communication
ai_integration,129084,5,-,Unknown,Unknown
none,168531,5,-,California,Unknown
none,95652,4,-,Arizona,Information Technology
applied_ai,167402,,-,California,Unknown
ai_integration,140000,3,-,New York State,Unknown
none,164000,2,Master's,California,Information Technology
ai_integration,175000,5,Bachelor's,Washington State,Transportation & Logistics
none,113022,6,-,Tennessee,Financial Services
none,119142,8,Bachelor's,Florida,Financial Services
none,191250,10,-,Unknown,Information Technology
none,218625,5,-,New York State,Information Technology
ai_integration,185000,5,Bachelor's,Massachusetts,Information Technology
none,180000,6,-,Unknown,Information Technology
ai_integration,169248,6,-,California,Healthcare
none,190100,10,Bachelor's,California,Information Technology
none,97500,2,Bachelor's,Virginia,Unknown
ai_integration,110831,5,Bachelor's,Florida,Media & Communication
none,95414,4,-,Florida,Education
none,129953,5,Bachelor's,Georgia,Financial Services
none,175000,5,Bachelor's,California,Information Technology
none,137500,5,-,Unknown,Insurance
none,122081,10,Bachelor's,Minnesota,Information Technology
applied_ai,159713,5,-,California,Insurance
none,150168,5,-,Oregon,Unknown
applied_ai,240000,4,Bachelor's,Unknown,Unknown
applied_ai,225000,8,-,California,Unknown
none,131500,6,-,California,Manufacturing
none,145000,,-,California,Unknown
none,90166,,-,Wisconsin,Personal Consumer Services
ai_integration,185500,5,-,Unknown,Information Technology
applied_ai,200800,5,Bachelor's,Unknown,Financial Services
ai_integration,195000,8,-,Unknown,Information Technology
none,169098,8,Bachelor's,Virginia,Insurance
none,114090,4,-,Illinois,Management & Consulting
none,143424,8,-,California,Agriculture
none,142500,7,Bachelor's,Unknown,Unknown
none,129650,5,-,Texas,Information Technology
none,86892,4,Bachelor's,New Jersey,Transportation & Logistics
ai_integration,180000,7,Bachelor's,Louisiana,Information Technology
ai_integration,150000,7,-,California,Unknown
none,192948,5,-,Washington State,Unknown
none,135000,5,-,North Carolina,Information Technology
none,161300,2,Bachelor's,California,Information Technology
none,109337,,-,Virginia,Information Technology
none,205000,5,-,California,Information Technology
none,156060,5,-,Unknown,Education
none,180000,10,Bachelor's,Unknown,Information Technology
ai_integration,169700,5,-,California,Information Technology
ai_integration,185000,5,-,Unknown,Media & Communication
none,176051,5,-,California,Information Technology
none,168244,5,-,California,Information Technology
none,162500,5,-,Unknown,"Energy, Mining & Utilities"
none,135146,5,Bachelor's,California,Unknown
none,132500,5,-,Maryland,Financial Services
none,139000,7,Bachelor's,Unknown,Information Technology
none,220488,10,Bachelor's,California,Information Technology
none,183500,6,Bachelor's,California,Financial Services
ai_integration,170000,5,Bachelor's,California,Healthcare
none,175000,6,Bachelor's,Colorado,Information Technology
none,202483,5,-,California,Unknown
ai_integration,205000,5,Bachelor's,California,"Energy, Mining & Utilities"
none,188500,6,-,California,Information Technology
ai_integration,202500,15,-,New York State,Information Technology
ai_integration,182500,5,Bachelor's,California,Information Technology
none,145000,7,Bachelor's,Texas,Financial Services
none,158950,4,-,California,Information Technology
ai_integration,175946,5,-,California,Information Technology
none,162500,7,-,California,Unknown
none,177230,5,-,California,Healthcare
applied_ai,150000,5,-,New York State,Information Technology
none,102277,6,-,Texas,Unknown
none,85000,5,Bachelor's,Unknown,Information Technology
none,83450,2,Bachelor's,Tennessee,Financial Services
none,121700,,-,South Carolina,Government & Public Administration
ai_integration,95498,2,-,California,Information Technology
ai_integration,165000,10,Bachelor's,Unknown,Information Technology
none,90000,2,Bachelor's,Alabama,Manufacturing
none,90000,0,-,California,Manufacturing
none,190300,,Bachelor's,California,Information Technology
ai_integration,150500,,-,Unknown,Information Technology
ai_integration,86525,3,Bachelor's,Tennessee,Manufacturing
none,129773,5,Bachelor's,Florida,Retail & Wholesale
none,121750,10,-,Texas,Financial Services
none,129828,3,Bachelor's,Unknown,Pharmaceutical & Biotechnology
none,99500,8,-,Unknown,Management & Consulting
ai_integration,110000,8,-,Unknown,Information Technology
none,98241,5,Bachelor's,Illinois,Management & Consulting
none,110603,3,-,Texas,Information Technology
none,112500,5,-,Unknown,Unknown
none,146000,8,Bachelor's,Oregon,Healthcare
none,125000,3,Bachelor's,California,Media & Communication
none,125000,3,Bachelor's,California,Media & Communication
none,75830,3,Bachelor's,Pennsylvania,Unknown
none,111500,2,Bachelor's,Unknown,Management & Consulting
none,109250,2,Bachelor's,Kansas,Financial Services
none,95000,1,Bachelor's,Texas,Pharmaceutical & Biotechnology
none,138350,5,Bachelor's,Utah,Information Technology
none,84489,5,High School,North Carolina,Manufacturing
ai_integration,187500,7,Bachelor's,Texas,Aerospace & Defense
none,71425,3,Bachelor's,Michigan,Unknown
none,130000,5,Bachelor's,Colorado,Aerospace & Defense
none,95000,2,-,Texas,Manufacturing
none,74886,,-,Florida,Manufacturing
none,116375,2,Bachelor's,Massachusetts,Pharmaceutical & Biotechnology
none,171000,3,-,Unknown,Information Technology
none,85854,2,Bachelor's,Pennsylvania,Information Technology
ai_integration,91310,5,-,Texas,Information Technology
none,96800,.5,Bachelor's,Massachusetts,Pharmaceutical & Biotechnology
none,103688,3,Bachelor's,Pennsylvania,Financial Services
none,135000,2,-,Arkansas,Retail & Wholesale
none,103500,8,Bachelor's,Illinois,Retail & Wholesale
none,85000,5,-,Unknown,Unknown
none,95000,2,Bachelor's,Michigan,Information Technology
ai_integration,121900,,Bachelor's,Unknown,Information Technology
none,100000,2,Bachelor's,Oregon,Healthcare
none,75121,2,-,Ohio,Insurance
none,70474,1,Bachelor's,Michigan,Manufacturing
none,82000,0,Bachelor's,Massachusetts,Manufacturing
none,87900,3,Bachelor's,Colorado,Telecommunications
none,103424,,-,Texas,Unknown
none,68743,1,-,Iowa,Manufacturing
none,79486,8,-,Texas,Management & Consulting
none,71425,2,Bachelor's,Florida,Unknown
none,125000,7,-,New York State,Management & Consulting
ai_integration,120000,,-,Ohio,Information Technology
none,85500,10,Bachelor's,Texas,Information Technology
none,165000,10,-,Unknown,Information Technology
none,96750,5,Bachelor's,Unknown,Healthcare
none,128500,3,Bachelor's,Missouri,Information Technology
none,102549,7,-,Pennsylvania,Information Technology
none,61471,5,Bachelor's,Florida,Media & Communication
none,198800,3,-,California,Information Technology
none,77621,5,Bachelor's,Alabama,Aerospace & Defense
none,115000,3,Bachelor's,Virginia,Manufacturing
none,149350,3,-,California,Information Technology
ai_integration,132048,4,-,Texas,Personal Consumer Services
none,164500,5,Bachelor's,California,Information Technology
none,125000,3,Bachelor's,California,Information Technology
none,89000,15,Bachelor's,New Jersey,Government & Public Administration
none,80000,3,Bachelor's,Unknown,Unknown
none,87500,2,-,Tennessee,Media & Communication
none,110000,1,Bachelor's,California,Information Technology
none,115000,7,Bachelor's,Minnesota,Manufacturing
none,136442,3,Bachelor's,Unknown,Information Technology
none,90000,3,Bachelor's,Unknown,Information Technology
none,87900,2,Bachelor's,Colorado,Telecommunications
none,120950,7,Bachelor's,Indiana,Manufacturing
ai_integration,104362,3,Bachelor's,Texas,Manufacturing
none,85500,9,Bachelor's,Texas,Information Technology
none,85984,3,Bachelor's,North Carolina,Pharmaceutical & Biotechnology
none,99913,,Bachelor's,Illinois,Information Technology
none,86251,3,Bachelor's,Michigan,Insurance
none,95000,2,-,Texas,Manufacturing
none,106500,,-,New York State,Information Technology
none,95385,,Bachelor's,Oregon,Manufacturing
none,119538,2,Bachelor's,Unknown,Aerospace & Defense
ai_integration,200200,4,Bachelor's,California,Information Technology
none,149500,5,-,Missouri,Financial Services
none,83655,2,Bachelor's,Utah,Information Technology
none,107950,7,Bachelor's,California,"Energy, Mining & Utilities"
none,99650,6,Bachelor's,Unknown,Manufacturing
none,110000,3,Bachelor's,Unknown,Unknown
none,76368,0,Bachelor's,Ohio,Pharmaceutical & Biotechnology
none,124500,10,Bachelor's,California,Information Technology
applied_ai,117650,2,Bachelor's,Unknown,Insurance
none,87146,0,Bachelor's,New Jersey,Aerospace & Defense
none,156400,6,Master's,Massachusetts,Pharmaceutical & Biotechnology
none,160000,5,-,California,Manufacturing
none,172100,1,-,California,Information Technology
none,107855,,-,Oregon,Information Technology
applied_ai,92868,5,-,Missouri,Retail & Wholesale
none,69993,,Bachelor's,Pennsylvania,Unknown
none,164350,5,Bachelor's,Washington State,Media & Communication
none,73868,3,-,California,Information Technology
none,156800,5,Bachelor's,California,Information Technology
none,140000,5,-,California,Information Technology
none,90125,3,Bachelor's,Unknown,"Construction, Repair & Maintenance Services"
none,84514,4,Bachelor's,Georgia,Financial Services
none,191995,6,Bachelor's,Unknown,Healthcare
none,80923,3,Bachelor's,Utah,Financial Services
none,89349,3,-,California,Information Technology
none,151000,3,-,Unknown,Information Technology
none,66947,3,-,Iowa,Healthcare
none,104500,3,Bachelor's,New York State,Financial Services
none,80000,,-,Unknown,Information Technology
none,130000,5,Bachelor's,Colorado,Aerospace & Defense
none,128500,8,Bachelor's,Missouri,Information Technology
none,125000,5,-,California,Information Technology
none,79700,2,-,Virginia,Aerospace & Defense
ai_integration,98688,5,Bachelor's,Ohio,Aerospace & Defense
none,118300,2,-,Unknown,Retail & Wholesale
none,150175,3,Bachelor's,Washington State,Media & Communication
none,101591,,Bachelor's,Ohio,Pharmaceutical & Biotechnology
none,85376,4,High School,Maryland,Human Resources & Staffing
none,89068,0,Bachelor's,Massachusetts,Manufacturing
none,133900,5,Bachelor's,Texas,Financial Services
none,118328,10,-,Wisconsin,Information Technology
none,136900,5,Bachelor's,Massachusetts,Manufacturing
ai_integration,143000,5,-,Georgia,"Arts, Entertainment & Recreation"
none,87760,,-,Georgia,Financial Services
none,187625,5,Bachelor's,California,Information Technology
ai_integration,95399,5,Bachelor's,Pennsylvania,Financial Services
ai_integration,135000,3,-,Unknown,Information Technology
applied_ai,99300,,-,Texas,Unknown
ai_integration,127500,5,Bachelor's,California,Information Technology
none,110000,5,Bachelor's,California,Pharmaceutical & Biotechnology
none,144000,5,-,California,Information Technology
none,94000,4,High School,Virginia,Aerospace & Defense
ai_integration,87658,5,Bachelor's,Ohio,Insurance
none,103850,2,Bachelor's,California,Manufacturing
none,187000,7,-,Arkansas,Retail & Wholesale
none,114468,7,Bachelor's,Georgia,Financial Services
none,88500,1,-,California,Information Technology
none,139600,5,Bachelor's,Unknown,Financial Services
none,95450,2,Bachelor's,Oklahoma,Aerospace & Defense
none,92100,2,Bachelor's,Massachusetts,Aerospace & Defense
none,78000,0,Bachelor's,Minnesota,Manufacturing
none,106838,3,Bachelor's,Missouri,Financial Services
none,120000,5,-,Illinois,Retail & Wholesale
none,104500,2,-,California,Information Technology
none,98000,2,Bachelor's,Connecticut,Aerospace & Defense
none,79150,0,Bachelor's,Illinois,Information Technology
none,136875,2,Bachelor's,California,Information Technology
none,155500,7,Bachelor's,California,Information Technology
none,101500,3,Bachelor's,California,Pharmaceutical & Biotechnology
none,61000,0,Bachelor's,Pennsylvania,Information Technology
none,158350,4,-,Michigan,Manufacturing
none,61500,0,-,Virginia,Government & Public Administration
ai_integration,140250,4,Bachelor's,Unknown,Healthcare
none,105200,2,Bachelor's,Illinois,Financial Services
none,77084,0,Bachelor's,Massachusetts,Manufacturing
ai_integration,187950,5,-,California,Information Technology
ai_integration,95000,,Bachelor's,Oregon,Legal
ai_integration,84120,2,Bachelor's,Virginia,Unknown
none,69409,0,Bachelor's,Arizona,Telecommunications
none,114000,6,Bachelor's,Wisconsin,Pharmaceutical & Biotechnology
none,72202,3,Bachelor's,Unknown,Information Technology
none,161000,6,Bachelor's,Colorado,Information Technology
none,90000,4,Bachelor's,North Carolina,Manufacturing
none,95000,2,Bachelor's,California,Media & Communication
none,81937,,-,Utah,Personal Consumer Services
none,132307,5,High School,Utah,Manufacturing
none,82500,,Bachelor's,Iowa,"Construction, Repair & Maintenance Services"
none,69693,,Bachelor's,Texas,Aerospace & Defense
none,112500,,High School,Washington State,Manufacturing
ai_integration,117500,5,Bachelor's,Virginia,Human Resources & Staffing
none,82500,9,Bachelor's,New Jersey,Unknown
none,150000,5,Bachelor's,Pennsylvania,Media & Communication
applied_ai,124150,5,Bachelor's,Pennsylvania,Manufacturing
none,62436,0,Bachelor's,Florida,Aerospace & Defense
none,119058,7,-,South Carolina,Financial Services
none,140500,5,Bachelor's,Virginia,Management & Consulting
none,179500,7,Bachelor's,Missouri,Financial Services
none,95326,5,Bachelor's,Alabama,Information Technology
none,127500,4,Associate,New York State,Unknown
ai_integration,152500,5,Bachelor's,California,Manufacturing
none,110404,,Bachelor's,Virginia,Aerospace & Defense
none,90000,2,Bachelor's,Iowa,Insurance
none,93751,,-,Maryland,Unknown
none,88689,,Bachelor's,Pennsylvania,Media & Communication
none,125000,5,Bachelor's,Virginia,Management & Consulting
none,145500,0,Bachelor's,New Hampshire,Information Technology
ai_integration,122075,,-,Indiana,Pharmaceutical & Biotechnology
ai_integration,68731,5,-,Connecticut,Healthcare
none,143288,5,Bachelor's,New Jersey,Insurance
none,112500,5,-,Unknown,Management & Consulting
none,90900,7,Bachelor's,Unknown,Management & Consulting
none,120000,4,Bachelor's,Colorado,Aerospace & Defense
none,77555,1,Bachelor's,District of Columbia,Education
none,67469,5,Bachelor's,Texas,Information Technology
none,83075,,-,Nevada,Government & Public Administration
none,187500,4,Bachelor's,California,Information Technology
none,135000,5,High School,District of Columbia,Information Technology
none,187500,7,Bachelor's,Maryland,Information Technology
none,56500,0,Bachelor's,Illinois,Information Technology
none,66140,3,Bachelor's,Wisconsin,Manufacturing
none,79899,10,-,Texas,Financial Services
none,87925,2,Bachelor's,Unknown,Information Technology
applied_ai,112966,10,Bachelor's,Ohio,Aerospace & Defense
none,97500,2,-,Idaho,Information Technology
none,95403,7,Bachelor's,Tennessee,Retail & Wholesale
none,96974,5,Bachelor's,Alabama,Manufacturing
none,63605,0,Bachelor's,Massachusetts,Information Technology
none,112500,5,-,Unknown,Information Technology
none,85971,2,Bachelor's,Pennsylvania,"Energy, Mining & Utilities"
none,67499,2,-,Utah,Unknown
none,68500,0,-,District of Columbia,Information Technology
none,128196,8,Bachelor's,North Carolina,Information Technology
none,103549,5,-,North Carolina,Financial Services
none,120000,2,Bachelor's,Ohio,Government & Public Administration
none,63760,0,-,Alaska,Telecommunications
none,56475,5,Bachelor's,Kansas,"Arts, Entertainment & Recreation"
none,85000,5,-,Virginia,Government & Public Administration
none,122008,4,Bachelor's,North Carolina,Manufacturing
none,100917,3,Bachelor's,Florida,Financial Services
none,62500,0,Bachelor's,New Jersey,Aerospace & Defense
none,103688,3,Bachelor's,Pennsylvania,Financial Services
none,106850,3,Bachelor's,Pennsylvania,Financial Services
none,101450,1,-,Georgia,Information Technology
none,103500,3,-,Illinois,Retail & Wholesale
none,50000,1,-,Florida,Unknown
none,56904,3,-,Florida,Retail & Wholesale
none,111634,6,Bachelor's,Wyoming,Aerospace & Defense
ai_integration,140000,7,Bachelor's,Unknown,Information Technology
none,66714,3,Bachelor's,Virginia,Information Technology
none,65000,5,-,Illinois,Management & Consulting
none,56506,2,Associate,Missouri,Aerospace & Defense
applied_ai,53451,3,-,Virginia,Manufacturing
none,69933,8,Bachelor's,Oregon,Retail & Wholesale
none,67862,5,Bachelor's,Indiana,Information Technology
none,101000,7,Bachelor's,Maryland,Information Technology
none,90000,2,Bachelor's,District of Columbia,Information Technology
none,150000,,-,Colorado,Management & Consulting
none,146701,5,Bachelor's,California,Education
none,146142,5,Bachelor's,Florida,Financial Services
none,70857,0,Bachelor's,Texas,Unknown
none,80784,,-,Arizona,Government & Public Administration
none,115000,8,Bachelor's,Maryland,Aerospace & Defense
none,155680,2,Bachelor's,California,Manufacturing
none,115619,7,-,Iowa,Agriculture
none,52852,1,Bachelor's,Arkansas,Retail & Wholesale
applied_ai,181300,3,Bachelor's,California,Information Technology
none,104000,0,-,California,Information Technology
none,213120,3,Bachelor's,California,Manufacturing
applied_ai,117500,3,Bachelor's,Florida,Information Technology
none,106850,3,Bachelor's,Pennsylvania,Financial Services
none,128182,8,Bachelor's,Arizona,Telecommunications
none,73509,5,-,Virginia,Management & Consulting
none,134125,7,Bachelor's,Wisconsin,Manufacturing
ai_integration,200250,5,Bachelor's,California,Information Technology
none,76000,5,Bachelor's,California,Information Technology
none,108103,3,Bachelor's,New York State,Education
none,150000,,-,Virginia,Human Resources & Staffing
none,182750,5,Bachelor's,California,Manufacturing
none,136500,5,High School,Illinois,Financial Services
none,103688,3,Bachelor's,Pennsylvania,Financial Services
none,115300,5,Bachelor's,Pennsylvania,Financial Services
none,146031,10,Bachelor's,Florida,Aerospace & Defense
none,56500,0,Bachelor's,Virginia,Information Technology
none,158850,1,Bachelor's,California,Real Estate
none,109100,2,Bachelor's,California,Healthcare
none,77000,2,High School,Maryland,"Construction, Repair & Maintenance Services"
none,160000,4,-,Ohio,Aerospace & Defense
applied_ai,122000,2,Bachelor's,California,Manufacturing
none,112500,3,-,Colorado,Financial Services
none,69538,8,Bachelor's,Maryland,Information Technology
none,84650,3,Associate,Illinois,Manufacturing
none,118500,5,Bachelor's,Illinois,Retail & Wholesale
none,104834,3,-,Rhode Island,Information Technology
none,125000,2,Bachelor's,Virginia,Management & Consulting
none,48361,,-,Missouri,Insurance
none,75000,3,-,Minnesota,Education
none,51746,0,-,Florida,Unknown
none,122500,3,-,Colorado,Aerospace & Defense
none,120000,5,-,District of Columbia,Information Technology
none,147480,5,Bachelor's,Virginia,Aerospace & Defense
none,76045,2,Associate,Alabama,Healthcare
none,187300,,Bachelor's,South Carolina,Financial Services
none,104657,,Bachelor's,Texas,Management & Consulting
none,193200,10,Bachelor's,California,Information Technology
applied_ai,105500,2,Bachelor's,California,Manufacturing
none,97900,0,-,North Carolina,Information Technology
none,283560,,-,California,Manufacturing
none,103688,3,Bachelor's,Pennsylvania,Financial Services
none,82500,2,Master's,New York State,Information Technology
none,99625,5,-,Virginia,Information Technology
none,70677,2,Bachelor's,Connecticut,Management & Consulting
none,129325,8,Bachelor's,Maryland,Information Technology
none,98339,10,Bachelor's,Georgia,Information Technology
none,91730,,-,Texas,Information Technology
none,123000,7,-,Virginia,Information Technology
none,180000,3,-,Virginia,Information Technology
none,139000,3,Bachelor's,California,Manufacturing
none,152000,8,Bachelor's,Texas,Aerospace & Defense
none,76339,,-,Unknown,Unknown
none,187500,10,Bachelor's,Maryland,Aerospace & Defense
none,132423,,-,North Carolina,Human Resources & Staffing
none,98938,,Bachelor's,Virginia,Management & Consulting
none,64822,0,-,Nevada,Education
none,285000,,-,Unknown,Unknown
none,175500,5,-,California,Retail & Wholesale
none,181100,2,-,California,Information Technology
none,133915,,Bachelor's,Idaho,Information Technology
none,124100,,Bachelor's,New Jersey,Financial Services
none,135000,5,-,Unknown,Information Technology
none,96750,5,Bachelor's,Unknown,Healthcare
none,144500,7,Bachelor's,Virginia,Government & Public Administration
none,56211,1,-,California,Unknown
none,83050,2,-,Virginia,Government & Public Administration
none,88636,5,Bachelor's,Alabama,Aerospace & Defense
none,98163,3,Bachelor's,District of Columbia,Telecommunications
none,86000,9,Bachelor's,Unknown,Aerospace & Defense
none,170000,6,High School,Illinois,Financial Services
none,72948,2,Associate,Arizona,Human Resources & Staffing
none,78819,5,-,Oklahoma,Insurance
ai_integration,125000,5,Bachelor's,Unknown,Information Technology
none,95000,8,-,Maryland,Human Resources & Staffing
none,56081,3,-,Pennsylvania,Unknown
none,109172,5,Bachelor's,Michigan,Manufacturing
none,188900,4,Bachelor's,Washington State,Information Technology
none,101735,2,Bachelor's,Texas,Management & Consulting
none,137250,2,Bachelor's,Virginia,Management & Consulting
none,120000,14,Bachelor's,Maryland,Information Technology
none,115000,3,Bachelor's,Maryland,Information Technology
none,82500,,-,Colorado,Financial Services
ai_integration,182500,2,Bachelor's,Michigan,Unknown
ai_integration,177500,5,Bachelor's,California,Information Technology
none,90000,5,-,Unknown,Transportation & Logistics
applied_ai,143685,5,Bachelor's,Texas,Healthcare
none,98473,7,-,Unknown,Unknown
none,100850,8,-,South Carolina,Aerospace & Defense
none,95006,3,Bachelor's,Unknown,Real Estate
none,146913,8,Bachelor's,California,Aerospace & Defense
none,78586,8,Bachelor's,Maryland,Information Technology
none,81500,2,Associate,Arizona,"Construction, Repair & Maintenance Services"
none,111440,4,Bachelor's,Colorado,Aerospace & Defense
none,232300,10,Bachelor's,Colorado,Telecommunications
none,102500,6,High School,Maryland,Information Technology
none,90000,5,-,Unknown,Transportation & Logistics
none,97495,5,Bachelor's,Pennsylvania,Manufacturing
none,205600,4,Bachelor's,California,Manufacturing
none,156000,2,Bachelor's,California,Unknown
none,125484,,-,Virginia,Information Technology
none,91500,4,Bachelor's,New York State,Government & Public Administration
none,57295,4,Bachelor's,Pennsylvania,Unknown
applied_ai,121900,6,Bachelor's,South Carolina,Financial Services
none,156000,2,Bachelor's,California,Unknown
none,75000,3,Bachelor's,Unknown,Unknown
none,62026,,Bachelor's,Florida,Unknown
none,85539,3,Bachelor's,Michigan,Manufacturing
none,100001,5,-,Virginia,Information Technology
none,112502,,-,Virginia,Unknown
none,91000,,-,Texas,Information Technology
none,72771,3,Bachelor's,California,Unknown
none,82351,5,Bachelor's,Alabama,Manufacturing
none,119538,4,Bachelor's,Maryland,Aerospace & Defense
none,100366,5,Bachelor's,Florida,Financial Services
none,100000,3,Bachelor's,Florida,Aerospace & Defense
none,157000,7,Bachelor's,Unknown,Information Technology
none,121135,8,-,Colorado,Information Technology
none,112500,2,Bachelor's,Massachusetts,Aerospace & Defense
none,194400,1,Bachelor's,California,Information Technology
none,120000,4,Bachelor's,Unknown,Insurance
none,119025,5,Bachelor's,Illinois,Retail & Wholesale
none,104528,,-,Texas,Information Technology
none,110000,5,-,Virginia,Information Technology
none,85000,15,-,Michigan,Unknown
none,119025,5,Bachelor's,Illinois,Retail & Wholesale
none,126500,3,Bachelor's,Florida,Financial Services
none,80000,5,-,Nevada,Unknown
none,115000,7,Bachelor's,California,Information Technology
none,162500,,-,Virginia,Unknown
none,190000,10,Bachelor's,District of Columbia,Information Technology
none,199625,8,Bachelor's,California,Information Technology
none,71961,5,Bachelor's,Maryland,Information Technology
none,110000,3,Bachelor's,Illinois,Healthcare
none,130250,10,Bachelor's,Maryland,Information Technology
none,60562,2,Bachelor's,District of Columbia,Information Technology
none,187625,5,Bachelor's,California,Information Technology
none,65923,1,-,Texas,Information Technology
none,108785,,Master's,Texas,Information Technology
none,127500,7,Bachelor's,Unknown,Hotels & Travel Accommodation
none,122277,5,-,Michigan,Information Technology
none,110113,,Bachelor's,Virginia,Information Technology
none,126165,5,Bachelor's,California,Unknown
none,74100,3,Bachelor's,Georgia,Information Technology
none,77500,2,-,Colorado,Information Technology
none,61341,,Associate,Florida,Unknown
none,138033,7,Bachelor's,California,Manufacturing
none,66853,3,Bachelor's,Massachusetts,Insurance
none,111000,5,-,Illinois,Management & Consulting
none,67917,3,-,Texas,Information Technology
none,144343,10,-,Kentucky,Financial Services
none,112296,,-,Virginia,Unknown
none,158000,7,Bachelor's,Missouri,Manufacturing
none,83220,4,-,Pennsylvania,Management & Consulting
none,80000,5,-,Colorado,Personal Consumer Services
none,79000,5,Bachelor's,South Carolina,Management & Consulting
none,136614,,Bachelor's,Massachusetts,Unknown
none,154038,7,Master's,California,Unknown
ai_integration,100000,3,-,Unknown,Healthcare
none,127500,8,-,Texas,Information Technology
none,108500,,-,New York State,Information Technology
none,98098,1,High School,New York State,Unknown
none,83763,,Bachelor's,California,Management & Consulting
applied_ai,198500,7,Bachelor's,Unknown,Information Technology
none,67595,2,-,Iowa,Unknown
none,91573,4,Bachelor's,Washington State,Information Technology
applied_ai,63006,3,-,Virginia,Management & Consulting
none,145000,3,Bachelor's,California,Information Technology
none,146913,8,Bachelor's,Unknown,Aerospace & Defense
none,122500,3,-,Virginia,Human Resources & Staffing
none,115300,5,Bachelor's,Pennsylvania,Financial Services
none,148100,3,Bachelor's,Unknown,Pharmaceutical & Biotechnology
none,92500,,-,Georgia,Information Technology
applied_ai,142500,5,Associate,Unknown,Information Technology
none,73272,10,-,Oregon,Information Technology
none,104277,6,Bachelor's,Virginia,Aerospace & Defense
none,95761,5,Bachelor's,North Carolina,Information Technology
ai_integration,260300,8,Bachelor's,California,Media & Communication
none,65806,4,Bachelor's,Maryland,Management & Consulting
none,175500,1,-,California,Retail & Wholesale
none,97426,6,-,Tennessee,Information Technology
none,77500,1,Bachelor's,District of Columbia,Unknown
none,64923,3,-,Virginia,Information Technology
none,165030,0,Bachelor's,California,Manufacturing
none,202500,14,Bachelor's,Maryland,Management & Consulting
none,55461,2,Associate,Washington State,Information Technology
applied_ai,164952,5,Bachelor's,Texas,Financial Services
none,101290,8,-,Georgia,Information Technology
none,119684,,Bachelor's,Maryland,Information Technology
none,135470,,Master's,California,Unknown
none,48467,7,-,Pennsylvania,Unknown
none,127606,5,Bachelor's,Virginia,Aerospace & Defense
none,84494,,-,California,Unknown
none,92000,2,Bachelor's,Unknown,Insurance
none,104932,,-,Virginia,Unknown
none,97446,,-,Virginia,Management & Consulting
none,61471,1,Master's,New Jersey,Human Resources & Staffing
none,58803,1,Bachelor's,Illinois,Information Technology
none,206450,8,Bachelor's,California,Manufacturing
none,145000,8,Bachelor's,Unknown,Unknown
none,92500,5,-,California,Management & Consulting
none,122848,5,Bachelor's,Virginia,Information Technology
none,56573,2,Bachelor's,Ohio,Unknown
none,74837,2,Associate,Georgia,Information Technology
none,117017,5,Bachelor's,Texas,Information Technology
none,136450,7,Bachelor's,South Carolina,Insurance
none,99242,4,-,Michigan,Human Resources & Staffing
none,65000,,Bachelor's,New Jersey,Manufacturing
none,125000,3,-,Maryland,Information Technology
none,76652,2,Bachelor's,Maryland,Management & Consulting
none,93685,5,Bachelor's,Wisconsin,Manufacturing
none,93829,3,Bachelor's,Pennsylvania,Unknown
none,89995,10,Bachelor's,Ohio,Financial Services
none,94296,5,Bachelor's,Illinois,Information Technology
none,75000,2,Bachelor's,Virginia,Information Technology
none,92193,10,Bachelor's,Virginia,Aerospace & Defense
none,88128,3,Bachelor's,Virginia,Aerospace & Defense
none,94710,5,-,New York State,Unknown
none,61076,8,Bachelor's,Washington State,Unknown
ai_integration,51583,5,Bachelor's,Texas,"Energy, Mining & Utilities"
none,75351,5,Bachelor's,California,Unknown
none,68039,3,-,Florida,Unknown
ai_integration,201500,6,Bachelor's,California,Information Technology
none,75040,2,Bachelor's,Maryland,Management & Consulting
none,142500,,-,Maryland,Management & Consulting
none,88607,5,Bachelor's,Massachusetts,Education
none,108514,3,Bachelor's,Arizona,Unknown
none,185500,3,-,Unknown,Information Technology
none,162642,,Master's,California,Information Technology
none,117000,5,Bachelor's,Minnesota,Information Technology
none,53271,,-,Florida,Information Technology
none,110359,5,-,California,Unknown
none,80000,5,Bachelor's,Maryland,Information Technology
none,60064,2,Bachelor's,Ohio,Unknown
none,110000,3,Bachelor's,New York State,Information Technology
none,106754,3,-,California,Unknown
none,95116,5,Bachelor's,New York State,Information Technology
none,102376,4,-,New York State,Government & Public Administration
none,79458,3,Bachelor's,Georgia,Financial Services
none,157500,7,Bachelor's,Unknown,Insurance
ai_integration,150491,5,Bachelor's,California,Insurance
none,73775,3,-,Maryland,Information Technology
none,120000,5,-,Unknown,Information Technology
none,172227,8,Bachelor's,Massachusetts,Healthcare
none,94900,2,Bachelor's,California,Aerospace & Defense
none,187500,5,Bachelor's,Maryland,Unknown
none,60435,2,Bachelor's,Ohio,Unknown
none,67005,3,-,Virginia,Information Technology
none,70270,6,Bachelor's,Texas,Information Technology
none,80041,1,Bachelor's,California,Information Technology
none,120000,0,Bachelor's,California,Information Technology
none,52500,,Bachelor's,Illinois,Information Technology
none,84130,5,Master's,California,Information Technology
none,72500,2,-,California,Information Technology
none,72516,3,-,Michigan,"Arts, Entertainment & Recreation"
none,48645,3,-,Florida,Unknown
none,73466,,-,Virginia,Unknown
ai_integration,115000,5,-,Unknown,Unknown
none,82233,7,-,Georgia,Human Resources & Staffing
none,67648,4,Bachelor's,Ohio,Unknown
none,78174,3,-,Texas,Information Technology
none,113964,,-,Virginia,Unknown
none,66355,7,Bachelor's,Texas,Management & Consulting
applied_ai,154251,10,-,Texas,"Energy, Mining & Utilities"
none,101314,,-,Virginia,Unknown
none,108364,5,Bachelor's,Virginia,Management & Consulting
none,127500,5,Bachelor's,Unknown,Information Technology
none,119000,8,-,Unknown,Government & Public Administration
none,126058,,Master's,Illinois,Financial Services
applied_ai,102500,5,Bachelor's,Unknown,Information Technology
none,71637,2,Bachelor's,Utah,Unknown
none,66516,3,Bachelor's,Georgia,Information Technology
none,87582,5,-,Georgia,Unknown
applied_ai,113770,5,-,Massachusetts,Pharmaceutical & Biotechnology
ai_integration,127500,7,-,Unknown,Information Technology
none,200000,,-,Virginia,Human Resources & Staffing
none,156169,10,Bachelor's,Maryland,Aerospace & Defense
none,81789,3,-,California,Unknown
none,140000,5,Bachelor's,Unknown,"Energy, Mining & Utilities"
none,72500,1,Bachelor's,Texas,Unknown
none,211300,5,-,Washington State,Aerospace & Defense
ai_integration,101000,5,-,Illinois,Financial Services
none,134150,5,Bachelor's,California,Information Technology
none,75374,5,Bachelor's,Rhode Island,Unknown
none,73665,3,-,California,Information Technology
none,140000,8,Bachelor's,Virginia,Information Technology
ai_integration,105796,5,Bachelor's,California,Manufacturing
none,60728,3,-,Arizona,Information Technology
none,49795,5,Bachelor's,Pennsylvania,Unknown
none,134585,7,Bachelor's,Washington State,"Construction, Repair & Maintenance Services"
ai_integration,108833,7,-,Texas,Unknown
none,88500,7,-,California,Unknown
ai_integration,100899,10,Bachelor's,Virginia,Information Technology
none,155000,5,Bachelor's,Maryland,Information Technology
none,87968,2,Bachelor's,Michigan,Manufacturing
none,93485,,-,Maryland,Information Technology
none,64973,2,Bachelor's,New Jersey,Unknown
none,121000,3,-,North Carolina,Human Resources & Staffing
none,91352,,-,Ohio,Transportation & Logistics
none,85000,2,Bachelor's,Minnesota,Unknown
none,113750,,-,Maryland,Media & Communication
ai_integration,80000,,-,Unknown,Unknown
none,80000,,-,Unknown,Unknown
none,97708,5,Bachelor's,Tennessee,Real Estate
ai_integration,113596,,Bachelor's,Florida,Manufacturing
none,63801,3,-,Utah,Retail & Wholesale
ai_integration,75000,0,Bachelor's,Colorado,Telecommunications
none,95398,2,Bachelor's,Tennessee,Aerospace & Defense
none,100125,,-,Ohio,Manufacturing
none,68535,5,Bachelor's,Florida,Retail & Wholesale
none,95000,2,Bachelor's,Colorado,Manufacturing
none,92500,2,-,Unknown,Information Technology
none,77500,3,Associate,Arizona,"Construction, Repair & Maintenance Services"
none,105000,2,-,California,Aerospace & Defense
none,142093,7,-,New Hampshire,Aerospace & Defense
none,107349,4,Bachelor's,California,Information Technology
none,115000,,Bachelor's,Unknown,Unknown
applied_ai,106400,2,-,Texas,Healthcare
none,71642,5,-,Florida,Insurance
ai_integration,132500,10,Bachelor's,California,Information Technology
none,123209,,Bachelor's,Ohio,Aerospace & Defense
none,82548,3,-,Texas,Unknown
none,97066,3,Bachelor's,Virginia,Aerospace & Defense
none,129475,5,Bachelor's,New York State,Manufacturing
none,75000,2,-,Unknown,Information Technology
none,87400,2,Bachelor's,Unknown,Insurance
none,177750,5,Bachelor's,California,Information Technology
none,107500,2,Bachelor's,Minnesota,Manufacturing
none,99500,2,Bachelor's,Wisconsin,Insurance
ai_integration,137000,5,Bachelor's,Iowa,Information Technology
none,120000,7,Bachelor's,California,Manufacturing
ai_integration,90101,6,Bachelor's,Arizona,Manufacturing
ai_integration,127750,1,Bachelor's,Minnesota,Insurance
none,154000,7,-,Florida,Manufacturing
none,96979,10,Bachelor's,Alabama,Aerospace & Defense
ai_integration,117500,8,Bachelor's,Unknown,Management & Consulting
none,88484,5,Bachelor's,Georgia,Management & Consulting
none,123209,,Bachelor's,Ohio,Aerospace & Defense
none,70000,0,Bachelor's,Wisconsin,Manufacturing
none,90000,5,-,Colorado,Unknown
none,143800,4,-,Texas,Information Technology
ai_integration,150000,5,-,Unknown,Unknown
ai_integration,67841,3,-,Pennsylvania,Information Technology
ai_integration,215000,,-,Unknown,Unknown
none,105516,4,Bachelor's,Massachusetts,Information Technology
none,67500,7,Bachelor's,Texas,Management & Consulting
none,147000,5,Bachelor's,California,Healthcare
none,90075,3,Bachelor's,Washington State,"Construction, Repair & Maintenance Services"
none,72108,2,-,Georgia,Information Technology
ai_integration,136306,5,Bachelor's,California,Information Technology
none,125520,3,Bachelor's,Illinois,Manufacturing
none,74509,3,-,Texas,Information Technology
none,107500,5,-,Florida,Information Technology
ai_integration,115000,,-,Unknown,Unknown
none,153000,4,Bachelor's,Massachusetts,Manufacturing
none,105000,2,Bachelor's,New Jersey,Transportation & Logistics
ai_integration,174375,5,Bachelor's,California,Information Technology
none,138350,5,Bachelor's,California,Information Technology
none,92000,2,Bachelor's,Georgia,Information Technology
none,125000,8,-,Unknown,Pharmaceutical & Biotechnology
none,105000,5,Bachelor's,Georgia,Financial Services
ai_integration,143930,3,Bachelor's,California,Manufacturing
none,106479,5,Bachelor's,Virginia,Information Technology
none,150000,8,Bachelor's,Unknown,Healthcare
none,134750,3,Bachelor's,California,Information Technology
none,170000,5,-,California,Unknown
ai_integration,170000,8,Bachelor's,Unknown,Information Technology
ai_integration,139250,6,Bachelor's,Florida,Financial Services
none,80000,1,-,Illinois,Information Technology
none,60000,0,-,Washington State,Information Technology
ai_integration,155000,5,Bachelor's,California,Retail & Wholesale
none,74600,1,High School,Utah,Information Technology
none,95000,,Bachelor's,Unknown,Education
none,99200,5,High School,Minnesota,Healthcare
none,97951,6,Bachelor's,Tennessee,Aerospace & Defense
ai_integration,69616,3,-,Florida,Financial Services
none,113000,4,Bachelor's,Oregon,Healthcare
none,94667,5,-,Texas,Healthcare
none,173850,,Bachelor's,California,Information Technology
none,80000,3,Bachelor's,Unknown,Information Technology
none,119200,3,Bachelor's,Maryland,Information Technology
none,116050,5,Bachelor's,Unknown,Restaurants & Food Service
none,169850,5,Bachelor's,New Jersey,Healthcare
none,89209,,-,California,Unknown
ai_integration,83617,6,-,Missouri,Information Technology
none,111510,5,Bachelor's,California,Insurance
none,116000,5,Bachelor's,Michigan,Aerospace & Defense
none,100000,7,-,New York State,Information Technology
none,100000,5,-,Texas,Information Technology
none,156500,5,Bachelor's,New York State,Financial Services
none,65795,5,Bachelor's,Florida,Manufacturing
ai_integration,184150,5,Bachelor's,California,Information Technology
none,105000,5,-,Unknown,"Arts, Entertainment & Recreation"
none,82500,3,-,New Jersey,Healthcare
none,80850,,-,Maryland,Manufacturing
none,120260,5,-,Texas,Information Technology
none,62804,4,Bachelor's,Puerto Rico,Information Technology
none,95650,0,Bachelor's,Illinois,Aerospace & Defense
none,118500,5,Bachelor's,Illinois,Manufacturing
none,125000,6,Bachelor's,California,Unknown
none,90000,0,Bachelor's,California,Information Technology
none,67500,1,-,New York State,Retail & Wholesale
none,128400,5,Bachelor's,Virginia,Management & Consulting
none,85500,10,-,Texas,Information Technology
none,143850,5,Bachelor's,Unknown,Insurance
none,112000,5,Bachelor's,Washington State,Manufacturing
none,231574,,-,California,Manufacturing
none,110000,3,-,Pennsylvania,Unknown
none,155000,5,Bachelor's,Unknown,Pharmaceutical & Biotechnology
none,124550,7,Bachelor's,California,Information Technology
none,129545,5,Bachelor's,Illinois,Financial Services
none,130553,3,-,Washington State,Aerospace & Defense
none,92000,5,Bachelor's,Unknown,Information Technology
none,88443,0,-,Virginia,Information Technology
none,148500,3,-,Unknown,Information Technology
none,75455,1,Bachelor's,New Hampshire,Manufacturing
none,156152,5,Bachelor's,Arizona,Financial Services
none,77500,,Bachelor's,California,Manufacturing
none,99656,0,Associate,Massachusetts,Pharmaceutical & Biotechnology
ai_integration,127500,4,Bachelor's,Unknown,Unknown
ai_integration,75288,3,-,Ohio,Financial Services
none,90000,2,-,Texas,Healthcare
ai_integration,122860,3,Bachelor's,North Carolina,Information Technology
none,138750,8,-,Virginia,Information Technology
none,110450,,-,Georgia,Healthcare
none,88268,2,Bachelor's,Massachusetts,Information Technology
none,100000,2,Bachelor's,Massachusetts,Unknown
none,113891,,Bachelor's,Michigan,Information Technology
none,120000,,-,Texas,Information Technology
none,92500,5,-,Unknown,Information Technology
ai_integration,129500,5,-,Massachusetts,Pharmaceutical & Biotechnology
none,91291,5,-,Arizona,Retail & Wholesale
applied_ai,106370,1,Bachelor's,California,Information Technology
none,117500,2,Bachelor's,Colorado,Aerospace & Defense
ai_integration,105203,3,Bachelor's,California,Unknown
none,141600,3,Bachelor's,New York State,Media & Communication
ai_integration,50000,6,-,Unknown,Insurance
ai_integration,100000,5,-,Colorado,Management & Consulting
none,107652,5,-,California,Retail & Wholesale
none,125000,5,-,Maryland,Information Technology
ai_integration,105000,5,-,California,Unknown
none,85111,,-,Georgia,Information Technology
none,170755,5,Bachelor's,California,Manufacturing
none,125000,3,Bachelor's,California,Unknown
none,117500,4,Bachelor's,California,Media & Communication
none,160000,5,-,Washington State,Human Resources & Staffing
none,110300,2,Bachelor's,California,Pharmaceutical & Biotechnology
none,118600,4,-,California,Information Technology
none,85000,,-,Washington State,Information Technology
none,73000,2,-,Indiana,Unknown
applied_ai,165100,8,-,New York State,Information Technology
none,167000,3,Bachelor's,California,Aerospace & Defense
none,150000,5,-,Indiana,Insurance
none,95000,,-,Washington State,Manufacturing
none,125391,5,Bachelor's,Virginia,Information Technology
none,95250,0,Bachelor's,New Jersey,Aerospace & Defense
ai_integration,85000,3,-,New York State,Unknown
none,84987,3,Bachelor's,California,Healthcare
none,233560,,Bachelor's,California,Manufacturing
none,116045,2,-,Nebraska,Financial Services
none,116671,2,Bachelor's,Unknown,Unknown
none,119850,4,Bachelor's,Utah,Education
none,96911,,-,Unknown,Unknown
none,92946,2,Master's,Texas,Media & Communication
none,105000,5,Bachelor's,California,Aerospace & Defense
ai_integration,85762,5,-,Georgia,Manufacturing
applied_ai,175000,2,-,California,Information Technology
ai_integration,83630,5,Associate,Pennsylvania,Management & Consulting
none,96979,7,-,Georgia,Information Technology
none,155000,10,Bachelor's,Unknown,Pharmaceutical & Biotechnology
none,65943,0,-,Washington State,Information Technology
none,156000,8,Bachelor's,California,Manufacturing
ai_integration,154776,4,-,California,Information Technology
none,124764,7,-,Unknown,Information Technology
none,81038,0,-,Georgia,Financial Services
ai_integration,122300,2,-,California,Information Technology
none,122348,,-,Georgia,Information Technology
none,116350,6,-,Pennsylvania,Management & Consulting
none,93640,,-,Pennsylvania,Unknown
none,183650,12,Bachelor's,California,Manufacturing
none,99474,3,Bachelor's,Pennsylvania,Pharmaceutical & Biotechnology
ai_integration,162000,5,Bachelor's,California,Information Technology
none,141100,5,Bachelor's,California,Media & Communication
none,65000,0,Bachelor's,North Carolina,Human Resources & Staffing
none,119750,,Bachelor's,Florida,Financial Services
ai_integration,146750,2,-,Washington State,Information Technology
none,132500,2,-,Unknown,"Arts, Entertainment & Recreation"
none,77813,3,Bachelor's,Massachusetts,Manufacturing
none,65000,3,-,North Carolina,Human Resources & Staffing
ai_integration,79650,5,-,Unknown,Information Technology
none,120503,,-,California,Information Technology
none,90000,3,-,New York State,Unknown
none,97735,7,Bachelor's,Unknown,Information Technology
none,138150,3,Bachelor's,Massachusetts,Manufacturing
none,116915,4,Bachelor's,Virginia,Management & Consulting
none,127050,4,Bachelor's,California,Aerospace & Defense
none,125500,3,Bachelor's,Colorado,Aerospace & Defense
none,133556,3,Bachelor's,California,"Construction, Repair & Maintenance Services"
none,98813,5,Bachelor's,Arizona,Unknown
none,90288,,Bachelor's,Michigan,Unknown
none,142210,0,Bachelor's,California,Financial Services
none,92500,,Bachelor's,California,Information Technology
none,100000,1,Bachelor's,Virginia,Unknown
none,72947,1,Bachelor's,Florida,Information Technology
ai_integration,142781,8,Bachelor's,Unknown,Insurance
none,105000,,Bachelor's,New York State,Information Technology
none,120000,5,-,California,Pharmaceutical & Biotechnology
none,83841,5,Bachelor's,Colorado,Manufacturing
none,132500,2,Bachelor's,California,Information Technology
ai_integration,172100,4,Bachelor's,Washington State,Information Technology
none,75983,1,Bachelor's,Louisiana,Manufacturing
none,144158,5,Bachelor's,Maryland,Insurance
none,110000,3,Bachelor's,Washington State,Financial Services
none,70761,3,-,Florida,Information Technology
none,253500,10,-,Unknown,Information Technology
none,129716,,-,California,Information Technology
none,140400,8,Bachelor's,Minnesota,Manufacturing
ai_integration,195000,5,-,California,Manufacturing
none,91997,5,Bachelor's,Iowa,Information Technology
ai_integration,71392,1,-,Illinois,Information Technology
none,134000,6,Bachelor's,Washington State,Information Technology
none,152000,5,-,Arizona,Unknown
none,117500,3,Bachelor's,California,Information Technology
none,70496,1,Bachelor's,Virginia,Information Technology
ai_integration,130000,7,Bachelor's,Massachusetts,Information Technology
none,168000,8,Bachelor's,California,Healthcare
ai_integration,146000,5,Bachelor's,California,Information Technology
none,158500,5,Bachelor's,California,Pharmaceutical & Biotechnology
none,102452,7,Bachelor's,Virginia,Real Estate
none,102414,0,Bachelor's,Massachusetts,Information Technology
none,72853,3,Bachelor's,Delaware,Pharmaceutical & Biotechnology
none,120000,5,-,Illinois,Unknown
none,94177,,Master's,Georgia,Information Technology
none,122500,1,Bachelor's,Alabama,Information Technology
none,123500,,-,Pennsylvania,Information Technology
none,89110,,-,Colorado,Information Technology
none,75000,3,Bachelor's,Missouri,Information Technology
none,90000,0,-,California,Unknown
none,116768,5,Bachelor's,Texas,Information Technology
none,92500,3,Bachelor's,California,Manufacturing
none,93500,5,Bachelor's,Massachusetts,Human Resources & Staffing
ai_integration,177500,5,Bachelor's,Colorado,Healthcare
none,140000,5,Bachelor's,Nevada,"Arts, Entertainment & Recreation"
none,74934,3,-,Utah,Information Technology
none,183500,12,-,Unknown,Information Technology
none,105024,5,-,California,Information Technology
none,179982,5,Bachelor's,Unknown,Insurance
none,128500,7,Bachelor's,Unknown,Pharmaceutical & Biotechnology
none,128293,,-,Colorado,Information Technology
none,75000,3,Bachelor's,Unknown,Pharmaceutical & Biotechnology
applied_ai,187500,5,-,Unknown,Information Technology
none,102500,3,-,Minnesota,Education
none,72483,.5,Master's,Texas,Information Technology
none,144025,5,Bachelor's,Massachusetts,Aerospace & Defense
none,137651,,-,California,Information Technology
none,86000,5,-,California,Healthcare
none,90000,0,Bachelor's,California,Unknown
none,83500,3,Bachelor's,Ohio,Unknown
none,122472,5,-,Texas,Information Technology
none,147829,0,Bachelor's,California,Information Technology
none,81348,2,Bachelor's,California,Information Technology
none,153900,,-,Washington State,Information Technology
none,94264,,Master's,Georgia,Information Technology
none,182500,10,-,California,Financial Services
none,157500,4,Bachelor's,Washington State,Human Resources & Staffing
none,77032,5,Bachelor's,Utah,Unknown
none,115645,4,Bachelor's,Texas,Pharmaceutical & Biotechnology
none,145050,6,Bachelor's,Utah,Education
none,84560,,-,Georgia,Insurance
none,102500,3,Bachelor's,California,Unknown
none,159000,3,-,New Jersey,Financial Services
none,102500,0,Bachelor's,Unknown,Information Technology
none,244250,2,Bachelor's,California,Information Technology
none,128725,5,-,California,Aerospace & Defense
none,74012,1,Bachelor's,Texas,Unknown
applied_ai,139050,5,Bachelor's,Texas,Healthcare
none,80000,0,Bachelor's,New York State,Manufacturing
ai_integration,186000,5,Bachelor's,California,Information Technology
applied_ai,203000,15,-,Michigan,Manufacturing
none,150000,,-,California,Information Technology
none,150000,5,Bachelor's,Virginia,Management & Consulting
none,137500,5,-,Washington State,Retail & Wholesale
none,110000,3,Bachelor's,Texas,Financial Services
ai_integration,94794,3,-,North Carolina,Unknown
ai_integration,91476,0,-,Illinois,Media & Communication
none,134100,3,Bachelor's,California,Manufacturing
none,112000,7,Bachelor's,California,Manufacturing
ai_integration,104000,3,Bachelor's,Unknown,Management & Consulting
none,153910,5,-,Unknown,Information Technology
none,110000,5,Bachelor's,Minnesota,Financial Services
none,103688,3,Bachelor's,Pennsylvania,Financial Services
none,90307,2,Bachelor's,California,Unknown
none,184000,2,Bachelor's,California,Information Technology
none,177500,7,-,Unknown,Information Technology
none,95037,,Bachelor's,Texas,Information Technology
none,128500,5,Bachelor's,Unknown,Pharmaceutical & Biotechnology
none,158000,5,Bachelor's,California,Unknown
none,75000,,-,Michigan,Manufacturing
none,65220,5,-,Nebraska,Information Technology
none,126328,7,Bachelor's,Georgia,Information Technology
none,93590,,-,Virginia,Information Technology
none,79665,3,Master's,Michigan,Information Technology
none,84055,5,-,Massachusetts,Unknown
none,115000,,-,California,Unknown
none,83236,5,Bachelor's,Illinois,Unknown
none,76586,1,Master's,Washington State,Human Resources & Staffing
none,87055,2,Bachelor's,Maryland,"Construction, Repair & Maintenance Services"
none,115000,2,-,Texas,Human Resources & Staffing
none,168200,5,Bachelor's,California,Telecommunications
ai_integration,101323,8,-,Georgia,Unknown
none,125000,5,Bachelor's,North Carolina,Financial Services
none,93460,6,Bachelor's,Massachusetts,Information Technology
none,115000,2,Bachelor's,Texas,Telecommunications
none,140072,1,Master's,California,Unknown
none,76864,3,Bachelor's,Texas,"Construction, Repair & Maintenance Services"
none,87520,,Bachelor's,New Jersey,Information Technology
none,118140,0,Bachelor's,California,Information Technology
none,93020,3,-,Massachusetts,Government & Public Administration
none,92776,,-,Texas,Information Technology
none,103047,5,High School,Utah,Real Estate
none,89847,5,Bachelor's,Massachusetts,Manufacturing
none,125282,7,-,New York State,Information Technology
none,119400,5,-,Texas,Information Technology
none,103050,4,Bachelor's,California,Information Technology
none,175000,,Bachelor's,New York State,Financial Services
none,145000,6,-,California,Information Technology
none,70000,5,Bachelor's,New York State,Information Technology
none,124453,,-,California,Personal Consumer Services
none,82197,5,Bachelor's,Georgia,Financial Services
none,99235,2,-,California,Unknown
none,95000,4,Bachelor's,Massachusetts,Management & Consulting
ai_integration,120035,6,-,California,Information Technology
none,71258,1,-,Texas,Information Technology
ai_integration,161500,5,Bachelor's,California,Financial Services
none,125371,10,Bachelor's,Georgia,Financial Services
ai_integration,169600,5,-,Unknown,Financial Services
none,76575,.5,Master's,Virginia,Unknown
none,135996,5,Bachelor's,California,Information Technology
none,122498,,-,California,Human Resources & Staffing
none,115500,,-,Washington State,Information Technology
none,79863,2,Bachelor's,New Jersey,Human Resources & Staffing
none,160000,6,Bachelor's,California,Information Technology
none,80000,6,-,Unknown,Information Technology
ai_integration,110000,5,-,New York State,Unknown
none,155000,8,Bachelor's,Unknown,Pharmaceutical & Biotechnology
none,142466,7,Bachelor's,Michigan,Manufacturing
none,82302,5,Bachelor's,Georgia,Human Resources & Staffing
none,71871,2,-,Illinois,Information Technology
none,175000,2,Bachelor's,California,Information Technology
none,67984,7,Bachelor's,Georgia,Unknown
none,111699,5,-,Texas,Information Technology
none,160000,7,-,California,"Energy, Mining & Utilities"
none,99204,5,-,California,Management & Consulting
none,95000,5,-,Florida,Information Technology
ai_integration,129000,3,-,California,Information Technology
none,115597,5,Bachelor's,Texas,Unknown
none,132500,5,Bachelor's,South Carolina,Unknown
ai_integration,161801,5,Bachelor's,California,Information Technology
applied_ai,157000,3,-,California,Pharmaceutical & Biotechnology
none,72728,3,-,California,Information Technology
none,106948,5,Bachelor's,California,Information Technology
none,118023,8,Bachelor's,California,Information Technology
ai_integration,150000,5,Bachelor's,Virginia,Aerospace & Defense
none,168200,5,Bachelor's,California,Information Technology
none,102500,,Bachelor's,California,Information Technology
none,134600,5,Bachelor's,Minnesota,Healthcare
none,100964,10,Bachelor's,Florida,Retail & Wholesale
none,88017,5,-,Michigan,Information Technology
none,78123,,-,Texas,Information Technology
none,112967,10,Bachelor's,Utah,Retail & Wholesale
none,114939,7,Bachelor's,Texas,Information Technology
none,97421,7,-,Texas,Information Technology
none,75000,6,Bachelor's,Unknown,Information Technology
none,102750,2,Bachelor's,California,Pharmaceutical & Biotechnology
none,75151,3,Bachelor's,Utah,Information Technology
none,155000,8,-,Maryland,Information Technology
none,152500,3,Bachelor's,New Jersey,Financial Services
none,117657,,-,California,Manufacturing
none,122869,8,Bachelor's,Georgia,Financial Services
none,158000,1,Bachelor's,California,Information Technology
ai_integration,151500,6,Bachelor's,California,Information Technology
none,100672,1,Master's,Virginia,Media & Communication
none,98112,,Bachelor's,New Jersey,Aerospace & Defense
none,176495,6,Bachelor's,New York State,Healthcare
none,120000,3,Bachelor's,California,Information Technology
none,127500,5,Bachelor's,Oregon,Manufacturing
none,76323,3,Bachelor's,Florida,Information Technology
none,89344,4,Bachelor's,Massachusetts,Unknown
none,105756,3,Bachelor's,Maryland,"Construction, Repair & Maintenance Services"
none,155000,8,-,Unknown,Pharmaceutical & Biotechnology
none,105068,5,Bachelor's,Georgia,Financial Services
none,121205,,Master's,California,Unknown
none,86500,2,Bachelor's,Massachusetts,Manufacturing
none,115000,10,-,Texas,Information Technology
none,117035,7,Bachelor's,Maryland,Unknown
none,88244,5,Bachelor's,Florida,Unknown
none,69819,5,-,Georgia,Government & Public Administration
none,114128,2,Bachelor's,California,Information Technology
ai_integration,145000,8,-,Illinois,Financial Services
none,97204,8,Bachelor's,Colorado,Information Technology
none,175000,5,-,Virginia,Information Technology
none,120000,2,Bachelor's,New Jersey,Information Technology
none,142500,5,Bachelor's,Virginia,Information Technology
none,81112,,-,Tennessee,Human Resources & Staffing
none,90000,5,-,Texas,Information Technology
ai_integration,135000,8,-,Illinois,Financial Services
ai_integration,104600,5,Bachelor's,Massachusetts,Insurance
none,69209,5,-,Georgia,Human Resources & Staffing
none,90000,8,-,Virginia,Information Technology
none,70405,.5,Master's,New Jersey,Information Technology
none,130000,1,-,Virginia,Information Technology
none,83647,3,Bachelor's,Texas,Financial Services
none,73092,2,-,Washington State,Management & Consulting
none,177025,12,Bachelor's,Colorado,Aerospace & Defense
none,63610,4,Bachelor's,Texas,Management & Consulting
none,121094,,-,Virginia,Information Technology
none,110000,5,Bachelor's,Virginia,Information Technology
none,138408,7,Bachelor's,Georgia,Financial Services
ai_integration,104232,3,Bachelor's,Massachusetts,Information Technology
none,132850,6,Bachelor's,Maryland,Information Technology
none,75081,5,Bachelor's,New Jersey,Information Technology
applied_ai,149983,6,-,California,Unknown
none,94550,5,-,District of Columbia,Unknown
none,113197,5,Bachelor's,Tennessee,Financial Services
none,110000,4,Bachelor's,Unknown,Information Technology
none,92124,1,Bachelor's,District of Columbia,Unknown
none,125851,,-,California,Management & Consulting
none,67500,5,Bachelor's,Arizona,Personal Consumer Services
none,145000,5,-,California,Information Technology
none,76337,5,-,Arizona,Information Technology
applied_ai,82515,5,Bachelor's,District of Columbia,Information Technology
none,81370,7,Bachelor's,Illinois,Unknown
none,90000,3,Bachelor's,Unknown,Information Technology
applied_ai,130000,,-,Connecticut,Unknown
none,410000,3,-,Unknown,Information Technology
none,122500,7,Bachelor's,Unknown,Information Technology
ai_integration,109200,2,Bachelor's,North Carolina,Retail & Wholesale
none,108550,5,Bachelor's,Virginia,Information Technology
none,109185,3,Bachelor's,Colorado,Telecommunications
ai_integration,162500,4,-,Unknown,Financial Services
none,114000,2,Bachelor's,Colorado,Information Technology
ai_integration,217000,5,-,Unknown,Information Technology
none,197500,7,Bachelor's,Unknown,Information Technology
none,97250,0,Bachelor's,Unknown,Information Technology
none,94900,2,Bachelor's,Unknown,Aerospace & Defense
none,145000,,-,Unknown,Manufacturing
none,108915,3,-,Arizona,Information Technology
none,122500,,-,Unknown,Unknown
none,91650,2,Bachelor's,Unknown,Financial Services
ai_integration,134613,3,-,Texas,Unknown
none,176450,3,-,Arizona,Information Technology
none,70000,0,-,Kansas,Unknown
none,94279,3,Bachelor's,Pennsylvania,Healthcare
none,90000,5,Bachelor's,Unknown,Legal
ai_integration,90000,3,Bachelor's,Unknown,Unknown
none,89835,2,Bachelor's,Texas,Retail & Wholesale
none,87500,2,Bachelor's,Unknown,Unknown
ai_integration,176250,3,-,California,Information Technology
applied_ai,88654,5,-,Florida,Retail & Wholesale
none,115000,3,-,Texas,Information Technology
none,88585,5,Bachelor's,Ohio,"Construction, Repair & Maintenance Services"
ai_integration,115000,,-,Illinois,Manufacturing
none,147883,4,-,Unknown,Unknown
none,127500,,-,Unknown,Unknown
none,107806,4,Bachelor's,Florida,Aerospace & Defense
none,118965,,-,Rhode Island,Healthcare
applied_ai,158000,2,Bachelor's,Washington State,Information Technology
applied_ai,155000,5,-,Unknown,Information Technology
none,121700,4,Bachelor's,Unknown,Insurance
ai_integration,217000,5,-,Unknown,Information Technology
none,300000,,-,California,Information Technology
none,133779,6,Bachelor's,Virginia,Unknown
applied_ai,95000,3,-,New York State,"Energy, Mining & Utilities"
none,170000,1,Bachelor's,California,Information Technology
ai_integration,125000,4,-,Unknown,Information Technology
none,209750,,-,California,Information Technology
none,155000,,-,Unknown,Information Technology
none,101288,2,Bachelor's,Florida,Unknown
ai_integration,154000,2,-,California,Information Technology
none,100500,3,Bachelor's,Florida,Financial Services
none,205000,4,-,California,Information Technology
none,78609,,-,Florida,Unknown
none,118272,,-,Unknown,Unknown
none,127500,,-,Unknown,Personal Consumer Services
none,75000,2,Bachelor's,Unknown,Unknown
none,196471,5,Bachelor's,Unknown,Financial Services
none,110000,3,-,North Carolina,Human Resources & Staffing
none,64890,2,Bachelor's,Illinois,"Construction, Repair & Maintenance Services"
none,121850,4,-,Florida,Information Technology
none,124828,,-,Oregon,Unknown
none,131900,3,Bachelor's,Utah,Information Technology
none,77850,3,Bachelor's,Pennsylvania,"Energy, Mining & Utilities"
applied_ai,147739,,-,Massachusetts,Information Technology
none,206050,4,Associate,Unknown,Information Technology
none,140000,5,Bachelor's,Unknown,Information Technology
none,160000,3,Bachelor's,Unknown,Financial Services
none,195000,8,-,Unknown,Information Technology
none,120000,2,Bachelor's,California,Insurance
none,89773,1,Bachelor's,Idaho,Financial Services
ai_integration,131900,2,Bachelor's,Utah,Information Technology
none,145150,1,High School,Unknown,Healthcare
none,137500,3,Bachelor's,North Carolina,Financial Services
none,110000,5,Bachelor's,Pennsylvania,Unknown
none,155000,7,Bachelor's,Unknown,Financial Services
none,125000,0,Bachelor's,Massachusetts,Information Technology
ai_integration,128307,4,Bachelor's,Delaware,Pharmaceutical & Biotechnology
ai_integration,165000,7,-,Unknown,Information Technology
none,148000,4,-,North Carolina,Financial Services
applied_ai,156569,,-,North Carolina,Information Technology
none,152500,3,Bachelor's,California,Information Technology
none,124500,3,Bachelor's,Unknown,Information Technology
none,100000,5,-,Unknown,Information Technology
applied_ai,153550,2,Bachelor's,Washington State,Information Technology
applied_ai,60000,2,-,New Jersey,"Construction, Repair & Maintenance Services"
none,110000,8,-,Unknown,Insurance
none,122346,5,Bachelor's,Tennessee,Information Technology
ai_integration,160000,3,Bachelor's,Unknown,Information Technology
none,79769,1,High School,New York State,Education
applied_ai,92187,2,Bachelor's,Arizona,Manufacturing
ai_integration,135000,3,-,Tennessee,Information Technology
ai_integration,145000,5,Bachelor's,Florida,Information Technology
none,101852,4,Bachelor's,Idaho,Financial Services
applied_ai,160000,3,-,Unknown,Unknown
ai_integration,108000,2,Bachelor's,Virginia,Aerospace & Defense
ai_integration,100589,2,-,Utah,Information Technology
none,71668,3,-,Virginia,Healthcare
applied_ai,160000,5,-,California,Retail & Wholesale
ai_integration,128088,0,-,Washington State,Information Technology
none,97500,2,-,Missouri,Financial Services
ai_integration,157500,3,-,California,Information Technology
none,145453,3,-,California,Manufacturing
none,85000,3,Bachelor's,California,Information Technology
none,194500,7,-,Unknown,Information Technology
applied_ai,225500,8,-,Unknown,Information Technology
none,159850,5,Bachelor's,Utah,Information Technology
ai_integration,162500,7,-,Unknown,Unknown
none,166850,2,-,California,Information Technology
none,134750,5,-,Texas,Manufacturing
ai_integration,150000,10,-,Unknown,Unknown
none,226500,5,Bachelor's,California,Information Technology
none,143250,2,-,California,Information Technology
none,182500,4,-,Unknown,Healthcare
ai_integration,108399,4,Bachelor's,Tennessee,Financial Services
none,118633,5,Bachelor's,Florida,Media & Communication
ai_integration,113500,3,-,Utah,Information Technology
none,159967,5,Bachelor's,Arizona,Financial Services
none,90821,1,Bachelor's,South Carolina,Real Estate
ai_integration,90367,3,Bachelor's,Georgia,Healthcare
none,115578,,-,North Carolina,Financial Services
ai_integration,137500,5,-,Unknown,Unknown
none,117650,0,Bachelor's,California,Unknown
none,137500,7,Bachelor's,Massachusetts,Manufacturing
ai_integration,218450,5,-,California,Information Technology
none,140000,0,-,Colorado,Financial Services
none,110216,6,-,Arizona,Information Technology
none,124000,2,-,Texas,Information Technology
applied_ai,147000,6,High School,Georgia,Financial Services
ai_integration,132000,4,Bachelor's,Oklahoma,Information Technology
none,180430,5,-,Unknown,Information Technology
none,100000,3,Bachelor's,Unknown,Unknown
none,142500,4,-,Ohio,Healthcare
ai_integration,134749,4,Bachelor's,Virginia,Aerospace & Defense
none,105685,1,Bachelor's,Unknown,Telecommunications
none,159850,,Bachelor's,Utah,Information Technology
none,149750,1,Bachelor's,Washington State,Information Technology
ai_integration,200000,5,-,Unknown,Unknown
ai_integration,140845,0,Bachelor's,Georgia,Insurance
ai_integration,132250,8,Bachelor's,Unknown,Financial Services
applied_ai,105000,0,-,New Jersey,Financial Services
none,142225,5,High School,Texas,Transportation & Logistics
none,119958,1,High School,Unknown,Healthcare
none,95258,3,-,Michigan,Management & Consulting
applied_ai,110000,,-,California,Information Technology
none,150000,1,Bachelor's,California,"Energy, Mining & Utilities"
none,137421,3,Bachelor's,Massachusetts,Education
none,127700,3,-,Missouri,Financial Services
applied_ai,125000,5,-,Unknown,Unknown
none,151819,1,Bachelor's,New Jersey,Unknown
none,213000,7,-,Unknown,Information Technology
applied_ai,85000,,-,Unknown,Unknown
applied_ai,190000,3,-,Unknown,Unknown
none,150000,3,-,California,Information Technology
none,190600,5,Bachelor's,California,Information Technology
none,138500,4,Bachelor's,Florida,Financial Services
none,140000,7,Bachelor's,Maryland,Unknown
none,162500,4,-,Texas,Information Technology
none,80832,1,High School,Oklahoma,Healthcare
none,185000,7,Bachelor's,Unknown,Information Technology
none,92237,3,Bachelor's,Florida,Hotels & Travel Accommodation
applied_ai,100000,0,-,North Carolina,Management & Consulting
none,112500,0,Bachelor's,California,Transportation & Logistics
none,93725,3,-,Unknown,Insurance
none,102500,3,-,Minnesota,Information Technology
none,161454,1,Master's,California,Information Technology
none,103226,5,-,Nebraska,Information Technology
none,105698,3,-,Florida,Financial Services
none,120000,5,-,Maryland,Aerospace & Defense
applied_ai,184064,0,Master's,California,Information Technology
applied_ai,204500,4,Bachelor's,Unknown,Financial Services
ai_integration,135500,3,Bachelor's,California,Information Technology
none,112875,6,Bachelor's,Unknown,Healthcare
none,101000,3,-,Illinois,Financial Services
none,105000,5,Bachelor's,Illinois,Information Technology
none,100000,5,-,Texas,Retail & Wholesale
none,144491,5,-,Pennsylvania,Unknown
none,130000,7,-,Maryland,Information Technology
none,160000,5,Bachelor's,California,Insurance
ai_integration,160200,3,-,Washington State,Real Estate
none,180000,6,-,Unknown,Information Technology
none,129000,5,-,Unknown,Information Technology
ai_integration,190000,3,-,Unknown,Unknown
none,149384,8,Bachelor's,Arizona,Retail & Wholesale
none,119000,1,-,New York State,Information Technology
none,148000,4,-,Arizona,Financial Services
none,119500,,Bachelor's,Unknown,Information Technology
ai_integration,175000,8,-,Unknown,Information Technology
none,137500,5,Bachelor's,California,Information Technology
none,147350,5,Bachelor's,Unknown,Financial Services
none,120000,8,Bachelor's,Unknown,Information Technology
none,115000,3,Bachelor's,Unknown,Pharmaceutical & Biotechnology
none,120000,5,Bachelor's,Unknown,Management & Consulting
none,98700,1,Bachelor's,California,Manufacturing
ai_integration,152500,2,-,Massachusetts,Management & Consulting
none,124936,5,-,Louisiana,Unknown
applied_ai,205000,5,-,Unknown,Information Technology
none,210000,8,-,Unknown,Unknown
none,121450,3,Bachelor's,Unknown,Financial Services
ai_integration,105000,6,Bachelor's,California,Financial Services
none,85000,5,-,Virginia,Unknown
none,88621,1,Bachelor's,California,Information Technology
ai_integration,135000,5,-,Unknown,Telecommunications
none,132839,3,Bachelor's,Georgia,Financial Services
none,82004,4,-,Texas,Unknown
applied_ai,158142,,-,Washington State,Media & Communication
none,118500,,-,Unknown,Insurance
none,195000,5,-,Unknown,Financial Services
none,160000,,-,Unknown,Information Technology
none,150500,5,-,Texas,Information Technology
none,79884,1,Bachelor's,North Carolina,Information Technology
none,135000,2,Bachelor's,California,Transportation & Logistics
none,153000,7,-,Utah,Information Technology
none,152955,7,Bachelor's,Connecticut,Healthcare
ai_integration,202700,5,-,Minnesota,Information Technology
none,165000,3,Bachelor's,New Jersey,Healthcare
none,90640,,-,Florida,Information Technology
none,176500,5,-,Unknown,Information Technology
none,162500,5,-,Unknown,Hotels & Travel Accommodation
none,153000,3,-,Washington State,Financial Services
none,190600,5,Bachelor's,California,Information Technology
none,162500,5,-,Colorado,Hotels & Travel Accommodation
none,195094,5,-,Unknown,Information Technology
none,102285,,Bachelor's,Pennsylvania,Information Technology
ai_integration,155000,6,Bachelor's,New York State,Unknown
none,112500,6,-,Unknown,Information Technology
none,127500,5,Bachelor's,Unknown,Unknown
ai_integration,160000,8,Bachelor's,California,Unknown
none,110000,3,-,Unknown,Information Technology
applied_ai,135000,1,-,New York State,Information Technology
none,109053,,-,Maryland,Unknown
none,129000,3,-,District of Columbia,Media & Communication
applied_ai,130000,5,-,Unknown,Unknown
ai_integration,106223,3,Bachelor's,Virginia,Retail & Wholesale
ai_integration,90000,5,Bachelor's,Florida,Unknown
ai_integration,120000,8,-,Pennsylvania,Unknown
none,119788,3,-,California,Unknown
none,150000,12,Bachelor's,Arizona,Financial Services
none,145000,5,Bachelor's,New Jersey,Information Technology
none,105529,,Bachelor's,Louisiana,Telecommunications
none,135000,5,Bachelor's,Texas,Education
none,103290,4,Bachelor's,New Jersey,Information Technology
ai_integration,109819,1,-,Texas,Management & Consulting
none,143027,5,Bachelor's,Unknown,Unknown
none,150000,5,Bachelor's,New Jersey,Media & Communication
ai_integration,132307,5,Master's,Pennsylvania,Manufacturing
none,164738,5,-,Unknown,Information Technology
none,148436,,Bachelor's,California,Information Technology
applied_ai,205000,5,Bachelor's,Washington State,"Energy, Mining & Utilities"
none,106754,,-,Georgia,Information Technology
none,131900,2,Bachelor's,California,Information Technology
none,180000,5,-,Ohio,Healthcare
applied_ai,150000,,-,Washington State,Unknown
none,155000,3,-,California,Information Technology
none,187500,5,-,Unknown,Information Technology
ai_integration,114500,0,Bachelor's,California,Insurance
ai_integration,175750,5,-,Unknown,Information Technology
none,192500,5,-,Unknown,Information Technology
none,126557,3,Bachelor's,Massachusetts,Pharmaceutical & Biotechnology
none,128692,,-,Delaware,Unknown
none,197500,5,-,New York State,Retail & Wholesale
none,119289,2,Bachelor's,California,Unknown
applied_ai,128430,5,-,Unknown,Information Technology
none,130500,5,Bachelor's,Georgia,Manufacturing
none,102342,7,-,Florida,Healthcare
none,149602,5,Bachelor's,Maryland,Information Technology
applied_ai,158000,5,-,Unknown,Financial Services
ai_integration,185000,5,-,Unknown,Unknown
none,137500,5,-,Unknown,Insurance
none,172500,5,-,Unknown,Information Technology
applied_ai,107500,1,Bachelor's,Illinois,Management & Consulting
none,185000,5,-,Unknown,Information Technology
none,124950,5,-,Unknown,Information Technology
none,194500,5,Bachelor's,Unknown,Information Technology
none,137050,5,-,Illinois,Management & Consulting
none,92500,5,Bachelor's,Kentucky,Information Technology
none,132500,5,Bachelor's,Unknown,Unknown
none,137050,5,-,Illinois,Information Technology
none,200000,9,-,Unknown,Healthcare
none,89250,3,-,Ohio,Media & Communication
applied_ai,169800,3,-,California,Information Technology
none,190000,10,Bachelor's,Unknown,"Energy, Mining & Utilities"
ai_integration,81745,3,Bachelor's,Colorado,Information Technology
none,115810,7,Bachelor's,Virginia,Information Technology
ai_integration,100615,5,Bachelor's,Utah,"Energy, Mining & Utilities"
none,152102,5,Bachelor's,Washington State,Information Technology
none,115000,5,-,Unknown,Unknown
none,125000,5,-,Unknown,Unknown
applied_ai,226000,8,-,Unknown,Unknown
none,107000,5,-,Massachusetts,Information Technology
none,91000,3,Bachelor's,Texas,Information Technology
none,68342,0,-,Utah,Financial Services
applied_ai,185000,,-,California,Information Technology
none,96500,2,Bachelor's,North Carolina,Unknown
ai_integration,100000,4,-,Unknown,Unknown
ai_integration,74418,1,Bachelor's,Colorado,Information Technology
applied_ai,195500,7,Bachelor's,Unknown,Information Technology
none,197500,5,Bachelor's,Unknown,Information Technology
none,152000,5,-,Georgia,Information Technology
none,149500,5,Bachelor's,Missouri,Financial Services
none,70000,2,-,Unknown,Information Technology
none,102500,8,Bachelor's,Illinois,Information Technology
none,80000,0,-,Unknown,Unknown
none,206050,4,Associate,Unknown,Information Technology
none,131000,3,-,Washington State,Manufacturing
none,91413,3,-,Oregon,Information Technology
none,88346,5,Bachelor's,Ohio,Financial Services
none,90000,3,Bachelor's,Texas,Unknown
none,160000,10,Bachelor's,North Carolina,Financial Services
ai_integration,106500,3,-,New Jersey,Information Technology
none,129475,3,Bachelor's,New York State,Manufacturing
applied_ai,195000,5,Bachelor's,Unknown,Education
none,165000,5,-,Texas,Information Technology
none,164738,5,-,Unknown,Information Technology
none,91700,0,Bachelor's,Florida,Financial Services
ai_integration,225000,7,-,Unknown,Information Technology
ai_integration,197950,7,-,Unknown,Healthcare
none,205000,2,-,New York State,Media & Communication
applied_ai,222500,5,-,Unknown,Information Technology
ai_integration,100000,3,-,Unknown,Information Technology
none,155680,,Bachelor's,California,Manufacturing
none,221000,6,-,New York State,Information Technology
none,119394,6,-,Wisconsin,Retail & Wholesale
none,140000,,-,Unknown,Unknown
none,68314,0,-,Utah,Financial Services
none,186500,7,-,Unknown,Financial Services
none,194000,8,Bachelor's,Indiana,Insurance
applied_ai,107121,6,-,Florida,Restaurants & Food Service
ai_integration,75000,,Bachelor's,Michigan,Unknown
applied_ai,180800,6,-,Unknown,Information Technology
none,237500,7,Bachelor's,Unknown,Financial Services
none,67500,4,-,New York State,Unknown
none,95000,8,-,Georgia,Transportation & Logistics
none,182500,5,Bachelor's,California,Unknown
none,109944,2,Bachelor's,Massachusetts,Information Technology
none,72587,2,Bachelor's,Florida,Manufacturing
none,125000,3,Bachelor's,California,Manufacturing
none,145000,7,Bachelor's,New Jersey,Financial Services
none,81908,3,Bachelor's,Kansas,Information Technology
applied_ai,130000,8,Bachelor's,Washington State,Healthcare
ai_integration,147350,5,-,Unknown,Financial Services
none,95699,5,Bachelor's,Colorado,Information Technology
none,69018,4,-,Pennsylvania,Unknown
none,93772,3,-,Illinois,Unknown
none,94731,,-,California,Information Technology
none,103493,5,Bachelor's,Massachusetts,Unknown
ai_integration,120000,8,-,New York State,Financial Services
none,155000,5,-,Unknown,Government & Public Administration
none,115361,5,Bachelor's,Texas,Unknown
ai_integration,152300,5,Bachelor's,California,Information Technology
none,159601,5,Bachelor's,California,Unknown
none,115864,5,Bachelor's,California,Information Technology
none,100407,5,-,California,Unknown
none,130000,8,-,Massachusetts,Manufacturing
none,93220,2,High School,California,Information Technology
none,112500,,-,New York State,Unknown
none,109898,5,Bachelor's,California,Unknown
none,99458,10,Bachelor's,Texas,Pharmaceutical & Biotechnology
none,75000,0,-,Virginia,Unknown
none,75000,0,-,Virginia,Unknown
none,60000,1,Bachelor's,Florida,Unknown
none,116592,3,Bachelor's,California,Information Technology
none,90450,3,Bachelor's,Unknown,Information Technology
none,89323,3,Bachelor's,Virginia,Aerospace & Defense
ai_integration,97500,3,Bachelor's,New Jersey,Financial Services
none,112500,,-,Unknown,Manufacturing
none,101500,,-,New York State,Unknown
none,127500,3,Bachelor's,Unknown,Information Technology
none,110000,3,-,Unknown,Information Technology
applied_ai,80000,5,-,Unknown,Unknown
none,110412,,Bachelor's,Unknown,Information Technology
none,95000,,-,Unknown,Manufacturing
ai_integration,95692,7,Bachelor's,Texas,Unknown
ai_integration,36500,0,High School,Washington State,Unknown
none,90000,4,Bachelor's,Nevada,"Construction, Repair & Maintenance Services"
none,83606,5,Bachelor's,North Carolina,Real Estate
none,113000,2,-,Indiana,Real Estate
none,155000,5,Bachelor's,New Jersey,Financial Services
ai_integration,100000,,Bachelor's,New Jersey,Unknown
none,191400,3,Master's,Unknown,Information Technology
none,107500,5,-,North Carolina,Information Technology
none,77500,2,Bachelor's,Colorado,Aerospace & Defense
none,81863,5,Bachelor's,Unknown,Information Technology
none,85511,3,-,Florida,Information Technology
none,97170,0,-,Pennsylvania,Manufacturing
applied_ai,108315,5,Bachelor's,California,Information Technology
none,80000,7,-,Unknown,"Energy, Mining & Utilities"
none,77500,0,Associate,Montana,Healthcare
none,77023,,Bachelor's,Unknown,Information Technology
none,113833,5,Bachelor's,Massachusetts,Human Resources & Staffing
none,180000,3,-,Unknown,Unknown
none,81000,0,Bachelor's,California,Aerospace & Defense
none,97500,,-,Unknown,Unknown
none,70000,0,Bachelor's,Massachusetts,Information Technology
none,112500,,Bachelor's,Texas,"Arts, Entertainment & Recreation"
none,130000,,Bachelor's,South Carolina,Government & Public Administration
none,110000,3,Bachelor's,Massachusetts,Information Technology
none,95000,,-,New Mexico,Management & Consulting
none,69525,0,Bachelor's,Arkansas,"Energy, Mining & Utilities"
ai_integration,125000,5,-,New York State,Media & Communication
applied_ai,86872,3,Bachelor's,Florida,Healthcare
none,115064,,-,Unknown,Management & Consulting
none,130654,5,-,Massachusetts,Insurance
none,111000,,-,Unknown,Information Technology
none,280000,,-,Unknown,Information Technology
ai_integration,75000,5,Bachelor's,Pennsylvania,Education
none,119761,8,Bachelor's,Texas,Information Technology
none,98461,5,Bachelor's,Pennsylvania,Information Technology
none,92500,3,Bachelor's,Unknown,Information Technology
none,95000,5,Bachelor's,New York State,Healthcare
ai_integration,166555,7,-,California,Information Technology
none,94500,10,-,Nebraska,Information Technology
none,115210,8,Bachelor's,Unknown,Information Technology
none,170000,5,-,Unknown,Information Technology
none,103500,4,Bachelor's,Illinois,Retail & Wholesale
none,125950,6,-,Pennsylvania,Management & Consulting
none,80500,1,Master's,Arkansas,Unknown
none,79458,,-,Michigan,Retail & Wholesale
none,83233,3,Bachelor's,Indiana,Insurance
none,72500,5,-,Illinois,Information Technology
none,178900,0,Associate,Unknown,Information Technology
none,98641,8,Bachelor's,Virginia,Information Technology
none,112500,5,Bachelor's,Unknown,Information Technology
applied_ai,91733,1,Bachelor's,Unknown,"Energy, Mining & Utilities"
none,72500,2,-,Unknown,Nonprofit & NGO
none,100000,0,Associate,Pennsylvania,Retail & Wholesale
none,182500,3,Bachelor's,Georgia,Retail & Wholesale
applied_ai,125000,1,Bachelor's,Unknown,"Construction, Repair & Maintenance Services"
applied_ai,127910,5,Bachelor's,Unknown,Information Technology
none,113079,,-,Virginia,Unknown
none,107130,,-,Texas,Information Technology
applied_ai,92315,5,-,Massachusetts,Information Technology
none,150000,,Bachelor's,Unknown,Information Technology
none,78338,2,Bachelor's,Louisiana,Unknown
none,136995,5,-,California,Management & Consulting
none,93390,3,-,Indiana,Information Technology
none,96200,2,Bachelor's,Unknown,Insurance
none,124475,10,Bachelor's,Virginia,Information Technology
none,102500,,-,Unknown,Unknown
none,125250,4,-,California,Healthcare
none,198000,,-,Washington State,Real Estate
none,90000,1,Associate,California,Management & Consulting
ai_integration,97581,4,-,Kentucky,"Construction, Repair & Maintenance Services"
none,149475,,-,Illinois,Human Resources & Staffing
none,90966,0,-,Massachusetts,Media & Communication
none,91960,3,Bachelor's,Unknown,Healthcare
applied_ai,118531,,-,Virginia,Information Technology
none,112500,3,-,Unknown,Healthcare
none,65000,5,-,Unknown,Insurance
none,82626,5,Bachelor's,Indiana,Unknown
none,115000,5,-,Unknown,Media & Communication
none,108065,,Bachelor's,Michigan,Insurance
none,135165,5,Bachelor's,District of Columbia,Management & Consulting
ai_integration,93684,,-,Florida,Information Technology
none,90368,5,Bachelor's,Texas,Information Technology
ai_integration,239000,10,-,Unknown,Information Technology
none,133000,3,Bachelor's,California,Education
none,98409,6,-,North Carolina,Unknown
none,87193,2,Bachelor's,Pennsylvania,Information Technology
none,105115,3,Bachelor's,Pennsylvania,Healthcare
none,210000,6,Bachelor's,Unknown,Information Technology
none,140000,0,Master's,Massachusetts,Information Technology
none,107128,5,-,Utah,Unknown
none,171753,7,Bachelor's,Indiana,Healthcare
none,122500,10,-,Texas,Retail & Wholesale
ai_integration,167500,7,-,Unknown,Information Technology
none,115000,6,-,Unknown,Healthcare
none,107500,3,Bachelor's,Pennsylvania,"Construction, Repair & Maintenance Services"
none,133516,5,Bachelor's,Minnesota,Financial Services
none,139600,.5,Master's,Maryland,Information Technology
none,112621,,-,Texas,Healthcare
none,85986,5,-,Wisconsin,Manufacturing
none,122000,7,Bachelor's,Illinois,Retail & Wholesale
none,91500,,-,Ohio,Unknown
none,108315,5,-,Michigan,Information Technology
none,115000,5,-,Unknown,Healthcare
none,120000,5,-,Unknown,Financial Services
none,122970,.5,Master's,Massachusetts,Unknown
ai_integration,102641,5,-,Ohio,Management & Consulting
none,93268,8,Bachelor's,Michigan,Unknown
none,137500,5,-,Unknown,Information Technology
applied_ai,104310,,-,New Jersey,Unknown
none,134377,5,-,Virginia,Unknown
none,179982,5,Master's,New Jersey,Information Technology
none,230000,5,-,Unknown,Information Technology
none,76120,1,Bachelor's,New Jersey,Information Technology
ai_integration,135000,7,-,California,Unknown
none,155300,5,-,Washington State,Restaurants & Food Service
none,109977,5,Bachelor's,Pennsylvania,Unknown
none,151819,,Bachelor's,New Jersey,Information Technology
ai_integration,112500,5,Bachelor's,New Hampshire,Unknown
none,103077,,Bachelor's,California,Unknown
none,109917,,Master's,Michigan,Unknown
ai_integration,217000,5,-,Unknown,Information Technology
none,228800,4,Bachelor's,California,Information Technology
none,101378,,-,Illinois,Media & Communication
none,150340,6,-,Massachusetts,Media & Communication
none,181636,1,Master's,California,Information Technology
none,80000,2,Bachelor's,Texas,Education
none,89506,1,Master's,Georgia,Information Technology
none,90000,5,-,Utah,Unknown
ai_integration,132467,5,Bachelor's,Virginia,Management & Consulting
none,149000,7,Bachelor's,District of Columbia,Management & Consulting
none,152500,5,-,Illinois,Information Technology
none,102746,5,-,Virginia,Information Technology
applied_ai,149500,2,-,California,Information Technology
none,114000,3,Bachelor's,New Jersey,Information Technology
none,182500,5,Bachelor's,New York State,Information Technology
none,98067,7,-,Florida,Management & Consulting
none,106999,,Master's,California,Information Technology
none,114504,4,-,Texas,Unknown
none,157000,2,High School,District of Columbia,Information Technology
none,96888,5,Bachelor's,Texas,Information Technology
none,96000,0,Bachelor's,Virginia,Financial Services
none,161300,2,-,New York State,Information Technology
none,125000,5,Bachelor's,Unknown,Human Resources & Staffing
none,118403,5,Bachelor's,California,Information Technology
none,86286,2,Master's,New Jersey,Information Technology
none,100446,5,Bachelor's,New Jersey,Unknown
none,113250,5,-,Unknown,Information Technology
none,129052,7,-,Virginia,Unknown
none,72625,.5,Master's,Michigan,Information Technology
none,155709,5,Bachelor's,Texas,Unknown
none,114691,,Master's,Michigan,Media & Communication
none,96472,0,Bachelor's,California,Unknown
none,116649,10,Bachelor's,Texas,Manufacturing
none,128616,3,Bachelor's,Unknown,Pharmaceutical & Biotechnology
none,98998,3,Associate,Virginia,Information Technology
applied_ai,149661,,-,Texas,Information Technology
applied_ai,96737,5,Bachelor's,South Dakota,Information Technology
none,104942,6,High School,New York State,Education
none,118970,,Bachelor's,Washington State,Information Technology
none,141500,5,-,Unknown,Education
none,91045,.5,Master's,New Jersey,Information Technology
none,107039,5,-,California,Unknown
none,161300,5,-,California,Information Technology
none,129000,3,Bachelor's,Virginia,Financial Services
ai_integration,126950,8,-,Unknown,Insurance
ai_integration,132500,10,Bachelor's,Minnesota,Financial Services
none,83258,.5,Bachelor's,New Jersey,Information Technology
ai_integration,163000,5,Bachelor's,Virginia,Financial Services
none,81159,3,-,New Jersey,Information Technology
none,250000,7,High School,California,Unknown
none,165000,6,Bachelor's,California,Education
none,112000,8,High School,Unknown,Information Technology
none,149850,7,-,Unknown,Healthcare
none,115726,5,Bachelor's,Oregon,Unknown
none,113250,5,-,Unknown,Management & Consulting
none,130529,5,Bachelor's,Virginia,Information Technology
none,145000,5,-,Unknown,Information Technology
none,112519,5,-,Kentucky,Information Technology
none,135000,3,Bachelor's,Virginia,Information Technology
none,94388,6,Bachelor's,New Mexico,Information Technology
none,144158,5,Bachelor's,Maryland,Insurance
none,167500,5,-,California,Unknown
none,148320,5,Bachelor's,Minnesota,Healthcare
none,125220,3,Bachelor's,Illinois,Retail & Wholesale
none,141750,6,Bachelor's,Texas,Manufacturing
none,227000,5,-,Unknown,Information Technology
none,125000,3,Bachelor's,Georgia,Retail & Wholesale
none,61081,5,-,Georgia,Unknown
none,132370,5,Bachelor's,California,Unknown
none,112421,5,Bachelor's,Florida,Transportation & Logistics
none,130278,10,Bachelor's,Pennsylvania,Information Technology
applied_ai,96945,5,Bachelor's,Ohio,Financial Services
none,109200,2,Bachelor's,North Carolina,Retail & Wholesale
applied_ai,105000,1,-,California,Unknown
applied_ai,198800,,-,California,Information Technology
none,143500,5,Bachelor's,Unknown,Information Technology
none,69590,3,-,Mississippi,Education
applied_ai,121000,7,Bachelor's,South Carolina,Information Technology
applied_ai,106815,5,-,Maine,Information Technology
applied_ai,93807,3,-,Tennessee,Government & Public Administration
applied_ai,97500,4,Bachelor's,New Jersey,Financial Services
applied_ai,108958,3,Bachelor's,Massachusetts,Unknown
none,114458,3,Bachelor's,Texas,Unknown
applied_ai,140000,10,Bachelor's,Texas,Unknown
none,92000,3,Bachelor's,Unknown,Insurance
applied_ai,167500,3,-,California,Unknown
none,104047,5,-,Delaware,Manufacturing
applied_ai,139608,3,Bachelor's,California,Unknown
none,150000,3,Bachelor's,Unknown,Legal
applied_ai,107500,4,-,Utah,Insurance
applied_ai,445000,,-,Unknown,Information Technology
none,115250,4,-,Unknown,Healthcare
applied_ai,179500,7,-,Missouri,Financial Services
none,131673,3,-,North Carolina,Management & Consulting
applied_ai,108000,,-,Connecticut,Information Technology
none,80000,3,Bachelor's,Nebraska,Education
none,157500,5,-,Unknown,Media & Communication
applied_ai,179000,8,-,Texas,"Energy, Mining & Utilities"
none,116850,2,Bachelor's,Maryland,Management & Consulting
applied_ai,171700,5,Bachelor's,Unknown,Information Technology
none,138100,1,-,Washington State,Information Technology
applied_ai,128525,2,Bachelor's,California,Financial Services
none,118124,5,-,West Virginia,Unknown
applied_ai,113919,5,-,Illinois,Information Technology
ai_integration,119452,,Bachelor's,Texas,Real Estate
none,207500,5,-,California,Information Technology
applied_ai,190500,6,-,California,Financial Services
none,159750,5,-,California,Media & Communication
none,140000,,-,North Carolina,Financial Services
applied_ai,133000,4,Bachelor's,Minnesota,Retail & Wholesale
applied_ai,150000,5,Bachelor's,Massachusetts,Information Technology
none,115000,6,Bachelor's,Unknown,Information Technology
applied_ai,112000,3,Bachelor's,Illinois,Healthcare
none,160555,8,Bachelor's,Georgia,Information Technology
none,99224,6,-,Florida,Restaurants & Food Service
applied_ai,157500,5,-,New York State,Media & Communication
none,138000,5,-,Unknown,Unknown
applied_ai,149850,10,-,California,Aerospace & Defense
none,123150,2,-,California,Retail & Wholesale
applied_ai,83000,4,-,New York State,Education
none,74062,0,Bachelor's,Mississippi,Retail & Wholesale
none,84049,0,Associate,Idaho,Retail & Wholesale
none,147500,3,-,New Jersey,Unknown
applied_ai,122500,3,Bachelor's,North Carolina,Pharmaceutical & Biotechnology
none,130000,,Bachelor's,Unknown,Information Technology
none,129175,3,Bachelor's,Pennsylvania,Aerospace & Defense
none,97203,0,-,Indiana,Unknown
applied_ai,77500,0,Bachelor's,Pennsylvania,Unknown
none,87465,3,Bachelor's,Ohio,Pharmaceutical & Biotechnology
ai_integration,330000,,-,California,Management & Consulting
applied_ai,118008,,Bachelor's,South Carolina,Manufacturing
ai_integration,145000,,-,New York State,Media & Communication
ai_integration,99230,6,-,Pennsylvania,Pharmaceutical & Biotechnology
ai_integration,136000,5,-,California,Aerospace & Defense
applied_ai,175000,,-,Unknown,Manufacturing
none,78790,,-,Unknown,Healthcare
none,70754,5,-,Pennsylvania,Unknown
none,104557,7,Bachelor's,Wisconsin,Agriculture
none,194000,4,-,Unknown,Telecommunications
applied_ai,110160,2,Master's,Oregon,Manufacturing
none,104748,5,Bachelor's,Missouri,Healthcare
none,91975,3,Bachelor's,Florida,Healthcare
none,115000,5,-,Unknown,Insurance
none,90000,3,Bachelor's,Virginia,Financial Services
none,103478,0,-,Pennsylvania,Financial Services
none,88354,,Bachelor's,Texas,Financial Services
none,158000,3,-,Washington State,Information Technology
applied_ai,185000,12,Bachelor's,Unknown,Information Technology
none,115093,,-,Oregon,Unknown
applied_ai,125000,3,Bachelor's,California,Information Technology
none,113300,1,Bachelor's,Connecticut,Healthcare
applied_ai,146000,5,Bachelor's,Illinois,Healthcare
applied_ai,145500,5,High School,Georgia,Information Technology
none,96750,5,Bachelor's,Unknown,Healthcare
none,77500,2,Bachelor's,Illinois,Media & Communication
applied_ai,330000,3,-,California,Management & Consulting
none,202500,3,Bachelor's,New York State,Financial Services
none,105000,5,Bachelor's,Colorado,Unknown
none,113250,,Bachelor's,Massachusetts,Pharmaceutical & Biotechnology
ai_integration,122395,2,Bachelor's,Utah,Aerospace & Defense
ai_integration,152375,5,-,Georgia,Management & Consulting
ai_integration,185000,,-,Unknown,Unknown
none,121700,4,Bachelor's,Unknown,Insurance
ai_integration,85500,2,-,Illinois,Information Technology
none,97579,5,-,Michigan,Information Technology
ai_integration,83231,3,-,Ohio,Insurance
applied_ai,97500,2,-,Illinois,Manufacturing
ai_integration,80000,0,-,Pennsylvania,Information Technology
none,85357,2,Bachelor's,Michigan,Manufacturing
none,94427,,-,Pennsylvania,Insurance
none,122037,1,Bachelor's,Texas,Aerospace & Defense
ai_integration,160000,2,Bachelor's,Virginia,Aerospace & Defense
ai_integration,95654,3,Bachelor's,Wisconsin,Information Technology
none,67831,2,Bachelor's,Iowa,"Energy, Mining & Utilities"
applied_ai,112500,2,-,Unknown,"Energy, Mining & Utilities"
applied_ai,113103,5,Bachelor's,Wisconsin,Education
ai_integration,115000,3,Bachelor's,Unknown,Unknown
none,125000,3,Bachelor's,Unknown,Information Technology
none,86634,6,-,Maine,"Construction, Repair & Maintenance Services"
ai_integration,129621,3,-,Georgia,Transportation & Logistics
applied_ai,120000,,Bachelor's,Unknown,Unknown
none,119500,4,Bachelor's,Missouri,Financial Services
none,123670,2,Bachelor's,California,Financial Services
ai_integration,145000,5,-,Unknown,Unknown
none,93695,5,Bachelor's,Tennessee,Financial Services
applied_ai,100775,6,Bachelor's,Florida,Healthcare
none,86839,1,Bachelor's,Ohio,"Energy, Mining & Utilities"
none,105000,2,Bachelor's,New Jersey,Manufacturing
applied_ai,86806,2,Bachelor's,Georgia,Financial Services
none,94000,3,Bachelor's,Washington State,Information Technology
applied_ai,176135,7,Bachelor's,Pennsylvania,Pharmaceutical & Biotechnology
ai_integration,145000,1,-,California,Aerospace & Defense
applied_ai,125108,7,-,Texas,Retail & Wholesale
none,88600,3,Bachelor's,Texas,Manufacturing
none,141500,2,Bachelor's,California,Unknown
applied_ai,161000,2,-,Georgia,Legal
none,174919,10,Bachelor's,Tennessee,Real Estate
none,110000,3,Bachelor's,New Jersey,Financial Services
none,106934,5,Bachelor's,Georgia,Information Technology
applied_ai,99973,8,Bachelor's,Florida,Real Estate
ai_integration,178050,5,Bachelor's,Washington State,Insurance
ai_integration,51911,2,Master's,Maine,Unknown
none,130863,,Bachelor's,Virginia,Management & Consulting
applied_ai,140000,,-,Unknown,Unknown
none,122500,5,-,Unknown,Information Technology
none,100000,5,Bachelor's,Arkansas,Unknown
none,95463,5,-,Indiana,Financial Services
none,92040,5,-,Iowa,Manufacturing
ai_integration,87500,2,-,Tennessee,Healthcare
none,103426,10,Bachelor's,Idaho,Government & Public Administration
applied_ai,149750,4,Bachelor's,Texas,Information Technology
ai_integration,135000,3,Bachelor's,Unknown,"Construction, Repair & Maintenance Services"
none,127500,5,-,Unknown,Legal
ai_integration,75411,2,Bachelor's,Puerto Rico,Unknown
ai_integration,83981,3,Bachelor's,Florida,Hotels & Travel Accommodation
ai_integration,133850,5,Bachelor's,Illinois,Transportation & Logistics
none,132500,0,Bachelor's,California,Unknown
ai_integration,147000,,-,California,Manufacturing
none,115559,,-,Virginia,Information Technology
applied_ai,147594,4,Bachelor's,Utah,Aerospace & Defense
ai_integration,98725,4,-,New York State,Manufacturing
ai_integration,120052,5,Bachelor's,Georgia,Manufacturing
none,90990,3,Associate,Arizona,Government & Public Administration
ai_integration,117858,.5,Bachelor's,Rhode Island,Healthcare
ai_integration,106502,3,Bachelor's,Missouri,Insurance
ai_integration,141173,12,Bachelor's,Alabama,Manufacturing
ai_integration,179450,7,-,California,Manufacturing
applied_ai,110000,2,Bachelor's,Unknown,Unknown
none,88050,,Bachelor's,Wisconsin,Aerospace & Defense
ai_integration,108470,5,-,Oregon,Pharmaceutical & Biotechnology
none,124550,5,-,Unknown,Management & Consulting
none,150684,3,Bachelor's,Washington State,Unknown
ai_integration,115000,,-,Colorado,Financial Services
none,107000,2,Bachelor's,Washington State,Information Technology
ai_integration,138750,5,-,Unknown,Information Technology
ai_integration,152500,12,Bachelor's,Unknown,Information Technology
ai_integration,205750,5,Bachelor's,Unknown,Information Technology
ai_integration,177500,5,Bachelor's,Nevada,Information Technology
none,86949,1,Bachelor's,Idaho,Agriculture
none,198000,1,-,California,Information Technology
none,115500,3,Bachelor's,Arizona,Healthcare
none,124944,6,Bachelor's,California,Information Technology
none,94829,1,Bachelor's,Kansas,Manufacturing
ai_integration,110000,3,-,Florida,Media & Communication
none,124550,5,-,Unknown,Information Technology
none,157000,8,Bachelor's,Florida,Financial Services
none,111832,4,Bachelor's,Maine,Healthcare
none,91700,3,Bachelor's,Florida,Financial Services
none,88172,5,Bachelor's,Utah,Personal Consumer Services
applied_ai,188350,5,-,Unknown,Information Technology
none,82500,0,Bachelor's,Texas,Healthcare
applied_ai,165000,3,-,Massachusetts,Unknown
applied_ai,131350,3,Bachelor's,North Carolina,Legal
applied_ai,148955,3,Master's,New York State,Information Technology
none,90143,3,Bachelor's,Iowa,Healthcare
applied_ai,87211,2,Bachelor's,Virginia,Information Technology
none,109483,3,Bachelor's,Connecticut,Financial Services
none,95000,3,-,Oregon,Information Technology
none,106248,,-,Ohio,Aerospace & Defense
applied_ai,146750,,-,Massachusetts,Retail & Wholesale
applied_ai,102724,3,Bachelor's,Georgia,Financial Services
ai_integration,135000,6,Bachelor's,District of Columbia,Unknown
none,102500,3,-,Kansas,Information Technology
none,132808,6,Bachelor's,California,Pharmaceutical & Biotechnology
none,106000,5,Bachelor's,Unknown,Financial Services
none,68303,2,Bachelor's,Kentucky,Government & Public Administration
none,130000,4,-,Florida,Human Resources & Staffing
ai_integration,95000,,-,Unknown,Unknown
applied_ai,126800,8,Bachelor's,Unknown,Management & Consulting
none,141050,10,Bachelor's,Unknown,Information Technology
applied_ai,119959,2,Bachelor's,Massachusetts,Information Technology
applied_ai,125206,,-,Texas,Healthcare
none,150000,4,Bachelor's,Maryland,Information Technology
none,120500,5,Bachelor's,Unknown,Information Technology
none,125000,5,Bachelor's,Unknown,Healthcare
none,175000,3,Bachelor's,Unknown,Human Resources & Staffing
applied_ai,185000,6,-,Unknown,Information Technology
ai_integration,95106,,Bachelor's,Kansas,Financial Services
none,107398,,-,California,Unknown
applied_ai,127000,5,Bachelor's,Ohio,Retail & Wholesale
none,142500,0,Bachelor's,Oregon,Unknown
none,125000,,Bachelor's,California,Information Technology
applied_ai,101943,7,Bachelor's,Wisconsin,Manufacturing
applied_ai,91068,2,Bachelor's,Illinois,Pharmaceutical & Biotechnology
none,155000,5,Bachelor's,Georgia,Healthcare
none,98539,5,Bachelor's,Alabama,Unknown
ai_integration,166320,2,-,Illinois,Information Technology
none,93469,3,Bachelor's,Missouri,Manufacturing
ai_integration,140000,5,-,Unknown,Government & Public Administration
applied_ai,206450,5,-,California,Manufacturing
none,132300,0,Master's,Washington State,Information Technology
none,115265,,-,California,Financial Services
applied_ai,185000,3,-,Unknown,Information Technology
ai_integration,105000,3,Bachelor's,Unknown,Healthcare
none,120050,2,-,Unknown,Information Technology
none,95415,5,Bachelor's,Wisconsin,Unknown
none,134125,3,-,Georgia,"Arts, Entertainment & Recreation"
applied_ai,107500,5,-,Unknown,Information Technology
none,141000,5,Bachelor's,New Jersey,Financial Services
none,105064,4,Bachelor's,Idaho,Agriculture
none,174500,4,Bachelor's,Unknown,Information Technology
applied_ai,159850,4,-,California,Information Technology
none,101544,,-,North Carolina,Financial Services
applied_ai,115403,3,Bachelor's,Pennsylvania,Healthcare
none,99000,5,Bachelor's,Florida,Nonprofit & NGO
none,102162,,-,Florida,Unknown
none,99904,,Bachelor's,Oklahoma,Healthcare
applied_ai,161905,3,Bachelor's,Virginia,Nonprofit & NGO
applied_ai,142750,5,Bachelor's,Unknown,"Arts, Entertainment & Recreation"
none,160000,,Bachelor's,California,Aerospace & Defense
none,104025,3,Bachelor's,Unknown,Financial Services
ai_integration,181400,5,Bachelor's,Utah,Information Technology
applied_ai,107500,2,-,Unknown,Unknown
none,90000,1,Bachelor's,California,Financial Services
applied_ai,113000,2,Bachelor's,Illinois,Healthcare
none,98883,1,Bachelor's,California,Insurance
none,162550,5,Bachelor's,California,Unknown
applied_ai,120000,5,-,Oklahoma,Information Technology
applied_ai,112500,5,Bachelor's,Unknown,"Energy, Mining & Utilities"
none,135000,2,-,Arkansas,Retail & Wholesale
none,102246,,-,Georgia,Information Technology
applied_ai,106982,,Bachelor's,Alabama,Manufacturing
none,101450,3,Bachelor's,Virginia,Information Technology
none,93654,6,Bachelor's,Nebraska,Information Technology
none,97177,0,Bachelor's,Florida,Information Technology
none,84200,,Bachelor's,Indiana,"Energy, Mining & Utilities"
none,144246,5,Bachelor's,California,Financial Services
applied_ai,152929,0,Bachelor's,California,Information Technology
none,181000,3,Bachelor's,Pennsylvania,Information Technology
none,103536,2,Bachelor's,Texas,Financial Services
none,135000,2,Bachelor's,Arkansas,Retail & Wholesale
ai_integration,165000,5,-,Unknown,Unknown
applied_ai,179864,8,Bachelor's,California,Education
none,81500,,Bachelor's,South Dakota,Manufacturing
applied_ai,111322,,Bachelor's,Colorado,Manufacturing
none,134666,12,-,Florida,Unknown
none,152955,5,Bachelor's,Iowa,Healthcare
none,112500,5,-,Unknown,Insurance
ai_integration,118772,4,Bachelor's,Unknown,Financial Services
none,182449,,-,California,Information Technology
ai_integration,98383,5,-,Utah,Financial Services
none,165325,5,-,Unknown,Information Technology
none,91987,4,Bachelor's,Washington State,Information Technology
none,90838,1,Master's,Massachusetts,Information Technology
ai_integration,100000,2,-,South Carolina,Media & Communication
applied_ai,103661,5,-,Florida,Retail & Wholesale
none,120000,5,Bachelor's,Maryland,Information Technology
none,80251,3,Bachelor's,Ohio,Education
ai_integration,109613,2,Bachelor's,New York State,Manufacturing
ai_integration,106815,5,Bachelor's,Oregon,Human Resources & Staffing
ai_integration,110000,2,Bachelor's,Unknown,Healthcare
ai_integration,115000,8,Bachelor's,Unknown,Healthcare
none,180000,4,-,Unknown,Media & Communication
applied_ai,193000,3,Bachelor's,California,Information Technology
applied_ai,120983,5,-,Texas,Retail & Wholesale
ai_integration,100294,5,-,Texas,Healthcare
applied_ai,135000,,-,Rhode Island,Unknown
ai_integration,104754,4,-,Texas,Media & Communication
applied_ai,127500,5,Bachelor's,Unknown,Information Technology
applied_ai,155000,5,-,California,Manufacturing
applied_ai,132643,6,Bachelor's,North Carolina,Media & Communication
ai_integration,169125,8,Bachelor's,Arizona,Financial Services
ai_integration,109130,3,-,Delaware,Financial Services
none,102101,4,-,Florida,Unknown
applied_ai,95175,3,Bachelor's,Massachusetts,Nonprofit & NGO
applied_ai,140000,6,Bachelor's,Unknown,Information Technology
none,150000,7,-,Colorado,Financial Services
applied_ai,150000,5,Bachelor's,California,Unknown
ai_integration,121410,,Bachelor's,Arizona,Management & Consulting
ai_integration,118381,8,Bachelor's,Georgia,Information Technology
none,95123,3,Bachelor's,Tennessee,Healthcare
none,126920,5,Bachelor's,Unknown,Financial Services
applied_ai,134453,5,Master's,California,Manufacturing
none,100000,7,Bachelor's,Unknown,Manufacturing
none,122310,2,Bachelor's,Rhode Island,Manufacturing
none,94212,,-,Montana,Unknown
none,115000,5,Bachelor's,Minnesota,Manufacturing
applied_ai,104236,,-,Massachusetts,Unknown
none,128819,,-,Minnesota,Information Technology
none,117500,4,-,Texas,Information Technology
applied_ai,165136,,Master's,California,Telecommunications
none,120000,2,Bachelor's,Virginia,Financial Services
ai_integration,137500,5,-,New York State,Media & Communication
none,132580,,Bachelor's,North Carolina,Information Technology
none,148447,10,Bachelor's,Pennsylvania,Insurance
none,188929,,-,California,Information Technology
none,140106,2,-,District of Columbia,"Construction, Repair & Maintenance Services"
none,152929,0,-,California,Information Technology
none,122706,,-,Oregon,Unknown
none,137709,4,Bachelor's,California,Unknown
applied_ai,125475,5,Bachelor's,Unknown,Financial Services
none,90000,4,Bachelor's,Unknown,Information Technology
applied_ai,124543,5,Bachelor's,Nevada,"Arts, Entertainment & Recreation"
none,160750,2,-,Unknown,Nonprofit & NGO
none,115000,4,-,New Jersey,Media & Communication
none,175000,5,-,Unknown,Unknown
applied_ai,132213,,-,Unknown,Unknown
none,93068,3,Bachelor's,Colorado,Information Technology
applied_ai,146000,3,-,Washington State,Financial Services
none,135000,5,Bachelor's,Unknown,Manufacturing
none,110000,2,Bachelor's,Washington State,Financial Services
none,155000,10,-,Unknown,Information Technology
none,127500,,Bachelor's,California,Financial Services
applied_ai,110000,4,Bachelor's,Unknown,Information Technology
none,127414,5,Bachelor's,Arizona,Information Technology
none,172000,3,-,Illinois,Manufacturing
applied_ai,160000,4,Bachelor's,New York State,Financial Services
none,212500,5,Bachelor's,New York State,Financial Services
applied_ai,112500,2,Bachelor's,Unknown,Pharmaceutical & Biotechnology
none,127500,7,Bachelor's,Colorado,Media & Communication
applied_ai,167500,0,Bachelor's,Washington State,Information Technology
applied_ai,89474,4,-,Texas,Aerospace & Defense
none,120204,5,-,Ohio,Financial Services
none,140000,2,Bachelor's,New York State,Healthcare
ai_integration,155000,5,Bachelor's,Unknown,Human Resources & Staffing
applied_ai,128220,5,-,Texas,Retail & Wholesale
none,196600,3,Bachelor's,Washington State,Aerospace & Defense
applied_ai,205000,5,-,New York State,Unknown
none,135000,5,Bachelor's,North Carolina,Human Resources & Staffing
none,140000,,-,Virginia,Information Technology
none,126000,2,Bachelor's,Maryland,Information Technology
applied_ai,132700,4,Bachelor's,Georgia,"Energy, Mining & Utilities"
ai_integration,207500,7,Bachelor's,California,Information Technology
none,106503,5,Bachelor's,Florida,Unknown
ai_integration,100000,,Bachelor's,Ohio,Media & Communication
none,148625,8,Bachelor's,Texas,Legal
none,135000,3,-,New York State,Financial Services
applied_ai,102575,,Bachelor's,Texas,Information Technology
none,115907,5,Bachelor's,Texas,Human Resources & Staffing
none,97802,2,-,South Carolina,Unknown
none,105494,,Bachelor's,North Carolina,Financial Services
applied_ai,117767,6,Bachelor's,Georgia,Financial Services
applied_ai,102500,2,-,Massachusetts,Management & Consulting
none,114792,8,Bachelor's,Texas,Information Technology
none,114691,,Master's,Michigan,Media & Communication
applied_ai,139900,3,Bachelor's,California,Pharmaceutical & Biotechnology
none,119007,,Bachelor's,Louisiana,Human Resources & Staffing
none,116950,3,Bachelor's,Florida,Financial Services
applied_ai,85000,6,Bachelor's,Illinois,Education
none,94432,2,Bachelor's,New Jersey,Unknown
none,118000,3,Bachelor's,Colorado,Information Technology
none,102611,6,Bachelor's,Texas,Unknown
ai_integration,150000,8,-,Unknown,Information Technology
none,83461,5,Bachelor's,Florida,Media & Communication
ai_integration,170000,5,Bachelor's,Texas,Unknown
ai_integration,195290,6,-,Unknown,Unknown
none,99024,3,Bachelor's,Massachusetts,Unknown
none,199800,6,-,New York State,Information Technology
none,105166,2,Bachelor's,Florida,Real Estate
applied_ai,157500,6,Bachelor's,Unknown,Healthcare
none,98749,5,Bachelor's,North Carolina,"Construction, Repair & Maintenance Services"
applied_ai,193000,8,Bachelor's,Unknown,Information Technology
none,117500,6,Bachelor's,California,Unknown
none,124414,5,Bachelor's,Texas,Management & Consulting
applied_ai,222500,5,Bachelor's,New York State,Unknown
none,110000,4,-,Unknown,Information Technology
applied_ai,92568,4,Bachelor's,Illinois,Pharmaceutical & Biotechnology
none,106982,,-,Oregon,Unknown
applied_ai,187500,,-,California,Information Technology
none,125250,5,Bachelor's,Texas,Healthcare
applied_ai,108621,3,Bachelor's,North Carolina,Unknown
none,225000,10,Bachelor's,Unknown,Unknown
none,134000,4,Bachelor's,California,Healthcare
ai_integration,137800,5,Bachelor's,Illinois,Manufacturing
ai_integration,160000,10,-,Unknown,Pharmaceutical & Biotechnology
none,106279,5,Bachelor's,Indiana,Unknown
applied_ai,117709,5,Bachelor's,Rhode Island,Financial Services
none,85083,1,Bachelor's,Florida,Financial Services
none,86269,.5,Master's,Texas,Information Technology
ai_integration,125000,5,Bachelor's,Colorado,Information Technology
ai_integration,162876,3,Master's,Massachusetts,Manufacturing
ai_integration,117500,2,Bachelor's,Georgia,Unknown
none,80415,3,-,Michigan,Human Resources & Staffing
applied_ai,77500,,-,Texas,Unknown
applied_ai,134824,5,-,Texas,Financial Services
ai_integration,108262,5,Bachelor's,Georgia,Transportation & Logistics
none,117000,5,Bachelor's,California,Manufacturing
none,113500,4,Bachelor's,Unknown,Media & Communication
applied_ai,120000,3,Bachelor's,Unknown,Information Technology
none,155000,3,Bachelor's,New York State,Media & Communication
ai_integration,81163,,-,Missouri,Information Technology
ai_integration,79500,2,Bachelor's,Illinois,Healthcare
ai_integration,190000,,Bachelor's,Maryland,Unknown
ai_integration,180000,7,Master's,Unknown,Healthcare
applied_ai,112500,4,Bachelor's,Massachusetts,Management & Consulting
none,108836,,Bachelor's,New Jersey,Information Technology
none,75223,,Bachelor's,New Jersey,Unknown
none,138850,4,-,Colorado,Information Technology
ai_integration,161300,3,-,California,Information Technology
none,134170,5,Bachelor's,Pennsylvania,Financial Services
ai_integration,169717,,-,California,Information Technology
none,98975,5,Bachelor's,Oregon,Unknown
ai_integration,117500,1,Master's,Georgia,Unknown
applied_ai,101130,5,Bachelor's,Illinois,Pharmaceutical & Biotechnology
ai_integration,112170,3,Bachelor's,California,Information Technology
ai_integration,117000,3,Bachelor's,California,Information Technology
none,156500,,-,Texas,Information Technology
ai_integration,163000,5,-,California,Information Technology
none,87348,1,Bachelor's,Georgia,Information Technology
applied_ai,134100,5,Bachelor's,New Jersey,Financial Services
ai_integration,128240,4,-,Illinois,Retail & Wholesale
none,122000,5,Bachelor's,Massachusetts,Unknown
ai_integration,80000,,Bachelor's,California,Healthcare
none,168570,1,Bachelor's,Washington State,Information Technology
ai_integration,130750,5,Bachelor's,Rhode Island,Insurance
applied_ai,167665,3,-,California,Education
applied_ai,148035,3,Bachelor's,Texas,Information Technology
none,185000,4,Bachelor's,Colorado,Unknown
none,120000,5,-,California,Financial Services
ai_integration,168175,5,Bachelor's,California,Information Technology
none,114345,5,-,Texas,Unknown
none,99742,2,Master's,Georgia,Information Technology
none,79835,1,Bachelor's,New Jersey,Information Technology
none,106800,4,-,California,Manufacturing
none,127732,5,-,Massachusetts,Information Technology
applied_ai,124305,3,-,California,Unknown
none,140000,3,Bachelor's,Illinois,Management & Consulting
none,107659,3,-,Texas,Healthcare
applied_ai,138500,5,-,South Carolina,Information Technology
none,140000,5,-,Unknown,Financial Services
none,95494,3,-,New Jersey,Information Technology
none,122147,,Bachelor's,Texas,Unknown
none,112500,,-,Illinois,Information Technology
none,94514,,Master's,Nevada,Unknown
none,114250,5,Bachelor's,Illinois,Insurance
applied_ai,192500,5,-,California,Financial Services
none,89294,2,Associate,Utah,Information Technology
applied_ai,184000,3,Bachelor's,California,Information Technology
none,165000,5,-,California,Financial Services
applied_ai,155000,5,-,California,Human Resources & Staffing
applied_ai,185000,0,Master's,California,Information Technology
applied_ai,152500,3,Bachelor's,Georgia,Insurance
applied_ai,155000,5,-,Colorado,Management & Consulting
applied_ai,194792,1,Master's,California,Management & Consulting
applied_ai,150000,3,-,California,Information Technology
none,111985,5,-,Texas,Information Technology
applied_ai,190000,4,Bachelor's,California,Unknown
ai_integration,122500,5,-,Massachusetts,Information Technology
applied_ai,132500,7,-,Unknown,Information Technology
none,101440,2,-,Michigan,Insurance
applied_ai,160000,3,-,Unknown,Financial Services
none,104273,,Bachelor's,Michigan,Financial Services
none,160036,5,-,California,Unknown
none,102451,,-,Texas,Unknown
none,117801,,-,New Jersey,Unknown
applied_ai,139500,4,Bachelor's,Arkansas,Financial Services
none,182500,4,-,Washington State,Information Technology
applied_ai,142781,6,Bachelor's,California,Insurance
applied_ai,95000,2,Bachelor's,Massachusetts,Unknown
none,65000,3,-,Unknown,Unknown
applied_ai,187500,2,Bachelor's,California,Information Technology
none,130900,5,Bachelor's,New York State,Healthcare
none,101100,3,Bachelor's,Arizona,Unknown
applied_ai,124001,5,-,Unknown,Healthcare
ai_integration,101609,3,Bachelor's,Florida,Financial Services
none,140000,4,Bachelor's,New York State,Media & Communication
applied_ai,101796,5,Bachelor's,Georgia,Unknown
applied_ai,110000,5,-,Unknown,Unknown
applied_ai,120550,8,-,Maryland,Information Technology
applied_ai,153500,4,-,California,Information Technology
applied_ai,100000,5,-,New York State,Nonprofit & NGO
none,155000,5,-,Arizona,Financial Services
none,100500,4,Bachelor's,Illinois,Financial Services
none,90000,4,-,New York State,Unknown
none,161300,5,-,California,Information Technology
none,195686,5,-,Illinois,Information Technology
none,179000,5,-,California,Information Technology
none,150391,,Master's,Texas,Information Technology
none,105273,2,Bachelor's,Texas,Management & Consulting
applied_ai,145100,5,Bachelor's,Washington State,Healthcare
none,106588,,Bachelor's,Massachusetts,Management & Consulting
none,150000,2,-,Unknown,Financial Services
none,150000,10,Bachelor's,California,Information Technology
none,119571,5,-,California,"Energy, Mining & Utilities"
applied_ai,140024,8,-,California,Unknown
none,91035,4,Bachelor's,California,Information Technology
none,139377,3,-,Texas,Management & Consulting
ai_integration,162415,3,-,California,Information Technology
none,115486,5,Bachelor's,North Carolina,Unknown
none,127564,5,-,Massachusetts,Pharmaceutical & Biotechnology
applied_ai,116470,5,-,Oregon,Insurance
ai_integration,180000,,-,California,Information Technology
none,102426,9,-,New Jersey,Information Technology
applied_ai,107301,5,Bachelor's,Pennsylvania,Information Technology
applied_ai,150000,5,-,California,Information Technology
none,88595,3,-,Colorado,Information Technology
applied_ai,114909,,-,Washington State,Unknown
ai_integration,100550,1.08,-,Unknown,Retail & Wholesale
none,103922,1,-,Arizona,Information Technology
none,95650,2,Associate,Colorado,Telecommunications
none,175979,6,-,Virginia,Aerospace & Defense
none,128675,2,Associate,Unknown,Management & Consulting
applied_ai,75000,0,-,Unknown,Unknown
none,92693,,-,Unknown,Media & Communication
none,84069,0,Bachelor's,California,Aerospace & Defense
none,95000,3,-,California,Manufacturing
none,87746,3,High School,New York State,Education
ai_integration,159300,4,Bachelor's,Kansas,Telecommunications
applied_ai,96765,1,Bachelor's,North Carolina,Insurance
none,198000,5,-,Maryland,Aerospace & Defense
applied_ai,200000,4,Bachelor's,California,Information Technology
none,137350,5,Bachelor's,Florida,Financial Services
none,122500,5,Bachelor's,California,Unknown
none,140027,4,Bachelor's,Ohio,Pharmaceutical & Biotechnology
none,97250,0,Bachelor's,Unknown,Information Technology
applied_ai,95340,5,Bachelor's,Tennessee,Information Technology
none,97500,7,Bachelor's,Oregon,Information Technology
none,100633,0,Bachelor's,California,Aerospace & Defense
none,136875,2,Bachelor's,Illinois,Information Technology
none,114067,2,Bachelor's,Texas,Aerospace & Defense
none,198000,11,-,Virginia,Aerospace & Defense
ai_integration,122500,,Bachelor's,Unknown,Information Technology
none,100000,0,Bachelor's,Virginia,Aerospace & Defense
none,95000,5,Bachelor's,Minnesota,Information Technology
none,190000,2,-,New York State,Unknown
applied_ai,190550,3,Bachelor's,California,Information Technology
none,138993,,-,Indiana,Retail & Wholesale
none,83045,3,Bachelor's,Virginia,Aerospace & Defense
none,110008,4,Bachelor's,Virginia,Management & Consulting
none,140000,5,-,Unknown,Information Technology
none,87500,3,-,Unknown,Information Technology
none,235000,,-,Unknown,Information Technology
none,155000,5,Bachelor's,Alabama,Unknown
none,85000,5,-,Unknown,Information Technology
none,115976,6,Bachelor's,Virginia,Unknown
none,108501,,-,South Carolina,Government & Public Administration
none,127437,0,-,Virginia,Government & Public Administration
applied_ai,109250,0,Bachelor's,Massachusetts,Manufacturing
none,134245,0,Bachelor's,Georgia,Aerospace & Defense
none,104000,0,High School,Maryland,Information Technology
none,160000,3,-,Unknown,Information Technology
none,190750,2,Bachelor's,Unknown,Information Technology
none,150150,5,Bachelor's,Pennsylvania,Education
none,136425,10,Bachelor's,Florida,Information Technology
none,185000,5,-,Unknown,Information Technology
ai_integration,195950,,-,Unknown,Insurance
none,123500,8,Bachelor's,Utah,Aerospace & Defense
none,110008,4,Bachelor's,Virginia,Management & Consulting
none,95390,5,-,Pennsylvania,"Construction, Repair & Maintenance Services"
none,104671,5,Bachelor's,Maryland,Aerospace & Defense
none,158000,2,-,Unknown,Information Technology
none,161500,7,-,Oregon,Information Technology
core_ai,158000,2,-,Unknown,Information Technology
ai_integration,85987,2,Associate,Texas,Healthcare
none,106684,3,Bachelor's,Georgia,Retail & Wholesale
none,180000,,-,Virginia,Management & Consulting
none,80000,0,Bachelor's,Virginia,Aerospace & Defense
ai_integration,160000,4,-,Pennsylvania,Financial Services
ai_integration,135675,3,-,California,Information Technology
none,110000,5,-,Unknown,Aerospace & Defense
none,90000,3,Bachelor's,Unknown,Healthcare
none,96520,5,High School,New York State,Education
none,95000,4,-,Washington State,Manufacturing
none,97620,7,-,Virginia,"Energy, Mining & Utilities"
ai_integration,150000,,-,California,Aerospace & Defense
applied_ai,192500,6,Bachelor's,Maryland,Government & Public Administration
none,100000,3,Bachelor's,Michigan,Aerospace & Defense
none,135000,3,Bachelor's,California,Aerospace & Defense
none,59287,0,Bachelor's,Puerto Rico,Information Technology
none,92820,1,-,California,Information Technology
none,117903,,Bachelor's,Texas,Human Resources & Staffing
ai_integration,70000,0,-,South Carolina,Healthcare
ai_integration,116238,3,High School,California,Management & Consulting
none,128120,3,-,Texas,Manufacturing
none,139079,,-,Minnesota,Information Technology
none,98000,0,-,Indiana,Aerospace & Defense
none,206050,5,Associate,Unknown,Information Technology
none,98000,2,-,Florida,Aerospace & Defense
none,92330,4,Bachelor's,Florida,Aerospace & Defense
none,90270,3,Bachelor's,Connecticut,"Energy, Mining & Utilities"
none,131100,5,Bachelor's,North Carolina,Financial Services
none,142400,3,Bachelor's,Georgia,Information Technology
none,109741,5,Bachelor's,California,Human Resources & Staffing
none,84218,,-,Texas,Healthcare
none,70475,1,Bachelor's,Utah,Unknown
none,91576,5,-,Texas,Information Technology
none,115000,6,Bachelor's,Unknown,Healthcare
none,106333,,-,Georgia,Manufacturing
none,127505,,Bachelor's,Texas,Information Technology
none,130000,10,-,Unknown,Information Technology
ai_integration,172500,,-,Unknown,Unknown
none,109486,5,Bachelor's,Michigan,Manufacturing
none,105000,4,-,Unknown,Information Technology
none,101664,,-,Georgia,Healthcare
none,169100,12,Bachelor's,Unknown,Information Technology
none,115300,0,Bachelor's,Unknown,Aerospace & Defense
none,52500,2,-,Unknown,Information Technology
none,98500,3,-,Florida,Transportation & Logistics
none,97500,2,Bachelor's,Virginia,Information Technology
none,175000,,-,Hawaii,Information Technology
none,167500,7,Bachelor's,Unknown,Information Technology
ai_integration,121744,5,Bachelor's,Virginia,Education
none,145000,5,Bachelor's,California,Aerospace & Defense
none,93700,0,Bachelor's,Connecticut,Healthcare
none,109900,1.5,Bachelor's,Illinois,Information Technology
none,90000,4,-,Texas,Unknown
ai_integration,100000,3,-,California,Information Technology
none,192500,20,Bachelor's,Maryland,Government & Public Administration
none,225000,,-,Unknown,Information Technology
none,115948,2,Bachelor's,Arizona,Information Technology
applied_ai,119538,2,Bachelor's,Unknown,Aerospace & Defense
none,112500,0,Associate,Washington State,"Construction, Repair & Maintenance Services"
none,105950,5,-,California,Manufacturing
none,102502,5,Bachelor's,Connecticut,Aerospace & Defense
none,153650,5,Bachelor's,Unknown,Financial Services
none,81000,0,Bachelor's,Florida,Aerospace & Defense
none,158750,3,Bachelor's,Tennessee,Information Technology
none,125925,0,Bachelor's,California,Information Technology
none,118500,3,-,Massachusetts,Insurance
none,83904,7,Bachelor's,Indiana,Aerospace & Defense
none,57513,0,Associate,Maryland,Aerospace & Defense
none,102000,5,Bachelor's,Unknown,Information Technology
none,117500,2,Bachelor's,New York State,Management & Consulting
none,121500,0,Associate,California,"Construction, Repair & Maintenance Services"
applied_ai,155000,5,Bachelor's,California,Media & Communication
none,135877,,Bachelor's,Florida,Aerospace & Defense
ai_integration,95000,5,-,Utah,Unknown
none,90524,10,Bachelor's,Iowa,Healthcare
none,120654,4,Bachelor's,Florida,Aerospace & Defense
none,200000,4,Bachelor's,Unknown,Information Technology
none,105600,5,-,Unknown,Financial Services
none,99050,0,Bachelor's,Colorado,Information Technology
ai_integration,140000,5,Bachelor's,Unknown,Information Technology
none,70198,,-,North Carolina,Healthcare
none,112657,6,Bachelor's,Virginia,Unknown
none,97500,3,Bachelor's,Rhode Island,Aerospace & Defense
none,78879,0,Bachelor's,California,Aerospace & Defense
none,102007,8,-,New Jersey,Information Technology
none,125000,3,-,Idaho,Information Technology
none,118724,3,-,Georgia,Financial Services
ai_integration,97500,0,-,California,Information Technology
none,100800,,-,Maryland,Education
applied_ai,160375,4,Bachelor's,California,Information Technology
none,158000,2,Bachelor's,Washington State,Information Technology
applied_ai,95000,4,-,Unknown,Information Technology
none,100914,6,Bachelor's,Pennsylvania,Information Technology
none,97217,5,Associate,South Carolina,Information Technology
none,145000,5,Bachelor's,Pennsylvania,Unknown
none,168175,5,-,Arizona,Information Technology
none,105533,2,Bachelor's,New Jersey,Aerospace & Defense
none,105000,,-,California,Unknown
none,150000,5,-,Unknown,Insurance
none,104379,3,-,Georgia,Media & Communication
none,161500,,-,Unknown,Information Technology
applied_ai,84637,1,Bachelor's,Wisconsin,Manufacturing
none,140000,3,-,California,Aerospace & Defense
none,111722,5,-,Florida,Media & Communication
none,120875,1,-,Oklahoma,Aerospace & Defense
none,175500,12,Bachelor's,Unknown,Information Technology
none,85417,6,-,Oregon,Unknown
none,210000,20,Bachelor's,Maryland,Unknown
none,110600,3,-,Unknown,Retail & Wholesale
ai_integration,182500,3,Bachelor's,Florida,Information Technology
none,87400,2,-,Missouri,Insurance
none,115548,0,-,Maryland,Information Technology
none,104193,8,Bachelor's,District of Columbia,Management & Consulting
none,91558,5,Bachelor's,Kentucky,Manufacturing
none,136000,2,Bachelor's,Colorado,Information Technology
none,91041,5,-,Hawaii,Telecommunications
none,108194,9,Bachelor's,Arizona,Information Technology
ai_integration,107500,3,-,Unknown,Retail & Wholesale
none,105479,7,Bachelor's,Florida,Financial Services
none,110000,10,Bachelor's,North Carolina,Information Technology
none,101299,5,-,Virginia,Management & Consulting
none,112000,2,Bachelor's,Maryland,Information Technology
none,125092,10,Bachelor's,Texas,"Energy, Mining & Utilities"
none,73440,2,Bachelor's,New Jersey,Information Technology
none,77300,1,Bachelor's,Pennsylvania,"Construction, Repair & Maintenance Services"
ai_integration,110600,5,-,Unknown,Retail & Wholesale
none,102500,,-,Iowa,Information Technology
none,93161,3,-,Virginia,"Construction, Repair & Maintenance Services"
none,98632,,-,Texas,Manufacturing
none,108232,5,Bachelor's,Maryland,Unknown
none,120847,8,Bachelor's,Rhode Island,"Construction, Repair & Maintenance Services"
none,99885,,Bachelor's,Pennsylvania,Manufacturing
none,165775,5,Bachelor's,Washington State,Information Technology
none,97500,10,-,Washington State,Information Technology
none,122300,5,Bachelor's,Rhode Island,Information Technology
none,104275,3,-,Connecticut,Financial Services
none,126968,3,Bachelor's,Virginia,Aerospace & Defense
none,99753,3,Bachelor's,North Carolina,Information Technology
none,124020,3,Bachelor's,Illinois,Healthcare
none,153500,8,Bachelor's,New Jersey,Information Technology
ai_integration,114698,4,Bachelor's,Tennessee,Unknown
ai_integration,67714,0,Bachelor's,Ohio,Healthcare
none,103537,8,-,South Carolina,Financial Services
none,91669,7,Bachelor's,Georgia,Financial Services
none,141650,1,Bachelor's,Washington State,Restaurants & Food Service
none,97500,,-,Oregon,Unknown
none,132300,,Bachelor's,Washington State,Information Technology
none,135000,4,-,Unknown,Government & Public Administration
none,110453,0,Bachelor's,Florida,Aerospace & Defense
none,80000,,Bachelor's,New Jersey,Unknown
none,95839,,Bachelor's,Missouri,Manufacturing
ai_integration,116238,7,High School,California,Management & Consulting
none,121358,,Bachelor's,Maryland,Unknown
none,177025,10,Bachelor's,Virginia,Aerospace & Defense
none,60000,1,Bachelor's,District of Columbia,Aerospace & Defense
none,148700,5,Bachelor's,Washington State,Restaurants & Food Service
none,75000,3,-,Pennsylvania,Government & Public Administration
none,224800,7,-,Texas,Information Technology
ai_integration,187500,7,Bachelor's,Maryland,Unknown
none,107414,5,Bachelor's,Hawaii,Unknown
none,81500,3,Bachelor's,Virginia,Aerospace & Defense
none,96359,7,Bachelor's,Maryland,Information Technology
ai_integration,235750,8,Bachelor's,California,Information Technology
none,115000,7,-,Illinois,Healthcare
none,75000,0,Bachelor's,Maryland,Unknown
none,201365,7,High School,Rhode Island,Healthcare
none,112500,3,-,Unknown,Information Technology
none,137000,3,Bachelor's,Unknown,Manufacturing
none,206050,4,Associate,Unknown,Information Technology
applied_ai,217850,8,Bachelor's,Unknown,Information Technology
none,93258,0,Bachelor's,Virginia,Aerospace & Defense
none,102644,3,-,Unknown,Information Technology
none,100000,3,Bachelor's,Maryland,Information Technology
none,91500,,-,Wisconsin,Unknown
none,126500,3,-,North Carolina,Unknown
applied_ai,236900,5,Bachelor's,Washington State,Information Technology
none,75000,3,Associate,Texas,Human Resources & Staffing
none,80100,,Bachelor's,Massachusetts,Aerospace & Defense
none,164000,5,-,Unknown,Information Technology
none,91537,0,-,Utah,Financial Services
ai_integration,104885,8,Bachelor's,Ohio,Aerospace & Defense
none,112500,3,High School,Florida,Information Technology
none,108100,1,Bachelor's,New Jersey,Manufacturing
none,223500,20,Bachelor's,Maryland,Information Technology
none,97092,7,Bachelor's,Florida,Unknown
none,116721,5,-,Texas,Aerospace & Defense
ai_integration,101981,0,Bachelor's,Georgia,Manufacturing
none,132944,8,Bachelor's,Oregon,"Construction, Repair & Maintenance Services"
none,96246,5,Bachelor's,Florida,Healthcare
none,75000,3,-,New Jersey,Unknown
ai_integration,116817,,Bachelor's,Arizona,Manufacturing
none,115000,3,Bachelor's,New Jersey,Information Technology
none,93700,0,Bachelor's,Virginia,Information Technology
none,125000,7,-,South Carolina,Unknown
none,107500,1,Bachelor's,New York State,Healthcare
none,130776,5,-,Vermont,Information Technology
none,106624,9,Bachelor's,Georgia,Information Technology
none,155000,5,-,Unknown,Aerospace & Defense
none,157500,7,Bachelor's,Maryland,Information Technology
none,102500,3,-,California,Financial Services
none,118640,4,-,Unknown,Healthcare
ai_integration,102500,3,-,Illinois,Information Technology
none,109672,5,Associate,Idaho,Financial Services
applied_ai,200000,3,-,California,Unknown
none,117000,3,Bachelor's,Illinois,Manufacturing
none,107500,2,Bachelor's,New Jersey,"Construction, Repair & Maintenance Services"
none,125000,3,Bachelor's,Unknown,Unknown
none,142500,5,Bachelor's,Texas,Unknown
none,145000,2,-,California,Aerospace & Defense
none,109500,6,Bachelor's,Georgia,Government & Public Administration
applied_ai,182500,3,Bachelor's,Georgia,Retail & Wholesale
none,85764,1,Bachelor's,Florida,Information Technology
none,87945,5,Bachelor's,Georgia,Management & Consulting
ai_integration,130100,5,Bachelor's,New York State,Legal
applied_ai,153000,15,Bachelor's,Unknown,Information Technology
ai_integration,154055,5,Bachelor's,North Carolina,Information Technology
none,103202,5,Bachelor's,Virginia,Government & Public Administration
none,103356,3,-,Arizona,Manufacturing
none,99227,20,Master's,Florida,Aerospace & Defense
none,107500,,-,Massachusetts,Healthcare
none,166365,8,Bachelor's,Florida,Human Resources & Staffing
none,171200,10,Bachelor's,Florida,Aerospace & Defense
none,155376,8,Bachelor's,California,Pharmaceutical & Biotechnology
none,78229,,Bachelor's,Florida,Nonprofit & NGO
none,99373,6,-,Virginia,Information Technology
none,119415,20,Bachelor's,Maryland,Government & Public Administration
none,125000,0,Bachelor's,Maryland,Information Technology
none,103806,5,Bachelor's,Georgia,Education
none,132500,10,Bachelor's,Virginia,Information Technology
none,96936,5,-,New Mexico,Unknown
none,123990,10,Bachelor's,Massachusetts,Management & Consulting
none,80000,7,-,Michigan,Information Technology
none,112500,2,Associate,Virginia,Unknown
none,105000,,-,New Jersey,Media & Communication
ai_integration,110000,5,Bachelor's,Virginia,Management & Consulting
none,109684,5,-,Nevada,Personal Consumer Services
none,139744,5,-,Rhode Island,Aerospace & Defense
none,152500,5,Bachelor's,Unknown,Manufacturing
none,104003,7,Bachelor's,Maryland,Unknown
none,150000,7,Bachelor's,Unknown,Information Technology
none,105000,5,Bachelor's,Florida,Management & Consulting
none,128840,6,Bachelor's,Colorado,Aerospace & Defense
none,180518,,-,Texas,Information Technology
none,124500,5,Bachelor's,Unknown,Information Technology
none,217750,5,Bachelor's,California,Information Technology
none,200000,,Bachelor's,Virginia,Unknown
none,108334,0,Bachelor's,Virginia,Unknown
none,130000,,Bachelor's,Virginia,Information Technology
none,86023,0,-,Illinois,Management & Consulting
none,173542,2,Bachelor's,Virginia,Information Technology
none,204000,12,Bachelor's,Maryland,Information Technology
ai_integration,75557,3,High School,South Carolina,Healthcare
none,152500,7,Bachelor's,Maryland,Information Technology
none,115540,5,-,District of Columbia,Aerospace & Defense
none,75000,4,Associate,Unknown,Information Technology
none,112028,7,-,Tennessee,Healthcare
none,119000,5,Bachelor's,Texas,Manufacturing
none,147500,3,-,Maryland,Management & Consulting
applied_ai,205000,5,-,Unknown,Information Technology
none,120735,8,Bachelor's,Virginia,Manufacturing
none,142450,7,Bachelor's,Maryland,Information Technology
none,101524,5,-,Virginia,Management & Consulting
none,101849,7,Bachelor's,Maryland,Unknown
none,108152,14,Bachelor's,Maryland,Information Technology
none,111451,,-,Texas,Information Technology
none,98192,5,-,Florida,Aerospace & Defense
none,120300,7,-,Virginia,Unknown
ai_integration,200250,4,Bachelor's,California,Information Technology
none,213120,2,Bachelor's,California,Manufacturing
none,104100,0,Bachelor's,California,Aerospace & Defense
none,169100,5,Bachelor's,Virginia,Information Technology
none,142372,7,Bachelor's,North Carolina,Manufacturing
none,185000,20,Bachelor's,Maryland,Government & Public Administration
none,117500,2,-,Arkansas,Retail & Wholesale
none,85326,2,Bachelor's,Michigan,Manufacturing
none,123010,,Bachelor's,Oregon,Media & Communication
none,118186,5,Bachelor's,Massachusetts,Telecommunications
none,137280,,-,Unknown,Unknown
none,105000,10,Bachelor's,Unknown,Information Technology
none,113366,7,-,Florida,Media & Communication
none,172000,6,Bachelor's,New Jersey,Financial Services
none,114149,3,-,North Carolina,Information Technology
none,105000,2,Bachelor's,California,"Energy, Mining & Utilities"
none,126470,12,Bachelor's,Virginia,Information Technology
none,98093,5,High School,Florida,Unknown
none,132500,,Bachelor's,New York State,"Arts, Entertainment & Recreation"
none,115000,10,Bachelor's,Illinois,"Construction, Repair & Maintenance Services"
none,112351,,Bachelor's,Pennsylvania,Insurance
none,70000,3,Bachelor's,Vermont,Information Technology
none,142500,6,Bachelor's,Unknown,Aerospace & Defense
none,162500,5,-,Unknown,Information Technology
none,180000,14,Bachelor's,Maryland,Unknown
ai_integration,195000,7,Bachelor's,California,Unknown
none,132500,3,Bachelor's,California,Unknown
none,90665,4,Bachelor's,Massachusetts,Aerospace & Defense
none,144150,0,Bachelor's,Colorado,Information Technology
none,85000,,-,Washington State,Manufacturing
none,131688,7,Bachelor's,Texas,Financial Services
none,104850,7,-,South Carolina,Information Technology
none,113651,5,Bachelor's,Tennessee,Aerospace & Defense
none,158750,,-,Washington State,Information Technology
none,85000,7,-,Pennsylvania,Unknown
none,114728,7,Bachelor's,Connecticut,Financial Services
applied_ai,185000,3,Bachelor's,Unknown,Information Technology
none,167464,5,-,Utah,Financial Services
none,84887,,Associate,Iowa,Financial Services
none,101551,5,Bachelor's,Maine,Financial Services
none,200000,5,-,Unknown,Unknown
none,99230,,Bachelor's,Texas,Information Technology
none,111422,4,Bachelor's,Virginia,Government & Public Administration
applied_ai,206550,4,-,Washington State,Information Technology
none,176134,5,Bachelor's,California,Unknown
none,90474,5,Bachelor's,Massachusetts,Information Technology
none,120000,5,-,Illinois,Management & Consulting
applied_ai,115000,2,Bachelor's,California,Manufacturing
none,125040,5,Bachelor's,Unknown,Insurance
none,113000,5,Bachelor's,Ohio,Healthcare
none,114735,3,Bachelor's,California,Unknown
none,196400,7,Bachelor's,Massachusetts,"Construction, Repair & Maintenance Services"
none,157500,,Bachelor's,California,Aerospace & Defense
none,73703,0,Associate,South Dakota,Information Technology
none,125000,4,-,Unknown,Transportation & Logistics
none,115000,5,High School,Unknown,Information Technology
none,81470,3,Bachelor's,Indiana,Manufacturing
none,90289,0,Bachelor's,Texas,Information Technology
none,137687,,-,California,Information Technology
none,120000,,-,Unknown,Information Technology
none,112500,5,-,Unknown,Unknown
none,82926,3,Bachelor's,Iowa,Information Technology
none,93699,5,Bachelor's,Maryland,Media & Communication
none,120640,11,-,Texas,Information Technology
none,99534,5,Bachelor's,New Jersey,Information Technology
none,120000,3,Bachelor's,Unknown,Human Resources & Staffing
none,135000,3,-,Arkansas,Retail & Wholesale
none,145000,3,Bachelor's,South Carolina,Unknown
none,78474,0,Bachelor's,Minnesota,Information Technology
none,80837,4,-,Virginia,Financial Services
none,120290,6,Bachelor's,Nevada,Manufacturing
none,165000,5,-,North Carolina,Unknown
none,121870,,-,Virginia,Information Technology
applied_ai,160000,10,-,Virginia,Management & Consulting
none,144158,8,Bachelor's,Maryland,Insurance
none,160000,5,Bachelor's,Unknown,Unknown
none,132500,5,High School,Texas,"Arts, Entertainment & Recreation"
none,114563,8,Bachelor's,Maryland,Unknown
ai_integration,161300,,-,Washington State,Information Technology
none,158950,5,Bachelor's,Maryland,Education
none,107500,1,Bachelor's,Unknown,Information Technology
ai_integration,106492,,-,New Jersey,Information Technology
none,146500,7,Bachelor's,Maryland,Aerospace & Defense
ai_integration,80000,,-,Washington State,Information Technology
none,132500,7,-,Florida,Information Technology
none,182415,5,-,California,Information Technology
none,127675,2,-,Virginia,Information Technology
none,149000,10,Bachelor's,Unknown,Human Resources & Staffing
none,84382,4,Bachelor's,North Carolina,Financial Services
none,90096,3,-,Virginia,Manufacturing
none,118165,1,Master's,New Jersey,Unknown
none,115045,7,Bachelor's,Ohio,Information Technology
ai_integration,110000,2,-,California,Information Technology
none,149850,8,-,Unknown,Healthcare
none,100281,5,Bachelor's,California,Unknown
none,215000,,-,California,Unknown
applied_ai,212500,10,Bachelor's,Unknown,Unknown
none,130000,,-,Maryland,Unknown
none,119538,4,Bachelor's,Virginia,Aerospace & Defense
ai_integration,178394,,-,California,Unknown
none,115135,4,Bachelor's,Maryland,Unknown
none,101732,5,Bachelor's,Arizona,Information Technology
none,112344,5,Bachelor's,California,Information Technology
none,126770,5,Bachelor's,Colorado,Aerospace & Defense
none,158500,5,Bachelor's,Maryland,Information Technology
ai_integration,145000,5,Bachelor's,Virginia,Unknown
none,172000,7,Bachelor's,Nebraska,Financial Services
none,100916,,-,Virginia,Unknown
none,124254,3,-,New Jersey,Information Technology
none,163000,2,-,California,Information Technology
none,110122,2,Master's,Texas,Media & Communication
none,127710,5,Bachelor's,Florida,Transportation & Logistics
none,117399,,Master's,New Jersey,Information Technology
none,141500,6,Bachelor's,Georgia,"Energy, Mining & Utilities"
none,164000,7,Bachelor's,Unknown,Information Technology
none,147500,5,Bachelor's,Washington State,"Energy, Mining & Utilities"
none,152201,5,-,Virginia,Aerospace & Defense
ai_integration,124740,5,Bachelor's,Virginia,Government & Public Administration
none,115223,,Master's,New Jersey,Information Technology
none,93889,5,Bachelor's,Oklahoma,Healthcare
none,110650,,Bachelor's,New Jersey,Unknown
none,101161,2,Bachelor's,New Jersey,Information Technology
none,82500,3,Associate,Georgia,Information Technology
none,150294,3,Bachelor's,Colorado,Aerospace & Defense
none,108164,,Bachelor's,Texas,Information Technology
none,110000,5,-,Illinois,Education
none,155000,5,-,Massachusetts,Information Technology
none,184178,7,-,California,Media & Communication
none,124819,0,Bachelor's,Maryland,Information Technology
none,90340,3,-,Virginia,Information Technology
none,151926,,-,California,Unknown
none,87310,4,Associate,Unknown,Nonprofit & NGO
none,107639,,Bachelor's,Michigan,Information Technology
none,125000,5,Bachelor's,Texas,Information Technology
none,179000,6,Bachelor's,Utah,Financial Services
ai_integration,83287,2,-,Texas,Government & Public Administration
none,106916,0,-,Texas,Information Technology
none,144150,5,-,Colorado,Information Technology
none,160000,10,-,Unknown,Information Technology
applied_ai,100112,14,Bachelor's,Maryland,Unknown
none,140000,7,Bachelor's,Unknown,Insurance
none,128000,2,Bachelor's,Massachusetts,Healthcare
none,82933,3,Bachelor's,California,Information Technology
none,114383,5,Bachelor's,Florida,Financial Services
none,106512,2,Bachelor's,Illinois,Information Technology
none,116317,5,Master's,California,Unknown
applied_ai,161175,,-,California,Unknown
applied_ai,162000,14,Bachelor's,Maryland,Information Technology
none,103291,6,Bachelor's,Maryland,Unknown
ai_integration,121942,,Bachelor's,Virginia,Aerospace & Defense
none,178600,7,Bachelor's,Virginia,Information Technology
none,192500,5,-,Unknown,Unknown
applied_ai,156000,,Bachelor's,California,Information Technology
none,95159,6,Bachelor's,Maryland,Information Technology
none,155000,,-,Maryland,Information Technology
none,135000,5,-,Unknown,Education
none,122969,,-,Maryland,Unknown
ai_integration,107500,2,Bachelor's,California,Information Technology
none,195000,15,-,Washington State,Retail & Wholesale
none,141700,3,-,Virginia,Management & Consulting
ai_integration,128430,5,-,Texas,Information Technology
none,132500,8,Bachelor's,Unknown,Information Technology
none,149850,5,-,Ohio,Healthcare
none,144000,5,Bachelor's,California,Information Technology
none,155903,10,-,California,Unknown
ai_integration,133737,9,Bachelor's,Virginia,Government & Public Administration
none,78960,2,Bachelor's,California,Information Technology
none,120000,8,Bachelor's,Unknown,Nonprofit & NGO
none,131425,10,Master's,Virginia,Unknown
ai_integration,111473,5,Bachelor's,Minnesota,Manufacturing
none,179000,7,Bachelor's,Maryland,Unknown
none,170000,7,-,Arizona,Human Resources & Staffing
none,112500,5,-,Unknown,Information Technology
none,115034,,Bachelor's,New Jersey,Aerospace & Defense
none,148000,5,Bachelor's,Virginia,Information Technology
none,81726,.5,Master's,Michigan,Unknown
none,172500,3,Bachelor's,Maryland,Aerospace & Defense
none,235750,7,Bachelor's,California,Information Technology
none,118500,5,Bachelor's,Colorado,Manufacturing
none,177500,14,Bachelor's,Georgia,Information Technology
none,118582,,-,Florida,Information Technology
none,142200,3,-,Unknown,Information Technology
none,150000,,Bachelor's,California,Information Technology
ai_integration,209100,3,Bachelor's,California,Manufacturing
none,100000,5,Bachelor's,Florida,Information Technology
none,95918,,-,Maryland,Information Technology
none,145913,,-,California,Unknown
applied_ai,150000,1,-,Washington State,"Energy, Mining & Utilities"
none,96854,,Bachelor's,Texas,Information Technology
none,84889,,-,Missouri,Human Resources & Staffing
none,125000,5,-,Tennessee,Information Technology
none,89958,5,-,Nevada,Information Technology
none,112125,5,High School,Nevada,"Arts, Entertainment & Recreation"
none,123681,,Bachelor's,Texas,Unknown
none,149834,7,Master's,Unknown,Information Technology
none,135000,8,-,California,Media & Communication
none,103740,3,-,Texas,Information Technology
none,130000,7,Bachelor's,Maryland,Information Technology
none,110245,5,-,Arizona,Telecommunications
none,149850,5,-,Ohio,Healthcare
none,119808,,-,California,Government & Public Administration
none,141737,,-,Washington State,Management & Consulting
none,90500,3,Bachelor's,Tennessee,Healthcare
none,138292,,-,Washington State,Unknown
none,144000,5,Bachelor's,Virginia,Information Technology
none,130794,,-,Virginia,Information Technology
none,145893,5,Associate,Washington State,Unknown
none,147650,8,-,Tennessee,Healthcare
none,170000,7,-,Arizona,Human Resources & Staffing
none,105107,0,Bachelor's,Maryland,Government & Public Administration
applied_ai,123400,5,Bachelor's,Unknown,Insurance
none,133767,,-,New Jersey,Manufacturing
none,170000,5,-,Unknown,Financial Services
none,162750,5,-,Unknown,Unknown
none,110400,,Master's,Massachusetts,Unknown
none,109029,5,-,Maryland,Financial Services
none,80750,5,-,Texas,Unknown
none,126200,6,Bachelor's,Virginia,Information Technology
none,147809,10,Bachelor's,New York State,Retail & Wholesale
none,133059,8,Bachelor's,New Jersey,Manufacturing
none,160707,8,Bachelor's,California,Manufacturing
none,107315,7,Associate,Texas,Manufacturing
none,130702,10,Bachelor's,Georgia,Manufacturing
none,135914,7,-,New Jersey,Retail & Wholesale
none,70000,,-,Washington State,Insurance
none,85000,,-,Michigan,Information Technology
none,78560,2,Bachelor's,Georgia,Aerospace & Defense
none,72454,5,Bachelor's,Tennessee,Aerospace & Defense
ai_integration,180700,5,Bachelor's,Georgia,Information Technology
none,157144,5,Bachelor's,California,Healthcare
ai_integration,160000,5,-,Unknown,Unknown
none,140001,0,Bachelor's,Virginia,Information Technology
none,166625,3,Bachelor's,Arizona,Information Technology
none,72033,2,High School,Indiana,Financial Services
none,100000,5,Bachelor's,New York State,Nonprofit & NGO
none,85944,3,Bachelor's,Florida,Aerospace & Defense
none,65500,,Bachelor's,Wisconsin,"Arts, Entertainment & Recreation"
none,106080,5,Bachelor's,California,Healthcare
ai_integration,105000,1,Bachelor's,Unknown,Healthcare
none,95750,2,Associate,Kansas,Information Technology
none,87503,6,Bachelor's,Alabama,Aerospace & Defense
ai_integration,145000,,-,Texas,Education
none,81170,4,Bachelor's,Tennessee,Information Technology
none,126229,7,Bachelor's,California,Information Technology
none,78202,,-,Wisconsin,Restaurants & Food Service
none,95677,4,-,Texas,Unknown
none,105000,3,-,Ohio,Government & Public Administration
none,85000,3,-,Unknown,Human Resources & Staffing
none,115000,5,-,Colorado,Information Technology
none,75235,3,Bachelor's,Alabama,Aerospace & Defense
none,165000,7,High School,Maryland,Aerospace & Defense
none,94291,5,Bachelor's,Massachusetts,"Energy, Mining & Utilities"
none,117500,5,Bachelor's,North Carolina,Manufacturing
applied_ai,227500,10,Bachelor's,California,Information Technology
none,60500,4,-,Texas,Information Technology
none,98615,5,-,Pennsylvania,Information Technology
none,67500,1,-,Massachusetts,Media & Communication
none,112352,7,Bachelor's,California,Healthcare
none,65459,3,-,Georgia,Manufacturing
none,71952,5,-,Florida,Unknown
none,110050,0,-,Florida,Aerospace & Defense
none,98000,2,Bachelor's,Pennsylvania,Aerospace & Defense
none,83610,3,-,Iowa,"Energy, Mining & Utilities"
none,85513,6,-,Alabama,Information Technology
none,106656,7,Bachelor's,North Carolina,Unknown
none,90000,5,Bachelor's,North Carolina,Transportation & Logistics
none,86348,3,-,California,Manufacturing
none,83290,5,-,Alabama,Information Technology
none,86425,5,-,Unknown,Information Technology
none,85437,7,Bachelor's,Alabama,Aerospace & Defense
none,88910,,High School,Virginia,Retail & Wholesale
ai_integration,172500,10,-,Unknown,Information Technology
none,122437,2,-,Washington State,Government & Public Administration
none,75000,4,-,Washington State,Healthcare
none,90094,2,Associate,Unknown,Government & Public Administration
none,109624,5,Bachelor's,California,Agriculture
none,147500,5,-,District of Columbia,Aerospace & Defense
none,67348,3,Bachelor's,Ohio,Information Technology
none,116600,3,Bachelor's,Arkansas,"Energy, Mining & Utilities"
ai_integration,178750,5,Bachelor's,Washington State,Information Technology
none,100420,,-,Kentucky,Manufacturing
none,82500,2,-,Unknown,Unknown
none,133875,10,Bachelor's,Virginia,Unknown
none,124879,3,High School,Florida,Government & Public Administration
none,80800,3,-,Utah,Transportation & Logistics
none,120000,3,Bachelor's,Illinois,Retail & Wholesale
none,97596,7,-,Alabama,Financial Services
none,97500,5,-,Kansas,Information Technology
none,120000,5,Bachelor's,Unknown,Information Technology
ai_integration,72159,3,Bachelor's,Maine,Information Technology
none,92026,2,Bachelor's,Wisconsin,Insurance
ai_integration,130000,5,-,Minnesota,Legal
none,80097,10,-,Missouri,Information Technology
none,58798,1,-,Missouri,Education
none,135876,5,-,Virginia,Information Technology
none,91800,3,-,Unknown,Insurance
ai_integration,61936,3,Bachelor's,Wisconsin,Financial Services
none,62500,5,Bachelor's,Puerto Rico,Information Technology
none,140250,,-,Unknown,Transportation & Logistics
none,71880,,Bachelor's,Michigan,Manufacturing
none,79193,5,Bachelor's,Ohio,Financial Services
none,73511,3,Bachelor's,Ohio,Information Technology
ai_integration,130000,5,Bachelor's,Unknown,Management & Consulting
none,125000,3,-,California,Management & Consulting
none,81817,2,-,Florida,Management & Consulting
none,77484,3,Bachelor's,Pennsylvania,Unknown
none,150000,2,Bachelor's,Idaho,Unknown
none,142400,5,Bachelor's,Alabama,Information Technology
none,84551,3,Bachelor's,Massachusetts,Media & Communication
none,138180,5,-,Illinois,Manufacturing
none,83376,3,Bachelor's,Michigan,Information Technology
none,77327,3,Bachelor's,Florida,Telecommunications
none,109450,3,-,Unknown,Management & Consulting
none,99066,3,-,Nevada,Hotels & Travel Accommodation
ai_integration,91492,3,Bachelor's,Texas,Information Technology
none,128128,8,Bachelor's,Texas,Healthcare
none,84817,4,-,Nevada,Financial Services
none,93552,2,Bachelor's,Virginia,Information Technology
none,100000,3,Bachelor's,Virginia,Unknown
none,171194,6,Bachelor's,Unknown,Information Technology
none,107500,5,-,Unknown,Healthcare
none,83369,7,-,Alabama,"Construction, Repair & Maintenance Services"
none,98790,4,Associate's,Wisconsin,Insurance
none,70000,0,Bachelor's,Maryland,Information Technology
none,175000,7,-,Unknown,Information Technology
ai_integration,53300,0,-,Massachusetts,Financial Services
none,120380,3,Bachelor's,Illinois,Manufacturing
none,135000,5,Bachelor's,Unknown,Pharmaceutical & Biotechnology
none,107000,5,Bachelor's,Michigan,Unknown
none,85000,3,Bachelor's,Illinois,Government & Public Administration
none,112258,5,Bachelor's,Maine,Information Technology
none,100918,7,Bachelor's,Pennsylvania,Information Technology
none,82000,,Associate's,Unknown,Education
none,116922,5,Bachelor's,Virginia,Information Technology
none,100000,2,-,Unknown,Information Technology
none,127250,3,Bachelor's,Florida,Aerospace & Defense
none,152500,15,Bachelor's,Washington State,Financial Services
none,85000,,Bachelor's,Unknown,Information Technology
none,88500,4,Bachelor's,Unknown,Healthcare
none,79961,.25,Master's,Virginia,Management & Consulting
none,190000,,Bachelor's,Maryland,Unknown
none,78983,3,-,Alabama,Manufacturing
none,115813,5,Bachelor's,Virginia,Information Technology
none,140000,7,Bachelor's,Minnesota,Healthcare
none,110000,2,-,Unknown,Management & Consulting
none,130000,5,-,Unknown,Information Technology
none,157500,5,-,Maine,"Energy, Mining & Utilities"
none,120000,1,Bachelor's,California,Information Technology
none,96500,5,Bachelor's,Virginia,Aerospace & Defense
none,85000,3,-,California,Nonprofit & NGO
none,130373,4,Bachelor's,Ohio,Manufacturing
none,89481,5,-,Texas,Unknown
none,62605,3,-,Pennsylvania,Information Technology
ai_integration,110000,5,-,Colorado,Information Technology
none,115850,1,Bachelor's,Texas,Aerospace & Defense
none,66994,4,Bachelor's,North Carolina,Education
none,90000,3,-,Florida,"Arts, Entertainment & Recreation"
none,125840,7,Bachelor's,Unknown,Unknown
none,104145,5,Associate,Michigan,Insurance
ai_integration,74842,3,-,Tennessee,Information Technology
none,110000,5,Bachelor's,Unknown,Legal
none,68678,3,Bachelor's,Florida,Unknown
ai_integration,120000,2,Bachelor's,Virginia,Aerospace & Defense
none,113634,10,Bachelor's,Virginia,Unknown
none,84050,10,Bachelor's,Texas,Management & Consulting
none,87500,1,Bachelor's,Ohio,Education
none,105652,5,-,Tennessee,Manufacturing
none,135500,4,Bachelor's,Virginia,Information Technology
none,160285,8,Bachelor's,North Carolina,Management & Consulting
none,88021,3,Bachelor's,Virginia,Information Technology
none,82500,5,Bachelor's,Oklahoma,Information Technology
none,83310,5,Bachelor's,Connecticut,Manufacturing
none,140000,8,Bachelor's,New Jersey,Management & Consulting
none,191500,10,Bachelor's,California,Information Technology
none,54867,5,Bachelor's,Texas,Education
none,102120,5,-,Washington State,Government & Public Administration
none,141150,4,-,Minnesota,Insurance
ai_integration,122575,3,-,Texas,Insurance
none,77500,2,-,Kentucky,Personal Consumer Services
none,173765,5,High School,Unknown,Information Technology
none,78218,2,Bachelor's,Colorado,"Construction, Repair & Maintenance Services"
none,94047,3,Bachelor's,New Jersey,Education
none,137248,5,Bachelor's,Maryland,Information Technology
none,81418,4,-,Virginia,Aerospace & Defense
ai_integration,135000,10,-,Ohio,Retail & Wholesale
none,67586,3,-,New Hampshire,Information Technology
none,83730,7,Bachelor's,Texas,Management & Consulting
none,140000,5,-,New York State,Retail & Wholesale
none,125049,10,-,Texas,Unknown
none,85225,,Bachelor's,Florida,Pharmaceutical & Biotechnology
none,152955,5,High School,Connecticut,Healthcare
none,149781,.5,Bachelor's,Texas,Information Technology
none,99488,5,-,Utah,Financial Services
none,60830,,-,Georgia,Government & Public Administration
none,90000,7,-,New York State,"Energy, Mining & Utilities"
none,155000,10,Bachelor's,Oregon,Manufacturing
none,175000,7,-,Colorado,Financial Services
none,91842,,High School,New York State,Government & Public Administration
none,100535,,-,Missouri,Human Resources & Staffing
applied_ai,108648,6,Bachelor's,Illinois,Education
none,209000,10,Bachelor's,California,Information Technology
none,91928,,-,Texas,Information Technology
none,110000,5,-,Colorado,Information Technology
none,90000,5,-,Kansas,Unknown
none,115000,2,Bachelor's,Minnesota,Healthcare
none,132188,8,Bachelor's,Unknown,Transportation & Logistics
none,121608,7,Bachelor's,New Jersey,Education
none,86314,5,-,Texas,Information Technology
none,127435,5,Bachelor's,Unknown,Information Technology
none,93083,2,Bachelor's,Unknown,Information Technology
none,102338,,Bachelor's,North Carolina,Information Technology
none,194105,15,Bachelor's,Unknown,Healthcare
none,108880,8,-,North Carolina,Retail & Wholesale
none,80000,6,-,Unknown,Information Technology
none,84699,3,-,Ohio,Management & Consulting
none,137250,5,Bachelor's,Illinois,Legal
none,98611,8,-,Pennsylvania,Information Technology
none,96691,,-,North Carolina,Unknown
none,121303,,-,Texas,Information Technology
none,96532,3,Bachelor's,Wisconsin,Unknown
none,127875,6,Bachelor's,Connecticut,Education
none,145000,3,-,Unknown,Telecommunications
none,100909,2,Bachelor's,California,Information Technology
ai_integration,165000,3,Bachelor's,California,Information Technology
none,115612,3,-,California,Information Technology
none,167500,5,Bachelor's,California,Real Estate
none,100080,3,Bachelor's,California,Unknown
none,105000,5,-,New York State,Management & Consulting
none,83411,1,-,Georgia,Unknown
none,145683,5,Bachelor's,Minnesota,Manufacturing
none,83975,1,Master's,Michigan,Information Technology
none,150000,2,Bachelor's,Virginia,Management & Consulting
none,75000,6,-,Michigan,Unknown
none,138627,10,Bachelor's,Virginia,Information Technology
none,97692,,-,Virginia,Unknown
none,132500,7,Bachelor's,Pennsylvania,Transportation & Logistics
none,130000,10,-,North Carolina,Transportation & Logistics
none,113007,5,Bachelor's,Virginia,Real Estate
ai_integration,217500,6,Bachelor's,New York State,Information Technology
none,114392,4,-,New York State,Unknown
none,98899,,-,Georgia,Information Technology
none,142954,15,Bachelor's,Texas,Management & Consulting
none,119375,5,Bachelor's,New Jersey,Retail & Wholesale
none,143400,8,Bachelor's,Colorado,Management & Consulting
none,85000,5,Bachelor's,Georgia,Unknown
none,112015,,-,Virginia,Unknown
none,124380,4,-,Unknown,Aerospace & Defense
none,82500,5,-,New Mexico,Unknown
none,140000,7,-,Maryland,Human Resources & Staffing
none,93000,2,Bachelor's,Michigan,Information Technology
none,86079,5,-,Puerto Rico,Unknown
none,77026,2,Bachelor's,New Jersey,Information Technology
none,197000,5,-,Unknown,Information Technology
none,90696,6,Bachelor's,Maryland,Government & Public Administration
none,138000,5,-,North Carolina,Pharmaceutical & Biotechnology
none,124000,5,Bachelor's,Maryland,Information Technology
none,106877,5,Bachelor's,New Jersey,Education
none,86024,6,Bachelor's,Connecticut,Information Technology
none,137060,4,Bachelor's,Colorado,Telecommunications
none,81340,4,Bachelor's,Maryland,Media & Communication
none,99634,4,Bachelor's,Texas,Telecommunications
ai_integration,88450,3,Associate,Texas,Insurance
none,30000,4,Bachelor's,Georgia,Information Technology
ai_integration,106377,3,Bachelor's,New Jersey,Manufacturing
none,145000,5,-,Washington State,Unknown
none,89050,3,Bachelor's,Michigan,Information Technology
none,174500,6,-,Unknown,Information Technology
none,94323,5,Bachelor's,Alabama,Information Technology
none,88040,4,Bachelor's,Texas,Insurance
none,129750,5,Bachelor's,Illinois,Insurance
none,107795,4,Bachelor's,Oklahoma,Management & Consulting
none,75046,.5,Master's,Connecticut,Information Technology
none,101951,5,Bachelor's,Texas,Media & Communication
none,86415,10,Bachelor's,Michigan,Unknown
none,174500,4,-,Unknown,Information Technology
none,155500,15,-,North Carolina,Information Technology
none,110000,5,-,New Jersey,Information Technology
none,111064,7,Bachelor's,Texas,Legal
none,64963,7,-,Iowa,Unknown
applied_ai,79424,5,Bachelor's,Indiana,Unknown
none,97269,4,Bachelor's,Virginia,Aerospace & Defense
none,101516,5,Bachelor's,Unknown,Healthcare
none,120000,5,Bachelor's,New York State,Manufacturing
none,220000,6,-,Unknown,Information Technology
none,101557,,-,Illinois,Information Technology
none,86359,5,Bachelor's,Virginia,Information Technology
ai_integration,171550,8,Bachelor's,Unknown,Insurance
ai_integration,113500,5,Bachelor's,California,Nonprofit & NGO
none,83003,5,Bachelor's,Pennsylvania,Unknown
none,125000,2,Bachelor's,Texas,Management & Consulting
none,163605,7,Bachelor's,Texas,Manufacturing
none,164500,8,Bachelor's,North Carolina,Financial Services
none,135000,3,Bachelor's,Unknown,Unknown
none,97500,3,-,Florida,Healthcare
none,90000,2,-,Pennsylvania,Information Technology
none,75666,5,-,New York State,Information Technology
none,95398,,Bachelor's,Illinois,Human Resources & Staffing
none,74725,5,Bachelor's,Michigan,Human Resources & Staffing
none,107013,5,-,Arkansas,Manufacturing
none,125500,2,Bachelor's,Unknown,Pharmaceutical & Biotechnology
none,119180,5,-,Missouri,Financial Services
none,100000,8,Bachelor's,Texas,Information Technology
none,132735,3,Bachelor's,Texas,Management & Consulting
none,92107,5,Bachelor's,New Jersey,Management & Consulting
none,68890,2,-,Minnesota,Unknown
ai_integration,119500,4,-,California,Information Technology
none,108473,0,-,Virginia,Information Technology
none,71649,10,-,Pennsylvania,Unknown
none,104898,,-,New Jersey,Human Resources & Staffing
none,81866,3,Bachelor's,Texas,Unknown
none,88232,,-,Pennsylvania,Information Technology
none,110000,5,-,Virginia,Management & Consulting
none,100000,,Bachelor's,Virginia,Information Technology
none,118310,,Bachelor's,Virginia,Unknown
ai_integration,122044,7,Bachelor's,New Jersey,Transportation & Logistics
none,110000,7,Bachelor's,Virginia,Unknown
none,90000,3,Bachelor's,New Jersey,Manufacturing
none,169098,8,-,Maryland,Insurance
none,79166,5,Bachelor's,Georgia,Management & Consulting
ai_integration,110000,3,Bachelor's,Washington State,Information Technology
none,99338,8,-,North Carolina,Healthcare
ai_integration,133248,3,-,New Jersey,Management & Consulting
none,89810,2,Bachelor's,Texas,Information Technology
none,82617,2,Bachelor's,Michigan,Financial Services
ai_integration,80000,5,-,Unknown,Unknown
none,101205,,-,Florida,Unknown
none,105903,5,Bachelor's,Connecticut,Financial Services
none,132119,5,-,North Carolina,Unknown
none,153800,7,Bachelor's,Utah,Information Technology
none,85418,5,-,Georgia,Information Technology
none,100770,,Bachelor's,Michigan,Information Technology
none,71763,1,Bachelor's,Florida,Information Technology
none,120831,5,Bachelor's,Virginia,Information Technology
none,105000,4,Bachelor's,Unknown,Management & Consulting
ai_integration,121754,5,-,Virginia,Retail & Wholesale
none,85999,2,Master's,Virginia,Unknown
applied_ai,145580,3,Bachelor's,Florida,Healthcare
none,147472,5,Bachelor's,Illinois,Information Technology
none,100000,5,-,New Mexico,Unknown
none,97477,5,Bachelor's,Maryland,Information Technology
none,101548,8,Bachelor's,Virginia,Unknown
none,105000,8,Bachelor's,Illinois,Unknown
none,101722,,-,California,Unknown
none,85861,5,Bachelor's,Idaho,Manufacturing
none,102500,6,Bachelor's,Virginia,Information Technology
applied_ai,110400,5,-,Unknown,Information Technology
none,45000,2,Bachelor's,Tennessee,Information Technology
none,147500,3,-,Texas,Government & Public Administration
none,100158,5,-,Minnesota,Retail & Wholesale
none,126000,7,Bachelor's,Virginia,Information Technology
none,165000,5,-,Texas,Real Estate
none,154050,5,-,Unknown,Telecommunications
applied_ai,122500,5,Bachelor's,Colorado,Unknown
none,83272,5,-,Maryland,Unknown
none,89051,5,Bachelor's,Unknown,Financial Services
none,142221,10,Bachelor's,Unknown,Information Technology
none,84611,5,Bachelor's,Arizona,Healthcare
none,185000,6,-,California,Human Resources & Staffing
ai_integration,134079,5,Bachelor's,Illinois,Unknown
none,121500,5,Bachelor's,Georgia,Financial Services
none,69647,3,Bachelor's,Pennsylvania,Retail & Wholesale
none,80995,6,Bachelor's,Oregon,Manufacturing
none,115000,5,Bachelor's,Illinois,Manufacturing
none,120923,4,Bachelor's,Texas,Education
none,117500,5,-,Unknown,Information Technology
none,78260,3,Bachelor's,Arizona,Healthcare
ai_integration,180000,5,-,New York State,Legal
none,105373,8,-,Texas,Management & Consulting
ai_integration,115896,,-,Illinois,Information Technology
none,87624,7,-,Georgia,Information Technology
none,86504,1,-,Virginia,Unknown
none,132500,5,Bachelor's,Texas,Unknown
none,113384,,Bachelor's,Illinois,Unknown
none,149949,7,-,California,Government & Public Administration
none,91014,1,Master's,California,Information Technology
none,112581,5,Bachelor's,Georgia,Financial Services
none,81500,5,Bachelor's,Texas,Information Technology
ai_integration,149500,10,-,California,Information Technology
none,110000,5,-,Unknown,Information Technology
ai_integration,160285,5,-,Virginia,Management & Consulting
none,132300,7,Bachelor's,Unknown,Healthcare
applied_ai,120000,5,Bachelor's,Massachusetts,Insurance
none,83572,3,-,Georgia,Information Technology
none,105616,7,Bachelor's,Unknown,Healthcare
none,86291,3,Master's,New Jersey,Unknown
none,146000,7,-,Arizona,Financial Services
none,117375,,-,Unknown,Unknown
none,81913,2,Bachelor's,New Jersey,Information Technology
none,88575,5,-,Pennsylvania,Management & Consulting
none,130000,8,Master's,California,Unknown
none,99449,10,-,Indiana,Information Technology
none,108635,,Bachelor's,New Jersey,Unknown
none,129753,5,-,Tennessee,Management & Consulting
none,145050,5,-,Utah,Education
none,120000,5,-,New York State,Government & Public Administration
none,91505,,Bachelor's,Oregon,Insurance
none,117653,5,-,Georgia,Financial Services
none,125000,5,Bachelor's,Arizona,Healthcare
none,108419,5,Bachelor's,Virginia,Unknown
none,100813,,Bachelor's,Texas,Information Technology
none,137457,5,-,Washington State,Information Technology
none,139975,7,Bachelor's,Virginia,Unknown
none,89784,5,Bachelor's,Utah,Manufacturing
none,115000,10,-,Unknown,Information Technology
ai_integration,240000,,-,California,Information Technology
none,97500,5,-,Colorado,Media & Communication
none,109477,5,Bachelor's,Virginia,Management & Consulting
none,143828,2,Bachelor's,California,Information Technology
none,155362,15,Bachelor's,Texas,Information Technology
ai_integration,79167,1,Bachelor's,Virginia,Management & Consulting
none,85461,2,-,Virginia,Information Technology
none,126073,,Bachelor's,Texas,Unknown
none,123609,,-,Pennsylvania,Unknown
none,83348,3,-,Virginia,Information Technology
none,139183,5,-,Maryland,Information Technology
ai_integration,75573,4,-,California,Information Technology
none,150000,5,Bachelor's,Virginia,Management & Consulting
none,89506,5,Bachelor's,Arizona,Unknown
none,93706,5,Bachelor's,Florida,Information Technology
none,104931,5,-,Arizona,Information Technology
ai_integration,85001,4,-,Alabama,Unknown
none,104507,5,-,Colorado,Unknown
none,123227,5,-,Florida,Unknown
none,73554,8,-,Texas,Unknown
none,74120,3,Bachelor's,Pennsylvania,Healthcare
none,114106,,-,Tennessee,Aerospace & Defense
none,136640,,Bachelor's,New Jersey,Unknown
none,102156,2,Bachelor's,Washington State,Human Resources & Staffing
none,120690,3,High School,Unknown,Healthcare
none,109250,6,-,Maryland,Aerospace & Defense
ai_integration,142000,2,Bachelor's,California,Manufacturing
none,70000,1,Bachelor's,Colorado,Information Technology
none,129500,2,Bachelor's,Unknown,Aerospace & Defense
none,155000,6,Bachelor's,California,Aerospace & Defense
none,107158,,-,Florida,Information Technology
none,111372,3,High School,Texas,Management & Consulting
none,97996,5,Bachelor's,North Carolina,Financial Services
none,107500,3,High School,Unknown,Aerospace & Defense
ai_integration,137397,5,Bachelor's,Massachusetts,Pharmaceutical & Biotechnology
none,136973,2,-,Unknown,Aerospace & Defense
none,126500,5,-,North Carolina,Unknown
none,150250,3,-,California,Aerospace & Defense
none,150000,5,-,Colorado,Aerospace & Defense
none,111479,,-,Illinois,Human Resources & Staffing
none,125603,1,Bachelor's,Georgia,Retail & Wholesale
ai_integration,166880,,Bachelor's,California,Unknown
none,128393,2,Bachelor's,New Hampshire,Aerospace & Defense
none,145000,5,-,Unknown,Insurance
none,126852,,-,Pennsylvania,Information Technology
none,128393,,-,New Hampshire,Aerospace & Defense
none,125545,7,High School,Maryland,Aerospace & Defense
none,137000,5,Bachelor's,Maryland,Management & Consulting
ai_integration,130314,7,-,Indiana,Unknown
none,90424,5,Bachelor's,Ohio,Pharmaceutical & Biotechnology
applied_ai,86139,3,-,Utah,Unknown
ai_integration,126267,5,-,Tennessee,Manufacturing
none,140348,4,-,California,Unknown
none,81300,1,Bachelor's,Virginia,Information Technology
none,151050,3,Bachelor's,California,Aerospace & Defense
none,88450,2,Associate,Pennsylvania,Education
none,210000,5,Bachelor's,Unknown,Information Technology
none,183085,3,Bachelor's,Oregon,Information Technology
none,150000,10,High School,Unknown,Aerospace & Defense
none,76950,0,Bachelor's,Iowa,Retail & Wholesale
none,165000,3,Bachelor's,Georgia,Information Technology
ai_integration,140633,5,-,Texas,Unknown
ai_integration,145000,,-,Texas,Education
none,110000,5,Bachelor's,Unknown,Management & Consulting
none,84368,1,Bachelor's,West Virginia,Information Technology
none,75000,,Bachelor's,Texas,Education
none,126713,2,Bachelor's,North Carolina,Information Technology
none,170000,3,Bachelor's,Georgia,Information Technology
none,146250,1,Bachelor's,Washington State,Aerospace & Defense
none,120000,3,Bachelor's,Illinois,Information Technology
none,115209,5,-,Kansas,Information Technology
none,94121,,-,Virginia,Manufacturing
none,137500,0,Bachelor's,Colorado,Unknown
none,84827,1,Bachelor's,Georgia,Information Technology
applied_ai,165000,5,Bachelor's,Georgia,Aerospace & Defense
none,76014,5,Bachelor's,Iowa,Manufacturing
none,160000,,-,California,Aerospace & Defense
none,125000,5,Bachelor's,Unknown,"Arts, Entertainment & Recreation"
applied_ai,160000,3,Bachelor's,Washington State,Information Technology
none,187500,7,-,Unknown,Healthcare
none,95863,3,Associate,Pennsylvania,Information Technology
none,114876,7,Bachelor's,Alabama,Aerospace & Defense
none,117500,4,Bachelor's,Illinois,Unknown
none,132787,5,Bachelor's,California,Aerospace & Defense
none,102320,5,-,Florida,Retail & Wholesale
none,147050,3,Bachelor's,Connecticut,Management & Consulting
applied_ai,94835,2,Associate,Illinois,"Energy, Mining & Utilities"
ai_integration,125000,2,Bachelor's,Pennsylvania,Unknown
ai_integration,97250,4,Bachelor's,Illinois,Insurance
none,132209,5,-,Texas,Retail & Wholesale
none,124900,2,-,Massachusetts,Manufacturing
none,128840,2,Bachelor's,Colorado,Aerospace & Defense
none,103100,0,Bachelor's,Massachusetts,Aerospace & Defense
none,145000,7,Bachelor's,Arizona,Financial Services
none,87881,2,Bachelor's,Rhode Island,Human Resources & Staffing
none,79931,,-,Oklahoma,Information Technology
applied_ai,90000,3,Bachelor's,Georgia,Retail & Wholesale
none,165000,15,Bachelor's,Unknown,Unknown
none,116300,3,Bachelor's,Texas,Information Technology
none,119861,5,Bachelor's,North Carolina,Telecommunications
none,198000,5,-,Maryland,Aerospace & Defense
ai_integration,130000,3,Bachelor's,Unknown,Information Technology
none,109785,3,Bachelor's,Texas,Information Technology
none,129457,5,-,Georgia,Information Technology
ai_integration,156300,8,Bachelor's,Illinois,Retail & Wholesale
none,120500,3,Bachelor's,Unknown,Information Technology
none,149436,8,High School,Mississippi,Financial Services
none,175500,5,-,New York State,Unknown
ai_integration,128031,5,Bachelor's,Ohio,Insurance
none,135800,2,Bachelor's,North Carolina,Information Technology
ai_integration,160100,7,Bachelor's,Washington State,Telecommunications
applied_ai,120870,,Bachelor's,Georgia,Unknown
none,171563,4,-,Unknown,Pharmaceutical & Biotechnology
none,158317,5,Bachelor's,Illinois,Manufacturing
none,120853,4,Bachelor's,District of Columbia,Management & Consulting
none,150000,,Bachelor's,California,Information Technology
none,109100,1,-,California,Healthcare
none,118277,7,Bachelor's,North Carolina,Unknown
none,103719,,-,Alabama,Aerospace & Defense
none,130000,6,-,Unknown,Management & Consulting
none,83013,4,Bachelor's,Puerto Rico,Information Technology
none,77500,1,-,New York State,Media & Communication
none,107746,,-,Texas,Manufacturing
none,450000,5,-,Unknown,Information Technology
none,110000,5,Bachelor's,Maryland,Aerospace & Defense
none,154531,7,Bachelor's,Maryland,Information Technology
none,165000,7,-,Colorado,Information Technology
none,120000,8,-,Unknown,Information Technology
none,143000,3,-,Unknown,Information Technology
none,171563,6,-,Unknown,Pharmaceutical & Biotechnology
none,106300,3,-,Texas,Information Technology
none,120000,3,Bachelor's,Texas,Information Technology
none,104025,2,-,Washington State,Aerospace & Defense
none,116978,2,-,Georgia,Financial Services
none,81500,5,-,Georgia,Information Technology
none,92382,4,Bachelor's,Puerto Rico,Telecommunications
none,222400,10,Bachelor's,Virginia,Information Technology
none,117664,5,-,Georgia,Financial Services
none,70479,,Bachelor's,Alabama,Financial Services
none,162650,6,Bachelor's,Unknown,Information Technology
none,111340,,-,Kansas,Information Technology
none,152500,9,-,Maryland,Aerospace & Defense
none,179521,6,Bachelor's,California,Pharmaceutical & Biotechnology
none,150000,5,Bachelor's,Tennessee,Manufacturing
none,111558,0,-,Maryland,Media & Communication
ai_integration,113453,4,-,New Jersey,Information Technology
none,110059,5,-,Kansas,Information Technology
none,132000,5,Master's,Maryland,Media & Communication
none,101832,2,Bachelor's,Florida,Aerospace & Defense
none,208009,8,Bachelor's,Texas,Aerospace & Defense
none,141677,,Bachelor's,North Carolina,Information Technology
none,120105,2,Bachelor's,Georgia,Manufacturing
none,81500,3,-,Ohio,Financial Services
none,120000,3,-,Unknown,Transportation & Logistics
none,99680,1,Bachelor's,Pennsylvania,Financial Services
none,103030,3,Bachelor's,Texas,Financial Services
none,111608,3,High School,Virginia,Information Technology
none,119385,3,Associate,Maryland,Education
none,136219,10,Bachelor's,North Carolina,Aerospace & Defense
none,70000,3,Bachelor's,South Carolina,Unknown
none,148500,5,-,California,Education
none,122831,7,Bachelor's,Texas,Financial Services
none,105500,2,-,Texas,"Construction, Repair & Maintenance Services"
ai_integration,142500,5,-,Unknown,Unknown
none,117000,5,Bachelor's,Maryland,Aerospace & Defense
none,80000,3,Bachelor's,Utah,Nonprofit & NGO
ai_integration,133000,5,-,California,Pharmaceutical & Biotechnology
none,110299,2,-,Utah,"Energy, Mining & Utilities"
none,86489,2,Bachelor's,Alabama,Aerospace & Defense
none,99000,2,Master's,West Virginia,Information Technology
none,81733,3,-,Pennsylvania,Information Technology
ai_integration,190000,1,Bachelor's,California,Unknown
ai_integration,93210,3,Bachelor's,Texas,Information Technology
none,117548,8,Bachelor's,Virginia,Information Technology
none,118239,,-,Virginia,Management & Consulting
none,160000,3,Bachelor's,Virginia,Aerospace & Defense
none,120306,,-,Florida,Media & Communication
none,115000,3,Bachelor's,Unknown,Media & Communication
ai_integration,102500,2,Bachelor's,Arizona,Unknown
none,163000,5,Bachelor's,Florida,Aerospace & Defense
ai_integration,123400,2,Bachelor's,North Carolina,Financial Services
none,103100,0,Bachelor's,Pennsylvania,Education
none,152500,5,-,Colorado,"Arts, Entertainment & Recreation"
none,77376,,-,Unknown,Unknown
none,121066,8,Bachelor's,Maryland,Information Technology
ai_integration,79938,3,Bachelor's,Massachusetts,Education
none,157248,,Master's,North Carolina,Unknown
none,119538,2,Bachelor's,Unknown,Aerospace & Defense
applied_ai,163800,,-,California,Information Technology
none,115000,2,-,Unknown,Information Technology
none,133900,5,Bachelor's,Delaware,Financial Services
none,157237,,-,California,Unknown
none,98000,2,Bachelor's,Iowa,Aerospace & Defense
ai_integration,145860,5,-,Massachusetts,Information Technology
none,136225,,Bachelor's,North Carolina,Information Technology
none,116875,4,Bachelor's,Colorado,Telecommunications
none,153150,1,Bachelor's,North Carolina,Aerospace & Defense
none,132500,5,Bachelor's,Unknown,Pharmaceutical & Biotechnology
none,101550,6,-,Maryland,Information Technology
none,103334,5,-,Unknown,Healthcare
none,114283,5,Bachelor's,Texas,Information Technology
none,139142,10,-,Texas,Unknown
applied_ai,140000,3,Bachelor's,Unknown,Management & Consulting
applied_ai,150000,5,Bachelor's,Unknown,Information Technology
none,187100,7,-,Texas,Information Technology
none,106200,2,-,California,Management & Consulting
ai_integration,118500,6,Bachelor's,Unknown,Financial Services
none,157500,3,Bachelor's,Unknown,Government & Public Administration
none,184150,5,Bachelor's,California,Information Technology
none,155000,10,-,Unknown,Unknown
ai_integration,136365,5,Bachelor's,Arizona,Retail & Wholesale
ai_integration,198800,8,Bachelor's,California,Information Technology
none,155000,8,-,Washington State,Retail & Wholesale
ai_integration,175000,1,Bachelor's,Unknown,Information Technology
none,81707,9,-,Illinois,Unknown
none,250000,6,-,Unknown,Unknown
none,97774,,-,Texas,Unknown
none,125000,4,Bachelor's,Colorado,Aerospace & Defense
none,101000,3,-,Illinois,Financial Services
none,139250,8,-,Arizona,Financial Services
none,148166,6,Bachelor's,Colorado,Aerospace & Defense
none,146250,1,-,Washington State,Aerospace & Defense
ai_integration,125700,3,-,Texas,Financial Services
none,126800,5,Bachelor's,Massachusetts,Information Technology
none,145080,8,-,Illinois,Manufacturing
ai_integration,105314,,-,Oregon,Unknown
none,105000,3,-,Unknown,Unknown
ai_integration,140000,5,Bachelor's,New Jersey,Financial Services
none,130145,7,Bachelor's,Texas,Information Technology
none,125000,5,-,Unknown,Healthcare
none,94403,3,-,Ohio,Retail & Wholesale
none,87431,6,-,Rhode Island,Information Technology
none,140000,5,-,Massachusetts,Management & Consulting
none,140000,5,Bachelor's,Unknown,Unknown
ai_integration,145000,4,-,Unknown,Information Technology
none,98500,3,-,Massachusetts,Manufacturing
none,72080,4,Bachelor's,Maine,Manufacturing
none,127500,,-,Unknown,Information Technology
none,82921,0,High School,Texas,Financial Services
none,150000,10,-,Unknown,Information Technology
none,120000,5,-,Unknown,Healthcare
none,139000,3,-,Unknown,Information Technology
applied_ai,159576,5,Bachelor's,Unknown,Unknown
none,74681,2,Bachelor's,Maryland,Unknown
none,126299,5,-,Unknown,Insurance
none,89343,3,-,Georgia,Nonprofit & NGO
none,137250,,Bachelor's,Louisiana,Management & Consulting
none,85000,5,Bachelor's,Colorado,Healthcare
none,119750,3,Bachelor's,Florida,Media & Communication
none,124013,5,Bachelor's,Alabama,Financial Services
none,122500,,-,California,Information Technology
none,81500,3,Bachelor's,Georgia,Information Technology
none,157815,0,Bachelor's,California,Financial Services
none,98217,,-,Michigan,Personal Consumer Services
ai_integration,116500,2,-,Illinois,Information Technology
none,148264,5,Bachelor's,Oregon,Information Technology
none,75563,0,-,Montana,Information Technology
none,47500,3,-,Unknown,Unknown
none,87000,2,Bachelor's,California,Unknown
none,107644,5,-,North Carolina,Unknown
none,125000,5,Bachelor's,Illinois,Information Technology
applied_ai,202500,5,-,Unknown,Information Technology
none,113499,,Bachelor's,Massachusetts,Retail & Wholesale
none,97500,3,Bachelor's,Alabama,Information Technology
applied_ai,129200,5,-,Massachusetts,Manufacturing
none,76910,,-,Ohio,Aerospace & Defense
none,104145,,-,Wisconsin,Personal Consumer Services
none,139500,5,Bachelor's,Utah,Retail & Wholesale
applied_ai,83217,3,-,Washington State,Unknown
none,125000,3,Bachelor's,Puerto Rico,Unknown
none,137193,,Bachelor's,Texas,Manufacturing
ai_integration,225000,3,-,California,Unknown
none,78670,2,-,Pennsylvania,Financial Services
none,135000,3,Bachelor's,New York State,Healthcare
none,148154,2,-,Washington State,Media & Communication
none,147000,5,-,Unknown,Information Technology
none,99098,2,Bachelor's,Missouri,Pharmaceutical & Biotechnology
none,103000,7,Bachelor's,Unknown,Financial Services
none,143000,5,Bachelor's,District of Columbia,Unknown
none,126717,2,-,Virginia,Information Technology
none,139770,8,Bachelor's,Unknown,Information Technology
none,97500,0,Bachelor's,Virginia,Information Technology
ai_integration,134017,6,-,Massachusetts,Financial Services
none,109256,5,-,Unknown,Real Estate
none,177500,7,Bachelor's,Unknown,Information Technology
none,125846,3,-,Colorado,Legal
none,140000,5,High School,Texas,Retail & Wholesale
none,98047,3,Bachelor's,Florida,Transportation & Logistics
none,115080,,-,Illinois,Manufacturing
none,149950,5,Bachelor's,Maryland,Information Technology
none,87948,3,-,Virginia,Information Technology
none,213120,2,-,California,Manufacturing
none,125000,4,-,Illinois,Unknown
none,148613,0,Bachelor's,Maryland,Information Technology
ai_integration,89731,2,Bachelor's,Ohio,Manufacturing
ai_integration,123364,6,-,North Carolina,Information Technology
none,109787,5,Bachelor's,Alabama,Aerospace & Defense
applied_ai,152000,8,Bachelor's,Unknown,Aerospace & Defense
none,135100,3,Bachelor's,California,Manufacturing
none,110110,,Bachelor's,North Carolina,Information Technology
none,115275,7,Bachelor's,Massachusetts,Manufacturing
none,104455,,-,Florida,Transportation & Logistics
applied_ai,210800,,-,New York State,Pharmaceutical & Biotechnology
none,87127,0,-,North Carolina,Unknown
none,187500,5,Bachelor's,Maryland,Information Technology
none,197500,8,High School,Maryland,Unknown
none,67763,2,Bachelor's,Florida,Unknown
none,177500,5,-,New York State,Management & Consulting
ai_integration,125000,5,-,Unknown,Information Technology
none,106610,5,Bachelor's,Unknown,Manufacturing
none,152500,3,Bachelor's,Maryland,Information Technology
none,137093,,-,Virginia,Unknown
none,117824,3,Bachelor's,Texas,Unknown
applied_ai,275000,3,-,Unknown,Unknown
none,122500,5,Bachelor's,Wisconsin,Financial Services
none,202500,12,Bachelor's,Maryland,Information Technology
none,96328,5,Bachelor's,Georgia,Unknown
ai_integration,167900,8,-,New York State,Financial Services
none,100531,,-,Georgia,Media & Communication
applied_ai,187500,5,Bachelor's,Washington State,"Construction, Repair & Maintenance Services"
ai_integration,132016,3,Bachelor's,California,Manufacturing
none,160000,7,-,Unknown,Insurance
none,101450,3,Bachelor's,Massachusetts,Information Technology
none,99332,3,-,Texas,Transportation & Logistics
none,125500,7,-,New York State,Financial Services
ai_integration,151500,3,-,California,Information Technology
ai_integration,125000,0,Bachelor's,California,Information Technology
none,160041,,-,California,Unknown
none,140000,5,-,Unknown,Real Estate
none,112112,,Bachelor's,Texas,Unknown
none,119385,5,Bachelor's,Maryland,Management & Consulting
none,142500,5,Bachelor's,Unknown,Unknown
applied_ai,135000,2,-,Texas,Information Technology
none,94744,3,Bachelor's,New Hampshire,Telecommunications
none,137463,10,Bachelor's,Unknown,Unknown
none,128194,,-,Texas,Media & Communication
none,106370,0,Bachelor's,California,Information Technology
none,220000,3,Bachelor's,Maryland,Unknown
ai_integration,97155,3,-,Utah,Information Technology
none,129904,5,Bachelor's,Florida,Information Technology
none,135816,,-,Massachusetts,Information Technology
none,81382,2,Bachelor's,Maine,Aerospace & Defense
ai_integration,165000,5,Bachelor's,Arizona,Financial Services
none,102327,3,-,Texas,Information Technology
none,85000,6,Bachelor's,Maryland,Information Technology
none,104772,5,-,Florida,Information Technology
none,120000,5,-,Illinois,Education
none,105400,5,Bachelor's,Illinois,Information Technology
none,103129,4,-,Missouri,Unknown
none,99689,2,-,Minnesota,Information Technology
none,106451,3,-,Massachusetts,Information Technology
none,110416,3,High School,North Carolina,Financial Services
none,127500,7,-,New Hampshire,Unknown
applied_ai,151168,5,-,Ohio,Information Technology
applied_ai,181500,6,Bachelor's,Georgia,Information Technology
none,114200,,Bachelor's,New York State,"Energy, Mining & Utilities"
none,141412,5,-,Texas,Manufacturing
applied_ai,149500,3,Bachelor's,Florida,Information Technology
none,101063,3,-,Texas,Unknown
none,108590,5,Bachelor's,Arizona,Information Technology
applied_ai,100000,5,-,Unknown,Unknown
none,170000,3,-,Virginia,Information Technology
ai_integration,200000,5,-,Unknown,Unknown
none,90606,3,-,Utah,Information Technology
none,90244,5,Bachelor's,Florida,Unknown
none,126000,5,-,Connecticut,Insurance
none,187950,5,Bachelor's,Utah,Information Technology
none,140966,5,-,Massachusetts,Financial Services
none,167475,5,-,Texas,Information Technology
none,123361,,-,Massachusetts,Unknown
none,115850,3,Bachelor's,Illinois,Aerospace & Defense
none,107500,3,Bachelor's,Indiana,Insurance
none,109256,5,-,Unknown,Real Estate
none,192000,8,-,Unknown,Information Technology
none,190000,,-,Colorado,Information Technology
none,98943,1,-,Virginia,Management & Consulting
none,222500,8,-,California,Information Technology
none,124050,2,Bachelor's,Washington State,Hotels & Travel Accommodation
none,205000,3,-,Maryland,Information Technology
none,151840,1,Master's,Maryland,Human Resources & Staffing
none,123695,5,Bachelor's,New York State,Information Technology
none,152955,5,High School,California,Healthcare
none,113530,,Bachelor's,Michigan,Personal Consumer Services
none,151500,,-,New York State,Financial Services
none,165000,5,-,Unknown,Information Technology
none,111265,,-,Pennsylvania,Unknown
none,140235,,Bachelor's,California,Information Technology
none,99179,8,Bachelor's,Tennessee,Aerospace & Defense
none,202500,,-,Unknown,Information Technology
none,157500,7,Bachelor's,Unknown,Pharmaceutical & Biotechnology
ai_integration,138439,,Bachelor's,California,Unknown
none,80000,0,-,New Jersey,Unknown
none,115200,3,-,California,Information Technology
none,158505,5,-,Texas,Information Technology
none,139500,5,Bachelor's,Unknown,Retail & Wholesale
none,132500,5,-,Illinois,Information Technology
none,150000,,-,California,Information Technology
none,115000,5,Bachelor's,Colorado,Information Technology
ai_integration,164362,5,Bachelor's,Arizona,Government & Public Administration
none,78534,3,Associate,Idaho,Agriculture
none,122761,4,Bachelor's,Virginia,Unknown
none,83400,3,-,Kansas,Information Technology
none,145000,,Bachelor's,Maryland,Aerospace & Defense
none,143500,5,Associate,California,Information Technology
none,90742,1,Bachelor's,Texas,Unknown
none,122509,5,-,North Carolina,Management & Consulting
applied_ai,127114,,Bachelor's,Oregon,Information Technology
none,136972,5,Bachelor's,Massachusetts,Manufacturing
none,170000,8,-,Unknown,Healthcare
applied_ai,126750,5,Bachelor's,Virginia,Information Technology
applied_ai,141500,7,Bachelor's,Texas,Media & Communication
none,117500,5,-,California,"Construction, Repair & Maintenance Services"
none,125000,3,-,New York State,Management & Consulting
none,165000,7,Bachelor's,California,Education
none,95495,3,-,Georgia,Information Technology
none,169800,4,Bachelor's,Virginia,Information Technology
ai_integration,101669,0,Bachelor's,Virginia,Unknown
none,109247,5,Bachelor's,Iowa,Manufacturing
none,168000,5,Bachelor's,Maryland,Aerospace & Defense
none,105676,1,Bachelor's,Washington State,Information Technology
none,126477,8,Bachelor's,Maryland,Information Technology
none,125000,3,Bachelor's,Colorado,Management & Consulting
none,120000,5,Bachelor's,Unknown,Information Technology
none,110801,2,Master's,Pennsylvania,Unknown
none,99651,3,Bachelor's,North Carolina,Information Technology
none,93268,.5,Bachelor's,Texas,Unknown
none,101175,0,Bachelor's,Maryland,Information Technology
applied_ai,118266,,-,Unknown,Unknown
none,150000,7,-,Unknown,Unknown
none,146750,2,-,Minnesota,Information Technology
ai_integration,145000,3,-,Colorado,Information Technology
none,115343,,-,Washington State,Information Technology
none,98176,3,-,Georgia,Information Technology
none,90192,5,-,New Jersey,Information Technology
none,100900,8,Bachelor's,Maryland,Aerospace & Defense
none,92551,4,-,Virginia,Aerospace & Defense
none,113300,5,-,Unknown,Information Technology
none,126378,4,Bachelor's,Illinois,Transportation & Logistics
none,180000,5,-,Unknown,Healthcare
none,130878,4,-,Georgia,Information Technology
none,115000,4,-,Illinois,Aerospace & Defense
ai_integration,149705,5,Bachelor's,California,Human Resources & Staffing
ai_integration,207125,5,Bachelor's,California,Information Technology
none,127824,5,-,Texas,Retail & Wholesale
none,109954,4,Bachelor's,New Jersey,Information Technology
none,140000,7,Bachelor's,Texas,Unknown
none,157500,5,-,Unknown,Information Technology
none,82799,3,-,Ohio,Financial Services
none,137742,7,-,Arizona,Information Technology
none,155000,,Bachelor's,Maryland,Information Technology
ai_integration,176050,5,Bachelor's,California,Manufacturing
none,201600,5,Bachelor's,Virginia,Information Technology
none,137974,10,Bachelor's,Unknown,Information Technology
none,85000,,-,Maine,Information Technology
none,106201,1,Master's,New Jersey,Information Technology
none,148000,6,-,New Jersey,Financial Services
none,190000,5,-,Maryland,Government & Public Administration
none,151622,,-,California,Information Technology
none,141611,5,Bachelor's,New York State,Manufacturing
none,100000,5,-,Michigan,Information Technology
none,111228,,-,Texas,Information Technology
none,141417,5,Bachelor's,North Carolina,Financial Services
applied_ai,165000,5,Bachelor's,Unknown,Unknown
none,146134,5,Bachelor's,New Jersey,Information Technology
none,172500,5,-,Massachusetts,Information Technology
none,116487,3,Bachelor's,Georgia,Information Technology
none,125000,3,Bachelor's,Unknown,Information Technology
none,172500,,-,Maryland,Government & Public Administration
none,176500,5,Bachelor's,California,Information Technology
none,147807,,-,California,Unknown
none,111136,5,Bachelor's,New Jersey,Information Technology
none,120381,7,Bachelor's,Utah,Unknown
none,117585,,-,Pennsylvania,Information Technology
none,101605,,Master's,Michigan,Unknown
none,105000,3,Bachelor's,Maryland,Information Technology
none,156060,5,-,Unknown,Education
none,95495,3,-,Georgia,Information Technology
none,152961,8,Bachelor's,California,Education
none,118188,,-,New Jersey,Unknown
none,128531,5,-,Illinois,Healthcare
none,141201,,Bachelor's,Texas,Information Technology
none,107651,4,Bachelor's,California,"Energy, Mining & Utilities"
none,87173,,-,Texas,Information Technology
none,104600,5,Bachelor's,Unknown,Financial Services
applied_ai,125000,7,Bachelor's,California,Financial Services
none,149781,.5,Bachelor's,Texas,Human Resources & Staffing
none,107859,5,Bachelor's,Texas,Information Technology
none,130558,4,Bachelor's,Florida,Information Technology
none,151500,5,-,Texas,Management & Consulting
ai_integration,126500,3,Bachelor's,Massachusetts,Information Technology
none,235000,8,Bachelor's,Virginia,Unknown
none,112594,3,Bachelor's,New Jersey,Information Technology
none,139953,5,Bachelor's,New Jersey,Information Technology
none,100008,,Bachelor's,Florida,Unknown
none,99325,2,-,Florida,Information Technology
ai_integration,170000,5,Bachelor's,Unknown,Unknown
none,119078,,Bachelor's,Washington State,Information Technology
none,115000,,-,Maryland,Aerospace & Defense
none,201600,5,-,Virginia,Information Technology
none,122582,,-,Virginia,Government & Public Administration
ai_integration,152500,5,-,New York State,Information Technology
none,178000,4,-,Virginia,Information Technology
none,155000,5,High School,Unknown,Government & Public Administration
none,153300,5,-,Texas,Information Technology
applied_ai,120090,4,Bachelor's,Texas,Information Technology
none,139645,5,Bachelor's,California,Financial Services
none,105000,4,Bachelor's,Illinois,Real Estate
none,93200,1,-,Utah,Information Technology
none,118487,5,High School,Utah,Real Estate
none,145000,6,-,Utah,Unknown
none,115000,3,-,Unknown,Information Technology
none,145000,5,Bachelor's,Unknown,Information Technology
none,41000,7,Bachelor's,Texas,Unknown
none,133120,3,-,Texas,Information Technology
ai_integration,215000,6,-,Unknown,Information Technology
none,78927,4,Associate,New Mexico,Information Technology
none,113614,5,Bachelor's,Texas,Information Technology
ai_integration,115765,,Bachelor's,Maryland,Telecommunications
none,140000,,-,California,"Construction, Repair & Maintenance Services"
none,100000,5,Bachelor's,Maryland,Information Technology
none,112308,3,-,Massachusetts,Unknown
none,94191,3,-,Ohio,Information Technology
none,126951,5,-,Florida,Retail & Wholesale
ai_integration,137500,8,Bachelor's,Georgia,Information Technology
ai_integration,190000,5,-,Unknown,Management & Consulting
ai_integration,90744,1,Bachelor's,Ohio,Management & Consulting
none,180000,5,-,California,Information Technology
none,92006,5,Bachelor's,Virginia,Information Technology
none,147500,5,-,Unknown,Unknown
ai_integration,145000,5,-,Texas,Insurance
ai_integration,221000,12,Bachelor's,Colorado,Healthcare
none,143196,,-,Washington State,Unknown
none,135000,5,-,Unknown,Information Technology
none,140300,4,Bachelor's,Unknown,Information Technology
none,237500,5,-,Maryland,Unknown
none,124139,8,Bachelor's,Pennsylvania,Information Technology
none,120000,,-,Maryland,Government & Public Administration
none,132500,7,Bachelor's,Unknown,Unknown
none,160000,8,Bachelor's,Unknown,Information Technology
none,189100,10,-,Unknown,Manufacturing
none,185000,6,Bachelor's,Maryland,Aerospace & Defense
ai_integration,128896,5,-,Utah,Information Technology
none,114450,,-,Pennsylvania,Information Technology
none,102438,5,-,Pennsylvania,Unknown
none,118216,,-,Illinois,Unknown
none,98385,3,-,Texas,Insurance
none,110000,7,-,California,Nonprofit & NGO
none,118109,,-,Virginia,Government & Public Administration
ai_integration,152675,5,Bachelor's,Texas,Information Technology
none,148685,,Master's,California,Information Technology
none,118817,5,-,California,Information Technology
ai_integration,200000,5,-,Unknown,Information Technology
none,110489,5,-,Georgia,Financial Services
none,95124,3,-,Texas,Unknown
none,93872,3,-,Maryland,Information Technology
none,136234,7,Bachelor's,Texas,Aerospace & Defense
none,106488,,Bachelor's,Texas,Information Technology
none,122264,,-,Maryland,Information Technology
none,140000,7,Bachelor's,Unknown,Management & Consulting
none,119620,3,Bachelor's,California,Information Technology
none,137083,5,-,New Jersey,Information Technology
ai_integration,210000,5,-,Washington State,Information Technology
none,94085,7,-,Florida,Information Technology
none,148614,5,Bachelor's,Virginia,Information Technology
applied_ai,126787,3,-,California,Unknown
none,170000,5,-,New Jersey,Information Technology
ai_integration,160000,,-,Unknown,Unknown
none,122679,,-,Arizona,Information Technology
none,113209,.5,Master's,Michigan,Information Technology
ai_integration,122500,3,-,Unknown,Information Technology
none,141952,5,-,California,Information Technology
none,126658,5,-,Pennsylvania,Information Technology
none,115899,5,-,Texas,Information Technology
none,139093,5,-,Oregon,Unknown
none,147014,,-,New Jersey,Information Technology
ai_integration,101375,3,Bachelor's,Florida,Financial Services
none,155600,7,-,Unknown,Information Technology
none,177550,3,-,Minnesota,Information Technology
none,130436,10,-,Virginia,Information Technology
none,152500,5,High School,Virginia,Government & Public Administration
applied_ai,100627,5,-,Washington State,Unknown
none,137500,3,-,California,Information Technology
ai_integration,195000,5,-,Unknown,Financial Services
none,134607,4,-,California,Information Technology
none,113900,5,Bachelor's,New Jersey,Management & Consulting
none,120000,3,Bachelor's,New York State,Management & Consulting
none,129000,5,Bachelor's,Minnesota,Manufacturing
none,150000,3,Bachelor's,Unknown,Information Technology
none,130474,5,-,Washington State,Information Technology
none,111220,5,-,Colorado,Unknown
none,160000,7,-,Unknown,Retail & Wholesale
none,125624,5,-,Illinois,Unknown
none,99308,7,-,Maryland,Information Technology
none,98645,,Bachelor's,California,Unknown
applied_ai,140899,5,-,Massachusetts,Unknown
none,187500,5,Bachelor's,Unknown,Information Technology
none,110245,,Bachelor's,Virginia,Information Technology
applied_ai,100046,1,-,Georgia,Unknown
none,126370,5,Bachelor's,California,Management & Consulting
applied_ai,98870,5,-,Utah,Information Technology
none,118722,5,-,Unknown,Media & Communication
none,134799,5,Bachelor's,Texas,Media & Communication
ai_integration,200000,4,-,New York State,Unknown
none,125994,10,Bachelor's,California,Information Technology
none,133000,4,-,Unknown,Information Technology
none,127500,5,Bachelor's,Illinois,Human Resources & Staffing
none,135000,5,-,Unknown,Information Technology
ai_integration,192500,5,-,New York State,Information Technology
none,155000,5,Bachelor's,New York State,Media & Communication
none,121450,8,-,Maryland,Information Technology
none,100000,5,-,Washington State,Information Technology
none,139674,5,-,California,Unknown
none,125000,3,Bachelor's,Washington State,Human Resources & Staffing
none,127126,8,-,Texas,Information Technology
applied_ai,141500,7,Bachelor's,Texas,Education
none,209000,5,-,Unknown,Unknown
none,99638,5,-,Texas,Unknown
ai_integration,125828,5,Bachelor's,North Carolina,Information Technology
none,187000,5,Bachelor's,Unknown,Manufacturing
ai_integration,143721,5,-,California,Pharmaceutical & Biotechnology
none,115000,3,-,California,Media & Communication
applied_ai,180000,3,Bachelor's,California,Unknown
none,116500,1,-,Utah,Information Technology
ai_integration,114142,5,Bachelor's,Maryland,Unknown
ai_integration,125154,3,-,California,Information Technology
none,99139,,-,Texas,Unknown
none,146500,5,-,Unknown,Information Technology
none,125225,7,-,Texas,Insurance
ai_integration,136250,5,Bachelor's,Unknown,Real Estate
none,124394,8,-,Utah,Information Technology
none,121895,4,-,California,Media & Communication
ai_integration,165000,5,-,California,Manufacturing
ai_integration,132467,7,Bachelor's,Virginia,Management & Consulting
none,155000,5,-,Washington State,Media & Communication
none,152500,8,Bachelor's,Unknown,Education
ai_integration,103198,5,Bachelor's,Texas,Financial Services
none,145000,3,-,California,Information Technology
none,107542,4,Bachelor's,Maryland,Information Technology
none,130000,7,-,Texas,Unknown
none,138863,10,Bachelor's,Virginia,Unknown
none,135000,5,-,Maine,Information Technology
none,150000,5,-,California,Information Technology
none,125746,10,-,Massachusetts,Management & Consulting
none,130438,5,-,Virginia,Information Technology
none,85818,3,-,North Carolina,Unknown
applied_ai,100000,0,Master's,Texas,Information Technology
ai_integration,107500,3,-,Unknown,Retail & Wholesale
none,106027,5,-,Texas,Unknown
applied_ai,141930,,-,Arizona,Information Technology
none,198000,11,Bachelor's,Virginia,Aerospace & Defense
none,190300,,Bachelor's,California,Information Technology
none,106400,2,Bachelor's,Unknown,Management & Consulting
none,155000,,Bachelor's,California,Information Technology
none,150250,5,Bachelor's,California,Aerospace & Defense
none,100701,3,High School,South Carolina,Aerospace & Defense
none,110000,2,High School,Texas,Management & Consulting
none,123239,,-,Texas,Information Technology
none,168900,,Bachelor's,California,Information Technology
applied_ai,150000,.5,Bachelor's,California,Unknown
none,105000,3,-,Illinois,Information Technology
none,115000,4,Bachelor's,Idaho,Manufacturing
applied_ai,267960,5,Bachelor's,Texas,Information Technology
none,164500,10,Master's,New Jersey,Information Technology
none,106500,2,Bachelor's,Oregon,Information Technology
none,93293,8,-,Florida,Information Technology
none,95000,2,Bachelor's,Pennsylvania,"Energy, Mining & Utilities"
none,95000,5,Associate,Unknown,Unknown
none,91580,2,Bachelor's,Georgia,Manufacturing
none,67276,2,Bachelor's,Wisconsin,Manufacturing
none,74128,1,Bachelor's,North Carolina,Information Technology
none,200200,,Bachelor's,California,Information Technology
none,128788,,Bachelor's,Georgia,Manufacturing
applied_ai,249750,5,Bachelor's,California,Information Technology
none,113712,5,-,Virginia,Information Technology
ai_integration,91004,3,-,California,Information Technology
applied_ai,174375,5,Bachelor's,California,Information Technology
none,127883,2,Bachelor's,Florida,Aerospace & Defense
ai_integration,183598,7,Bachelor's,Rhode Island,Healthcare
none,106875,5,Bachelor's,Oregon,Aerospace & Defense
none,118406,5,Bachelor's,Massachusetts,Pharmaceutical & Biotechnology
none,95158,2,-,South Carolina,"Energy, Mining & Utilities"
none,134050,5,-,Arizona,Financial Services
none,102191,5,Bachelor's,Tennessee,"Construction, Repair & Maintenance Services"
none,173500,10,Bachelor's,Arizona,Financial Services
none,201514,3,Master's,California,Information Technology
none,198000,8,-,Maryland,Aerospace & Defense
none,135000,0,Bachelor's,Unknown,Information Technology
none,90000,,Bachelor's,Vermont,Manufacturing
ai_integration,100000,3,-,California,Financial Services
none,80000,,-,Wisconsin,Manufacturing
none,113245,5,Bachelor's,Virginia,Government & Public Administration
none,105435,4,Bachelor's,Ohio,Insurance
ai_integration,102055,2,Bachelor's,Virginia,Management & Consulting
none,95343,3,Bachelor's,Nevada,Hotels & Travel Accommodation
none,82158,1,Bachelor's,Michigan,Information Technology
none,130000,8,-,Unknown,Insurance
ai_integration,194929,5,-,Unknown,Information Technology
none,97300,1,Bachelor's,California,Unknown
ai_integration,117511,,-,Virginia,Unknown
none,168000,5,Bachelor's,California,Aerospace & Defense
none,79154,4,Bachelor's,Puerto Rico,Information Technology
none,98796,0,-,Michigan,Insurance
none,102500,3,High School,Pennsylvania,Aerospace & Defense
none,106875,5,Bachelor's,Oregon,Aerospace & Defense
applied_ai,330000,4,-,California,Management & Consulting
none,123500,6,Bachelor's,Texas,Financial Services
none,100579,5,Bachelor's,California,Management & Consulting
none,139950,7,Bachelor's,Unknown,Aerospace & Defense
none,87070,3,Bachelor's,Maine,Information Technology
none,95038,0,-,Texas,Human Resources & Staffing
none,127750,3,Bachelor's,Georgia,Insurance
none,113341,5,-,Tennessee,Human Resources & Staffing
none,134200,3,Bachelor's,Virginia,Aerospace & Defense
none,155000,8,Bachelor's,California,Aerospace & Defense
applied_ai,209750,2,Bachelor's,California,Information Technology
none,130000,2,Bachelor's,California,Aerospace & Defense
none,146850,3,Bachelor's,Unknown,Information Technology
none,175979,6,-,Virginia,Aerospace & Defense
none,163800,5,-,Unknown,Information Technology
none,128783,,Bachelor's,Florida,Aerospace & Defense
none,108077,,-,South Carolina,Information Technology
ai_integration,97500,2,-,New York State,Media & Communication
none,181300,6,-,California,Information Technology
none,103334,10,-,Unknown,Healthcare
none,104860,,Bachelor's,Tennessee,Manufacturing
none,83000,0,Bachelor's,New Jersey,Aerospace & Defense
none,79870,10,Bachelor's,Unknown,Management & Consulting
none,102400,2,Bachelor's,Georgia,Information Technology
none,68509,3,Associate,Kansas,"Energy, Mining & Utilities"
none,97014,,-,Oregon,Unknown
none,200200,3,Bachelor's,California,Information Technology
none,125000,0,Bachelor's,Texas,Manufacturing
none,151053,5,Bachelor's,California,Manufacturing
none,146250,2,Bachelor's,Washington State,Aerospace & Defense
none,410000,,-,California,Information Technology
ai_integration,89599,3,Bachelor's,Oregon,Pharmaceutical & Biotechnology
none,81742,4,Bachelor's,Michigan,Manufacturing
none,138500,5,Bachelor's,Colorado,Aerospace & Defense
none,119634,5,Bachelor's,California,Unknown
none,112750,5,Bachelor's,Ohio,Manufacturing
none,150000,5,-,District of Columbia,Information Technology
none,249750,,-,California,Information Technology
none,141815,,Bachelor's,California,Manufacturing
none,130000,3,-,Wisconsin,Manufacturing
none,112500,1,Bachelor's,California,Aerospace & Defense
none,170000,5,-,Unknown,Information Technology
none,84332,5,Bachelor's,Florida,Retail & Wholesale
ai_integration,152370,3,Bachelor's,Massachusetts,Legal
none,87500,5,Bachelor's,Illinois,Unknown
ai_integration,92200,4,-,Indiana,Pharmaceutical & Biotechnology
none,83126,2,Bachelor's,Ohio,Manufacturing
none,77479,2,Bachelor's,Illinois,Information Technology
none,116000,5,Bachelor's,Washington State,Manufacturing
none,107094,5,Bachelor's,Oregon,Information Technology
none,135000,8,Bachelor's,Unknown,Management & Consulting
none,98000,2,-,Florida,Aerospace & Defense
none,113380,3,-,Pennsylvania,Information Technology
none,140143,2,High School,Maryland,Unknown
none,112500,1,Bachelor's,Washington State,Aerospace & Defense
none,117500,3,Bachelor's,Texas,Media & Communication
none,94200,1,Bachelor's,Idaho,Manufacturing
applied_ai,108138,5,-,North Carolina,Manufacturing
none,209750,3,Bachelor's,California,Information Technology
ai_integration,200000,10,Bachelor's,California,Unknown
ai_integration,87500,2,Bachelor's,Unknown,Unknown
ai_integration,135000,5,-,Unknown,Information Technology
none,75115,3,Bachelor's,Virginia,Information Technology
none,82034,,Bachelor's,New Jersey,Manufacturing
none,160467,,-,Texas,Information Technology
none,87500,2,-,Pennsylvania,Information Technology
ai_integration,209750,7,Bachelor's,California,Information Technology
none,101770,4,Bachelor's,Texas,Manufacturing
none,111497,7,Bachelor's,Alabama,Aerospace & Defense
ai_integration,149200,5,Bachelor's,Unknown,Insurance
none,95000,2,-,California,Unknown
none,115900,7,-,Virginia,Aerospace & Defense
none,91800,,-,California,Information Technology
none,101390,2,Bachelor's,Texas,Information Technology
none,95321,6,Bachelor's,Georgia,Information Technology
none,74417,5,Bachelor's,Ohio,Retail & Wholesale
none,109500,8,-,Connecticut,Insurance
none,125100,2,-,California,Information Technology
none,77500,3,Bachelor's,Maryland,Information Technology
none,176500,5,Bachelor's,Unknown,Information Technology
ai_integration,103859,5,Bachelor's,Georgia,Financial Services
none,125590,.5,Master's,Texas,Human Resources & Staffing
ai_integration,410000,5,-,California,Information Technology
none,150000,5,Bachelor's,Virginia,Management & Consulting
none,79650,4,High School,Texas,Manufacturing
none,85944,,-,Indiana,Aerospace & Defense
applied_ai,184137,,-,California,Information Technology
none,82500,1,Bachelor's,California,Manufacturing
ai_integration,106577,10,-,Massachusetts,Manufacturing
none,123350,3,-,Kentucky,"Construction, Repair & Maintenance Services"
none,152000,5,Bachelor's,Florida,Aerospace & Defense
none,117500,3,Bachelor's,Texas,Media & Communication
none,86000,5,High School,Unknown,Information Technology
applied_ai,107745,5,Bachelor's,Arizona,Financial Services
ai_integration,99200,3,Bachelor's,Washington State,Insurance
none,112500,,-,Arizona,Government & Public Administration
none,190000,2,Bachelor's,California,Manufacturing
none,75439,3,Bachelor's,Indiana,Aerospace & Defense
none,94347,5,Bachelor's,Florida,Restaurants & Food Service
none,86264,1,Bachelor's,Iowa,Manufacturing
none,113650,2,High School,New York State,Information Technology
none,106400,,-,Missouri,Aerospace & Defense
none,77500,3,-,New Jersey,Information Technology
none,82500,1,Bachelor's,California,Manufacturing
none,103633,5,-,Iowa,Manufacturing
none,115951,0,-,Massachusetts,Healthcare
none,244000,6,Bachelor's,California,Manufacturing
none,110000,3,Bachelor's,Maryland,Unknown
none,146250,1,Bachelor's,Washington State,Aerospace & Defense
none,144750,6,Bachelor's,California,Telecommunications
none,130000,,-,California,Manufacturing
ai_integration,179000,5,Bachelor's,Massachusetts,Healthcare
none,95000,10,-,Arizona,Unknown
none,96500,,-,Michigan,Manufacturing
none,135000,7,-,Unknown,Information Technology
none,87500,2,Bachelor's,Illinois,Manufacturing
none,117440,7,Bachelor's,Massachusetts,Manufacturing
applied_ai,105000,,-,Unknown,Healthcare
none,88700,0,High School,North Carolina,Pharmaceutical & Biotechnology
none,128867,5,Bachelor's,California,Manufacturing
ai_integration,55000,,-,Unknown,Unknown
none,136200,,-,Unknown,Information Technology
none,86000,8,High School,Unknown,Information Technology
none,115000,2,Bachelor's,California,Unknown
none,86000,6,Bachelor's,New Jersey,Aerospace & Defense
none,119200,5,Bachelor's,Colorado,Information Technology
applied_ai,184100,7,-,Texas,Information Technology
ai_integration,120000,5,-,North Carolina,Financial Services
none,82869,2,Bachelor's,North Dakota,Information Technology
none,170000,6,Bachelor's,Texas,Information Technology
none,137060,7,Bachelor's,Colorado,Telecommunications
none,136899,8,Bachelor's,Texas,Manufacturing
ai_integration,145000,3,-,Unknown,Information Technology
none,110953,,-,Maryland,Unknown
none,115850,5,Bachelor's,Indiana,Pharmaceutical & Biotechnology
none,78406,3,Bachelor's,Texas,Financial Services
none,138750,4,Bachelor's,Unknown,Information Technology
ai_integration,125000,8,Associate,Texas,Management & Consulting
ai_integration,113536,3,-,Texas,Information Technology
none,74017,2,Bachelor's,Georgia,Unknown
none,104100,3,Bachelor's,New York State,Pharmaceutical & Biotechnology
none,149500,8,Bachelor's,Illinois,Unknown
none,127500,3,Bachelor's,North Carolina,Human Resources & Staffing
none,90000,3,Bachelor's,Arizona,Aerospace & Defense
none,155000,,Bachelor's,California,Unknown
none,115000,3,Bachelor's,New Jersey,Pharmaceutical & Biotechnology
none,105339,5,-,Michigan,Education
none,75397,0,-,Indiana,Pharmaceutical & Biotechnology
none,170072,8,Bachelor's,Maryland,Unknown
none,101450,1,Bachelor's,Georgia,Information Technology
ai_integration,117386,2,-,California,Unknown
applied_ai,199500,7,Bachelor's,California,Aerospace & Defense
none,119155,5,-,Pennsylvania,Insurance
none,101854,3,Bachelor's,Virginia,Pharmaceutical & Biotechnology
none,135000,8,Bachelor's,Maryland,Information Technology
none,134000,3,Bachelor's,District of Columbia,Information Technology
none,133662,3,-,Maryland,Unknown
none,103392,3,Bachelor's,Michigan,Restaurants & Food Service
none,135000,8,Bachelor's,Unknown,Information Technology
none,116875,3,Bachelor's,Colorado,Telecommunications
none,99434,3,Bachelor's,Nevada,Hotels & Travel Accommodation
none,100333,6,Bachelor's,Virginia,Aerospace & Defense
none,72737,4,-,Pennsylvania,Retail & Wholesale
none,114000,5,Bachelor's,Pennsylvania,Manufacturing
none,75000,9,Bachelor's,Texas,Unknown
ai_integration,231500,8,-,California,Information Technology
none,126686,,Master's,Virginia,Unknown
none,85127,2,Bachelor's,Texas,Financial Services
none,178960,3,Bachelor's,California,Manufacturing
none,126180,5,Bachelor's,North Carolina,Retail & Wholesale
none,114635,5,Bachelor's,Kansas,Manufacturing
none,145000,1,Bachelor's,California,Aerospace & Defense
none,178960,,-,California,Manufacturing
none,80000,0,Bachelor's,New Jersey,Manufacturing
none,73361,3,Bachelor's,New Hampshire,Manufacturing
none,100149,0,Bachelor's,Louisiana,"Construction, Repair & Maintenance Services"
applied_ai,183255,8,-,California,Retail & Wholesale
none,114050,4,Bachelor's,California,Information Technology
none,134000,4,Bachelor's,Massachusetts,Pharmaceutical & Biotechnology
none,164500,3,Bachelor's,California,Telecommunications
none,117500,3,-,Texas,Unknown
none,80000,3,-,Idaho,Unknown
none,98577,2,Bachelor's,Washington State,Agriculture
none,98027,1,-,Utah,Information Technology
none,102500,3,Bachelor's,Indiana,Healthcare
none,131000,6,Bachelor's,Minnesota,Manufacturing
none,94995,4,Bachelor's,Massachusetts,Aerospace & Defense
none,124500,5,Bachelor's,California,Information Technology
none,125000,8,Bachelor's,California,Manufacturing
none,134200,5,-,Virginia,Aerospace & Defense
none,165360,8,Bachelor's,Illinois,Manufacturing
none,94250,,Bachelor's,Nevada,Retail & Wholesale
none,185000,5,Bachelor's,Georgia,Human Resources & Staffing
none,102500,8,-,Maryland,Management & Consulting
none,103174,8,-,Texas,Information Technology
none,102500,2,Bachelor's,New Mexico,Aerospace & Defense
none,94185,,-,New Jersey,Unknown
none,85070,0,Associate,Missouri,Insurance
none,105453,5,Bachelor's,Unknown,Pharmaceutical & Biotechnology
none,128937,2,Bachelor's,Massachusetts,Pharmaceutical & Biotechnology
applied_ai,209750,3,Bachelor's,California,Information Technology
none,150000,4,Bachelor's,California,Unknown
none,168100,8,Bachelor's,Colorado,Aerospace & Defense
none,130000,3,-,North Carolina,Human Resources & Staffing
none,134200,5,Bachelor's,Texas,Manufacturing
none,87500,1,Bachelor's,Ohio,Aerospace & Defense
ai_integration,183250,5,Bachelor's,Massachusetts,Retail & Wholesale
none,168100,5,Bachelor's,Florida,Aerospace & Defense
none,95321,,Bachelor's,Georgia,Information Technology
ai_integration,160000,3,Bachelor's,California,Transportation & Logistics
none,115666,,-,Delaware,Information Technology
none,190000,8,Bachelor's,Oregon,Unknown
none,187500,,-,California,Unknown
none,120539,5,Bachelor's,Texas,Manufacturing
none,148500,6,Bachelor's,Unknown,Manufacturing
none,93892,5,Bachelor's,Ohio,Manufacturing
none,89045,,Master's,Michigan,Media & Communication
none,142400,5,Bachelor's,Virginia,Information Technology
none,133500,3,-,California,Information Technology
applied_ai,167500,5,Master's,Maryland,Media & Communication
none,85000,4,Associate,Texas,Unknown
none,84896,2,Bachelor's,Nebraska,Pharmaceutical & Biotechnology
none,150000,5,Bachelor's,California,Aerospace & Defense
none,95000,0,Bachelor's,Colorado,Aerospace & Defense
none,105526,2,Bachelor's,Minnesota,Manufacturing
none,177616,5,Bachelor's,Washington State,Aerospace & Defense
applied_ai,244000,8,Bachelor's,California,Information Technology
none,101770,5,-,North Carolina,Unknown
applied_ai,209750,3,-,California,Information Technology
none,84227,3,-,Georgia,Financial Services
none,93099,5,Bachelor's,Virginia,Information Technology
none,160000,10,-,Texas,Financial Services
none,80000,6,-,Texas,Unknown
none,67500,3,Bachelor's,North Carolina,Human Resources & Staffing
ai_integration,146000,3,-,Unknown,Information Technology
none,135000,1,Bachelor's,California,Unknown
none,145588,2,Bachelor's,Washington State,Aerospace & Defense
ai_integration,219500,10,Bachelor's,California,Healthcare
ai_integration,135000,3,-,Unknown,Information Technology
none,78698,5,Bachelor's,Connecticut,Manufacturing
none,66000,3,Bachelor's,North Carolina,Human Resources & Staffing
none,123000,3,-,Iowa,Aerospace & Defense
none,94078,8,-,Florida,Information Technology
none,91686,2,Bachelor's,Indiana,Pharmaceutical & Biotechnology
none,114000,6,Bachelor's,Arizona,Manufacturing
none,94179,,Bachelor's,Michigan,Manufacturing
none,85000,0,Bachelor's,Arizona,Unknown
ai_integration,134550,3,-,Texas,Information Technology
ai_integration,114000,3,Bachelor's,Massachusetts,Aerospace & Defense
none,90081,2,-,Michigan,Unknown
none,116975,0,High School,District of Columbia,Management & Consulting
applied_ai,215000,12,Bachelor's,California,Insurance
ai_integration,89462,5,Bachelor's,New Hampshire,Management & Consulting
applied_ai,132307,3,High School,Utah,Manufacturing
ai_integration,105000,0,Bachelor's,California,Unknown
none,124900,6,Bachelor's,Illinois,Management & Consulting
none,130000,2,Bachelor's,California,Retail & Wholesale
none,105555,,-,Minnesota,Manufacturing
none,87583,3,Bachelor's,Oregon,Manufacturing
none,94500,5,-,New Jersey,Information Technology
ai_integration,132000,5,Bachelor's,California,Healthcare
none,98438,3,Bachelor's,Illinois,Manufacturing
none,95000,,Bachelor's,New York State,Manufacturing
none,115850,8,Bachelor's,Indiana,Pharmaceutical & Biotechnology
none,135000,3,-,New York State,Financial Services
none,95177,0,Bachelor's,Georgia,Information Technology
none,157500,3,-,Colorado,Management & Consulting
ai_integration,90864,0,High School,Maryland,Aerospace & Defense
core_ai,100558,8,PhD,Texas,Information Technology
none,70000,0,Bachelor's,California,Pharmaceutical & Biotechnology
none,102600,2,Bachelor's,Massachusetts,Manufacturing
ai_integration,122500,5,Bachelor's,New York State,Financial Services
none,93605,,Bachelor's,Ohio,Agriculture
ai_integration,122100,3,Bachelor's,Unknown,Information Technology
ai_integration,108223,5,-,Unknown,Unknown
none,194000,12,Bachelor's,Maryland,Information Technology
none,120000,8,Bachelor's,Maryland,Information Technology
none,160000,3,Bachelor's,California,Unknown
none,157500,5,Bachelor's,Unknown,Information Technology
none,79144,5,-,Florida,Information Technology
none,105068,4,-,California,Media & Communication
none,159000,3,-,New York State,Financial Services
none,128000,1,Bachelor's,California,Information Technology
none,122584,8,Bachelor's,Tennessee,Information Technology
none,121125,,-,North Carolina,Financial Services
none,117685,10,Bachelor's,North Carolina,Pharmaceutical & Biotechnology
none,98312,5,Bachelor's,Virginia,Unknown
none,126341,11,Bachelor's,Virginia,Information Technology
none,102400,0,Bachelor's,Delaware,Information Technology
ai_integration,175000,3,Bachelor's,California,Aerospace & Defense
none,125460,4,Bachelor's,Colorado,Pharmaceutical & Biotechnology
none,125478,,-,Texas,Management & Consulting
none,80568,5,Bachelor's,Virginia,Unknown
applied_ai,139100,2,Bachelor's,California,Information Technology
none,128445,5,-,Iowa,Unknown
none,200000,5,-,Maryland,Government & Public Administration
none,162500,,-,Maryland,Unknown
none,185000,5,Bachelor's,California,Manufacturing
none,112532,5,Bachelor's,Oregon,Information Technology
none,108773,,Bachelor's,California,"Construction, Repair & Maintenance Services"
none,97080,5,Bachelor's,Texas,Human Resources & Staffing
applied_ai,135000,3,-,Unknown,Real Estate
none,139485,5,Bachelor's,Colorado,Aerospace & Defense
none,114869,,Bachelor's,District of Columbia,Information Technology
none,66250,,-,Minnesota,Management & Consulting
ai_integration,123100,3,Bachelor's,California,Information Technology
ai_integration,101403,8,-,Kansas,Financial Services
none,89260,7,Bachelor's,Florida,Government & Public Administration
none,85724,4,Bachelor's,Georgia,Financial Services
none,90527,3,Bachelor's,Massachusetts,Information Technology
none,141444,,-,California,Unknown
ai_integration,145000,8,Bachelor's,District of Columbia,Information Technology
none,100662,3,High School,New York State,Unknown
ai_integration,126250,,-,California,Information Technology
none,162500,10,-,Maryland,Information Technology
none,130287,5,-,North Carolina,Information Technology
none,213120,4,-,California,Manufacturing
ai_integration,110297,,-,Illinois,Information Technology
ai_integration,165880,10,Bachelor's,Illinois,Manufacturing
none,121715,10,Bachelor's,Maryland,Pharmaceutical & Biotechnology
none,88074,4,-,Massachusetts,Information Technology
none,102700,,-,Unknown,Information Technology
ai_integration,130000,3,-,California,Manufacturing
none,94983,2,Bachelor's,California,Information Technology
none,103549,3,-,Texas,Information Technology
none,143000,2,Bachelor's,Colorado,Information Technology
none,95000,1,Bachelor's,Colorado,Aerospace & Defense
none,121383,2,-,California,Management & Consulting
none,75412,5,Bachelor's,Virginia,Information Technology
none,82196,3,Bachelor's,New Jersey,Media & Communication
ai_integration,100000,5,Bachelor's,New York State,Nonprofit & NGO
none,98438,5,Bachelor's,Illinois,Manufacturing
none,107775,8,Bachelor's,Texas,Manufacturing
none,104704,5,Bachelor's,Arizona,Unknown
ai_integration,212500,,-,California,Unknown
none,74520,1,Bachelor's,Texas,Information Technology
none,78885,8,Bachelor's,Texas,Information Technology
none,84725,,-,Alabama,Aerospace & Defense
none,91859,3,-,North Carolina,Unknown
none,85000,1,Bachelor's,California,Information Technology
ai_integration,125238,5,-,California,Information Technology
none,162500,2,Bachelor's,Maryland,Unknown
none,134533,5,Bachelor's,Michigan,Manufacturing
none,76396,3,-,Texas,Unknown
ai_integration,120000,7,-,Unknown,Unknown
none,100000,,Associate,Maine,Manufacturing
none,115348,2,Bachelor's,New York State,Unknown
ai_integration,102863,0,Bachelor's,Illinois,Telecommunications
ai_integration,224950,6,-,Washington State,Information Technology
none,115991,5,Bachelor's,Texas,Financial Services
none,137500,5,Bachelor's,New Jersey,Pharmaceutical & Biotechnology
none,188100,2,Bachelor's,Washington State,Information Technology
none,107546,,Bachelor's,Texas,"Energy, Mining & Utilities"
none,81154,0,Bachelor's,Minnesota,Manufacturing
none,147500,,-,Michigan,Unknown
none,88443,5,-,Maryland,Aerospace & Defense
none,81039,7,-,New Jersey,Unknown
none,80344,,Bachelor's,New Jersey,Management & Consulting
applied_ai,135000,5,Bachelor's,New York State,Information Technology
none,116201,3,-,California,Unknown
none,127500,7,-,New York State,Media & Communication
none,124456,3,Bachelor's,California,Information Technology
none,100000,7,-,Michigan,Human Resources & Staffing
none,180000,5,-,Virginia,Information Technology
none,120000,0,-,California,Manufacturing
none,135000,3,Bachelor's,Washington State,Human Resources & Staffing
none,97636,7,Bachelor's,Michigan,Human Resources & Staffing
none,93983,0,Master's,Texas,Unknown
ai_integration,151500,6,Bachelor's,California,Information Technology
ai_integration,71500,7,-,Arizona,Information Technology
ai_integration,89530,3,-,Colorado,Information Technology
none,103472,5,Bachelor's,Texas,"Arts, Entertainment & Recreation"
none,165409,,-,California,Information Technology
ai_integration,128478,5,Bachelor's,Massachusetts,Legal
none,140000,3,Bachelor's,Colorado,Unknown
none,150000,4,Bachelor's,Colorado,Aerospace & Defense
none,111475,2,Bachelor's,Texas,Information Technology
none,80166,3,Bachelor's,Minnesota,Manufacturing
none,121500,6,Bachelor's,North Carolina,Pharmaceutical & Biotechnology
ai_integration,82707,2,-,North Carolina,Information Technology
none,115000,5,Bachelor's,Massachusetts,Management & Consulting
none,157500,7,Bachelor's,Unknown,Information Technology
none,87549,,Bachelor's,Utah,Unknown
ai_integration,118140,0,Bachelor's,California,Information Technology
ai_integration,102875,3,-,Texas,Information Technology
applied_ai,165000,5,Bachelor's,Washington State,Information Technology
none,153500,5,Bachelor's,New Jersey,Financial Services
none,171500,5,-,New Jersey,Financial Services
none,108561,3,Bachelor's,Texas,Manufacturing
none,120026,,-,Georgia,Unknown
none,108616,,-,Texas,Information Technology
ai_integration,93861,7,-,Delaware,Unknown
none,119548,2,-,New Jersey,Real Estate
none,116085,5,Bachelor's,Illinois,Information Technology
none,114000,5,Bachelor's,California,Manufacturing
none,190000,,-,Colorado,Information Technology
none,100000,5,Bachelor's,District of Columbia,Unknown
none,117951,3,-,Texas,Unknown
none,122843,5,Bachelor's,Georgia,Financial Services
none,129087,5,-,California,Information Technology
none,115000,6,-,Pennsylvania,Unknown
none,106189,4,-,Colorado,Human Resources & Staffing
ai_integration,96000,5,Bachelor's,New York State,Insurance
none,175000,7,Bachelor's,California,Aerospace & Defense
none,161600,1,Bachelor's,California,Information Technology
none,95000,5,-,Oklahoma,Unknown
none,115989,5,Bachelor's,District of Columbia,Information Technology
none,110000,3,Bachelor's,Virginia,Information Technology
none,125040,5,Bachelor's,California,Insurance
none,89681,10,-,New Jersey,Unknown
none,150000,5,Bachelor's,California,Information Technology
ai_integration,113377,8,Bachelor's,Texas,Manufacturing
none,66338,2,Bachelor's,Puerto Rico,Telecommunications
none,150600,4,Bachelor's,California,Media & Communication
none,124733,2,Associate,Alabama,Transportation & Logistics
ai_integration,137900,5,Bachelor's,North Carolina,Retail & Wholesale
none,112500,5,Bachelor's,Louisiana,Human Resources & Staffing
none,150600,4,Bachelor's,California,Media & Communication
ai_integration,100250,1,Bachelor's,Utah,Healthcare
none,102500,3,Bachelor's,Unknown,Media & Communication
none,77600,2,-,Unknown,Telecommunications
none,163407,6,-,Utah,Aerospace & Defense
applied_ai,169300,3,-,Unknown,Financial Services
none,109200,2,Bachelor's,North Carolina,Retail & Wholesale
applied_ai,185000,5,-,New York State,Information Technology
applied_ai,120766,4,Bachelor's,Indiana,Education
none,60620,2,Bachelor's,North Carolina,Unknown
none,175000,4,-,California,Unknown
none,85000,3,High School,Nevada,Unknown
none,109200,2,Bachelor's,North Carolina,Retail & Wholesale
none,213000,7,-,Unknown,Information Technology
applied_ai,215000,3,-,Unknown,Retail & Wholesale
none,83745,3,-,Iowa,"Energy, Mining & Utilities"
none,119700,0,Bachelor's,Virginia,Management & Consulting
none,137500,3,Bachelor's,Unknown,Information Technology
none,90125,4,Bachelor's,Unknown,"Construction, Repair & Maintenance Services"
none,100000,3,Bachelor's,Unknown,Unknown
none,135000,5,-,California,Media & Communication
applied_ai,132300,,Bachelor's,Washington State,Information Technology
none,90000,1,Associate,Maryland,Aerospace & Defense
none,104250,5,-,Unknown,Unknown
none,106298,0,Bachelor's,Tennessee,Manufacturing
ai_integration,140000,5,Bachelor's,Utah,Healthcare
none,137900,7,Bachelor's,North Carolina,Retail & Wholesale
none,93650,,-,Colorado,Aerospace & Defense
ai_integration,132894,0,Bachelor's,California,Government & Public Administration
none,160000,8,-,Oregon,Information Technology
ai_integration,195000,5,-,Unknown,Information Technology
none,93950,5,-,Pennsylvania,Management & Consulting
applied_ai,185000,,-,New York State,Information Technology
none,110017,2,Bachelor's,California,Aerospace & Defense
none,160000,10,-,Unknown,Information Technology
none,124938,3,Bachelor's,Pennsylvania,Financial Services
none,115000,3,Bachelor's,Colorado,Unknown
none,152500,3,-,Unknown,Restaurants & Food Service
none,101668,,-,Ohio,Healthcare
applied_ai,97491,5,Bachelor's,Nevada,"Arts, Entertainment & Recreation"
none,149500,5,-,Missouri,Financial Services
none,125000,0,Bachelor's,Virginia,Management & Consulting
none,167000,3,Master's,Georgia,Financial Services
ai_integration,202700,5,-,Minnesota,Information Technology
ai_integration,115697,7,High School,Virginia,Information Technology
none,120000,3,-,Unknown,Education
none,147500,3,-,Texas,Information Technology
none,92316,5,Bachelor's,Pennsylvania,Information Technology
none,146250,1,Bachelor's,Washington State,Aerospace & Defense
none,134200,7,Bachelor's,Maryland,Aerospace & Defense
none,76750,0,Bachelor's,New York State,Manufacturing
none,145000,5,-,California,Media & Communication
ai_integration,105322,,Bachelor's,Texas,Management & Consulting
ai_integration,166591,7,-,California,Information Technology
none,123805,0,Bachelor's,Massachusetts,Information Technology
none,111750,1,High School,New Jersey,Aerospace & Defense
applied_ai,176250,3,Bachelor's,Washington State,Information Technology
none,117500,0,-,Florida,Financial Services
none,146000,5,Bachelor's,Rhode Island,Information Technology
none,125000,5,-,Florida,Unknown
none,157500,5,-,Texas,Information Technology
ai_integration,109772,5,-,Georgia,Transportation & Logistics
none,150000,7,Bachelor's,Unknown,Financial Services
none,127945,4,-,Georgia,Agriculture
none,94724,,-,Indiana,Information Technology
none,127200,3,-,Washington State,Manufacturing
none,119050,3,-,Unknown,Information Technology
ai_integration,190000,5,-,Unknown,Information Technology
none,130900,3,-,California,Information Technology
applied_ai,135805,3,Bachelor's,California,Management & Consulting
none,81143,3,Bachelor's,Unknown,Aerospace & Defense
none,130700,5,Bachelor's,New Jersey,Pharmaceutical & Biotechnology
none,151500,3,Bachelor's,Massachusetts,Healthcare
none,140143,4,High School,Maryland,Unknown
none,94069,4,Bachelor's,Michigan,Aerospace & Defense
none,98496,5,Bachelor's,Pennsylvania,Information Technology
ai_integration,137500,3,-,Unknown,Unknown
none,102014,0,Master's,Virginia,Information Technology
none,92165,,Bachelor's,Oklahoma,Information Technology
none,116502,10,Bachelor's,Ohio,Aerospace & Defense
none,110000,3,-,Virginia,Government & Public Administration
none,125000,7,-,Unknown,Unknown
ai_integration,166500,5,-,California,"Arts, Entertainment & Recreation"
none,206050,4,Associate,Unknown,Information Technology
none,123000,5,Bachelor's,Unknown,Aerospace & Defense
none,151500,4,Bachelor's,New Jersey,Financial Services
none,82930,,Bachelor's,Pennsylvania,Information Technology
none,120000,3,Bachelor's,Virginia,Management & Consulting
none,175000,2,Bachelor's,California,Unknown
none,132300,,Bachelor's,Washington State,Information Technology
ai_integration,100125,2,Bachelor's,Ohio,Manufacturing
applied_ai,225000,4,Bachelor's,California,Information Technology
none,123209,,Bachelor's,New Mexico,Aerospace & Defense
none,138148,2,Bachelor's,Illinois,Telecommunications
ai_integration,96450,.5,Bachelor's,Colorado,Information Technology
ai_integration,106391,5,-,Missouri,Financial Services
none,90918,0,Bachelor's,California,Aerospace & Defense
none,115000,3,Bachelor's,Colorado,Financial Services
applied_ai,125000,5,Bachelor's,Unknown,Information Technology
ai_integration,115000,2,Bachelor's,California,Unknown
none,162500,2,Bachelor's,New York State,Financial Services
ai_integration,160000,7,-,Washington State,Unknown
none,178700,5,-,Utah,Education
ai_integration,122500,,Bachelor's,Illinois,Management & Consulting
none,78493,4,High School,Ohio,Information Technology
applied_ai,110000,,-,Unknown,Unknown
none,108150,3,Bachelor's,Pennsylvania,Telecommunications
none,185875,3,-,California,Information Technology
none,77302,3,Bachelor's,Virginia,Aerospace & Defense
none,74900,1,Bachelor's,Pennsylvania,Insurance
none,95000,6,Bachelor's,New Jersey,Unknown
none,76750,1,Bachelor's,New York State,Unknown
none,113815,8,Bachelor's,Virginia,Unknown
none,177616,5,Bachelor's,Washington State,Aerospace & Defense
none,140000,10,Bachelor's,Massachusetts,Media & Communication
none,78252,0,Bachelor's,Pennsylvania,Healthcare
none,102922,5,-,Illinois,Information Technology
none,103688,3,Bachelor's,Pennsylvania,Financial Services
applied_ai,103328,3,-,Virginia,Manufacturing
none,82194,0,Bachelor's,Virginia,Aerospace & Defense
applied_ai,217500,6,Bachelor's,Unknown,Information Technology
none,112500,3,-,Unknown,Healthcare
none,114431,0,Bachelor's,Virginia,Aerospace & Defense
applied_ai,90507,7,-,Texas,Unknown
none,146328,3,-,Unknown,Information Technology
none,128939,,Master's,Texas,Unknown
applied_ai,90000,0,Bachelor's,California,Insurance
none,200000,5,-,California,Information Technology
none,162000,3,-,Unknown,Information Technology
none,78000,0,Bachelor's,Minnesota,Manufacturing
none,145000,7,-,North Carolina,Information Technology
none,129394,1,Bachelor's,California,Financial Services
none,120000,5,Bachelor's,Unknown,Insurance
none,183926,,Bachelor's,California,Unknown
ai_integration,159850,2,Bachelor's,Utah,Information Technology
none,92500,2,Bachelor's,Colorado,"Energy, Mining & Utilities"
applied_ai,173500,4,-,Arizona,Information Technology
applied_ai,140000,3,Master's,Massachusetts,Financial Services
none,136500,,Bachelor's,Maryland,Information Technology
none,107500,3,Bachelor's,Unknown,Unknown
applied_ai,165000,,-,Unknown,Information Technology
none,114712,,-,Michigan,Unknown
none,116254,0,Master's,Massachusetts,Information Technology
none,97500,4,Bachelor's,Arizona,Education
none,128157,15,-,Texas,Information Technology
none,129500,2,Bachelor's,Oregon,Manufacturing
none,93230,2,Associate,North Carolina,Information Technology
none,131820,10,Bachelor's,Unknown,Healthcare
applied_ai,93762,3,-,Arkansas,Unknown
none,124612,2,-,Massachusetts,Information Technology
ai_integration,125000,9,Bachelor's,Unknown,Unknown
applied_ai,190000,5,-,California,Transportation & Logistics
none,163800,10,Bachelor's,Texas,Pharmaceutical & Biotechnology
ai_integration,150000,10,-,Unknown,Unknown
none,116000,5,Bachelor's,Florida,Financial Services
none,105800,,Bachelor's,New Jersey,Financial Services
none,90115,1,Master's,New Jersey,Human Resources & Staffing
applied_ai,155000,3,-,California,Unknown
applied_ai,92000,5,Bachelor's,Unknown,Insurance
none,91680,3,Bachelor's,Texas,Transportation & Logistics
none,91484,,Master's,Texas,Information Technology
none,156500,6,-,Connecticut,Financial Services
none,116434,11,Bachelor's,Maryland,Healthcare
none,99312,2,Bachelor's,Georgia,Financial Services
none,87722,0,Bachelor's,Georgia,Financial Services
none,120000,5,-,Unknown,Hotels & Travel Accommodation
none,110500,6,-,New York State,Manufacturing
none,140000,5,Bachelor's,Unknown,Information Technology
none,97112,0,-,California,Information Technology
none,89506,3,Bachelor's,Georgia,Information Technology
none,95000,3,Bachelor's,Unknown,Media & Communication
none,145700,2,Bachelor's,Florida,Financial Services
ai_integration,155700,5,-,California,Information Technology
none,140533,3,Bachelor's,Colorado,Aerospace & Defense
none,155000,7,Bachelor's,Maryland,Aerospace & Defense
ai_integration,153650,5,Bachelor's,Unknown,Financial Services
none,144487,5,-,Oregon,Unknown
ai_integration,110250,5,Bachelor's,Massachusetts,Information Technology
none,96744,3,Bachelor's,New Jersey,Information Technology
none,188750,5,-,California,Healthcare
none,94028,,Bachelor's,Illinois,Unknown
none,107272,,Master's,Georgia,Information Technology
none,152955,7,Bachelor's,Connecticut,Healthcare
none,147208,,Bachelor's,Texas,Information Technology
applied_ai,190000,,-,California,Unknown
applied_ai,130763,,Bachelor's,California,Information Technology
none,102160,3,-,Georgia,Information Technology
none,97175,2,Bachelor's,Georgia,Transportation & Logistics
none,150000,3,Bachelor's,California,Unknown
none,147829,0,Bachelor's,California,Information Technology
none,89980,.33000001,Master's,Texas,Information Technology
none,121724,,-,Texas,Unknown
none,159750,2,Bachelor's,California,Telecommunications
none,95000,3,-,Kansas,Information Technology
applied_ai,188100,,-,Washington State,Information Technology
none,82500,5,-,North Carolina,Transportation & Logistics
ai_integration,183300,6,Bachelor's,Washington State,Information Technology
none,219413,5,Bachelor's,Unknown,Healthcare
none,111958,8,Bachelor's,Virginia,Aerospace & Defense
none,99452,.5,Master's,California,Information Technology
applied_ai,192500,2,-,New York State,Management & Consulting
none,103911,,-,Texas,Financial Services
none,159850,3,Bachelor's,California,Information Technology
none,95299,5,Bachelor's,Texas,Information Technology
ai_integration,172250,,Bachelor's,California,Manufacturing
applied_ai,173115,5,-,Illinois,Financial Services
ai_integration,120000,5,Bachelor's,Illinois,Financial Services
none,80000,2,Bachelor's,California,Hotels & Travel Accommodation
none,103659,3,Bachelor's,Illinois,Unknown
none,177029,5,Bachelor's,California,Unknown
none,127910,7,-,Unknown,Information Technology
none,168175,5,Bachelor's,California,Information Technology
none,80782,,Master's,Maryland,Unknown
none,165462,5,-,Massachusetts,Information Technology
none,128700,,Bachelor's,Texas,Information Technology
applied_ai,147500,5,Bachelor's,Colorado,Pharmaceutical & Biotechnology
none,139455,5,Bachelor's,Georgia,Financial Services
ai_integration,140000,1,-,California,Information Technology
ai_integration,163650,5,Bachelor's,California,Financial Services
ai_integration,165880,10,Bachelor's,Illinois,Manufacturing
none,112500,6,-,Unknown,Information Technology
ai_integration,121701,5,Bachelor's,Texas,Information Technology
none,110228,5,Bachelor's,California,Information Technology
ai_integration,236450,5,-,Massachusetts,Information Technology
none,125040,5,Bachelor's,Unknown,Insurance
applied_ai,155000,5,-,California,"Energy, Mining & Utilities"
none,82745,2,Bachelor's,Texas,Unknown
none,134100,5,Bachelor's,New Jersey,Financial Services
none,113872,5,Bachelor's,Pennsylvania,Information Technology
none,93351,,Master's,Massachusetts,Information Technology
none,115364,,-,Arizona,Retail & Wholesale
none,138223,5,Bachelor's,Massachusetts,Information Technology
none,134542,,-,California,Information Technology
none,131767,,Master's,New Jersey,Information Technology
none,170000,5,-,Unknown,Information Technology
ai_integration,93810,3,Bachelor's,Washington State,Information Technology
none,121135,5,-,California,Media & Communication
none,79973,5,-,Virginia,Unknown
ai_integration,199500,6,Bachelor's,California,Information Technology
none,155000,7,Bachelor's,Maryland,Information Technology
none,78758,3,Bachelor's,Texas,Information Technology
ai_integration,86811,3,Bachelor's,Minnesota,Information Technology
none,152926,,Master's,California,Information Technology
none,227000,5,-,Unknown,Information Technology
none,89507,2,Bachelor's,Minnesota,Unknown
none,114155,5,Bachelor's,Texas,Manufacturing
none,101853,,-,Illinois,Human Resources & Staffing
none,129586,5,-,Arizona,Unknown
ai_integration,130000,8,Bachelor's,Texas,Information Technology
none,148250,5,Bachelor's,Unknown,Information Technology
applied_ai,188000,2,Bachelor's,Maryland,Unknown
none,124595,5,High School,Texas,Information Technology
none,97408,1,-,Washington State,Unknown
none,150000,7,-,New York State,Information Technology
none,95000,5,-,Unknown,Information Technology
none,161542,3,Bachelor's,California,Management & Consulting
none,107500,3,Bachelor's,Unknown,"Construction, Repair & Maintenance Services"
none,152000,5,Bachelor's,Unknown,Aerospace & Defense
none,155000,5,Bachelor's,Colorado,Aerospace & Defense
none,115000,2,Bachelor's,Florida,Real Estate
none,104000,5,High School,Unknown,Information Technology
none,141760,,-,Unknown,Unknown
none,195000,5,-,Unknown,Information Technology
none,125000,5,Bachelor's,New York State,Information Technology
applied_ai,142526,,-,California,Aerospace & Defense
none,160000,,-,California,Aerospace & Defense
none,127000,5,Bachelor's,Unknown,"Construction, Repair & Maintenance Services"
none,109887,1,-,Maine,Information Technology
none,126950,4,-,Unknown,Education
none,82500,1,Bachelor's,Virginia,Information Technology
none,77500,2,-,Unknown,Unknown
ai_integration,119000,5,Bachelor's,Unknown,Information Technology
none,140050,5,Bachelor's,Virginia,Financial Services
none,165250,5,-,California,Information Technology
none,145000,8,Bachelor's,Unknown,Information Technology
none,113700,3,Bachelor's,Virginia,Information Technology
none,152500,,-,Texas,Government & Public Administration
none,172500,3,Bachelor's,California,Education
none,87500,4,High School,South Carolina,Information Technology
none,114035,5,-,Massachusetts,Management & Consulting
none,165000,7,Bachelor's,Unknown,Financial Services
none,155500,5,Bachelor's,Illinois,Insurance
none,80450,0,Bachelor's,Alabama,Information Technology
none,122500,3,-,Unknown,Insurance
none,160000,10,High School,Unknown,Information Technology
none,125000,5,-,Unknown,Insurance
none,132300,1,Associate,Unknown,Information Technology
none,134290,7,Bachelor's,Texas,Information Technology
ai_integration,149436,8,High School,Mississippi,Financial Services
none,165000,5,-,Unknown,Education
none,88503,3,Bachelor's,Unknown,Media & Communication
none,95370,1,Bachelor's,Washington State,Unknown
ai_integration,126424,7,-,California,Insurance
none,94380,,-,Texas,Unknown
none,150000,,-,Unknown,Information Technology
none,76626,3,-,Virginia,Healthcare
none,195000,8,-,Unknown,Information Technology
none,142365,3,-,Unknown,Retail & Wholesale
none,189520,7,-,Texas,Healthcare
none,113000,2,-,Unknown,Unknown
none,112500,5,Bachelor's,Unknown,Manufacturing
none,113200,5,Bachelor's,Unknown,Healthcare
none,152955,5,-,Rhode Island,Healthcare
none,164000,,-,Unknown,Information Technology
none,113703,2,-,Wisconsin,Retail & Wholesale
none,126500,3,-,Unknown,Information Technology
none,207500,5,-,Unknown,Information Technology
none,172500,5,-,California,Education
none,110873,3,-,Ohio,Financial Services
none,133164,8,Bachelor's,Colorado,Telecommunications
none,150000,3,-,California,Retail & Wholesale
ai_integration,155231,,-,Massachusetts,Aerospace & Defense
none,118000,2,Bachelor's,Washington State,Real Estate
none,109256,5,-,Unknown,Real Estate
none,112500,,-,Unknown,Information Technology
ai_integration,165400,7,-,Georgia,Media & Communication
none,137800,5,Bachelor's,Illinois,Manufacturing
none,103407,7,Bachelor's,Texas,Information Technology
applied_ai,113453,4,-,New Jersey,Information Technology
none,160000,4,-,Unknown,Information Technology
ai_integration,198000,5,-,Unknown,Information Technology
none,101000,3,-,Maine,Financial Services
none,153000,5,Bachelor's,Massachusetts,Insurance
none,137500,5,-,Unknown,Government & Public Administration
none,114000,5,-,Unknown,Information Technology
none,151500,2,Bachelor's,California,Healthcare
none,127726,3,-,Unknown,Unknown
none,157500,10,-,Florida,Information Technology
none,139080,2,-,Unknown,Information Technology
none,159600,8,Bachelor's,Utah,Education
none,147500,7,Bachelor's,District of Columbia,Unknown
none,100000,10,Bachelor's,Maryland,Management & Consulting
none,165000,5,-,Unknown,Information Technology
applied_ai,153550,10,-,Unknown,Healthcare
none,137750,10,High School,Unknown,Insurance
ai_integration,185000,5,Bachelor's,Virginia,Management & Consulting
ai_integration,195443,7,Bachelor's,Connecticut,Healthcare
none,176550,5,-,North Carolina,Manufacturing
applied_ai,143000,5,-,Unknown,Information Technology
ai_integration,150000,,-,Unknown,Information Technology
none,136795,5,High School,Tennessee,Retail & Wholesale
none,141500,7,Bachelor's,Texas,Information Technology
none,132500,4,-,California,Legal
none,165000,4,-,Unknown,Information Technology
none,98000,2,Bachelor's,Utah,Aerospace & Defense
none,114587,5,-,Texas,Financial Services
none,162500,5,-,District of Columbia,Information Technology
none,206050,4,-,Unknown,Information Technology
none,95500,7,Bachelor's,Unknown,Information Technology
none,127700,,-,Missouri,Financial Services
none,152929,0,-,California,Information Technology
none,112582,5,-,Pennsylvania,Financial Services
none,153250,10,-,Texas,Financial Services
none,106500,5,-,Unknown,Information Technology
none,109300,5,Bachelor's,Unknown,Financial Services
none,187000,7,Bachelor's,Idaho,Aerospace & Defense
none,155000,5,-,Washington State,Retail & Wholesale
none,110000,,-,California,Information Technology
none,130450,5,Bachelor's,Pennsylvania,Healthcare
none,99680,1,Bachelor's,Pennsylvania,Financial Services
none,125000,7,Bachelor's,Unknown,Unknown
none,160450,7,Bachelor's,California,Manufacturing
none,65000,3,-,Virginia,Information Technology
none,85681,1,Bachelor's,Nevada,Financial Services
none,92450,0,Bachelor's,District of Columbia,Management & Consulting
none,165000,4,-,Unknown,Information Technology
none,110000,7,Bachelor's,California,Information Technology
ai_integration,115000,3,-,Illinois,Media & Communication
none,140143,5,High School,Maryland,Unknown
none,137500,4,High School,District of Columbia,Aerospace & Defense
none,147650,5,-,Unknown,Healthcare
none,190000,5,-,Unknown,Information Technology
applied_ai,153500,7,Bachelor's,Unknown,Management & Consulting
none,130000,0,Bachelor's,District of Columbia,Information Technology
ai_integration,152500,6,-,Unknown,Unknown
none,168175,5,Bachelor's,California,Information Technology
none,150000,,Bachelor's,Unknown,Information Technology
none,160000,10,Bachelor's,Virginia,Management & Consulting
none,110000,5,-,Unknown,Information Technology
none,195000,7,-,Unknown,Information Technology
none,169800,4,Bachelor's,Virginia,Information Technology
none,119000,4,-,Unknown,Information Technology
none,175000,5,Bachelor's,California,Information Technology
none,130648,5,-,Pennsylvania,Unknown
applied_ai,150000,4,-,Unknown,Information Technology
none,150000,6,-,Unknown,Information Technology
ai_integration,147350,5,Bachelor's,Unknown,Financial Services
none,162500,2,Bachelor's,Colorado,Information Technology
none,180000,,-,Unknown,Information Technology
none,171000,5,-,Oregon,Information Technology
ai_integration,165000,5,Bachelor's,Arizona,Financial Services
none,163250,7,Bachelor's,Washington State,Financial Services
ai_integration,120500,7,Bachelor's,Illinois,Financial Services
none,122000,8,-,Unknown,Information Technology
none,130144,,-,Nevada,Information Technology
none,152500,7,Bachelor's,Unknown,Information Technology
none,130000,7,Bachelor's,Tennessee,Financial Services
applied_ai,139201,7,-,Maryland,Information Technology
none,122500,3,Bachelor's,California,Information Technology
none,115000,3,-,Texas,Healthcare
none,145000,3,-,Unknown,Retail & Wholesale
none,135726,5,-,Unknown,Unknown
ai_integration,160000,12,-,New Jersey,Media & Communication
ai_integration,200000,5,-,Unknown,Unknown
ai_integration,95000,5,-,Minnesota,Education
none,140000,5,-,Texas,Insurance
none,150000,,-,Unknown,Human Resources & Staffing
none,127525,3,Bachelor's,Pennsylvania,Financial Services
none,122413,7,Bachelor's,Unknown,Information Technology
none,146000,4,Bachelor's,Unknown,Information Technology
none,231900,7,Bachelor's,Texas,Manufacturing
none,142500,5,-,Unknown,Unknown
none,112500,2,Bachelor's,Maryland,Hotels & Travel Accommodation
none,122000,,-,Texas,Unknown
none,130079,,-,Oregon,Unknown
none,111736,,-,Texas,Information Technology
ai_integration,125000,5,-,Tennessee,Unknown
none,155000,4,Bachelor's,Unknown,Healthcare
none,155656,5,-,Oregon,Unknown
none,157450,5,-,Washington State,Retail & Wholesale
none,111277,5,-,Texas,Information Technology
none,130000,4,Bachelor's,Illinois,Transportation & Logistics
none,200000,5,-,Unknown,Unknown
applied_ai,175000,3,Bachelor's,California,Information Technology
none,110163,3,Bachelor's,Virginia,Management & Consulting
none,161000,2,-,Unknown,Information Technology
none,150875,,Bachelor's,Massachusetts,Information Technology
none,145000,5,-,Unknown,Information Technology
none,159000,4,-,Unknown,Information Technology
none,149000,5,-,Unknown,Information Technology
none,137500,7,Bachelor's,Unknown,Information Technology
none,115000,5,-,Texas,Unknown
none,100581,3,Bachelor's,Arizona,Unknown
none,122000,5,Bachelor's,Illinois,Financial Services
none,142111,4,Bachelor's,Washington State,Information Technology
ai_integration,171142,10,-,California,Human Resources & Staffing
none,135602,4,Bachelor's,New York State,Unknown
none,140000,8,-,Washington State,Management & Consulting
none,190000,,-,California,Information Technology
none,130000,5,-,Arizona,Information Technology
none,192500,5,-,Unknown,Unknown
none,140000,5,-,Utah,Information Technology
none,111055,5,-,Texas,Personal Consumer Services
none,140470,5,-,Virginia,Unknown
none,410000,6,Bachelor's,Unknown,Information Technology
none,410000,,-,Unknown,Information Technology
none,410000,,-,Unknown,Information Technology
none,82500,0,-,Illinois,Manufacturing
ai_integration,100000,5,-,Unknown,Unknown
applied_ai,125000,,-,Florida,Information Technology
none,190000,6,-,Unknown,Information Technology
ai_integration,104327,7,Bachelor's,Massachusetts,Education
none,82929,1,Bachelor's,Pennsylvania,Information Technology
none,123437,0,Bachelor's,Florida,Media & Communication
ai_integration,105000,,Bachelor's,Maryland,Information Technology
none,111252,3,Bachelor's,Texas,Manufacturing
none,80867,1,Bachelor's,Idaho,Unknown
none,410000,,-,Unknown,Information Technology
none,161200,8,Bachelor's,California,Information Technology
none,165000,3,-,California,Information Technology
none,96634,2,Bachelor's,Texas,Unknown
none,75750,3,-,Unknown,Media & Communication
ai_integration,38604,5,-,Georgia,Media & Communication
ai_integration,158000,2,Associate,Washington State,Information Technology
none,55000,0,Bachelor's,Wisconsin,"Arts, Entertainment & Recreation"
ai_integration,171000,5,-,Washington State,Media & Communication
none,98625,5,Bachelor's,Ohio,Information Technology
applied_ai,156302,4,Bachelor's,New Hampshire,Aerospace & Defense
none,67407,3,-,Utah,Media & Communication
applied_ai,102154,10,Bachelor's,Ohio,Aerospace & Defense
none,70841,3,Bachelor's,Florida,Media & Communication
applied_ai,64651,3,-,Idaho,Information Technology
none,86500,2,Bachelor's,Ohio,Pharmaceutical & Biotechnology
none,94529,,Bachelor's,Idaho,Unknown
none,173850,,Bachelor's,California,Information Technology
none,61632,,-,Utah,Media & Communication
none,49217,3,Bachelor's,Florida,Media & Communication
none,42500,0,-,Pennsylvania,Media & Communication
none,118607,3,-,Unknown,Information Technology
ai_integration,410000,3,-,California,Information Technology
applied_ai,163750,2,Bachelor's,Maryland,Aerospace & Defense
none,60136,3,-,Florida,"Arts, Entertainment & Recreation"
none,136900,4,Bachelor's,Washington State,Media & Communication
none,218400,,Bachelor's,California,Media & Communication
none,65676,4,Bachelor's,Kansas,"Construction, Repair & Maintenance Services"
none,130500,3,-,California,Media & Communication
none,250000,5,-,Unknown,Information Technology
none,215000,8,-,Unknown,Information Technology
applied_ai,245000,6,Bachelor's,Washington State,Information Technology
none,75335,3,-,Indiana,Unknown
none,93709,10,Bachelor's,Alabama,Aerospace & Defense
none,67500,3,Bachelor's,Ohio,Information Technology
none,187500,5,-,North Carolina,Unknown
none,81544,4,Bachelor's,North Carolina,"Arts, Entertainment & Recreation"
none,173005,1,-,California,Information Technology
none,445000,5,-,Unknown,Information Technology
ai_integration,102000,5,-,California,Unknown
none,160000,5,-,California,Information Technology
none,118607,5,-,Unknown,Information Technology
none,107650,,Bachelor's,Washington State,Manufacturing
none,99055,,-,New Hampshire,Aerospace & Defense
none,78759,2,Bachelor's,Alabama,Manufacturing
none,410000,,-,Unknown,Information Technology
none,80000,,-,Unknown,Unknown
none,93185,0,-,Washington State,Manufacturing
none,149518,,-,Washington State,Media & Communication
applied_ai,131900,0,Bachelor's,California,Information Technology
ai_integration,130500,2,Bachelor's,Florida,Management & Consulting
none,165650,5,-,California,Media & Communication
none,139500,3,Bachelor's,Vermont,Financial Services
none,209750,5,-,California,Information Technology
none,176450,6,Bachelor's,New Jersey,Information Technology
ai_integration,77971,3,Bachelor's,Indiana,Management & Consulting
none,122500,7,-,California,Retail & Wholesale
none,72161,3,Bachelor's,Alabama,Aerospace & Defense
none,93214,5,Bachelor's,Unknown,Education
applied_ai,171500,2,Bachelor's,California,Information Technology
none,112343,5,-,California,Unknown
none,96017,5,Bachelor's,Ohio,Information Technology
none,90750,2,Bachelor's,Florida,Media & Communication
applied_ai,187100,2,-,Washington State,Manufacturing
none,111620,,-,Washington State,Media & Communication
ai_integration,150000,3,-,California,Aerospace & Defense
none,88369,5,-,Florida,Media & Communication
none,157000,4,Bachelor's,Texas,Information Technology
ai_integration,158000,2,Bachelor's,Washington State,Information Technology
applied_ai,445000,8,-,Unknown,Information Technology
none,80711,,-,Unknown,Unknown
ai_integration,222000,5,-,Washington State,Aerospace & Defense
none,110000,3,-,Unknown,Media & Communication
none,141600,5,-,California,Media & Communication
none,78360,2,Bachelor's,Massachusetts,"Arts, Entertainment & Recreation"
none,100000,3,Bachelor's,California,Human Resources & Staffing
none,93954,,-,New Jersey,Information Technology
applied_ai,202500,12,Bachelor's,Unknown,Manufacturing
none,79500,3,Bachelor's,Utah,Unknown
none,120000,6,-,Texas,Unknown
applied_ai,158000,5,-,California,Information Technology
none,199250,,-,Unknown,Media & Communication
none,251700,6,-,California,Media & Communication
none,97388,,Bachelor's,Florida,Unknown
none,95842,3,Bachelor's,Oregon,Information Technology
none,143877,8,Bachelor's,California,Media & Communication
applied_ai,182500,3,-,District of Columbia,Management & Consulting
ai_integration,165000,1,-,Washington State,Aerospace & Defense
none,177350,8,-,Washington State,Manufacturing
none,181300,2,Bachelor's,California,Media & Communication
ai_integration,73763,1,Bachelor's,Virginia,Information Technology
none,90750,,-,Texas,Media & Communication
none,143970,7,-,Tennessee,Media & Communication
none,122621,8,Bachelor's,Utah,Media & Communication
applied_ai,176450,,Bachelor's,Texas,Information Technology
none,130544,7,-,Texas,Information Technology
none,170000,2,-,California,Information Technology
applied_ai,209750,,Bachelor's,California,Information Technology
none,92476,5,Bachelor's,Georgia,Information Technology
none,60596,,-,Montana,Unknown
none,96818,5,Bachelor's,Florida,Media & Communication
none,82741,5,Bachelor's,Nevada,"Arts, Entertainment & Recreation"
ai_integration,160000,1,-,Unknown,Pharmaceutical & Biotechnology
ai_integration,209750,,Bachelor's,California,Information Technology
none,77500,,-,Oregon,Unknown
none,147500,8,-,California,Media & Communication
ai_integration,107729,5,Bachelor's,Ohio,Information Technology
none,95007,3,-,California,Unknown
none,88500,,-,California,Information Technology
none,115150,3,-,Washington State,Manufacturing
none,65263,0,Bachelor's,Washington State,Unknown
none,85000,3,Bachelor's,Unknown,Unknown
applied_ai,135000,,-,California,Information Technology
none,135250,5,-,Washington State,Manufacturing
none,118607,5,Bachelor's,Unknown,Information Technology
none,112759,2,Bachelor's,Ohio,Aerospace & Defense
none,65863,5,-,Georgia,Media & Communication
none,150000,4,-,Washington State,Information Technology
applied_ai,109136,,-,New Jersey,Aerospace & Defense
ai_integration,119107,3,-,California,Unknown
none,153600,5,Bachelor's,Nevada,Information Technology
none,165000,10,Bachelor's,Maryland,Media & Communication
none,209750,2,-,California,Information Technology
none,180000,5,-,California,Unknown
none,115906,5,Bachelor's,Pennsylvania,Financial Services
applied_ai,175000,4,Bachelor's,Pennsylvania,Manufacturing
none,65000,2,-,Oklahoma,Unknown
applied_ai,137500,2,Bachelor's,Alabama,Unknown
none,169700,,-,California,Information Technology
applied_ai,410000,,-,Unknown,Information Technology
none,165000,,-,Ohio,Aerospace & Defense
none,177000,4,Bachelor's,California,Information Technology
none,138148,2,Bachelor's,Illinois,Telecommunications
none,112600,,-,New Hampshire,Financial Services
none,51670,,-,Texas,Media & Communication
none,173000,,-,California,Manufacturing
applied_ai,185000,8,Bachelor's,Unknown,Manufacturing
ai_integration,90098,,-,Rhode Island,Unknown
none,117500,5,-,Unknown,Information Technology
none,93646,2,-,Illinois,Unknown
none,81544,4,Bachelor's,North Carolina,"Arts, Entertainment & Recreation"
none,100000,,-,California,Unknown
none,65532,3,-,North Carolina,"Arts, Entertainment & Recreation"
none,207500,14,Bachelor's,Maryland,Information Technology
none,91114,5,-,Massachusetts,Media & Communication
none,120000,5,Bachelor's,Texas,Unknown
none,132539,2,Bachelor's,Texas,Media & Communication
none,95000,1,Bachelor's,Unknown,Transportation & Logistics
none,200000,0,Bachelor's,Unknown,Unknown
none,95000,4,-,Michigan,Information Technology
none,130000,3,Bachelor's,Unknown,"Arts, Entertainment & Recreation"
none,61250,3,-,New York State,"Arts, Entertainment & Recreation"
none,97500,3,Master's,Arizona,Education
applied_ai,103044,4,Bachelor's,Florida,Unknown
none,150000,,-,Unknown,Information Technology
ai_integration,145000,5,Bachelor's,Unknown,Unknown
none,66678,5,Bachelor's,Arizona,Retail & Wholesale
none,188900,4,Bachelor's,Washington State,Information Technology
ai_integration,120000,3,-,Unknown,Unknown
none,77122,,Bachelor's,Virginia,Information Technology
applied_ai,163750,0,Bachelor's,Maryland,Aerospace & Defense
none,173190,12,Bachelor's,Unknown,Media & Communication
none,147579,5,Bachelor's,California,Unknown
ai_integration,247800,10,Bachelor's,California,Media & Communication
applied_ai,162550,5,Bachelor's,California,Media & Communication
none,176450,3,-,California,Information Technology
none,128130,5,Bachelor's,California,Information Technology
none,52686,5,Bachelor's,West Virginia,Unknown
applied_ai,58287,3,Master's,New Jersey,Education
applied_ai,152710,3,High School,Utah,Manufacturing
none,100365,10,-,Texas,Media & Communication
none,228000,10,-,Washington State,Media & Communication
none,110500,5,-,Unknown,Media & Communication
none,121500,,-,California,Media & Communication
none,136398,10,-,Unknown,Information Technology
none,94427,2,Bachelor's,Pennsylvania,Financial Services
none,225000,,-,Unknown,Unknown
ai_integration,112302,7,Bachelor's,Ohio,Information Technology
ai_integration,100000,,-,California,Unknown
none,208500,0,Bachelor's,South Dakota,Information Technology
none,100000,3,-,Maryland,Media & Communication
ai_integration,162550,5,Bachelor's,California,Media & Communication
none,162526,6,-,Texas,Information Technology
none,165000,10,Bachelor's,Maryland,Media & Communication
none,118089,,-,Maryland,Information Technology
none,138148,2,-,Illinois,Telecommunications
ai_integration,170000,3,-,California,Unknown
none,102526,5,-,Massachusetts,Media & Communication
ai_integration,208250,4,-,California,Information Technology
none,126750,6,Bachelor's,Utah,Information Technology
applied_ai,135000,5,-,Unknown,Aerospace & Defense
ai_integration,174000,6,Bachelor's,Washington State,Manufacturing
none,159250,10,-,Washington State,Information Technology
none,102733,,-,Virginia,Pharmaceutical & Biotechnology
none,119750,5,Bachelor's,Florida,Media & Communication
applied_ai,156000,3,-,California,Information Technology
none,217750,2,Bachelor's,Texas,Information Technology
none,165000,,-,Texas,Aerospace & Defense
none,153965,,Bachelor's,Illinois,Information Technology
none,182500,5,Bachelor's,California,Unknown
ai_integration,73840,3,-,Ohio,Healthcare
none,154500,5,Bachelor's,Indiana,"Energy, Mining & Utilities"
none,208250,5,-,California,Information Technology
none,186768,7,Bachelor's,Washington State,Media & Communication
none,106226,2,Bachelor's,Arizona,"Arts, Entertainment & Recreation"
none,92393,2,Bachelor's,Utah,Information Technology
ai_integration,206400,5,-,Texas,Information Technology
ai_integration,244400,,Bachelor's,California,Media & Communication
none,169800,6,-,Texas,Manufacturing
ai_integration,225000,10,Bachelor's,California,Unknown
none,92500,5,Bachelor's,Unknown,Information Technology
none,178150,7,Bachelor's,California,Unknown
ai_integration,157500,5,-,Maryland,Media & Communication
ai_integration,100000,1,Bachelor's,New York State,Real Estate
none,178150,7,-,California,Unknown
ai_integration,93191,2,Bachelor's,Texas,Unknown
none,92610,0,-,Maryland,Information Technology
none,89280,2,-,California,Media & Communication
ai_integration,184000,0,Bachelor's,California,Information Technology
none,73434,2,-,Texas,Media & Communication
none,141676,5,Bachelor's,Texas,"Arts, Entertainment & Recreation"
none,135000,6,Bachelor's,Unknown,Media & Communication
none,163250,1,Bachelor's,California,Media & Communication
none,187500,5,-,Unknown,Information Technology
applied_ai,91636,3,Bachelor's,Ohio,Information Technology
none,102500,,Bachelor's,New York State,Unknown
ai_integration,209750,,Bachelor's,California,Information Technology
none,208002,5,-,California,Media & Communication
none,202500,12,Bachelor's,Maryland,Information Technology
none,175000,7,-,Maryland,Information Technology
none,248260,5,-,California,Information Technology
applied_ai,204600,5,-,California,Media & Communication
none,100000,3,-,Maryland,Media & Communication
core_ai,235750,5,Master's,Washington State,Information Technology
none,85000,5,-,New York State,Information Technology
none,163014,4,-,Illinois,Telecommunications
none,84779,3,Bachelor's,California,Unknown
none,283442,5,Bachelor's,California,Information Technology
applied_ai,180000,3,Bachelor's,California,Unknown
none,86100,8,-,Texas,Retail & Wholesale
none,126568,,Bachelor's,Washington State,Pharmaceutical & Biotechnology
none,173190,12,Bachelor's,California,Media & Communication
none,72647,3,Bachelor's,Florida,"Arts, Entertainment & Recreation"
none,102294,1,-,New Jersey,Unknown
none,157500,5,-,Maryland,Media & Communication
applied_ai,209186,12,-,Unknown,"Arts, Entertainment & Recreation"
none,150000,5,-,California,"Arts, Entertainment & Recreation"
none,186735,5,Bachelor's,Washington State,Media & Communication
ai_integration,122130,3,-,Washington State,Information Technology
applied_ai,108516,,-,California,Unknown
none,188929,2,-,California,Information Technology
ai_integration,115000,3,-,California,Unknown
none,83873,2,-,California,"Construction, Repair & Maintenance Services"
none,162500,,-,California,Media & Communication
none,48639,3,-,Georgia,"Arts, Entertainment & Recreation"
none,132500,7,-,Kentucky,Information Technology
none,99387,3,-,California,Information Technology
ai_integration,157200,7,-,Texas,Financial Services
none,63033,5,Bachelor's,Washington State,Unknown
ai_integration,137733,4,-,Texas,Unknown
applied_ai,130000,1,-,Texas,Information Technology
none,178500,10,Bachelor's,California,Media & Communication
none,225000,12,Bachelor's,Maryland,Information Technology
none,95609,5,Bachelor's,Maryland,Management & Consulting
none,83943,5,Bachelor's,Virginia,Unknown
ai_integration,217750,5,Master's,California,Information Technology
none,83649,,Bachelor's,California,Unknown
none,82182,,Bachelor's,California,Unknown
none,72313,4,-,Indiana,Unknown
none,110724,6,Bachelor's,New Jersey,Information Technology
none,134500,3,Bachelor's,California,Media & Communication
applied_ai,182599,5,Bachelor's,Washington State,Media & Communication
none,95500,2,Bachelor's,Illinois,Manufacturing
none,131631,5,-,Georgia,Information Technology
none,86050,1,-,Florida,Media & Communication
none,135000,3,Bachelor's,Unknown,Aerospace & Defense
none,108370,1,Bachelor's,California,Media & Communication
none,173190,5,-,California,Media & Communication
none,85391,3,Bachelor's,Idaho,Information Technology
none,83397,3,Bachelor's,Utah,Information Technology
ai_integration,205000,5,Bachelor's,California,Information Technology
none,131450,4,Bachelor's,Unknown,Manufacturing
none,103754,3,Bachelor's,Texas,"Construction, Repair & Maintenance Services"
none,145000,5,Bachelor's,Maryland,Information Technology
none,113835,10,-,Massachusetts,Media & Communication
applied_ai,155000,3,Bachelor's,Unknown,Unknown
none,100000,0,Bachelor's,Maryland,Information Technology
none,87500,3,-,California,Media & Communication
none,312520,7,-,California,Information Technology
none,64471,3,-,Utah,Media & Communication
none,99900,3,Bachelor's,Virginia,Information Technology
none,147500,2,Bachelor's,Colorado,Aerospace & Defense
applied_ai,167289,,Bachelor's,California,Unknown
none,130000,14,-,Maryland,Information Technology
none,152929,0,Bachelor's,California,Information Technology
none,150000,3,-,Massachusetts,Unknown
applied_ai,177500,5,-,New York State,Information Technology
none,96619,,Bachelor's,Unknown,Pharmaceutical & Biotechnology
none,150454,5,-,California,Unknown
ai_integration,128000,3,-,California,Media & Communication
applied_ai,140000,2,Bachelor's,Colorado,Information Technology
none,85307,2,Associate,Texas,Human Resources & Staffing
none,162550,5,Bachelor's,California,Media & Communication
none,90000,3,Bachelor's,California,Unknown
none,132776,8,Bachelor's,Texas,Restaurants & Food Service
none,47408,2,Bachelor's,Louisiana,Information Technology
none,95000,5,-,California,Unknown
none,47778,,Bachelor's,Michigan,"Arts, Entertainment & Recreation"
none,182531,12,Bachelor's,Virginia,Aerospace & Defense
none,170700,10,-,Washington State,Manufacturing
applied_ai,183935,5,-,California,Unknown
ai_integration,90752,8,-,Kentucky,Management & Consulting
none,120000,5,Bachelor's,Nevada,Unknown
none,95461,7,-,Massachusetts,Media & Communication
none,74049,2,-,Maryland,Unknown
none,101845,5,-,California,"Arts, Entertainment & Recreation"
none,196000,5,-,Unknown,Unknown
ai_integration,140000,7,Bachelor's,Michigan,Information Technology
none,85704,2,-,California,Unknown
ai_integration,105925,2,-,Florida,Media & Communication
applied_ai,90861,3,Bachelor's,Texas,Unknown
applied_ai,104852,,Bachelor's,Nevada,"Arts, Entertainment & Recreation"
none,103990,5,Bachelor's,Nevada,Manufacturing
ai_integration,217750,4,Bachelor's,California,Information Technology
none,78938,3,-,North Carolina,Media & Communication
none,67930,,Bachelor's,Illinois,Media & Communication
none,83955,,-,Texas,"Arts, Entertainment & Recreation"
none,90000,3,Bachelor's,California,Media & Communication
none,152500,10,Bachelor's,Maryland,Information Technology
none,160000,4,Bachelor's,Nevada,Information Technology
ai_integration,85000,2,-,Colorado,Unknown
none,105545,,-,California,Unknown
none,95490,6,Bachelor's,Utah,Information Technology
none,110225,9,Bachelor's,Ohio,Healthcare
none,130000,5,Bachelor's,Nevada,Unknown
none,100000,6,-,Nevada,Unknown
none,100000,5,-,Unknown,Unknown
none,147200,5,-,California,Media & Communication
none,152710,6,High School,Minnesota,Manufacturing
none,88401,6,Bachelor's,Tennessee,Media & Communication
none,92500,3,Bachelor's,California,Unknown
ai_integration,103054,3,Bachelor's,New Jersey,Human Resources & Staffing
none,117500,5,Bachelor's,Unknown,Media & Communication
none,106635,3,Bachelor's,Pennsylvania,Financial Services
none,88924,10,Bachelor's,Nevada,Manufacturing
none,58211,3,-,North Carolina,Media & Communication
none,206400,5,-,Washington State,Information Technology
applied_ai,290000,1,-,California,Unknown
none,164948,8,-,California,Unknown
none,129048,5,-,Massachusetts,Media & Communication
none,227500,14,-,Maryland,Information Technology
none,175050,7,-,California,Media & Communication
none,206450,5,Bachelor's,California,Manufacturing
none,120987,3,Bachelor's,California,Management & Consulting
none,92617,6,Bachelor's,Utah,Information Technology
none,225000,5,Bachelor's,Washington State,Media & Communication
none,115100,8,-,California,Media & Communication
none,81173,,-,California,Unknown
none,100000,2,Bachelor's,New York State,Education
none,221600,5,-,California,Media & Communication
none,134138,5,Bachelor's,Washington State,Pharmaceutical & Biotechnology
none,68677,3,-,Florida,Unknown
none,111550,8,-,Virginia,"Construction, Repair & Maintenance Services"
none,142500,5,-,Unknown,Information Technology
none,100000,4,-,Arizona,Unknown
none,141655,5,-,California,"Arts, Entertainment & Recreation"
none,63610,2,Associate,Utah,Information Technology
ai_integration,210000,3,-,California,Unknown
none,111124,3,-,Texas,Information Technology
none,50000,1,-,California,Media & Communication
applied_ai,179500,10,-,California,Information Technology
applied_ai,350000,1,-,California,Unknown
none,115000,2,-,Washington State,Media & Communication
ai_integration,105340,5,-,California,Unknown
none,250000,5,-,Unknown,Unknown
none,175000,5,Bachelor's,Virginia,Aerospace & Defense
none,80038,2,-,Florida,"Arts, Entertainment & Recreation"
none,75887,3,Bachelor's,Utah,Information Technology
applied_ai,115527,,Master's,Georgia,Information Technology
none,78054,5,-,Florida,Information Technology
none,67934,2,-,Texas,Media & Communication
none,85000,2,Bachelor's,California,Media & Communication
none,140250,5,-,Washington State,Media & Communication
applied_ai,200000,5,-,Washington State,Information Technology
none,166428,5,Bachelor's,California,Unknown
none,120442,5,-,Unknown,Unknown
none,83319,3,Bachelor's,Utah,Information Technology
none,135000,5,-,California,Unknown
none,250000,12,Bachelor's,Maryland,Information Technology
none,92460,5,Bachelor's,Texas,Media & Communication
none,163765,5,Bachelor's,Texas,Management & Consulting
ai_integration,175000,,Bachelor's,New York State,Financial Services
none,141655,5,-,California,"Arts, Entertainment & Recreation"
none,167500,5,Bachelor's,New York State,"Arts, Entertainment & Recreation"
none,80252,,Bachelor's,Illinois,Media & Communication
none,143803,5,Bachelor's,California,Unknown
none,140541,5,-,California,Unknown
none,131797,5,Bachelor's,California,Personal Consumer Services
none,267500,12,Bachelor's,Maryland,Information Technology
none,80000,2,-,New Jersey,Information Technology
none,155000,5,Bachelor's,Maryland,Information Technology
none,99476,,-,California,Unknown
applied_ai,194100,5,Bachelor's,California,Information Technology
none,123625,5,-,Washington State,Information Technology
none,94701,5,Bachelor's,Texas,Human Resources & Staffing
applied_ai,164748,1,-,California,Unknown
none,98824,5,Bachelor's,Pennsylvania,Financial Services
none,124998,7,Bachelor's,North Carolina,"Arts, Entertainment & Recreation"
none,69837,1,-,California,"Construction, Repair & Maintenance Services"
none,93734,5,Bachelor's,Texas,Information Technology
none,197250,5,Bachelor's,Washington State,Media & Communication
none,112500,8,Bachelor's,California,Information Technology
none,92998,6,Bachelor's,Tennessee,Media & Communication
none,179500,7,-,New York State,Information Technology
none,97500,5,Bachelor's,California,Manufacturing
none,160272,5,-,Massachusetts,Media & Communication
ai_integration,120773,,-,California,Information Technology
none,124058,5,Bachelor's,Georgia,Information Technology
none,175000,10,-,Washington State,Media & Communication
none,137461,5,Bachelor's,Florida,Unknown
none,90000,,-,Oklahoma,Healthcare
none,175000,3,-,Maryland,Information Technology
applied_ai,118403,5,-,Massachusetts,Unknown
none,143500,5,-,California,Unknown
applied_ai,117378,,-,New Jersey,Information Technology
none,234000,3,-,California,Retail & Wholesale
none,107819,6,Bachelor's,Tennessee,Media & Communication
none,125000,5,-,Michigan,Information Technology
applied_ai,154055,5,-,North Carolina,Information Technology
none,150000,4,-,Texas,Media & Communication
none,176400,3,-,California,Information Technology
none,150000,3,-,Texas,Media & Communication
none,62671,5,-,Texas,Media & Communication
none,250000,5,-,Unknown,Unknown
none,95366,3,-,Massachusetts,Management & Consulting
ai_integration,140000,5,-,California,Media & Communication
ai_integration,148656,10,-,Texas,Information Technology
none,108674,14,-,Maryland,Information Technology
none,64218,5,-,Louisiana,Information Technology
none,130000,12,Bachelor's,Maryland,Information Technology
none,175000,5,-,Washington State,Media & Communication
applied_ai,140000,7,Bachelor's,California,Media & Communication
none,130629,5,-,California,Unknown
none,130000,5,Bachelor's,California,Unknown
none,103407,,-,Georgia,Unknown
ai_integration,113953,5,Bachelor's,Georgia,Information Technology
none,69468,2,-,Florida,"Arts, Entertainment & Recreation"
none,121633,,Master's,New Jersey,Information Technology
ai_integration,135326,5,-,Texas,Information Technology
none,137040,5,Bachelor's,California,Unknown
none,78476,3,-,California,Information Technology
none,250000,7,-,Unknown,Financial Services
none,109167,5,Bachelor's,Massachusetts,Management & Consulting
ai_integration,160000,,-,Unknown,Information Technology
ai_integration,230000,8,-,Unknown,Information Technology
ai_integration,75000,4,-,Unknown,Information Technology
none,155000,7,-,Unknown,Information Technology
none,160000,7,Bachelor's,Unknown,Unknown
applied_ai,150263,8,Bachelor's,Unknown,Unknown
applied_ai,140000,7,-,Unknown,Information Technology
none,195000,10,-,Unknown,Information Technology
ai_integration,139905,10,-,Arizona,Information Technology
none,202500,5,Bachelor's,California,Information Technology
none,108869,5,-,Indiana,Unknown
applied_ai,110500,1,Bachelor's,California,Manufacturing
ai_integration,127000,7,-,Unknown,Retail & Wholesale
none,197500,5,Bachelor's,California,Information Technology
applied_ai,177875,2,Bachelor's,Washington State,Information Technology
none,145142,5,High School,Unknown,Healthcare
none,167400,5,Bachelor's,New York State,Pharmaceutical & Biotechnology
none,126800,5,High School,Washington State,Information Technology
ai_integration,177025,12,Bachelor's,Unknown,Aerospace & Defense
none,139034,7,-,Missouri,Transportation & Logistics
applied_ai,122500,3,Bachelor's,Arizona,Legal
ai_integration,88351,3,Bachelor's,Unknown,Education
none,121500,5,Bachelor's,Unknown,Information Technology
none,90600,3,High School,Washington State,Information Technology
ai_integration,129446,4,Bachelor's,Michigan,Manufacturing
none,256156,15,-,California,Healthcare
none,162000,10,Bachelor's,Virginia,Information Technology
ai_integration,235000,12,-,Unknown,Information Technology
ai_integration,190000,5,Bachelor's,Unknown,Information Technology
none,95000,5,Bachelor's,Oregon,Information Technology
ai_integration,135200,2,Bachelor's,Unknown,Information Technology
ai_integration,150500,7,Bachelor's,Unknown,Healthcare
none,131650,5,-,Georgia,Manufacturing
ai_integration,181850,8,-,Unknown,Pharmaceutical & Biotechnology
applied_ai,190250,7,Bachelor's,Texas,Financial Services
none,136875,2,Bachelor's,California,Information Technology
applied_ai,185000,5,-,Unknown,Information Technology
ai_integration,106125,8,-,Unknown,Information Technology
ai_integration,189350,4,Bachelor's,Unknown,Information Technology
ai_integration,158745,7,-,Maine,Healthcare
none,181800,8,Bachelor's,Unknown,"Energy, Mining & Utilities"
applied_ai,217750,5,Bachelor's,California,Information Technology
applied_ai,172200,10,Bachelor's,Unknown,Information Technology
ai_integration,153850,7,-,Unknown,Information Technology
none,126340,10,-,Oregon,Education
applied_ai,155000,7,-,Unknown,Information Technology
none,128624,7,-,Arizona,Information Technology
none,125000,5,Associate,Unknown,"Energy, Mining & Utilities"
none,133316,7,Bachelor's,Utah,Unknown
ai_integration,120000,5,-,Unknown,Information Technology
none,126836,3,Bachelor's,Georgia,Telecommunications
applied_ai,157500,5,-,Arizona,Legal
none,215000,5,Bachelor's,Unknown,Information Technology
none,119538,5,-,Unknown,Aerospace & Defense
applied_ai,217750,5,Bachelor's,Texas,Information Technology
none,154055,4,-,Unknown,Information Technology
ai_integration,132150,3,Bachelor's,Iowa,Financial Services
none,148500,5,-,Unknown,Information Technology
none,144550,7,-,Arizona,Media & Communication
none,123500,8,-,Unknown,Information Technology
none,155000,3,-,Unknown,Healthcare
none,136630,7,Bachelor's,California,Management & Consulting
none,133878,15,Bachelor's,Texas,Information Technology
none,130000,3,Bachelor's,Unknown,Unknown
ai_integration,143534,,-,Florida,Transportation & Logistics
none,162500,10,Bachelor's,Unknown,Information Technology
none,195443,7,-,Alabama,Healthcare
ai_integration,232000,9,Bachelor's,Wisconsin,Manufacturing
ai_integration,132500,7,-,Unknown,Information Technology
none,145000,5,Bachelor's,Georgia,Manufacturing
none,125000,6,Bachelor's,Wisconsin,Financial Services
none,105000,8,Bachelor's,District of Columbia,Legal
none,145000,7,-,New York State,Unknown
none,200000,12,Bachelor's,Unknown,Information Technology
ai_integration,160285,10,Bachelor's,Virginia,Management & Consulting
applied_ai,175000,8,-,Unknown,Information Technology
applied_ai,222500,7,-,Unknown,Information Technology
none,101450,3,Bachelor's,Massachusetts,Information Technology
none,134266,10,-,Unknown,Manufacturing
none,137500,3,-,Unknown,Aerospace & Defense
ai_integration,149500,10,Bachelor's,Minnesota,Healthcare
applied_ai,164439,10,Bachelor's,Massachusetts,Pharmaceutical & Biotechnology
none,109209,8,Bachelor's,Arizona,Hotels & Travel Accommodation
applied_ai,170000,8,Bachelor's,Unknown,Education
none,95000,3,-,California,Information Technology
applied_ai,150000,7,-,Unknown,Information Technology
applied_ai,235750,8,Bachelor's,Texas,Information Technology
applied_ai,197500,12,-,Unknown,Management & Consulting
ai_integration,147350,8,-,Unknown,Financial Services
none,140000,5,Bachelor's,Unknown,Unknown
none,196800,13,Bachelor's,Maryland,Manufacturing
applied_ai,146763,10,Bachelor's,Maryland,Unknown
none,106500,10,-,Unknown,Information Technology
none,125000,8,-,Unknown,Unknown
ai_integration,180000,8,-,Unknown,Unknown
none,143254,7,-,Ohio,Manufacturing
applied_ai,186208,10,-,Unknown,Information Technology
none,148398,,Bachelor's,California,Information Technology
ai_integration,195500,8,-,Unknown,Information Technology
none,196959,7,Bachelor's,Washington State,Aerospace & Defense
ai_integration,125000,5,-,Unknown,Information Technology
applied_ai,150000,,-,New York State,Unknown
none,154443,,-,Virginia,Information Technology
applied_ai,124490,10,-,Virginia,Unknown
ai_integration,190000,5,-,Unknown,Unknown
ai_integration,170000,10,Bachelor's,Washington State,Financial Services
none,190500,7,-,Unknown,Information Technology
none,119853,4,Bachelor's,Georgia,Unknown
none,172307,10,Bachelor's,Minnesota,Aerospace & Defense
none,148750,10,-,Unknown,Information Technology
none,108571,3,-,Ohio,Financial Services
applied_ai,139650,5,-,Unknown,Healthcare
none,186500,10,Bachelor's,Unknown,Aerospace & Defense
none,117506,8,Bachelor's,Minnesota,Personal Consumer Services
ai_integration,197950,5,-,Unknown,Healthcare
none,140000,10,Bachelor's,Virgin Islands,Transportation & Logistics
none,107500,2,Bachelor's,Unknown,Information Technology
none,175631,5,-,Unknown,Healthcare
none,103579,,-,New Jersey,Unknown
none,121802,13,-,Ohio,Unknown
applied_ai,160114,10,-,Texas,Manufacturing
applied_ai,211000,7,-,Unknown,Manufacturing
none,126528,5,-,Iowa,Agriculture
applied_ai,232000,,-,California,Information Technology
ai_integration,189350,5,-,Unknown,Information Technology
none,148675,5,-,Unknown,Information Technology
applied_ai,227500,7,-,Unknown,Media & Communication
none,190000,5,-,Unknown,Information Technology
none,135000,,-,Unknown,Information Technology
applied_ai,177500,3,-,Unknown,Management & Consulting
none,190000,8,Bachelor's,Unknown,Unknown
ai_integration,120000,2,-,Unknown,Management & Consulting
ai_integration,154500,2,Bachelor's,Unknown,Information Technology
none,157538,10,Bachelor's,Washington State,Unknown
none,115045,7,Bachelor's,North Carolina,Pharmaceutical & Biotechnology
none,127500,,Bachelor's,Texas,Information Technology
none,108500,10,Bachelor's,Unknown,Healthcare
none,135300,3,-,North Carolina,Financial Services
ai_integration,157700,6,Bachelor's,Unknown,Telecommunications
ai_integration,195000,8,Bachelor's,Unknown,Aerospace & Defense
applied_ai,145000,7,Bachelor's,Unknown,Information Technology
none,128798,8,-,Texas,Unknown
none,161000,10,-,Unknown,Financial Services
none,122500,5,-,Unknown,Information Technology
none,202500,7,-,New York State,Information Technology
ai_integration,99200,2,-,Minnesota,Healthcare
applied_ai,163250,9,Bachelor's,Unknown,Aerospace & Defense
applied_ai,182500,4,Bachelor's,Maryland,Government & Public Administration
applied_ai,110903,8,Bachelor's,Texas,Information Technology
none,131043,2,Bachelor's,California,Information Technology
none,128050,8,-,Unknown,Healthcare
none,196500,6,-,Unknown,Information Technology
applied_ai,235750,8,-,Colorado,Information Technology
ai_integration,150000,5,Bachelor's,Illinois,Information Technology
none,150000,8,-,Arizona,Manufacturing
none,174500,5,-,Unknown,Information Technology
none,167200,10,Bachelor's,Washington State,Manufacturing
none,120427,2,Master's,Texas,Media & Communication
none,113332,5,Bachelor's,District of Columbia,Management & Consulting
applied_ai,180000,10,-,Unknown,Information Technology
ai_integration,106389,4,Bachelor's,Florida,Information Technology
none,122825,7,-,Texas,Healthcare
applied_ai,191875,5,-,California,Information Technology
none,155000,8,-,California,Unknown
applied_ai,208050,8,Bachelor's,California,Manufacturing
none,136500,6,Bachelor's,Unknown,Information Technology
ai_integration,169600,8,-,Unknown,Financial Services
none,117672,1,-,Virginia,Information Technology
none,136729,7,-,Ohio,Information Technology
ai_integration,162128,10,-,Unknown,Healthcare
none,141521,7,-,New Hampshire,Financial Services
none,190000,7,-,California,Information Technology
none,156102,10,Bachelor's,Michigan,Manufacturing
applied_ai,155000,10,Bachelor's,Washington State,Financial Services
none,86541,3,-,Texas,Information Technology
ai_integration,100000,5,-,Unknown,Unknown
ai_integration,110993,3,-,Massachusetts,Management & Consulting
none,141161,7,-,Texas,Manufacturing
none,271000,10,-,Unknown,Financial Services
applied_ai,170000,7,-,Unknown,Unknown
applied_ai,120000,7,Bachelor's,Oregon,Information Technology
none,132467,5,-,Virginia,Management & Consulting
none,153733,7,-,New Jersey,Healthcare
none,99015,8,Bachelor's,Kentucky,Restaurants & Food Service
none,123194,5,-,Minnesota,Information Technology
ai_integration,145000,4,-,Oklahoma,Media & Communication
none,102500,3,-,Unknown,Unknown
applied_ai,192500,7,-,California,Information Technology
applied_ai,135000,5,Bachelor's,Illinois,Management & Consulting
ai_integration,167500,5,-,Texas,Information Technology
applied_ai,205000,8,Bachelor's,Arizona,Information Technology
none,170000,10,-,Colorado,Aerospace & Defense
none,118607,10,-,Unknown,Information Technology
ai_integration,145950,8,Bachelor's,Michigan,Manufacturing
none,150000,8,Bachelor's,Virginia,Manufacturing
none,152500,10,-,Unknown,Media & Communication
ai_integration,74198,7,-,Pennsylvania,Healthcare
none,125000,4,-,Unknown,Unknown
none,181629,10,Bachelor's,Unknown,Retail & Wholesale
ai_integration,168000,5,-,Unknown,Information Technology
none,175500,5,-,New York State,Unknown
none,140221,4,-,Virginia,Unknown
none,152217,10,Bachelor's,Idaho,Insurance
none,157500,7,-,Unknown,Information Technology
ai_integration,159834,4,-,California,Unknown
none,190250,8,Bachelor's,Illinois,Insurance
none,126558,5,Bachelor's,Florida,Real Estate
none,103100,10,-,Unknown,Aerospace & Defense
none,166510,10,Bachelor's,Georgia,Transportation & Logistics
ai_integration,154724,8,-,Texas,Insurance
none,190000,7,-,Unknown,Information Technology
none,157973,7,Bachelor's,Colorado,Transportation & Logistics
ai_integration,149492,4,-,Texas,Information Technology
none,121822,5,Bachelor's,Indiana,Insurance
none,149234,10,Bachelor's,Maryland,Aerospace & Defense
ai_integration,147072,10,-,Utah,"Energy, Mining & Utilities"
none,122670,10,Bachelor's,Maryland,Unknown
applied_ai,130000,5,Bachelor's,Unknown,Unknown
none,175000,9,-,Maryland,Unknown
applied_ai,185000,10,Bachelor's,Texas,"Construction, Repair & Maintenance Services"
applied_ai,257950,5,-,California,Information Technology
none,120000,,Bachelor's,Texas,Unknown
applied_ai,150000,3,Bachelor's,Texas,Information Technology
none,130290,7,-,New York State,Unknown
none,230000,8,Bachelor's,Washington State,Information Technology
none,190000,4,Bachelor's,Unknown,Human Resources & Staffing
ai_integration,121710,10,-,Texas,Unknown
applied_ai,184525,10,-,Colorado,Information Technology
none,182000,5,-,California,Information Technology
none,150797,7,Bachelor's,Arizona,Retail & Wholesale
none,150000,3,Bachelor's,Unknown,Information Technology
applied_ai,178350,7,-,Unknown,Healthcare
ai_integration,115000,,-,Utah,Information Technology
applied_ai,160000,6,-,Unknown,Information Technology
none,181250,5,High School,Florida,Management & Consulting
applied_ai,237500,10,-,Unknown,Unknown
ai_integration,197500,5,-,Unknown,Healthcare
applied_ai,135000,7,Bachelor's,Illinois,Manufacturing
none,136100,,-,Pennsylvania,Retail & Wholesale
none,124677,,-,Illinois,Unknown
applied_ai,145000,8,Bachelor's,Texas,Information Technology
none,130236,7,Bachelor's,Georgia,"Energy, Mining & Utilities"
applied_ai,190000,10,Bachelor's,Unknown,Pharmaceutical & Biotechnology
ai_integration,125587,10,-,Pennsylvania,Unknown
none,172500,10,-,Unknown,Media & Communication
ai_integration,185000,5,Bachelor's,Unknown,Real Estate
applied_ai,121343,8,-,Texas,Information Technology
none,200000,7,Bachelor's,District of Columbia,Information Technology
none,162524,7,-,West Virginia,Information Technology
none,110000,8,Bachelor's,Illinois,Unknown
none,155393,15,-,California,Information Technology
ai_integration,115270,5,-,New Jersey,Information Technology
none,148713,10,Bachelor's,Virginia,Unknown
none,83000,,Bachelor's,Arizona,Unknown
none,107500,3,Bachelor's,Maryland,Information Technology
none,145000,7,Bachelor's,Unknown,Unknown
none,139735,3,-,Maryland,Information Technology
none,230000,8,Bachelor's,Washington State,Information Technology
applied_ai,155000,10,Bachelor's,California,Unknown
none,166996,8,-,West Virginia,Information Technology
none,165000,8,-,Florida,Information Technology
none,123952,5,Bachelor's,Virginia,Management & Consulting
none,147500,7,Bachelor's,Illinois,Financial Services
ai_integration,143685,3,Bachelor's,Illinois,Healthcare
ai_integration,218625,5,-,Washington State,Information Technology
none,192500,8,Bachelor's,Georgia,Financial Services
none,139500,2,Bachelor's,Texas,Financial Services
none,153230,5,-,Pennsylvania,Media & Communication
none,162500,5,-,Unknown,Healthcare
ai_integration,201369,8,-,California,Information Technology
none,195350,10,-,Unknown,Information Technology
none,114225,3,Bachelor's,Florida,Media & Communication
applied_ai,157525,8,-,Utah,Management & Consulting
none,177165,5,Bachelor's,Massachusetts,Information Technology
applied_ai,203000,10,Bachelor's,Texas,Healthcare
none,121700,4,Bachelor's,Unknown,Insurance
ai_integration,182121,10,-,Unknown,Unknown
none,155000,6,High School,California,Healthcare
none,160000,5,-,Maryland,Insurance
none,118595,3,-,California,Unknown
none,126026,5,Bachelor's,Texas,Information Technology
none,143850,4,Bachelor's,Unknown,Insurance
none,123327,,-,New Jersey,Unknown
none,160000,6,Bachelor's,Unknown,Unknown
none,97301,,-,Oregon,Information Technology
none,145138,7,-,Colorado,Management & Consulting
none,120173,10,High School,Georgia,Transportation & Logistics
none,159174,,-,Virginia,Information Technology
applied_ai,192500,,-,New Jersey,Information Technology
none,95989,10,Bachelor's,Texas,Financial Services
none,217750,5,Bachelor's,California,Information Technology
none,171064,10,Bachelor's,Virginia,Information Technology
ai_integration,155000,4,-,Texas,Unknown
applied_ai,178350,10,Bachelor's,Virginia,Information Technology
none,195000,5,-,Unknown,Aerospace & Defense
none,185000,6,-,Tennessee,Unknown
none,146138,10,Bachelor's,Illinois,Management & Consulting
none,185000,8,-,Massachusetts,Information Technology
none,117149,1,Bachelor's,California,Financial Services
none,167291,7,-,California,Unknown
none,187500,5,-,Illinois,Information Technology
ai_integration,182500,5,-,California,Information Technology
none,93038,7,Bachelor's,Virginia,Management & Consulting
applied_ai,200000,5,-,California,Financial Services
none,156549,5,-,Ohio,Information Technology
none,190000,10,Bachelor's,California,Information Technology
none,139929,5,Bachelor's,Arizona,Information Technology
none,118795,8,Bachelor's,Unknown,Information Technology
none,207500,5,Bachelor's,California,Information Technology
applied_ai,240000,,-,Unknown,Information Technology
ai_integration,140000,7,-,Unknown,Information Technology
ai_integration,243750,6,-,Unknown,Information Technology
none,127700,2,-,Unknown,Retail & Wholesale
none,195000,8,-,Unknown,Information Technology
ai_integration,165000,2,-,Arkansas,Retail & Wholesale
none,187100,7,Bachelor's,Georgia,Telecommunications
none,143507,5,Bachelor's,Iowa,Manufacturing
ai_integration,157590,5,-,Pennsylvania,Healthcare
none,167500,8,-,Illinois,Unknown
applied_ai,165000,2,-,Arkansas,Retail & Wholesale
ai_integration,233050,7,-,Unknown,Information Technology
none,171000,10,Bachelor's,New York State,Information Technology
none,117552,7,-,Ohio,Aerospace & Defense
none,200000,5,-,Pennsylvania,Financial Services
applied_ai,165000,3,-,Arkansas,Retail & Wholesale
core_ai,177875,0,Master's,North Carolina,Information Technology
applied_ai,108784,7,Bachelor's,Georgia,"Energy, Mining & Utilities"
ai_integration,165000,10,-,Unknown,Healthcare
ai_integration,180500,10,-,Unknown,Insurance
applied_ai,155000,5,Bachelor's,California,Media & Communication
ai_integration,135000,8,Bachelor's,Unknown,Unknown
applied_ai,160000,8,Bachelor's,Unknown,Healthcare
none,231900,7,-,Unknown,Manufacturing
none,162500,7,High School,South Carolina,Aerospace & Defense
none,49662,1,Bachelor's,Puerto Rico,Information Technology
applied_ai,165000,10,-,Arkansas,Retail & Wholesale
none,120000,5,-,Unknown,Information Technology
none,130000,5,-,California,Education
applied_ai,208125,7,-,California,"Arts, Entertainment & Recreation"
none,140000,7,-,Unknown,Unknown
none,266000,11,Associate,Unknown,Information Technology
applied_ai,177875,3,Bachelor's,Texas,Information Technology
applied_ai,165000,2,-,Arkansas,Retail & Wholesale
applied_ai,198000,2,-,California,Retail & Wholesale
none,215000,8,-,Unknown,Healthcare
none,140000,7,-,Colorado,Information Technology
none,145000,5,Bachelor's,Colorado,Information Technology
none,133727,8,Bachelor's,Michigan,Manufacturing
none,170000,10,-,Unknown,Financial Services
applied_ai,157500,5,-,Maine,"Energy, Mining & Utilities"
none,158010,4,-,New York State,Financial Services
ai_integration,101092,0,-,California,Unknown
none,176450,,-,Washington State,Information Technology
applied_ai,209750,3,-,California,Information Technology
none,117712,15,-,Illinois,Unknown
ai_integration,149638,12,Bachelor's,Massachusetts,Manufacturing
applied_ai,155000,7,-,Unknown,Information Technology
none,234000,4,-,California,Retail & Wholesale
applied_ai,145964,8,Bachelor's,Michigan,Manufacturing
applied_ai,175750,6,-,Georgia,Telecommunications
none,150300,10,Bachelor's,Florida,"Energy, Mining & Utilities"
none,169000,8,Bachelor's,Massachusetts,Insurance
none,148892,7,Bachelor's,Texas,Healthcare
applied_ai,176624,7,Bachelor's,Texas,Telecommunications
applied_ai,155174,7,-,Unknown,Information Technology
none,222050,6,Bachelor's,Unknown,Information Technology
applied_ai,186500,8,-,Texas,Financial Services
applied_ai,158750,5,Bachelor's,Unknown,Information Technology
ai_integration,163450,7,-,Unknown,Restaurants & Food Service
ai_integration,215000,8,-,Unknown,Healthcare
applied_ai,140350,5,Bachelor's,Unknown,Media & Communication
none,200000,13,Bachelor's,Virginia,Aerospace & Defense
none,120537,5,Bachelor's,Michigan,Manufacturing
none,102434,5,High School,Ohio,Unknown
none,120537,5,Bachelor's,Michigan,Manufacturing
applied_ai,172673,7,-,California,Information Technology
applied_ai,225750,5,-,Washington State,Information Technology
none,185280,8,Bachelor's,California,Manufacturing
applied_ai,154900,7,Bachelor's,Unknown,Healthcare
none,177025,10,Bachelor's,Arizona,Aerospace & Defense
none,215000,7,-,Unknown,Information Technology
ai_integration,177875,2,Bachelor's,Washington State,Information Technology
applied_ai,178500,10,Bachelor's,Unknown,Unknown
none,159416,6,Bachelor's,Unknown,Manufacturing
none,143741,5,-,Ohio,Manufacturing
none,172500,4,Bachelor's,Maryland,Insurance
none,130446,5,Bachelor's,Texas,Manufacturing
none,135000,8,-,Unknown,Information Technology
none,160849,7,-,Unknown,Insurance
ai_integration,150000,10,-,Arizona,Information Technology
none,109606,,Bachelor's,Georgia,Information Technology
none,224250,7,-,Utah,Education
none,200625,8,-,California,Information Technology
none,142500,4,Bachelor's,Ohio,Healthcare
ai_integration,197500,10,-,Unknown,Information Technology
none,124860,7,-,Nevada,Information Technology
ai_integration,160000,4,Bachelor's,Maryland,Insurance
none,156743,15,-,Pennsylvania,Information Technology
ai_integration,172500,6,Bachelor's,Maryland,Insurance
applied_ai,149108,8,Bachelor's,Wisconsin,Manufacturing
none,206650,10,Bachelor's,Virginia,Aerospace & Defense
applied_ai,175000,4,-,California,Unknown
none,108635,7,-,Virginia,Information Technology
none,147039,14,Bachelor's,Alabama,Aerospace & Defense
ai_integration,248375,9,-,Unknown,Information Technology
none,187500,7,Bachelor's,Unknown,Healthcare
ai_integration,205000,8,-,Florida,Media & Communication
ai_integration,225000,7,-,Unknown,Financial Services
applied_ai,140528,12,Bachelor's,North Carolina,Information Technology
none,180000,7,Bachelor's,New York State,Financial Services
none,104892,2,Bachelor's,Michigan,Aerospace & Defense
none,158850,,Bachelor's,California,Information Technology
none,201500,7,-,California,Financial Services
none,144462,7,High School,South Carolina,Management & Consulting
none,159584,10,Bachelor's,Texas,Information Technology
ai_integration,156500,10,-,Unknown,Information Technology
none,162500,8,Bachelor's,Unknown,Information Technology
applied_ai,158130,8,Bachelor's,Texas,Manufacturing
none,187000,7,-,Unknown,Information Technology
applied_ai,114172,5,Bachelor's,Colorado,Aerospace & Defense
none,297200,8,Bachelor's,Virginia,Information Technology
none,152700,8,Bachelor's,Pennsylvania,Telecommunications
none,142450,5,Bachelor's,Massachusetts,Information Technology
none,121657,7,-,Texas,Information Technology
none,198300,10,-,Unknown,Healthcare
none,170200,7,Bachelor's,California,Information Technology
none,127431,5,-,Pennsylvania,Transportation & Logistics
ai_integration,132432,10,-,New Jersey,Unknown
none,190455,5,Bachelor's,Texas,Telecommunications
none,225000,12,-,Unknown,Information Technology
applied_ai,133970,5,-,Unknown,Unknown
none,226600,5,Bachelor's,California,Information Technology
none,152106,5,Bachelor's,North Carolina,Unknown
none,251000,10,-,Unknown,Information Technology
none,240000,10,-,Unknown,Information Technology
applied_ai,232250,10,-,California,Information Technology
none,77980,5,Bachelor's,Florida,Unknown
none,160000,10,Bachelor's,Georgia,Insurance
ai_integration,145000,5,-,Maryland,Unknown
none,102450,1,Bachelor's,Minnesota,Retail & Wholesale
none,144659,12,Bachelor's,Texas,"Energy, Mining & Utilities"
none,123785,10,Bachelor's,Puerto Rico,Information Technology
none,164050,10,-,Minnesota,Transportation & Logistics
none,190000,5,Bachelor's,Washington State,Aerospace & Defense
ai_integration,186500,7,-,Arkansas,Financial Services
none,140514,10,Bachelor's,Florida,Aerospace & Defense
applied_ai,99816,7,Bachelor's,Virginia,Unknown
none,147925,8,-,Unknown,Media & Communication
none,152201,5,-,North Carolina,Insurance
none,168500,8,Bachelor's,Unknown,Information Technology
none,136762,7,Bachelor's,Illinois,Retail & Wholesale
applied_ai,131500,8,Bachelor's,New York State,Manufacturing
none,160000,10,Bachelor's,Vermont,Information Technology
none,225000,7,-,Unknown,Information Technology
none,151427,7,-,California,Information Technology
applied_ai,171400,5,Bachelor's,California,Unknown
none,135000,1,-,Arkansas,Retail & Wholesale
applied_ai,172388,10,Bachelor's,Unknown,Information Technology
ai_integration,131268,5,Bachelor's,Colorado,Unknown
none,150800,5,Bachelor's,Unknown,Information Technology
ai_integration,85497,2,Bachelor's,Illinois,Pharmaceutical & Biotechnology
none,118495,1,Bachelor's,California,Information Technology
none,235500,8,Bachelor's,California,Information Technology
ai_integration,149500,8,-,Minnesota,Healthcare
none,188500,8,Bachelor's,California,Real Estate
none,91867,5,Bachelor's,Pennsylvania,Healthcare
none,183600,12,Bachelor's,Washington State,Information Technology
none,150000,3,-,New York State,Information Technology
none,155251,8,-,Florida,Management & Consulting
none,122500,4,-,Georgia,Education
applied_ai,219500,10,-,Unknown,Financial Services
ai_integration,195000,3,-,California,Manufacturing
none,143247,10,Bachelor's,Texas,Hotels & Travel Accommodation
ai_integration,202550,7,-,California,Information Technology
none,187500,5,-,Massachusetts,Unknown
none,100659,7,Bachelor's,Kentucky,Manufacturing
none,90000,5,-,New York State,Education
ai_integration,200000,5,-,New York State,Unknown
applied_ai,207500,8,-,California,Unknown
ai_integration,241250,5,-,Washington State,Information Technology
ai_integration,310000,7,-,Unknown,Information Technology
applied_ai,221800,10,-,Unknown,Financial Services
none,226158,5,Bachelor's,California,Information Technology
ai_integration,242500,7,-,California,Information Technology
none,128000,7,-,Texas,Information Technology
none,144531,12,-,Maryland,Unknown
ai_integration,149994,6,-,Arizona,Healthcare
none,200000,10,Bachelor's,California,Manufacturing
none,162500,8,-,New York State,Legal
applied_ai,190000,10,-,Unknown,Information Technology
none,111930,4,Bachelor's,Florida,Financial Services
ai_integration,175000,3,-,California,Unknown
none,219500,8,-,Ohio,Media & Communication
none,198000,,-,California,Information Technology
ai_integration,240000,8,-,California,Unknown
none,143700,7,Bachelor's,Georgia,Unknown
none,253000,8,Bachelor's,Unknown,Information Technology
ai_integration,210000,7,Bachelor's,Unknown,Information Technology
none,201365,7,Bachelor's,Texas,Healthcare
none,114880,6,High School,Texas,Financial Services
none,111546,4,High School,Texas,Financial Services
applied_ai,81745,,-,Unknown,Unknown
none,227255,7,-,Unknown,Information Technology
ai_integration,153014,5,-,California,Human Resources & Staffing
applied_ai,137500,7,-,Massachusetts,Management & Consulting
applied_ai,171730,10,Bachelor's,Unknown,Insurance
applied_ai,257950,5,-,California,Information Technology
none,148010,8,-,Massachusetts,Information Technology
none,158200,8,Bachelor's,Unknown,Information Technology
none,217000,10,-,California,Information Technology
ai_integration,150000,5,-,California,Media & Communication
none,147500,5,-,Unknown,Information Technology
applied_ai,216000,8,Bachelor's,Washington State,Information Technology
none,147500,7,-,Unknown,Insurance
none,104000,0,Bachelor's,Virginia,Aerospace & Defense
none,139108,10,-,Texas,Unknown
none,148953,,-,District of Columbia,Unknown
applied_ai,162000,1,-,Washington State,Retail & Wholesale
ai_integration,135506,5,Bachelor's,Texas,Media & Communication
none,107979,8,Bachelor's,Tennessee,Management & Consulting
none,120179,5,Bachelor's,Ohio,Information Technology
ai_integration,110402,1,Bachelor's,Ohio,Information Technology
ai_integration,128507,8,Bachelor's,Texas,Media & Communication
ai_integration,93322,5,Bachelor's,Nebraska,Telecommunications
applied_ai,204500,5,Bachelor's,California,Information Technology
ai_integration,167500,8,Bachelor's,Unknown,"Construction, Repair & Maintenance Services"
none,106000,,-,Unknown,Unknown
none,114750,5,-,Michigan,Information Technology
none,220488,7,-,Washington State,Information Technology
applied_ai,212500,5,-,Massachusetts,Manufacturing
ai_integration,145000,5,-,Oklahoma,Media & Communication
ai_integration,190000,7,-,California,Unknown
none,141260,5,Bachelor's,Massachusetts,Education
none,144006,7,-,Florida,Media & Communication
none,177404,7,-,California,Information Technology
ai_integration,180000,6,-,Washington State,Information Technology
none,126491,10,Bachelor's,North Carolina,Unknown
ai_integration,169750,10,Bachelor's,Massachusetts,Unknown
applied_ai,171500,5,-,Texas,Financial Services
none,111115,5,Bachelor's,Texas,Information Technology
none,169981,7,-,California,Information Technology
ai_integration,141138,0,Bachelor's,Massachusetts,Information Technology
none,143670,10,-,Texas,Information Technology
applied_ai,127107,5,Master's,District of Columbia,Unknown
none,206500,8,Bachelor's,California,Information Technology
ai_integration,196795,8,Bachelor's,North Carolina,Information Technology
ai_integration,145000,5,Bachelor's,Unknown,Information Technology
ai_integration,205501,6,-,Unknown,Retail & Wholesale
none,157685,10,Bachelor's,California,Healthcare
none,225000,5,-,Unknown,Information Technology
ai_integration,200000,12,Bachelor's,Unknown,Information Technology
applied_ai,153921,7,-,Unknown,Unknown
ai_integration,149423,12,Bachelor's,Virginia,Aerospace & Defense
none,167500,7,-,Colorado,Unknown
none,141500,5,Bachelor's,South Carolina,Financial Services
applied_ai,145000,5,-,North Carolina,Financial Services
applied_ai,211500,3,Bachelor's,California,Information Technology
none,135484,5,-,California,Manufacturing
applied_ai,248260,,-,California,Information Technology
ai_integration,225000,6,-,New York State,Unknown
applied_ai,189844,5,-,New York State,Unknown
none,188242,7,-,Virginia,Information Technology
ai_integration,180000,5,-,Maryland,Financial Services
none,165000,6,Bachelor's,Missouri,Unknown
none,172000,6,Bachelor's,New Jersey,Financial Services
none,167500,9,Bachelor's,Unknown,Government & Public Administration
none,225000,4,-,Unknown,Information Technology
ai_integration,133317,5,-,Texas,Information Technology
ai_integration,151250,8,Bachelor's,Texas,Healthcare
none,129435,7,Bachelor's,Wisconsin,Manufacturing
none,172425,7,Bachelor's,California,Unknown
none,144150,5,Bachelor's,Texas,Information Technology
none,103728,7,-,Unknown,Unknown
applied_ai,110000,2,-,California,Nonprofit & NGO
none,100000,7,Bachelor's,Minnesota,Information Technology
none,136100,7,-,Maine,Retail & Wholesale
none,162727,6,Bachelor's,Texas,Financial Services
applied_ai,113858,8,Bachelor's,Missouri,Information Technology
none,160000,15,-,Illinois,Healthcare
none,172369,8,-,Massachusetts,Information Technology
none,160600,8,Bachelor's,Illinois,Financial Services
none,200000,7,-,California,Unknown
applied_ai,200550,10,Bachelor's,Illinois,Management & Consulting
ai_integration,112154,3,-,Texas,Management & Consulting
none,220500,12,Bachelor's,New York State,Financial Services
none,179950,10,Master's,Maryland,Unknown
applied_ai,223015,10,Bachelor's,California,Information Technology
none,141152,4,-,Connecticut,Information Technology
applied_ai,225000,7,-,California,Unknown
none,185000,7,Bachelor's,California,Information Technology
none,228500,8,-,California,Information Technology
none,170000,7,Bachelor's,California,Unknown
none,205000,10,-,New York State,Information Technology
none,170000,10,Bachelor's,Utah,Information Technology
none,125000,3,-,Maryland,Information Technology
none,125939,3,-,California,Information Technology
none,230000,5,-,New York State,Information Technology
applied_ai,199953,8,-,California,Unknown
applied_ai,147213,5,-,California,Unknown
none,195000,8,Bachelor's,California,Management & Consulting
none,143857,8,-,Texas,Information Technology
none,120000,3,Master's,California,Human Resources & Staffing
ai_integration,189500,8,Bachelor's,Colorado,Healthcare
none,95989,10,Bachelor's,Texas,Financial Services
none,132500,3,Bachelor's,Virginia,Information Technology
ai_integration,189900,6,-,Washington State,Information Technology
none,141950,5,-,Washington State,Information Technology
ai_integration,174825,4,-,Colorado,Information Technology
none,191005,5,-,Texas,Information Technology
none,175000,,Bachelor's,New York State,Information Technology
none,144715,5,-,Arizona,Financial Services
none,109386,,Master's,Massachusetts,Unknown
none,184698,8,Bachelor's,Washington State,Information Technology
applied_ai,280000,5,-,Massachusetts,Information Technology
none,121389,4,Bachelor's,Illinois,Information Technology
applied_ai,190000,15,-,Georgia,Information Technology
none,130206,7,-,New Jersey,Media & Communication
applied_ai,175500,2,Bachelor's,Texas,Information Technology
none,71500,0,Bachelor's,Utah,Personal Consumer Services
none,112732,,Bachelor's,Maryland,Aerospace & Defense
none,125000,,-,Unknown,Aerospace & Defense
none,90000,,-,Unknown,Information Technology
ai_integration,140000,0,Bachelor's,California,Information Technology
none,170200,5,Bachelor's,Washington State,Unknown
none,117925,6,-,Arizona,Information Technology
none,100341,5,-,Virginia,Unknown
none,140800,3,Bachelor's,Washington State,Unknown
none,110635,4,Bachelor's,Maryland,Aerospace & Defense
none,134800,1,-,Virginia,Management & Consulting
ai_integration,87500,0,Bachelor's,Georgia,Financial Services
none,96828,3,Bachelor's,Oregon,Manufacturing
none,63731,2,Bachelor's,Pennsylvania,Telecommunications
ai_integration,140800,8,Bachelor's,Minnesota,"Construction, Repair & Maintenance Services"
none,148500,5,Bachelor's,Oregon,Manufacturing
ai_integration,157210,1,Bachelor's,California,Information Technology
none,80000,2,Bachelor's,Georgia,Retail & Wholesale
none,125950,3,-,Pennsylvania,Management & Consulting
none,139950,10,Bachelor's,Unknown,Aerospace & Defense
none,184500,15,Bachelor's,Oregon,Manufacturing
none,155000,10,Bachelor's,Oregon,Manufacturing
none,88281,5,Bachelor's,Colorado,Aerospace & Defense
none,72499,3,Bachelor's,Ohio,"Construction, Repair & Maintenance Services"
none,122170,,-,Virginia,Information Technology
none,107338,5,Bachelor's,Colorado,Aerospace & Defense
none,94900,2,Bachelor's,Unknown,Aerospace & Defense
none,109224,2,Bachelor's,Georgia,Management & Consulting
none,129366,3,Bachelor's,California,Retail & Wholesale
none,157200,6,Bachelor's,Texas,Financial Services
none,159300,4,Bachelor's,Texas,Telecommunications
ai_integration,71258,2,-,Illinois,Information Technology
none,129250,5,Bachelor's,Ohio,Financial Services
none,140000,5,-,Unknown,"Construction, Repair & Maintenance Services"
none,119538,2,Bachelor's,Arizona,Aerospace & Defense
none,67500,0,-,Unknown,Unknown
none,95283,2,Bachelor's,Virginia,Management & Consulting
none,150374,5,Bachelor's,California,"Energy, Mining & Utilities"
none,185000,4,-,New Jersey,Human Resources & Staffing
none,85000,2,-,Unknown,Information Technology
none,140000,5,Bachelor's,Arkansas,Unknown
none,94671,2,Bachelor's,Texas,Manufacturing
none,77073,2,Bachelor's,Illinois,Media & Communication
none,100000,3,-,Unknown,Education
ai_integration,127250,7,Bachelor's,Unknown,Aerospace & Defense
none,114700,4,Bachelor's,New Jersey,Financial Services
none,101312,4,Bachelor's,District of Columbia,Information Technology
ai_integration,92676,3.5,-,Tennessee,Healthcare
none,112650,0,Bachelor's,Colorado,Aerospace & Defense
none,87500,,Bachelor's,Alabama,Information Technology
ai_integration,220100,4,-,Utah,Information Technology
none,120000,6,-,Unknown,Unknown
ai_integration,62425,3,-,Tennessee,Media & Communication
none,119500,,-,Missouri,Financial Services
none,110778,5,-,Wisconsin,Insurance
none,135000,5,Bachelor's,Virginia,Aerospace & Defense
none,100000,7,-,Unknown,Management & Consulting
ai_integration,126863,,-,Illinois,Information Technology
applied_ai,134749,2,Bachelor's,Virginia,Aerospace & Defense
none,101653,5,Bachelor's,Virginia,Unknown
none,107100,10,Bachelor's,New Mexico,Aerospace & Defense
applied_ai,201400,6,-,Wisconsin,Media & Communication
ai_integration,132500,5,Bachelor's,Unknown,Information Technology
none,105875,2,-,Virginia,Unknown
none,97278,4,-,Illinois,Personal Consumer Services
none,120370,0,Master's,Texas,Aerospace & Defense
ai_integration,97500,4,Bachelor's,Unknown,Financial Services
none,124263,,Bachelor's,Virginia,Information Technology
none,114738,,-,Michigan,Manufacturing
none,115000,3,Bachelor's,Illinois,Financial Services
ai_integration,87906,6,-,Texas,Unknown
applied_ai,233050,7,-,Unknown,Information Technology
none,163800,5,Bachelor's,California,Information Technology
none,114700,,-,New Jersey,Financial Services
none,92000,5,-,Illinois,Information Technology
none,117556,5,-,North Carolina,"Energy, Mining & Utilities"
none,188100,8,Bachelor's,California,Information Technology
none,122500,10,-,Minnesota,Information Technology
none,111550,6,Bachelor's,New Hampshire,Management & Consulting
none,137500,10,Bachelor's,Unknown,Insurance
none,104784,0,Bachelor's,South Carolina,Financial Services
none,116832,2,-,Massachusetts,Information Technology
none,92500,0,-,North Carolina,Unknown
none,167500,5,Bachelor's,California,Management & Consulting
none,105808,6,Bachelor's,Arkansas,Government & Public Administration
none,88620,1,-,Maryland,Information Technology
none,105323,4,Bachelor's,Pennsylvania,Retail & Wholesale
none,87262,3,Bachelor's,Oregon,Manufacturing
none,135975,8,Bachelor's,Unknown,Retail & Wholesale
none,80000,3,Bachelor's,Pennsylvania,Unknown
none,140000,7,Bachelor's,Virginia,Information Technology
none,102500,5,-,Washington State,Information Technology
none,39411,1,Bachelor's,Puerto Rico,Information Technology
ai_integration,212500,5,Bachelor's,New York State,Financial Services
none,77000,6,-,Nevada,Information Technology
ai_integration,115000,2,Bachelor's,Unknown,Information Technology
ai_integration,107167,,Bachelor's,Texas,Unknown
none,104000,4,-,Virginia,Information Technology
none,89008,4,Bachelor's,Georgia,Information Technology
none,158000,4,-,California,Financial Services
ai_integration,141750,10,-,Illinois,Retail & Wholesale
none,86782,4,-,Virginia,Aerospace & Defense
applied_ai,177616,5,Bachelor's,Washington State,Aerospace & Defense
ai_integration,200000,4,-,New York State,Human Resources & Staffing
ai_integration,110288,4,Bachelor's,California,Manufacturing
none,158499,5,Bachelor's,Massachusetts,Transportation & Logistics
none,74983,3,-,Utah,Information Technology
none,160000,4,Bachelor's,Maryland,Insurance
none,107500,2,Bachelor's,Massachusetts,Unknown
none,81941,,High School,Ohio,Aerospace & Defense
none,117359,8,Bachelor's,Texas,Information Technology
none,157144,5,Bachelor's,California,Healthcare
none,136256,3,High School,Utah,Real Estate
ai_integration,158000,,-,Washington State,Information Technology
ai_integration,121200,5,Bachelor's,Florida,Financial Services
none,92000,,-,Illinois,Information Technology
none,193200,2,-,New York State,Media & Communication
none,132468,2,Bachelor's,New York State,Telecommunications
none,169151,2,Master's,California,Media & Communication
ai_integration,99408,2,-,New Jersey,Transportation & Logistics
none,177025,4,-,Unknown,Aerospace & Defense
ai_integration,90000,2,High School,Illinois,Transportation & Logistics
none,97209,5,-,Georgia,Media & Communication
none,77302,3,Bachelor's,Virginia,Aerospace & Defense
none,149732,7,Bachelor's,Washington State,Unknown
none,127500,5,-,Virginia,Information Technology
none,170550,3,Bachelor's,Texas,Telecommunications
none,119538,2,Bachelor's,Unknown,Aerospace & Defense
none,109400,5,-,Pennsylvania,Education
none,116732,1,Bachelor's,Texas,Unknown
none,79500,9,Bachelor's,Texas,Information Technology
none,120000,5,-,Texas,Financial Services
none,155000,5,-,Illinois,Retail & Wholesale
none,162550,5,Bachelor's,California,Unknown
none,160950,7,Bachelor's,Virginia,Aerospace & Defense
none,103822,13,Bachelor's,Pennsylvania,Unknown
none,113697,8,Bachelor's,Virginia,"Construction, Repair & Maintenance Services"
ai_integration,187950,7,Bachelor's,California,Information Technology
none,156284,10,Bachelor's,Texas,Aerospace & Defense
none,98029,5,Bachelor's,Indiana,Manufacturing
applied_ai,162493,4,Bachelor's,Virginia,Aerospace & Defense
none,135975,8,Bachelor's,Utah,Retail & Wholesale
none,130850,3,Bachelor's,California,Information Technology
none,63947,6,Bachelor's,Missouri,Information Technology
none,97357,5,Bachelor's,Ohio,Transportation & Logistics
none,108285,8,Bachelor's,Pennsylvania,Telecommunications
ai_integration,189350,3,Bachelor's,Unknown,Information Technology
none,84822,,-,Pennsylvania,Information Technology
none,147500,3,-,Colorado,Transportation & Logistics
ai_integration,127254,5,Bachelor's,Puerto Rico,Information Technology
none,143000,2,Master's,Georgia,Financial Services
none,130000,2,Bachelor's,North Carolina,Financial Services
ai_integration,140550,2,-,Georgia,Information Technology
none,98955,3,Bachelor's,North Carolina,Information Technology
none,100000,3,Bachelor's,Oregon,Unknown
none,124500,1,-,North Carolina,Unknown
none,91000,5,Bachelor's,Texas,Information Technology
none,98347,,Bachelor's,Texas,Unknown
none,110005,,Bachelor's,Georgia,Unknown
none,147000,5,Bachelor's,Unknown,Information Technology
none,103718,,-,Virginia,Unknown
applied_ai,215000,5,Bachelor's,California,Unknown
none,100000,1,Master's,Arkansas,Unknown
none,129324,5,Bachelor's,Texas,Unknown
none,121578,,-,North Carolina,Financial Services
none,92500,7,-,Unknown,Information Technology
none,86883,8,Bachelor's,Georgia,Information Technology
none,135325,8,Bachelor's,Unknown,Information Technology
ai_integration,125520,,Bachelor's,Illinois,Manufacturing
none,154508,7,High School,Utah,Real Estate
none,120146,4,Bachelor's,Georgia,Financial Services
none,82488,3,Bachelor's,Virginia,Unknown
none,109903,5,Bachelor's,Pennsylvania,Information Technology
none,129000,,Bachelor's,Unknown,Information Technology
none,151500,5,-,New Jersey,Financial Services
none,115950,,Bachelor's,South Carolina,Aerospace & Defense
none,80815,7,-,North Carolina,Information Technology
ai_integration,127646,5,Bachelor's,Georgia,"Energy, Mining & Utilities"
none,100000,,-,Unknown,Unknown
ai_integration,156500,7,Bachelor's,Unknown,Education
none,121200,4,Bachelor's,Florida,Financial Services
ai_integration,157200,6,Bachelor's,Texas,Financial Services
none,142500,4,Bachelor's,Ohio,Healthcare
none,106500,5,Bachelor's,West Virginia,Information Technology
none,95000,5,Bachelor's,South Dakota,Financial Services
none,192571,,Bachelor's,North Carolina,Management & Consulting
none,110000,4,-,Texas,Information Technology
ai_integration,95000,3,Bachelor's,Georgia,Financial Services
ai_integration,104903,1,-,Maryland,Information Technology
none,73512,5,-,North Carolina,Information Technology
none,118742,5,Bachelor's,Connecticut,Financial Services
none,148100,8,-,Illinois,Financial Services
none,133188,8,Bachelor's,Unknown,Transportation & Logistics
none,135000,2,-,Arkansas,Retail & Wholesale
ai_integration,133353,8,Bachelor's,California,Manufacturing
none,106321,5,Bachelor's,Georgia,Financial Services
none,120000,5,-,New Jersey,Unknown
none,124658,6,-,Pennsylvania,Real Estate
none,128000,3,Bachelor's,Florida,Healthcare
none,80412,6,Associate,North Carolina,Human Resources & Staffing
none,104071,5,Bachelor's,Georgia,Financial Services
none,71339,5,Bachelor's,Puerto Rico,Information Technology
none,115000,4,Bachelor's,Illinois,Manufacturing
none,78136,.5,Master's,North Carolina,Information Technology
none,65047,4,-,Texas,Financial Services
ai_integration,179300,2,Bachelor's,Washington State,Information Technology
none,145150,1,High School,Unknown,Healthcare
none,140000,5,Bachelor's,Colorado,Aerospace & Defense
none,109548,5,Bachelor's,Texas,Financial Services
ai_integration,131399,5,Bachelor's,Utah,"Energy, Mining & Utilities"
none,193200,2,-,California,Information Technology
none,104236,5,-,Massachusetts,Information Technology
none,102748,5,Bachelor's,California,Information Technology
none,91000,11,-,Texas,Information Technology
none,128400,4,-,Minnesota,Transportation & Logistics
none,113814,10,Bachelor's,Florida,Healthcare
ai_integration,183000,5,Bachelor's,California,Information Technology
none,144000,3,Bachelor's,New York State,Financial Services
none,106588,5,-,Texas,Information Technology
none,144974,7,Bachelor's,Washington State,Information Technology
ai_integration,120166,5,-,North Carolina,Information Technology
none,168500,5,Bachelor's,Maryland,Information Technology
none,135000,6,-,Unknown,Insurance
none,68436,3,-,Nevada,Information Technology
none,110000,5,-,Virginia,Management & Consulting
ai_integration,120000,7,Bachelor's,Illinois,Financial Services
applied_ai,124406,7,Bachelor's,Idaho,Financial Services
none,122241,5,-,Minnesota,Financial Services
none,100359,5,-,Georgia,Information Technology
none,125906,,-,California,Unknown
none,100000,2,-,California,Unknown
ai_integration,157400,,-,California,Information Technology
none,137250,10,Bachelor's,Unknown,Insurance
none,109050,3,Bachelor's,Texas,Financial Services
none,201365,7,High School,Rhode Island,Healthcare
none,113700,2,High School,Virginia,Information Technology
none,81000,8,-,Texas,Information Technology
ai_integration,158000,7,-,Unknown,Retail & Wholesale
none,90639,5,Bachelor's,New Jersey,Information Technology
none,82314,5,Bachelor's,California,Information Technology
ai_integration,81481,3,Associate,Connecticut,Financial Services
none,125705,5,-,Texas,Unknown
none,117426,2,Bachelor's,Virginia,Information Technology
none,188900,4,Bachelor's,Washington State,Information Technology
ai_integration,196500,6,Bachelor's,Virginia,Information Technology
applied_ai,144007,5,Bachelor's,Massachusetts,Aerospace & Defense
ai_integration,165000,3,Bachelor's,Unknown,Information Technology
none,131753,3,Bachelor's,California,Financial Services
none,105835,10,Bachelor's,Oregon,Manufacturing
none,120938,5,-,Illinois,Unknown
none,97853,0,Bachelor's,Texas,Unknown
applied_ai,117155,,Bachelor's,North Carolina,Unknown
none,86608,4,Bachelor's,Virginia,Unknown
none,108574,5,Bachelor's,Virginia,Information Technology
none,134088,8,Bachelor's,Michigan,Manufacturing
none,119985,5,-,Oregon,Information Technology
ai_integration,157200,7,Bachelor's,Texas,Financial Services
none,115000,5,-,Unknown,Unknown
none,143820,10,Bachelor's,Texas,"Energy, Mining & Utilities"
none,110551,,-,Virginia,Information Technology
none,177500,0,-,Virginia,Unknown
none,118000,5,Bachelor's,Michigan,Manufacturing
none,89067,0,Bachelor's,Texas,Unknown
none,99013,6,-,Illinois,Unknown
none,91476,6,Bachelor's,Texas,Unknown
none,170000,5,Bachelor's,California,Information Technology
none,93756,3,Bachelor's,Virginia,Healthcare
none,97368,5,Bachelor's,Oregon,Unknown
none,86119,6,-,Georgia,Information Technology
none,95122,10,-,Michigan,Information Technology
applied_ai,155000,,Bachelor's,California,Information Technology
none,117000,,Bachelor's,Washington State,Transportation & Logistics
none,91000,6,-,Texas,Financial Services
none,220250,5,Bachelor's,California,Information Technology
none,126786,5,Bachelor's,Massachusetts,Unknown
none,199000,4,Bachelor's,California,Information Technology
none,98000,6,-,Georgia,Information Technology
none,128502,,Master's,Washington State,Information Technology
none,136718,8,Bachelor's,Texas,Retail & Wholesale
applied_ai,142778,5,Bachelor's,California,Government & Public Administration
none,113625,5,-,North Carolina,Financial Services
none,137500,8,Bachelor's,West Virginia,Information Technology
none,120785,9,-,Illinois,Unknown
none,134100,5,Bachelor's,New Jersey,Financial Services
none,102718,0,-,District of Columbia,Information Technology
none,103818,,-,Arizona,Unknown
none,118440,,Bachelor's,Virginia,Unknown
none,151150,8,-,Minnesota,Transportation & Logistics
ai_integration,156500,5,-,Unknown,Education
none,157500,5,-,Georgia,Information Technology
applied_ai,107500,5,Bachelor's,New York State,Information Technology
ai_integration,132100,5,-,Florida,Information Technology
none,122018,6,Bachelor's,North Carolina,Financial Services
none,107654,,-,Virginia,Information Technology
applied_ai,220100,5,Bachelor's,California,Information Technology
none,140000,10,Bachelor's,Texas,Unknown
ai_integration,113148,8,-,California,Manufacturing
ai_integration,150000,10,-,District of Columbia,Telecommunications
none,95973,,-,Virginia,Information Technology
none,79103,.5,Bachelor's,Michigan,Information Technology
none,200000,7,Bachelor's,Maryland,Information Technology
none,75211,.5,Master's,New Jersey,Information Technology
ai_integration,162817,10,-,Illinois,Financial Services
ai_integration,148650,8,-,Texas,Financial Services
none,148949,5,Bachelor's,Illinois,Management & Consulting
ai_integration,138750,5,-,Texas,Unknown
none,83684,3,Bachelor's,Washington State,Information Technology
ai_integration,163074,,Bachelor's,California,Information Technology
applied_ai,157500,3,Bachelor's,New York State,Unknown
none,90760,5,Bachelor's,North Carolina,Retail & Wholesale
none,153325,5,Bachelor's,South Carolina,Aerospace & Defense
ai_integration,154000,2,Bachelor's,California,Media & Communication
applied_ai,177000,8,-,Massachusetts,Information Technology
none,84443,.5,Master's,California,Information Technology
none,150130,5,Bachelor's,California,Insurance
none,160000,10,Bachelor's,North Carolina,Financial Services
none,111310,1,Master's,Virginia,Management & Consulting
none,117074,8,-,North Carolina,Financial Services
none,116000,7,-,Texas,Information Technology
none,148500,8,-,North Carolina,Unknown
ai_integration,119657,5,Bachelor's,North Carolina,Retail & Wholesale
none,84357,2,Bachelor's,Texas,Information Technology
none,131350,3,-,Unknown,Information Technology
none,76173,3,Bachelor's,Oklahoma,Retail & Wholesale
none,117500,10,-,Georgia,Information Technology
none,108500,0,Bachelor's,Colorado,Information Technology
applied_ai,155000,3,-,California,Unknown
ai_integration,158950,5,Bachelor's,Colorado,Manufacturing
none,209000,5,Bachelor's,New York State,Information Technology
none,146857,,Bachelor's,District of Columbia,Management & Consulting
none,122954,10,-,Texas,Information Technology
none,147994,5,-,Oregon,Information Technology
none,100191,0,Bachelor's,Illinois,Unknown
none,110600,8,-,Ohio,Transportation & Logistics
none,95688,4,-,Nebraska,Financial Services
ai_integration,155513,5,Bachelor's,California,Information Technology
none,133049,10,Bachelor's,Virginia,Unknown
none,102619,6,-,Pennsylvania,Information Technology
none,117257,6,-,Colorado,Human Resources & Staffing
none,101166,6,Bachelor's,Georgia,Healthcare
none,112116,,-,North Carolina,Information Technology
none,117824,7,-,Massachusetts,Information Technology
none,121558,10,-,Virginia,Unknown
none,185000,7,Bachelor's,District of Columbia,Information Technology
none,135000,8,-,New York State,Financial Services
none,124949,7,Bachelor's,Florida,Unknown
none,97496,5,-,Texas,Government & Public Administration
none,108926,13,-,Texas,Information Technology
none,135247,7,Bachelor's,Virginia,Real Estate
none,103471,4,Bachelor's,Pennsylvania,Unknown
none,88972,2,Bachelor's,California,Unknown
none,190251,5,-,California,Information Technology
none,130950,5,Bachelor's,New Jersey,Financial Services
applied_ai,188100,,Bachelor's,Washington State,Information Technology
none,125000,5,-,Colorado,Unknown
none,120000,1,Bachelor's,District of Columbia,Unknown
none,97155,8,-,Texas,Information Technology
none,104143,5,-,Illinois,Information Technology
none,190000,7,Bachelor's,New York State,Media & Communication
none,109564,8,Bachelor's,New Jersey,Information Technology
none,186825,8,Bachelor's,Washington State,Information Technology
none,105707,8,-,Texas,Information Technology
none,132586,10,-,District of Columbia,Information Technology
none,112116,5,-,North Carolina,Information Technology
none,92558,3,Bachelor's,Pennsylvania,Information Technology
none,122930,,Master's,New Jersey,Unknown
none,100000,8,Bachelor's,Texas,Information Technology
none,111500,5,Bachelor's,Texas,Information Technology
none,150000,,-,New Hampshire,Unknown
none,87639,3,Master's,Texas,Information Technology
none,103760,5,-,North Carolina,Unknown
ai_integration,129767,5,-,Unknown,Unknown
none,121827,,Bachelor's,New Jersey,Human Resources & Staffing
applied_ai,170000,3,Bachelor's,Colorado,Healthcare
none,104906,,-,Delaware,Information Technology
none,83812,4,Bachelor's,California,Management & Consulting
ai_integration,169359,10,-,Massachusetts,Information Technology
none,107825,5,-,Arizona,Information Technology
none,121800,10,-,Texas,Information Technology
none,113802,5,Bachelor's,Massachusetts,Pharmaceutical & Biotechnology
none,121002,,-,New Jersey,Information Technology
none,82080,3,Bachelor's,Maryland,Management & Consulting
none,138663,7,-,Virginia,Information Technology
none,118440,5,-,Virginia,Information Technology
none,119354,5,Bachelor's,Georgia,Financial Services
none,117522,5,Bachelor's,Virginia,Information Technology
none,111862,5,Bachelor's,Colorado,Information Technology
none,130000,10,Bachelor's,New Jersey,Information Technology
applied_ai,159300,4,Bachelor's,Georgia,Telecommunications
none,109050,3,High School,Unknown,Healthcare
ai_integration,87679,,-,Pennsylvania,Media & Communication
none,93500,10,Bachelor's,Virginia,Information Technology
none,115000,5,-,South Carolina,Information Technology
none,152500,4,Bachelor's,Unknown,Human Resources & Staffing
ai_integration,117500,,-,Unknown,Unknown
none,112500,,-,Texas,Information Technology
ai_integration,85000,1,-,Michigan,Education
none,108637,,-,Florida,Unknown
none,83179,2,Associate,Pennsylvania,Education
none,103497,,-,Montana,Management & Consulting
none,112500,,-,Texas,Information Technology
none,103201,10,Bachelor's,Florida,Manufacturing
none,138125,3,-,California,Information Technology
none,225500,10,-,Unknown,Information Technology
none,75000,,Bachelor's,Alabama,Information Technology
none,64149,0,Bachelor's,Texas,Retail & Wholesale
none,112500,,-,Texas,Information Technology
none,80331,4,Bachelor's,Florida,Unknown
none,88102,0,-,Florida,Media & Communication
none,130000,4,Bachelor's,Illinois,Unknown
none,98212,,Bachelor's,Connecticut,Information Technology
none,119500,,-,Missouri,Financial Services
none,157700,7,-,North Carolina,Insurance
applied_ai,175000,5,Bachelor's,Unknown,Education
none,96071,0,-,North Carolina,Unknown
ai_integration,153755,4,-,Unknown,Information Technology
none,95501,4,Bachelor's,Texas,Manufacturing
ai_integration,110117,5,High School,Texas,Information Technology
none,78803,0,-,Wyoming,Unknown
none,122713,,-,Illinois,Unknown
none,122344,5,Bachelor's,California,Manufacturing
ai_integration,106500,3,Bachelor's,Unknown,Education
ai_integration,74798,3,Bachelor's,Texas,Retail & Wholesale
ai_integration,75167,5,Bachelor's,Pennsylvania,Retail & Wholesale
applied_ai,100000,,-,Unknown,Nonprofit & NGO
applied_ai,124114,4,Bachelor's,Texas,Telecommunications
none,104300,1,Master's,Arkansas,Unknown
none,105524,2,-,Oklahoma,Unknown
none,150000,3,Bachelor's,New York State,Unknown
none,80848,3,Bachelor's,Tennessee,Manufacturing
none,133700,6,Bachelor's,Colorado,Telecommunications
none,70000,1,Bachelor's,Ohio,Unknown
none,66000,0,Bachelor's,Virginia,Information Technology
none,86390,,-,Alabama,Information Technology
none,133120,10,Bachelor's,New Mexico,Aerospace & Defense
none,130061,2,Bachelor's,California,Information Technology
none,43660,3,Bachelor's,Alabama,Manufacturing
none,112500,,-,Texas,Information Technology
none,109136,3,Bachelor's,Arkansas,Healthcare
none,156121,5,Bachelor's,Massachusetts,Information Technology
none,125790,1,Master's,Minnesota,Healthcare
none,135000,5,Bachelor's,Unknown,Human Resources & Staffing
none,130000,2,Bachelor's,Unknown,Unknown
none,93445,3,Bachelor's,Texas,Information Technology
ai_integration,157500,5,-,California,Insurance
none,127500,3,-,North Carolina,Unknown
none,88361,5,Bachelor's,Florida,Information Technology
none,143500,6,Bachelor's,Missouri,Financial Services
none,169887,,Bachelor's,California,Information Technology
ai_integration,115000,5,-,Colorado,Information Technology
applied_ai,255000,,-,California,Management & Consulting
ai_integration,73069,,-,North Carolina,Unknown
applied_ai,175400,2,Bachelor's,Washington State,Information Technology
none,135000,5,Bachelor's,California,Financial Services
none,179500,3,-,California,Information Technology
none,71877,1,Bachelor's,New Jersey,Information Technology
none,85223,2,-,Arizona,Government & Public Administration
ai_integration,140000,5,Bachelor's,Unknown,Financial Services
none,92661,5,-,Minnesota,Education
applied_ai,74740,2,High School,Virginia,Information Technology
none,152408,5,Bachelor's,District of Columbia,Information Technology
none,165000,10,-,Unknown,Information Technology
none,127041,3,Bachelor's,Washington State,Hotels & Travel Accommodation
none,94042,2,Associate,Virginia,Aerospace & Defense
ai_integration,83288,,Bachelor's,Georgia,Unknown
none,94379,5,Bachelor's,Florida,Financial Services
applied_ai,81235,2,-,New Jersey,"Construction, Repair & Maintenance Services"
none,79923,2,Bachelor's,Utah,Information Technology
none,87500,5,Bachelor's,Texas,Unknown
none,106888,,-,Pennsylvania,Information Technology
none,112000,,Bachelor's,Unknown,Management & Consulting
none,90000,,Bachelor's,District of Columbia,Management & Consulting
none,115250,4,-,Ohio,Healthcare
none,155000,,-,Washington State,Retail & Wholesale
ai_integration,159750,5,Bachelor's,Unknown,Telecommunications
none,85696,6,Bachelor's,Florida,Information Technology
ai_integration,105439,3,Bachelor's,Minnesota,Unknown
ai_integration,91253,2,Bachelor's,Texas,Information Technology
none,86817,5,Master's,Virginia,Unknown
applied_ai,202550,6,-,California,Information Technology
none,70000,10,Bachelor's,Puerto Rico,Information Technology
none,78317,5,Bachelor's,North Carolina,Aerospace & Defense
ai_integration,188100,8,-,Unknown,Information Technology
none,157250,5,-,California,Restaurants & Food Service
none,105800,,Bachelor's,New Jersey,Financial Services
none,124179,5,Bachelor's,Oregon,Information Technology
applied_ai,88088,1,Bachelor's,Pennsylvania,Information Technology
none,90386,0,Bachelor's,Puerto Rico,Information Technology
none,89846,5,Bachelor's,Florida,Unknown
none,68966,1,Bachelor's,Illinois,Information Technology
applied_ai,92132,2,-,Florida,Telecommunications
ai_integration,201500,3,-,California,Information Technology
applied_ai,69419,2,Bachelor's,Wisconsin,Unknown
ai_integration,86750,3,Associate,Wisconsin,Information Technology
none,78331,3,Bachelor's,Illinois,Information Technology
none,122485,,Bachelor's,Virginia,Management & Consulting
none,122000,5,-,Washington State,Unknown
none,106461,1,Bachelor's,Virginia,Unknown
none,122363,5,-,Virginia,Retail & Wholesale
none,209750,3,Bachelor's,California,Information Technology
none,116069,10,Bachelor's,Virginia,Unknown
none,121273,,-,Virginia,Information Technology
none,82500,3,High School,Maryland,Information Technology
none,97500,3,Bachelor's,Illinois,Unknown
none,166628,4,Bachelor's,California,Media & Communication
none,145000,10,Bachelor's,Washington State,Financial Services
none,147813,7,Bachelor's,Washington State,Aerospace & Defense
none,106955,,Bachelor's,Texas,Information Technology
none,105000,0,Bachelor's,California,Unknown
none,149350,3,Bachelor's,California,Information Technology
none,96459,7,Bachelor's,Texas,"Energy, Mining & Utilities"
none,93361,4,-,Arizona,Retail & Wholesale
none,162500,1,Bachelor's,California,Information Technology
none,113947,1,Bachelor's,California,Hotels & Travel Accommodation
none,90000,3,-,Arizona,Unknown
none,90448,2,Bachelor's,Pennsylvania,Information Technology
none,97674,1,Bachelor's,North Carolina,Financial Services
none,161500,5,Bachelor's,California,Pharmaceutical & Biotechnology
none,89707,1,Bachelor's,Ohio,Aerospace & Defense
none,71285,4,-,Iowa,Retail & Wholesale
none,92500,3,Bachelor's,Pennsylvania,Education
none,119224,7,Bachelor's,Texas,Information Technology
ai_integration,90595,5,Bachelor's,Ohio,Financial Services
none,77933,3,Bachelor's,Texas,Information Technology
none,165880,10,Bachelor's,Illinois,Manufacturing
none,65662,1,Bachelor's,Georgia,Legal
none,77858,,Bachelor's,Texas,Unknown
none,115360,2,Bachelor's,California,Unknown
none,146450,5,-,Georgia,Healthcare
applied_ai,187500,5,-,New York State,Healthcare
none,130000,5,-,New Jersey,Retail & Wholesale
ai_integration,89341,5,Bachelor's,Oklahoma,Retail & Wholesale
none,123100,,Bachelor's,Texas,Information Technology
none,87662,3,Bachelor's,Massachusetts,Information Technology
none,148240,,Bachelor's,California,Information Technology
none,60582,1,Bachelor's,Texas,Insurance
none,98263,2,Bachelor's,California,Information Technology
none,97500,3,Bachelor's,Illinois,Pharmaceutical & Biotechnology
none,135000,2,Bachelor's,Arkansas,Retail & Wholesale
none,100000,5,Bachelor's,Arizona,Unknown
none,152955,5,Bachelor's,Connecticut,Healthcare
none,92082,1,Bachelor's,Virginia,Information Technology
ai_integration,150000,5,-,Illinois,Unknown
none,109848,8,Bachelor's,Missouri,"Construction, Repair & Maintenance Services"
none,168667,,Bachelor's,California,Information Technology
applied_ai,117500,7,-,South Carolina,Retail & Wholesale
none,147370,2,-,California,Unknown
none,87782,5,-,Maine,Healthcare
applied_ai,199000,4,-,California,Information Technology
none,85000,1,Bachelor's,New Jersey,Transportation & Logistics
none,126873,6,-,New Jersey,Manufacturing
none,72902,3,Bachelor's,Illinois,Unknown
none,154713,5,High School,Virginia,Management & Consulting
none,100625,5,Bachelor's,Maryland,Media & Communication
none,160000,5,Bachelor's,Texas,Information Technology
none,103500,3,-,California,Financial Services
none,88256,2,Bachelor's,New Jersey,Information Technology
none,119434,5,-,Ohio,Information Technology
none,118035,3,Bachelor's,Virginia,Information Technology
none,96465,3,High School,Texas,"Energy, Mining & Utilities"
ai_integration,110039,5,Bachelor's,Tennessee,Information Technology
none,116234,,-,Texas,Information Technology
applied_ai,80878,5,-,Texas,Personal Consumer Services
none,128922,5,-,Pennsylvania,Real Estate
none,71924,0,Bachelor's,Virginia,Human Resources & Staffing
none,108277,6,-,Virginia,Unknown
none,130000,6,-,Texas,Healthcare
none,93558,5,Bachelor's,Texas,Unknown
none,120000,5,Bachelor's,Unknown,Unknown
none,70000,,-,Utah,Unknown
none,135386,5,Bachelor's,Virginia,Information Technology
none,98938,3,-,Texas,Unknown
none,89314,3,-,Washington State,Information Technology
none,86000,1,Bachelor's,Georgia,Information Technology
none,72500,0,-,Minnesota,Unknown
none,120000,6,Bachelor's,Massachusetts,Insurance
none,131542,5,-,Texas,Retail & Wholesale
none,86876,8,-,Georgia,Information Technology
none,98951,1,Bachelor's,Virginia,Unknown
none,205000,5,-,California,Information Technology
none,78193,3,Bachelor's,Texas,Unknown
none,112427,,-,Wisconsin,Information Technology
none,118900,,-,Arizona,Information Technology
none,123254,,-,Maryland,Unknown
none,170000,5,-,Texas,Information Technology
none,105502,5,-,Virginia,Information Technology
applied_ai,155487,5,Bachelor's,California,"Construction, Repair & Maintenance Services"
none,75304,3,-,California,Hotels & Travel Accommodation
none,140496,5,-,Texas,Information Technology
none,187500,6,Bachelor's,New York State,Information Technology
none,101516,10,Bachelor's,Unknown,Healthcare
none,118263,5,Bachelor's,Missouri,Unknown
none,89506,2,Bachelor's,Georgia,Information Technology
ai_integration,104771,7,Bachelor's,Pennsylvania,Information Technology
none,67578,5,Bachelor's,South Carolina,Information Technology
none,99755,,-,Utah,Information Technology
none,162500,7,-,California,Unknown
none,82726,5,-,Georgia,Information Technology
none,132452,7,-,Georgia,Information Technology
none,88245,7,-,Georgia,Information Technology
none,209750,,-,California,Information Technology
ai_integration,114122,7,High School,Virginia,Information Technology
none,94199,2,-,Iowa,Information Technology
none,72557,3,Bachelor's,Ohio,Information Technology
none,126651,15,Bachelor's,Virginia,Government & Public Administration
none,140000,9,Bachelor's,Unknown,Unknown
none,111904,5,-,Virginia,Information Technology
none,84292,2,Bachelor's,Illinois,Information Technology
none,95759,3,Bachelor's,Virginia,Aerospace & Defense
none,131633,5,Bachelor's,Georgia,Financial Services
none,123974,4,Bachelor's,California,Unknown
none,96395,1,Bachelor's,Washington State,Information Technology
ai_integration,101585,,Bachelor's,New Jersey,Information Technology
none,111550,6,Bachelor's,New Hampshire,Management & Consulting
none,130000,5,-,Unknown,Unknown
none,110662,,Bachelor's,Virginia,Information Technology
none,96685,,Bachelor's,Georgia,Information Technology
ai_integration,169961,8,-,Utah,Information Technology
none,108809,,-,Texas,Unknown
ai_integration,120000,7,Bachelor's,Maryland,Unknown
none,144158,5,Bachelor's,Maryland,Insurance
none,98339,3,-,Connecticut,Unknown
none,96402,3,Bachelor's,North Carolina,Unknown
ai_integration,130623,7,Bachelor's,Washington State,Information Technology
none,118666,1,Master's,Iowa,Information Technology
none,116063,5,-,California,Manufacturing
none,81809,5,-,Unknown,Information Technology
ai_integration,113836,0,Bachelor's,Oregon,Information Technology
applied_ai,134000,,Bachelor's,Massachusetts,Financial Services
ai_integration,157000,4,Bachelor's,California,Information Technology
applied_ai,137500,,Master's,California,Information Technology
applied_ai,107075,2,Bachelor's,Virginia,"Construction, Repair & Maintenance Services"
none,118507,2,-,California,Unknown
ai_integration,97545,4,Bachelor's,Ohio,Insurance
none,123000,3,Bachelor's,California,Healthcare
ai_integration,70781,1,Bachelor's,Virginia,Information Technology
applied_ai,166433,6,Bachelor's,Massachusetts,Information Technology
none,151500,7,Bachelor's,California,Unknown
none,85369,,-,Florida,Information Technology
applied_ai,122823,7,Bachelor's,Texas,Aerospace & Defense
none,214850,5,Bachelor's,Washington State,Information Technology
none,85071,4,-,Texas,Information Technology
none,52500,3,-,North Carolina,Unknown
none,44150,1,High School,Oklahoma,Nonprofit & NGO
none,127260,5,Bachelor's,Georgia,Manufacturing
none,77065,3,-,California,Unknown
none,89196,4,Bachelor's,Ohio,Insurance
none,105033,3,-,Florida,Media & Communication
none,192500,5,Bachelor's,Texas,Manufacturing
none,226600,10,-,California,Information Technology
none,65846,3,Bachelor's,California,Unknown
none,175000,5,-,California,Information Technology
none,140000,4,Bachelor's,California,Telecommunications
none,91500,2,-,New York State,Aerospace & Defense
none,126884,4,-,Texas,Information Technology
none,84054,3,-,Alabama,Aerospace & Defense
none,52500,,-,Indiana,Education
none,101750,,-,Unknown,Information Technology
applied_ai,225000,8,Bachelor's,Oklahoma,Information Technology
none,119528,5,-,Massachusetts,Media & Communication
none,141507,5,-,Texas,Information Technology
none,65000,3,High School,California,Information Technology
none,81829,2,Bachelor's,Idaho,Government & Public Administration
none,118500,3,Bachelor's,Indiana,Information Technology
none,245500,7,Bachelor's,California,Information Technology
none,249750,5,-,California,Information Technology
none,116193,,-,Texas,Media & Communication
none,65990,3,-,Texas,Media & Communication
none,135000,8,-,Illinois,Unknown
none,175000,,-,Wisconsin,Information Technology
none,112815,8,Bachelor's,Illinois,Manufacturing
none,175500,3,Bachelor's,California,Aerospace & Defense
applied_ai,206400,5,-,California,Information Technology
none,132933,8,Bachelor's,Texas,Media & Communication
none,91547,5,Bachelor's,Missouri,Aerospace & Defense
none,175000,,-,California,Aerospace & Defense
none,216000,,-,California,Manufacturing
none,50547,3,-,Nevada,Information Technology
none,176000,6,-,Unknown,Information Technology
none,87469,,-,Maryland,Manufacturing
applied_ai,156845,5,Bachelor's,Massachusetts,Information Technology
none,61163,1,-,North Carolina,"Arts, Entertainment & Recreation"
none,191800,,-,Washington State,Information Technology
none,83411,5,-,Massachusetts,Media & Communication
none,248260,3,-,Unknown,Information Technology
none,146966,5,Bachelor's,Texas,Media & Communication
applied_ai,160000,2,-,Unknown,Insurance
applied_ai,165750,8,-,California,Insurance
none,265200,10,-,California,Information Technology
none,166400,12,-,California,Media & Communication
none,97500,3,Bachelor's,Nevada,"Arts, Entertainment & Recreation"
none,87308,2,Bachelor's,Ohio,Insurance
none,215705,3,Bachelor's,California,Information Technology
applied_ai,253500,7,-,California,Information Technology
none,158000,2,Associate,Washington State,Information Technology
none,225000,,Bachelor's,Maryland,Unknown
none,105388,5,-,Oklahoma,Nonprofit & NGO
applied_ai,163500,10,Bachelor's,California,Manufacturing
none,90000,0,-,California,Unknown
none,94000,,Bachelor's,California,"Construction, Repair & Maintenance Services"
none,235000,2,-,California,Management & Consulting
none,138550,8,-,California,Media & Communication
none,90227,3,-,California,Unknown
none,145000,,Bachelor's,California,Unknown
none,156000,5,-,North Carolina,Pharmaceutical & Biotechnology
none,106584,,-,California,Unknown
none,113629,2,-,Maryland,Unknown
ai_integration,95821,3,Bachelor's,California,Aerospace & Defense
none,71071,6,-,Massachusetts,Media & Communication
none,148288,4,-,Colorado,Information Technology
ai_integration,150500,5,-,Washington State,Information Technology
applied_ai,81945,0,Bachelor's,Michigan,Manufacturing
none,111823,5,Bachelor's,Washington State,Media & Communication
none,102737,3,Bachelor's,Oklahoma,Nonprofit & NGO
none,131003,5,Bachelor's,California,Manufacturing
applied_ai,273380,5,-,California,Information Technology
applied_ai,140001,5,Bachelor's,Virginia,Information Technology
none,102500,5,Bachelor's,California,Media & Communication
applied_ai,150090,,Bachelor's,California,Unknown
none,145500,5,-,California,Manufacturing
ai_integration,248260,3,Bachelor's,California,Information Technology
none,108637,3,Bachelor's,Texas,Unknown
none,130632,5,-,California,Unknown
none,72865,,-,Texas,Media & Communication
none,74127,3,-,California,"Arts, Entertainment & Recreation"
ai_integration,140000,,-,California,Information Technology
none,97500,6,Bachelor's,Nevada,Manufacturing
applied_ai,154000,4,PhD,New York State,Unknown
ai_integration,215500,7,-,Unknown,Information Technology
applied_ai,120000,10,-,Unknown,Unknown
applied_ai,155480,5,Master's,Texas,Aerospace & Defense
none,173190,7,-,California,Media & Communication
none,120090,,-,California,Unknown
none,66784,5,-,Texas,"Arts, Entertainment & Recreation"
none,153000,0,Bachelor's,Massachusetts,Manufacturing
applied_ai,112760,8,Associate,Arkansas,Information Technology
applied_ai,104812,3,-,Maryland,Information Technology
none,57874,,Bachelor's,Washington State,Unknown
none,215100,8,-,Illinois,Information Technology
none,90000,3,-,California,Unknown
none,125540,3,-,California,Manufacturing
ai_integration,197300,8,-,California,Information Technology
none,109714,5,-,Michigan,Manufacturing
none,126208,7,Bachelor's,Florida,Pharmaceutical & Biotechnology
none,104740,5,Bachelor's,Texas,Information Technology
applied_ai,96994,,Bachelor's,Michigan,Information Technology
none,140000,7,Bachelor's,California,Telecommunications
none,185000,,-,California,Management & Consulting
applied_ai,75979,3,-,Maryland,Information Technology
none,215100,5,-,Illinois,Information Technology
ai_integration,69914,7,-,Nevada,"Arts, Entertainment & Recreation"
none,116900,5,Bachelor's,California,Manufacturing
ai_integration,121500,2,-,California,Information Technology
applied_ai,98435,3,-,New York State,Retail & Wholesale
ai_integration,175000,5,-,California,Unknown
none,75000,2,-,California,Media & Communication
none,69319,5,Bachelor's,Nevada,Manufacturing
none,145000,5,Bachelor's,Massachusetts,Aerospace & Defense
ai_integration,185000,5,-,California,Unknown
none,118351,7,Bachelor's,Massachusetts,Manufacturing
ai_integration,88431,3,Bachelor's,Massachusetts,Manufacturing
none,179521,6,Bachelor's,California,Pharmaceutical & Biotechnology
none,83879,6,-,Louisiana,Information Technology
none,145334,3,Bachelor's,California,Information Technology
none,81734,3,-,California,"Arts, Entertainment & Recreation"
ai_integration,130000,8,-,Minnesota,Information Technology
none,93513,3,-,California,Unknown
ai_integration,243701,5,-,California,Pharmaceutical & Biotechnology
none,166030,8,Bachelor's,Texas,Media & Communication
ai_integration,197000,8,Bachelor's,California,Information Technology
none,101963,5,Bachelor's,Ohio,Healthcare
none,149195,7,Bachelor's,Texas,Unknown
none,130499,3,Bachelor's,Arizona,Manufacturing
none,117384,9,Bachelor's,Georgia,"Energy, Mining & Utilities"
none,120721,8,-,Tennessee,Information Technology
ai_integration,137500,5,-,California,Media & Communication
none,107500,8,Bachelor's,Nevada,Manufacturing
none,132245,8,-,Tennessee,Information Technology
ai_integration,112770,3,Bachelor's,New Jersey,Unknown
ai_integration,182500,5,Bachelor's,California,Information Technology
none,121254,5,Bachelor's,California,Manufacturing
none,97691,7,-,New Jersey,Information Technology
ai_integration,195000,3,-,California,Aerospace & Defense
none,140000,7,Bachelor's,California,"Arts, Entertainment & Recreation"
none,91000,1,-,Unknown,Information Technology
none,173850,,Bachelor's,California,Information Technology
none,165200,,Bachelor's,California,Information Technology
none,226600,,Bachelor's,California,Information Technology
ai_integration,176450,3,-,Washington State,Information Technology
none,58297,2,Bachelor's,Kansas,Retail & Wholesale
none,75000,,Bachelor's,Alabama,Information Technology
ai_integration,176450,3,-,Washington State,Information Technology
applied_ai,171500,1,Bachelor's,California,Information Technology
none,98107,7,-,Georgia,Information Technology
none,160000,8,Bachelor's,Unknown,Telecommunications
none,209750,,Bachelor's,California,Information Technology
none,162500,3,-,Missouri,"Construction, Repair & Maintenance Services"
none,198800,,Bachelor's,California,Information Technology
none,79724,3,-,North Carolina,Media & Communication
ai_integration,184150,5,Master's,California,Information Technology
none,75000,,Bachelor's,Alabama,Information Technology
ai_integration,96092,,-,Texas,Unknown
none,100000,3,-,North Carolina,Human Resources & Staffing
ai_integration,193000,5,-,Unknown,Unknown
ai_integration,145500,2,Bachelor's,Washington State,Information Technology
none,146913,5,Bachelor's,Unknown,Aerospace & Defense
none,90000,5,-,Unknown,Information Technology
none,82975,1,Bachelor's,Arizona,Information Technology
none,206400,5,-,Texas,Information Technology
none,177025,5,Bachelor's,Unknown,Aerospace & Defense
none,133900,5,Bachelor's,Delaware,Financial Services
none,143787,5,Bachelor's,Virginia,Unknown
ai_integration,255000,0,-,California,Management & Consulting
none,166800,2,-,California,Manufacturing
none,75015,3,Bachelor's,Texas,Government & Public Administration
applied_ai,171500,2,Bachelor's,California,Information Technology
none,61690,2,Bachelor's,Pennsylvania,Real Estate
none,213000,7,-,Unknown,Information Technology
applied_ai,83534,3,Bachelor's,Virginia,Government & Public Administration
none,170000,7,-,New York State,Media & Communication
none,94224,1,Bachelor's,Oklahoma,Information Technology
none,126378,5,Bachelor's,Texas,Transportation & Logistics
none,112300,6,-,Pennsylvania,Management & Consulting
none,57500,0,-,California,Manufacturing
ai_integration,191000,11,Bachelor's,Georgia,Healthcare
none,125000,2,Bachelor's,California,Information Technology
none,95000,,-,Pennsylvania,Information Technology
none,110000,6,Bachelor's,Virginia,Human Resources & Staffing
none,76000,0,-,Washington State,Information Technology
none,142500,6,Bachelor's,Texas,Financial Services
none,207425,8,Bachelor's,California,Information Technology
ai_integration,80306,8,-,Texas,Unknown
none,127500,5,-,California,Unknown
none,71813,2,-,Ohio,Manufacturing
none,100167,,-,Colorado,Information Technology
none,125668,5,High School,Georgia,Transportation & Logistics
none,180000,5,-,Unknown,Information Technology
none,86147,6,Bachelor's,Texas,Healthcare
none,160500,8,Bachelor's,Georgia,Telecommunications
none,127500,2,Bachelor's,Illinois,Aerospace & Defense
none,85280,3,Bachelor's,Texas,Management & Consulting
none,150000,2,-,Unknown,Management & Consulting
none,92675,1,Bachelor's,Louisiana,"Energy, Mining & Utilities"
ai_integration,102500,5,Bachelor's,Illinois,Manufacturing
none,106884,,-,California,Unknown
none,99000,5,-,Unknown,Information Technology
none,77575,5,Bachelor's,Florida,Restaurants & Food Service
applied_ai,171500,2,Bachelor's,Georgia,Information Technology
ai_integration,122799,8,-,Pennsylvania,Healthcare
ai_integration,275000,4,-,California,Unknown
none,110947,8,-,Texas,Information Technology
none,105000,5,-,Texas,Retail & Wholesale
none,150000,6,-,Texas,Financial Services
none,120000,3,-,California,Manufacturing
applied_ai,176450,3,Bachelor's,New Jersey,Information Technology
none,126507,,Bachelor's,Texas,Information Technology
none,132450,3,-,Arizona,Management & Consulting
none,115600,5,-,North Carolina,Insurance
none,118677,4,-,Texas,Unknown
none,74066,2,Bachelor's,Michigan,Information Technology
none,84724,5,-,North Carolina,Retail & Wholesale
applied_ai,96300,3,Bachelor's,New Hampshire,Education
none,145150,1,High School,Unknown,Healthcare
none,143980,7,Bachelor's,North Carolina,Financial Services
none,134750,5,Bachelor's,Texas,Manufacturing
none,96149,5,-,Utah,Information Technology
ai_integration,198800,3,Bachelor's,Washington State,Information Technology
none,125092,10,Bachelor's,Texas,"Energy, Mining & Utilities"
none,75929,5,Bachelor's,Pennsylvania,Real Estate
none,64067,3,Bachelor's,Nebraska,Financial Services
none,93299,,Bachelor's,Texas,Insurance
none,123758,5,-,Massachusetts,Pharmaceutical & Biotechnology
none,170000,5,Bachelor's,California,Information Technology
none,80000,1,-,Unknown,Pharmaceutical & Biotechnology
ai_integration,165000,3,Bachelor's,Unknown,Information Technology
none,66367,5,Bachelor's,Florida,Media & Communication
ai_integration,125837,2,Bachelor's,North Carolina,Telecommunications
ai_integration,137100,4,Bachelor's,Colorado,Telecommunications
none,158500,5,-,Alabama,Information Technology
applied_ai,227500,7,-,Unknown,Information Technology
ai_integration,205000,5,Bachelor's,California,Information Technology
none,244000,8,Bachelor's,California,Information Technology
none,238400,8,-,Unknown,Information Technology
none,214000,7,-,California,Information Technology
none,152929,0,Bachelor's,California,Information Technology
none,100532,4,Bachelor's,Florida,Unknown
none,160500,8,Bachelor's,Georgia,Telecommunications
none,176450,3,-,Washington State,Information Technology
ai_integration,165000,2,-,Arkansas,Retail & Wholesale
applied_ai,135000,5,-,California,Information Technology
none,150000,1,-,California,Information Technology
none,99326,,-,Texas,Unknown
none,106262,7,-,Georgia,Unknown
none,137130,,-,Georgia,Healthcare
none,97000,2,-,California,Manufacturing
applied_ai,120493,5,-,Georgia,Media & Communication
ai_integration,175000,5,-,Colorado,Unknown
none,220000,8,-,New York State,Media & Communication
none,105343,7,-,Massachusetts,Retail & Wholesale
ai_integration,62500,,-,Pennsylvania,Unknown
applied_ai,67500,2,Master's,Hawaii,Education
none,88000,1,Master's,Arkansas,Unknown
none,175000,8,-,Unknown,Manufacturing
none,149175,5,-,District of Columbia,Management & Consulting
none,64505,3,-,South Carolina,Information Technology
none,103500,5,-,California,Information Technology
ai_integration,66925,3,Bachelor's,Florida,Retail & Wholesale
none,110000,5,Bachelor's,Texas,Manufacturing
none,151500,3,-,Massachusetts,Healthcare
none,127000,7,-,Unknown,Retail & Wholesale
none,110227,,Bachelor's,Maryland,Information Technology
none,92669,,Bachelor's,Michigan,Education
none,159850,8,Bachelor's,California,Information Technology
none,98479,,-,Texas,Information Technology
applied_ai,130000,3,Bachelor's,Colorado,Unknown
none,139792,5,-,Pennsylvania,Retail & Wholesale
none,117067,5,Bachelor's,Ohio,Aerospace & Defense
none,53992,,-,California,Unknown
none,94500,2,-,Unknown,Information Technology
ai_integration,96441,3,High School,Georgia,Transportation & Logistics
ai_integration,197250,8,Bachelor's,California,Information Technology
none,100000,6,Bachelor's,Texas,Information Technology
none,161300,2,Bachelor's,California,Information Technology
ai_integration,40000,,-,Nevada,Unknown
none,111800,4,Bachelor's,Georgia,Financial Services
none,194367,6,Bachelor's,Unknown,Information Technology
none,128700,2,-,California,Information Technology
none,185000,4,Bachelor's,Unknown,Information Technology
none,151500,3,Bachelor's,Massachusetts,Healthcare
none,110000,3,-,Texas,Human Resources & Staffing
ai_integration,65214,1,Bachelor's,Michigan,Healthcare
none,92686,7,Bachelor's,Florida,Hotels & Travel Accommodation
none,123467,,Bachelor's,Virginia,Information Technology
none,92987,3,Bachelor's,Arizona,Information Technology
none,48000,3,Bachelor's,Ohio,Information Technology
none,102600,3,Bachelor's,North Carolina,Education
none,56538,0,Associate,Texas,Information Technology
none,79261,5,-,New Jersey,Information Technology
none,119630,5,-,Pennsylvania,Telecommunications
none,200000,8,-,Washington State,Retail & Wholesale
none,148793,5,Bachelor's,Unknown,Information Technology
applied_ai,205000,5,Bachelor's,California,Information Technology
none,118000,4,-,Texas,Information Technology
none,99189,5,Bachelor's,District of Columbia,Management & Consulting
none,135000,4,Bachelor's,Unknown,Media & Communication
none,118449,6,Bachelor's,Virginia,Information Technology
none,93000,8,Bachelor's,Arizona,Government & Public Administration
none,198500,7,Bachelor's,California,Healthcare
none,152000,6,-,California,Information Technology
ai_integration,150000,3,-,Massachusetts,Unknown
none,109056,3,-,Texas,Financial Services
ai_integration,72804,2,-,Massachusetts,Information Technology
none,88429,3,-,Pennsylvania,Information Technology
ai_integration,210000,5,-,California,Unknown
none,104552,2,Bachelor's,Georgia,Financial Services
none,78076,2,-,California,Unknown
ai_integration,134587,5,Bachelor's,Texas,Information Technology
none,119784,,-,California,Unknown
applied_ai,203500,8,-,California,Information Technology
none,70000,5,-,Missouri,Management & Consulting
ai_integration,86458,2,-,Massachusetts,Information Technology
none,98091,5,-,Pennsylvania,Information Technology
none,92040,3,Bachelor's,Massachusetts,Information Technology
none,67370,4,-,Nebraska,Financial Services
applied_ai,235000,8,-,California,Information Technology
none,131300,3,Bachelor's,California,Insurance
none,67349,3,Bachelor's,Florida,Information Technology
none,175500,2,Bachelor's,California,Retail & Wholesale
none,177600,12,-,California,Retail & Wholesale
none,170800,7,-,Unknown,Media & Communication
none,83116,4,Bachelor's,Florida,Financial Services
none,168175,5,Bachelor's,Arizona,Information Technology
none,104085,,Bachelor's,Illinois,Healthcare
none,114417,10,Bachelor's,Georgia,Hotels & Travel Accommodation
none,115000,,Bachelor's,Virginia,Information Technology
none,125000,6,Bachelor's,Illinois,Manufacturing
ai_integration,122500,4,-,Utah,Pharmaceutical & Biotechnology
none,213000,7,-,Unknown,Information Technology
ai_integration,60000,1,-,Virginia,Unknown
none,159850,5,Bachelor's,California,Information Technology
none,145500,7,High School,District of Columbia,Information Technology
none,140000,5,Bachelor's,Maine,Financial Services
none,100000,3,Bachelor's,Indiana,Unknown
applied_ai,125000,3,Master's,New York State,Unknown
none,273380,5,Bachelor's,California,Information Technology
none,171843,7,-,Georgia,Media & Communication
ai_integration,106179,,-,Illinois,Information Technology
none,147813,7,Bachelor's,Washington State,Aerospace & Defense
none,155000,5,Bachelor's,Utah,Retail & Wholesale
ai_integration,225000,3,-,Unknown,Management & Consulting
none,97577,6,Bachelor's,Texas,Financial Services
none,147500,4,-,Colorado,Unknown
none,183000,10,Bachelor's,New York State,Media & Communication
none,139950,7,Bachelor's,Unknown,Aerospace & Defense
none,128503,,-,California,Unknown
none,127688,,-,Washington State,Unknown
none,151873,,-,California,Unknown
none,121222,5,-,Washington State,Retail & Wholesale
ai_integration,140504,5,Bachelor's,California,Unknown
none,80478,4,Bachelor's,Texas,Healthcare
none,161300,,Bachelor's,California,Information Technology
none,108956,,Bachelor's,California,"Construction, Repair & Maintenance Services"
none,137130,4,Bachelor's,Georgia,Healthcare
none,125143,,Bachelor's,North Carolina,Information Technology
none,116204,5,Bachelor's,Florida,Financial Services
none,200000,7,-,Texas,Information Technology
none,93563,5,Bachelor's,Connecticut,Restaurants & Food Service
none,223300,6,-,Unknown,Healthcare
none,58967,,-,Florida,Unknown
none,103788,4,Bachelor's,Arizona,Education
none,80802,2,-,Florida,Unknown
none,115000,,-,California,Media & Communication
none,135000,2,-,Arkansas,Retail & Wholesale
none,198000,1,Bachelor's,California,Information Technology
none,134371,7,Bachelor's,Ohio,Transportation & Logistics
none,142933,,-,California,Unknown
none,67894,2,-,Florida,Human Resources & Staffing
none,117500,5,-,Unknown,Information Technology
ai_integration,90836,3,Bachelor's,California,Unknown
none,83191,5,-,Nevada,Financial Services
ai_integration,90000,,-,California,Unknown
none,89016,4,Bachelor's,Texas,Unknown
none,153369,5,-,California,Information Technology
none,165000,6,Bachelor's,California,Education
none,175000,5,-,New York State,Restaurants & Food Service
none,102727,5,-,California,Information Technology
none,98681,4,Bachelor's,Delaware,Unknown
none,86599,6,Bachelor's,Alabama,Unknown
applied_ai,104882,5,-,Massachusetts,Unknown
none,171400,5,-,California,Unknown
none,111795,,Bachelor's,Illinois,Healthcare
none,102512,5,-,California,Management & Consulting
none,179000,5,-,California,Healthcare
none,150000,6,-,Unknown,Information Technology
none,81758,4,-,Ohio,Information Technology
none,124800,7,-,Texas,Information Technology
none,111509,8,Bachelor's,Missouri,Telecommunications
ai_integration,121898,5,-,Tennessee,Information Technology
none,95656,5,-,Illinois,Media & Communication
none,90000,3,-,California,Retail & Wholesale
none,93247,6,Bachelor's,Florida,Financial Services
none,78376,5,Bachelor's,Missouri,Aerospace & Defense
none,125000,3,-,California,Information Technology
ai_integration,150514,5,-,California,Manufacturing
none,111790,5,Bachelor's,Arizona,Unknown
none,119804,5,Bachelor's,Virginia,Information Technology
none,111882,6,Bachelor's,North Carolina,"Arts, Entertainment & Recreation"
none,125000,0,Bachelor's,Georgia,Manufacturing
none,120000,,Bachelor's,Colorado,Manufacturing
none,98418,2,-,California,Information Technology
none,93202,4,Bachelor's,California,Unknown
none,91000,4,Bachelor's,California,Information Technology
none,108000,5,Bachelor's,Illinois,Financial Services
none,74920,2,Bachelor's,Texas,"Energy, Mining & Utilities"
none,140000,5,-,Unknown,Healthcare
none,86708,,Bachelor's,Minnesota,Unknown
none,72500,,-,Pennsylvania,Government & Public Administration
none,90460,5,-,Texas,Unknown
none,125000,3,-,Georgia,Information Technology
none,121289,2,-,California,Unknown
ai_integration,90000,3,Bachelor's,Washington State,Restaurants & Food Service
ai_integration,176600,6,Bachelor's,Unknown,Information Technology
none,75628,4,Bachelor's,Ohio,Unknown
ai_integration,115337,10,Bachelor's,Georgia,Financial Services
none,111753,10,-,Illinois,Unknown
none,97358,5,-,Florida,Media & Communication
none,77489,4,Bachelor's,Nebraska,Financial Services
none,55598,3,Bachelor's,California,Information Technology
none,117734,,Bachelor's,Massachusetts,Unknown
none,85561,6,-,Nebraska,Financial Services
none,79951,5,Bachelor's,Pennsylvania,Unknown
none,64784,3,Bachelor's,New Hampshire,Unknown
none,158000,5,-,Arkansas,Financial Services
applied_ai,126400,5,-,Minnesota,Retail & Wholesale
none,127500,4,Associate,New York State,Government & Public Administration
none,222000,3,Bachelor's,Washington State,Aerospace & Defense
none,140124,8,Master's,California,Information Technology
none,96079,,-,Utah,Information Technology
none,86841,5,Bachelor's,Florida,Information Technology
none,79513,3,Bachelor's,Connecticut,Restaurants & Food Service
none,68543,2,-,California,Information Technology
none,207425,8,Bachelor's,Arizona,Information Technology
ai_integration,203750,4,Bachelor's,Texas,Information Technology
ai_integration,162900,5,-,Unknown,Telecommunications
none,157500,3,-,New York State,Information Technology
none,82101,1,Bachelor's,Pennsylvania,Information Technology
none,137088,6,Bachelor's,North Carolina,Education
none,79481,3,Bachelor's,California,Information Technology
none,134238,5,Bachelor's,California,Unknown
none,96654,2,Bachelor's,California,Information Technology
none,93297,,-,Florida,Information Technology
none,100000,5,-,Texas,Information Technology
none,99068,2,-,California,Unknown
ai_integration,80197,5,-,Florida,Unknown
ai_integration,180000,5,-,Ohio,Information Technology
ai_integration,109477,4,Bachelor's,Illinois,Healthcare
none,151347,,-,California,Unknown
none,94003,2,Bachelor's,Massachusetts,Unknown
none,105289,,-,Texas,Information Technology
none,77589,8,-,Virginia,Information Technology
ai_integration,155000,2,-,California,Transportation & Logistics
none,120525,5,-,Virginia,Information Technology
none,130418,,-,New Jersey,Unknown
none,99333,3,-,Utah,Nonprofit & NGO
none,308000,10,-,California,Information Technology
none,78866,4,-,Texas,Education
none,120000,5,-,South Carolina,Unknown
none,160000,2,-,California,Information Technology
none,106370,1,Bachelor's,California,Information Technology
none,175500,1,Bachelor's,California,Retail & Wholesale
none,97764,8,Bachelor's,Colorado,Information Technology
none,81000,7,-,Texas,Information Technology
none,123500,5,Bachelor's,California,Financial Services
none,227000,5,-,Unknown,Information Technology
none,130061,2,Bachelor's,California,Information Technology
none,92737,4,Bachelor's,Nebraska,Financial Services
none,107042,,-,Indiana,Unknown
ai_integration,90033,3,-,Massachusetts,Unknown
none,114310,5,Bachelor's,Pennsylvania,Financial Services
none,90896,5,-,Utah,Unknown
ai_integration,93000,5,-,Unknown,Manufacturing
none,167520,7,Bachelor's,Connecticut,Telecommunications
ai_integration,116675,,-,Texas,Unknown
none,127500,7,-,Texas,Information Technology
none,90939,6,Bachelor's,Tennessee,Transportation & Logistics
applied_ai,161160,5,-,California,Manufacturing
none,140000,10,Bachelor's,Arizona,Information Technology
none,80685,5,-,Texas,Unknown
none,100000,3,Bachelor's,California,Human Resources & Staffing
none,141955,2,-,California,Information Technology
none,114825,5,-,Texas,Information Technology
none,120747,5,-,California,Unknown
none,189318,8,Bachelor's,Unknown,Information Technology
ai_integration,195000,6,-,California,Financial Services
none,113641,7,Bachelor's,Arizona,Financial Services
none,73218,3,Bachelor's,Georgia,Telecommunications
none,125000,7,-,Florida,Healthcare
none,95000,5,-,Arizona,Government & Public Administration
none,114123,4,Bachelor's,Virginia,Financial Services
none,195400,8,-,New Jersey,Financial Services
none,129241,5,Bachelor's,Utah,Financial Services
ai_integration,127307,7,-,Washington State,Information Technology
none,172000,10,Bachelor's,New Jersey,Financial Services
ai_integration,205000,5,Bachelor's,Colorado,Information Technology
none,90894,5,Bachelor's,Georgia,Financial Services
none,105228,5,-,Pennsylvania,Information Technology
none,105799,7,Bachelor's,Georgia,Unknown
none,227000,5,-,Unknown,Information Technology
none,101656,,-,Florida,Information Technology
none,67581,3,Bachelor's,Ohio,Manufacturing
none,154449,5,-,California,Unknown
none,133026,5,Bachelor's,California,Information Technology
none,89576,5,Bachelor's,Michigan,Human Resources & Staffing
none,169070,6,-,California,Information Technology
applied_ai,227000,5,-,Unknown,Information Technology
none,138926,7,Bachelor's,North Carolina,Information Technology
none,210000,5,Bachelor's,District of Columbia,Information Technology
none,205000,5,-,Unknown,Information Technology
none,102033,5,Bachelor's,Illinois,Education
none,79056,1,-,Georgia,Unknown
none,139050,5,High School,Texas,Healthcare
ai_integration,130000,,-,District of Columbia,Nonprofit & NGO
none,133834,10,Bachelor's,Nebraska,Financial Services
none,150000,7,Bachelor's,Colorado,Retail & Wholesale
none,107886,8,Bachelor's,Virginia,Unknown
none,130000,2,Bachelor's,California,Human Resources & Staffing
none,87375,5,Bachelor's,Pennsylvania,Financial Services
none,94129,,-,Virginia,Information Technology
none,48273,5,Bachelor's,Massachusetts,Information Technology
none,259711,5,Bachelor's,Washington State,Information Technology
none,89209,,-,Virginia,Information Technology
none,145700,10,-,New Jersey,Financial Services
none,124232,5,-,Texas,Information Technology
none,63134,3,-,Nebraska,Financial Services
none,82282,3,Bachelor's,Florida,Information Technology
none,112282,10,Bachelor's,Texas,Financial Services
none,88484,2,-,Texas,Information Technology
none,190500,7,Bachelor's,California,Information Technology
ai_integration,210795,3,-,California,Financial Services
none,120079,5,Bachelor's,California,Manufacturing
none,97583,5,Bachelor's,Maryland,Information Technology
none,175500,5,Bachelor's,Unknown,Information Technology
none,93338,5,Bachelor's,Illinois,Information Technology
none,137272,7,Bachelor's,Florida,Financial Services
none,113662,7,-,Massachusetts,Information Technology
applied_ai,86175,3,Bachelor's,California,Unknown
none,77134,5,-,Colorado,Media & Communication
none,145360,5,Bachelor's,California,Real Estate
none,116956,7,Bachelor's,Maryland,Education
none,139742,5,-,Virginia,Management & Consulting
none,90185,6,-,Colorado,Unknown
ai_integration,131022,7,Bachelor's,California,Information Technology
none,95000,3,-,New York State,Unknown
ai_integration,93975,3,Bachelor's,California,Unknown
none,89927,1,-,Utah,Unknown
none,148000,8,-,New Jersey,Financial Services
none,129782,3,Bachelor's,California,Information Technology
ai_integration,144407,5,-,Rhode Island,Information Technology
none,90911,4,-,California,Information Technology
none,117928,5,Bachelor's,Massachusetts,Information Technology
none,88045,5,-,Colorado,Unknown
none,107718,8,Bachelor's,Nebraska,Financial Services
none,410000,,-,Unknown,Information Technology
none,410000,,-,Unknown,Information Technology
none,82500,5,Bachelor's,Unknown,Unknown
ai_integration,260000,3,-,California,Information Technology
none,94000,0,-,Texas,Financial Services
applied_ai,90418,3,-,Unknown,Healthcare
none,115000,3,Bachelor's,California,Aerospace & Defense
applied_ai,348750,,-,Unknown,Management & Consulting
none,122500,,-,Texas,Information Technology
none,112000,2,Bachelor's,Kansas,Telecommunications
none,410000,5,-,Unknown,Information Technology
none,122500,3,Bachelor's,Unknown,Information Technology
ai_integration,386500,10,-,Unknown,Management & Consulting
applied_ai,407500,,-,Unknown,Management & Consulting
none,74856,0,Bachelor's,South Carolina,Information Technology
none,185500,8,Bachelor's,California,Manufacturing
none,131957,10,Bachelor's,Maryland,Unknown
none,151500,5,-,Unknown,Information Technology
none,215350,,-,California,Information Technology
none,81000,0,-,Iowa,Aerospace & Defense
none,150751,20,Bachelor's,New Jersey,Aerospace & Defense
applied_ai,121719,8,High School,Tennessee,Financial Services
ai_integration,348750,,-,Unknown,Management & Consulting
none,130000,3,Bachelor's,Alabama,Information Technology
none,135388,,Master's,Connecticut,"Construction, Repair & Maintenance Services"
none,204000,5,Bachelor's,Oregon,Manufacturing
none,96500,2,Bachelor's,Washington State,Manufacturing
none,119078,3,-,Virginia,Government & Public Administration
none,178900,2,Associate,Unknown,Information Technology
ai_integration,150000,3,-,Unknown,Unknown
none,90468,1,Bachelor's,Michigan,Financial Services
none,104016,3,Bachelor's,Connecticut,"Construction, Repair & Maintenance Services"
ai_integration,145000,5,Bachelor's,Texas,Financial Services
none,78500,,-,Illinois,Information Technology
ai_integration,407500,5,-,California,Management & Consulting
none,209750,5,Bachelor's,California,Information Technology
none,209750,,Bachelor's,California,Information Technology
none,131000,0,Bachelor's,Pennsylvania,Information Technology
none,138750,5,-,Unknown,Information Technology
none,109000,3,Bachelor's,Unknown,Information Technology
none,68099,1,-,Texas,Retail & Wholesale
none,124775,3,-,Alabama,Financial Services
none,132252,0,-,Texas,Aerospace & Defense
none,152500,5,-,Unknown,Information Technology
none,129800,5,-,Unknown,"Energy, Mining & Utilities"
none,127500,3,Bachelor's,Unknown,Information Technology
none,155000,10,Bachelor's,Unknown,Information Technology
none,75000,,-,New Jersey,Financial Services
none,147300,5,Bachelor's,Illinois,Manufacturing
none,95138,3,High School,California,Management & Consulting
none,116359,,-,Arizona,Information Technology
none,116800,3,-,New York State,Legal
ai_integration,132300,1,-,Washington State,Information Technology
applied_ai,187500,12,-,Unknown,Healthcare
none,82500,3,Bachelor's,Maine,Education
none,117625,5,Bachelor's,Pennsylvania,Insurance
none,135800,0,Bachelor's,North Carolina,Information Technology
applied_ai,188900,4,Bachelor's,Unknown,Information Technology
none,82211,2,Bachelor's,Unknown,Management & Consulting
none,93500,2,-,Unknown,Information Technology
none,113969,1,-,Texas,Manufacturing
ai_integration,165000,7,Bachelor's,Unknown,Healthcare
ai_integration,116994,4,Bachelor's,Georgia,Information Technology
none,109095,7,-,Ohio,Retail & Wholesale
none,110822,3,Bachelor's,North Carolina,Healthcare
none,83508,2,Bachelor's,Florida,Aerospace & Defense
none,115981,7,-,Unknown,Unknown
none,212500,2,Bachelor's,California,Information Technology
none,75818,2,Bachelor's,Missouri,Insurance
none,111608,1,Bachelor's,Texas,Manufacturing
none,145000,7,Bachelor's,Michigan,Financial Services
none,88659,,-,South Carolina,Financial Services
ai_integration,135000,4,-,Illinois,Information Technology
ai_integration,155000,5,-,Unknown,Information Technology
none,175000,5,Bachelor's,Florida,Information Technology
none,200000,7,Bachelor's,Pennsylvania,Financial Services
none,133313,5,-,Unknown,Insurance
none,176450,,-,Texas,Information Technology
none,90000,2,Associate,Washington State,Manufacturing
none,163900,8,-,California,Retail & Wholesale
none,195443,7,High School,Washington State,Healthcare
applied_ai,169125,8,Bachelor's,Arizona,Financial Services
none,112500,2,Bachelor's,Unknown,Information Technology
none,218625,5,-,Unknown,Information Technology
none,81510,3,-,Texas,Financial Services
ai_integration,410000,,-,California,Management & Consulting
none,87514,5,-,Kansas,Information Technology
none,139225,3,High School,District of Columbia,Management & Consulting
none,87125,3,-,Ohio,Retail & Wholesale
ai_integration,127500,,-,Unknown,Information Technology
none,110000,4,Bachelor's,Wisconsin,Media & Communication
none,136275,3,Bachelor's,Illinois,Financial Services
none,121000,4,Bachelor's,Connecticut,Manufacturing
none,118206,,Bachelor's,Louisiana,Insurance
none,102500,0,-,Unknown,Information Technology
none,91675,5,Bachelor's,South Carolina,Aerospace & Defense
none,140000,8,-,New Jersey,Media & Communication
none,82500,7,-,Unknown,Information Technology
applied_ai,171500,2,Bachelor's,Washington State,Information Technology
none,118607,6,-,Nebraska,Information Technology
none,106838,5,Bachelor's,North Carolina,Financial Services
none,73657,2,Bachelor's,Pennsylvania,"Energy, Mining & Utilities"
none,87500,1,Bachelor's,Unknown,Education
none,91859,5,Bachelor's,Georgia,Retail & Wholesale
none,80000,1,Bachelor's,Illinois,Government & Public Administration
none,325000,5,-,California,Management & Consulting
none,78241,2,Bachelor's,South Carolina,Manufacturing
none,163750,4,Bachelor's,Maryland,Aerospace & Defense
none,130000,5,-,Georgia,Media & Communication
none,129366,3,Bachelor's,California,Retail & Wholesale
none,232000,5,-,California,Manufacturing
none,130433,4,Bachelor's,Washington State,Information Technology
none,168500,4,Bachelor's,California,Information Technology
none,132500,4,Bachelor's,Connecticut,Information Technology
none,209750,,Bachelor's,California,Information Technology
none,113790,5,Bachelor's,North Carolina,Unknown
none,186035,10,Bachelor's,California,Manufacturing
none,134375,2,-,New Jersey,Financial Services
none,303000,15,Bachelor's,Unknown,Information Technology
none,126750,5,Bachelor's,Indiana,Information Technology
ai_integration,230000,5,-,New York State,Unknown
none,105375,2,-,Unknown,Insurance
none,133963,,-,New Jersey,Unknown
none,69000,2,-,Texas,Human Resources & Staffing
none,82500,1,Associate,Arizona,Information Technology
none,154900,2,Bachelor's,California,Information Technology
none,129059,,-,West Virginia,Information Technology
none,90304,3,Bachelor's,Florida,Insurance
none,131128,7,-,Georgia,Financial Services
none,78500,3,Bachelor's,Pennsylvania,Government & Public Administration
none,113382,0,-,Florida,Real Estate
ai_integration,115000,2,-,Unknown,Human Resources & Staffing
none,141666,5,Bachelor's,California,Healthcare
none,60000,2,-,Florida,Management & Consulting
none,163000,4,Bachelor's,Connecticut,Insurance
none,99217,3,Bachelor's,Texas,Financial Services
ai_integration,194500,3,Bachelor's,California,Information Technology
none,109053,2,High School,Unknown,Healthcare
ai_integration,211000,12,Bachelor's,Unknown,Information Technology
none,98315,5,Bachelor's,Georgia,Information Technology
none,125000,5,-,Georgia,Human Resources & Staffing
none,77728,2,-,Wisconsin,Information Technology
none,120000,5,-,Maryland,Unknown
none,119314,5,-,Illinois,Financial Services
none,147500,10,Master's,Unknown,Unknown
ai_integration,185000,5,Bachelor's,California,Information Technology
ai_integration,305000,,-,California,Management & Consulting
none,70000,,-,Unknown,Information Technology
ai_integration,183500,5,-,Ohio,Financial Services
ai_integration,135000,4,Bachelor's,Unknown,Unknown
none,132300,1,Bachelor's,Washington State,Information Technology
ai_integration,185000,3,-,California,Nonprofit & NGO
ai_integration,120000,2,Bachelor's,California,Management & Consulting
none,140850,2,Bachelor's,Connecticut,Insurance
none,136750,,-,California,Information Technology
none,84624,0,-,Ohio,Information Technology
none,89496,0,Bachelor's,Unknown,"Construction, Repair & Maintenance Services"
none,146347,,-,Texas,Information Technology
none,185000,7,Bachelor's,Massachusetts,Aerospace & Defense
none,113930,5,Bachelor's,Oklahoma,Healthcare
none,200000,10,Bachelor's,Maryland,Information Technology
none,106916,8,Bachelor's,Indiana,Aerospace & Defense
none,125000,7,-,Virginia,Unknown
none,120000,5,-,Florida,Information Technology
none,243000,5,-,Unknown,Information Technology
none,151691,10,High School,Georgia,Financial Services
none,123006,3,-,California,Information Technology
none,154000,6,Associate,Iowa,Financial Services
none,79755,0,-,Minnesota,Manufacturing
none,173103,5,-,California,Information Technology
ai_integration,155000,5,Bachelor's,Unknown,Healthcare
none,82201,5,Associate,Missouri,Management & Consulting
none,59208,2,Bachelor's,Unknown,Information Technology
none,97500,,Bachelor's,New York State,Education
none,142000,5,-,Massachusetts,Real Estate
none,110000,3,High School,Arizona,Healthcare
none,119538,4,Bachelor's,Unknown,Aerospace & Defense
none,154000,5,-,Maryland,Information Technology
none,133737,5,Bachelor's,Pennsylvania,Telecommunications
none,112875,6,Bachelor's,Unknown,Healthcare
none,135000,,-,Unknown,Aerospace & Defense
none,194250,6,Bachelor's,California,Information Technology
none,150000,5,-,North Carolina,Information Technology
none,137000,3,Bachelor's,Illinois,Legal
none,157200,5,Bachelor's,Texas,Financial Services
none,83250,0,Bachelor's,Virginia,Information Technology
none,74509,2,High School,Virginia,Human Resources & Staffing
ai_integration,190000,6,-,California,Information Technology
none,170000,9,Bachelor's,Unknown,Unknown
applied_ai,92275,1,Bachelor's,Illinois,Financial Services
ai_integration,216828,7,-,Unknown,Information Technology
none,83770,0,High School,Alabama,Unknown
none,130500,5,Bachelor's,North Carolina,Information Technology
none,68645,3,Bachelor's,Pennsylvania,Human Resources & Staffing
none,148480,2,High School,California,Information Technology
none,132500,5,-,Massachusetts,Aerospace & Defense
none,102500,2,-,Unknown,Unknown
none,104250,0,Bachelor's,Texas,Education
none,127500,5,-,Unknown,Information Technology
none,132500,5,Associate,Washington State,"Construction, Repair & Maintenance Services"
none,177500,5,Bachelor's,California,Information Technology
none,197500,10,-,Colorado,Aerospace & Defense
none,92500,,-,North Carolina,Healthcare
none,147250,0,-,New York State,Financial Services
ai_integration,150000,5,-,Unknown,Information Technology
applied_ai,205000,3,-,Massachusetts,Unknown
ai_integration,87900,2,Bachelor's,Colorado,Telecommunications
none,130516,7,Bachelor's,Georgia,Retail & Wholesale
none,106470,0,-,Northern Mariana Islands,Information Technology
none,135000,3,Bachelor's,Virginia,Information Technology
none,120000,5,Bachelor's,Unknown,Manufacturing
none,69674,0,-,Arkansas,"Construction, Repair & Maintenance Services"
none,140000,5,Bachelor's,Unknown,Information Technology
none,136250,5,-,Massachusetts,Pharmaceutical & Biotechnology
none,149450,7,Bachelor's,California,Telecommunications
none,90125,3,Associate,Virginia,Human Resources & Staffing
none,148340,8,Bachelor's,North Carolina,Retail & Wholesale
none,118209,5,Bachelor's,Unknown,Education
none,150650,1,Bachelor's,California,Information Technology
none,150000,5,-,Washington State,Information Technology
none,157400,,-,California,Information Technology
none,143000,10,Bachelor's,Vermont,Information Technology
none,145700,10,Bachelor's,Georgia,Financial Services
none,152500,3,-,New Jersey,Financial Services
none,149450,7,Bachelor's,California,Information Technology
none,132500,5,Bachelor's,Unknown,Financial Services
none,65000,2,Bachelor's,Unknown,Unknown
none,92367,1,Associate,Maryland,Education
none,177500,7,-,Unknown,Information Technology
none,111900,4,Bachelor's,Maine,Insurance
none,150000,5,-,Unknown,Information Technology
none,112035,2,Bachelor's,Colorado,Aerospace & Defense
none,117500,,-,Texas,Information Technology
none,195200,5,Bachelor's,Texas,Financial Services
none,147500,8,Bachelor's,Unknown,Information Technology
none,206050,4,Associate,Unknown,Information Technology
none,157450,8,-,Washington State,Retail & Wholesale
none,190000,5,-,California,Unknown
none,96134,,-,Virginia,Transportation & Logistics
none,248260,,Bachelor's,California,Information Technology
none,110000,,Bachelor's,Texas,Information Technology
none,102500,0,-,Maryland,Information Technology
none,138343,10,Bachelor's,Arizona,Personal Consumer Services
none,135000,4,Bachelor's,California,Media & Communication
none,195443,7,-,Rhode Island,Healthcare
none,123362,5,Bachelor's,Kansas,Manufacturing
none,238850,5,Bachelor's,New York State,Information Technology
none,74709,2,Bachelor's,Tennessee,Aerospace & Defense
ai_integration,117500,3,Bachelor's,District of Columbia,Unknown
none,75000,5,-,Unknown,Information Technology
ai_integration,161000,5,-,Unknown,Information Technology
none,123600,5,Bachelor's,Unknown,Information Technology
none,124566,8,Bachelor's,Arizona,Telecommunications
none,146847,,Bachelor's,Georgia,Financial Services
none,75000,1,Associate,Alaska,Information Technology
none,90582,5,-,Georgia,Information Technology
none,140000,8,-,New Jersey,Telecommunications
none,105000,1,Bachelor's,New York State,Media & Communication
none,210000,7,-,Kansas,Information Technology
none,126497,3,-,New Jersey,Healthcare
none,112855,6,-,Arizona,Information Technology
none,153400,15,Bachelor's,Virginia,Management & Consulting
none,58902,0,-,Maryland,Information Technology
none,131029,,Bachelor's,California,Unknown
none,69000,1,-,Unknown,Media & Communication
none,93750,1,-,Georgia,Financial Services
none,139633,5,-,California,Management & Consulting
none,160000,5,-,Unknown,Information Technology
none,120000,6,-,Unknown,"Construction, Repair & Maintenance Services"
none,125133,8,Bachelor's,Massachusetts,Management & Consulting
applied_ai,117164,,Bachelor's,Alabama,Unknown
none,150000,5,Bachelor's,Missouri,Information Technology
applied_ai,160000,5,-,Texas,Insurance
none,101339,2,-,Unknown,Information Technology
none,125504,,-,Arizona,Information Technology
none,209005,4,-,Unknown,Information Technology
ai_integration,177875,3,Bachelor's,California,Information Technology
none,142500,5,-,Maryland,Information Technology
none,141850,6,Bachelor's,Maryland,Pharmaceutical & Biotechnology
none,115045,3,-,California,Manufacturing
none,167500,5,-,California,Management & Consulting
none,101000,3,-,Massachusetts,Manufacturing
ai_integration,140000,,Bachelor's,California,"Energy, Mining & Utilities"
none,140000,5,-,Washington State,Information Technology
ai_integration,150000,6,-,Unknown,Information Technology
none,120806,5,Bachelor's,Georgia,Unknown
none,112008,3,Bachelor's,Virginia,Information Technology
none,70000,,-,Minnesota,Information Technology
none,87811,5,Bachelor's,Colorado,Information Technology
ai_integration,122500,8,Bachelor's,Maryland,Unknown
none,145000,5,-,Illinois,Information Technology
none,83068,5,-,Florida,Unknown
none,177500,5,-,Unknown,Information Technology
none,128052,,-,Michigan,Unknown
none,130000,7,-,New York State,Insurance
none,113082,0,-,California,Information Technology
none,171500,2,Bachelor's,New York State,Information Technology
ai_integration,120000,,Bachelor's,New York State,Financial Services
none,248260,3,Bachelor's,California,Information Technology
none,196500,7,Bachelor's,Maryland,Unknown
none,117835,5,Bachelor's,Delaware,Management & Consulting
none,209500,12,Bachelor's,Maryland,Unknown
none,190000,5,-,Washington State,Financial Services
none,122300,5,Bachelor's,Wisconsin,Insurance
none,102500,5,-,Illinois,Healthcare
none,100048,5,-,California,Healthcare
none,188929,,-,California,Information Technology
none,230000,5,-,California,Unknown
none,95455,5,Bachelor's,Maryland,Healthcare
ai_integration,188929,,-,New York State,Information Technology
none,75757,4,Bachelor's,Michigan,Healthcare
none,125285,,-,Florida,Unknown
none,83558,1,Master's,Illinois,Information Technology
none,148500,8,-,Maryland,Insurance
none,105000,5,-,Unknown,Unknown
none,135000,3,-,California,Information Technology
none,107800,2,-,Illinois,Information Technology
none,160000,,-,California,Aerospace & Defense
none,65194,0,Associate,Pennsylvania,Healthcare
none,158950,5,Bachelor's,California,Information Technology
none,84886,2,Bachelor's,Illinois,Information Technology
none,150000,8,Bachelor's,Missouri,Information Technology
none,112046,,Bachelor's,Michigan,Unknown
none,86940,3,Bachelor's,Unknown,Healthcare
none,70000,1,Bachelor's,Unknown,Media & Communication
none,111983,3,Bachelor's,Arizona,Pharmaceutical & Biotechnology
none,135000,3,Bachelor's,Maryland,Government & Public Administration
none,108695,,-,New Jersey,Information Technology
none,91246,6,-,Colorado,Information Technology
none,110366,2,Bachelor's,Arizona,Pharmaceutical & Biotechnology
none,130300,5,-,South Carolina,Financial Services
none,182500,5,-,California,Information Technology
applied_ai,157000,5,Bachelor's,California,Pharmaceutical & Biotechnology
none,113212,3,Bachelor's,District of Columbia,Unknown
none,135000,5,Bachelor's,Colorado,Unknown
ai_integration,120000,7,Bachelor's,Minnesota,Information Technology
none,120000,6,Bachelor's,Unknown,"Construction, Repair & Maintenance Services"
none,75808,3,-,Arizona,Human Resources & Staffing
none,116325,0,Bachelor's,Texas,Manufacturing
none,151000,2,Bachelor's,California,Manufacturing
none,150000,3,Bachelor's,Unknown,Telecommunications
none,165200,1,-,California,Information Technology
none,114473,2,Bachelor's,Minnesota,Healthcare
ai_integration,150750,,Bachelor's,California,Information Technology
none,219000,2,-,California,Pharmaceutical & Biotechnology
none,159500,,-,California,Pharmaceutical & Biotechnology
none,134206,3,-,New York State,Manufacturing
none,110000,2,Bachelor's,Colorado,Telecommunications
ai_integration,198337,,-,California,Manufacturing
none,147125,5,Bachelor's,Texas,Information Technology
ai_integration,122060,0,Bachelor's,Massachusetts,Aerospace & Defense
ai_integration,160000,5,Bachelor's,California,Unknown
none,120950,7,Bachelor's,Indiana,Manufacturing
none,137707,,-,Washington State,Media & Communication
none,165200,0,Bachelor's,California,Information Technology
none,127133,5,Bachelor's,Oregon,Information Technology
none,116890,3,Bachelor's,Wisconsin,Manufacturing
ai_integration,206000,10,-,California,Information Technology
none,96800,,Bachelor's,Massachusetts,Pharmaceutical & Biotechnology
none,108071,2,Bachelor's,Massachusetts,Unknown
none,96340,3,-,Nevada,Unknown
none,135500,5,Bachelor's,California,Information Technology
none,118100,0,Bachelor's,New York State,"Energy, Mining & Utilities"
none,95050,2,Bachelor's,New York State,Manufacturing
none,185000,5,Bachelor's,Georgia,Human Resources & Staffing
none,91780,2,Bachelor's,Wisconsin,Manufacturing
none,110941,4,Bachelor's,Virginia,Aerospace & Defense
none,169700,7,Bachelor's,Connecticut,Unknown
none,146800,10,Bachelor's,Indiana,Manufacturing
none,97525,2,Bachelor's,Florida,Aerospace & Defense
none,159000,7,-,California,Manufacturing
none,164048,0,Bachelor's,California,"Energy, Mining & Utilities"
none,146250,0,Bachelor's,Washington State,Aerospace & Defense
none,167500,10,Bachelor's,Minnesota,Pharmaceutical & Biotechnology
none,173850,0,Bachelor's,California,Information Technology
applied_ai,92500,3,Bachelor's,Utah,Manufacturing
none,209750,,Bachelor's,California,Information Technology
none,98000,2,-,Florida,Aerospace & Defense
none,131199,2,Bachelor's,Pennsylvania,Telecommunications
none,155000,7,Bachelor's,Oregon,Aerospace & Defense
none,95650,0,Bachelor's,Colorado,Aerospace & Defense
none,96500,2,Bachelor's,Washington State,Manufacturing
none,97000,1,Bachelor's,California,Manufacturing
none,97027,4,Bachelor's,Nebraska,Information Technology
ai_integration,134336,3,Bachelor's,Massachusetts,Information Technology
none,188350,3,Bachelor's,Massachusetts,Information Technology
none,140000,3,-,Unknown,Information Technology
none,236900,10,Bachelor's,California,Information Technology
none,113362,4,-,Florida,Unknown
none,141955,,Master's,California,Information Technology
none,113500,5,-,Virginia,Aerospace & Defense
none,106166,5,Bachelor's,Texas,Aerospace & Defense
none,121000,5,Bachelor's,Texas,Manufacturing
none,142500,5,Bachelor's,Georgia,Unknown
none,178960,5,-,California,Manufacturing
none,130000,10,Bachelor's,New York State,Manufacturing
none,89472,1,Bachelor's,Pennsylvania,Manufacturing
none,175979,8,-,New Hampshire,Aerospace & Defense
none,135000,2,Bachelor's,California,Manufacturing
none,156400,6,Master's,Massachusetts,Pharmaceutical & Biotechnology
none,125760,2,Bachelor's,California,Manufacturing
none,82399,3,Bachelor's,Illinois,Manufacturing
none,109258,3,Bachelor's,Massachusetts,Manufacturing
none,128500,,-,Minnesota,Information Technology
applied_ai,149750,0,-,Massachusetts,Information Technology
applied_ai,100000,,-,Unknown,Unknown
none,102662,10,Bachelor's,Florida,Manufacturing
none,144000,,-,California,Manufacturing
none,124233,3,Bachelor's,North Carolina,Information Technology
none,172500,7,-,Massachusetts,Unknown
none,101504,3,Bachelor's,Alabama,Aerospace & Defense
none,99000,2,Bachelor's,Texas,"Energy, Mining & Utilities"
none,113840,2,Bachelor's,Minnesota,Healthcare
none,115877,,-,Texas,Manufacturing
none,86250,2,-,Missouri,Healthcare
none,100000,,Bachelor's,California,"Energy, Mining & Utilities"
none,170119,6,Bachelor's,Washington State,Information Technology
none,132162,5,-,Texas,Media & Communication
none,105500,0,Bachelor's,New York State,Information Technology
applied_ai,213120,,Bachelor's,California,Manufacturing
none,140000,,Bachelor's,California,Human Resources & Staffing
none,184674,7,Bachelor's,California,Manufacturing
none,106567,7,Bachelor's,Florida,Unknown
none,89039,2,Bachelor's,Mississippi,"Energy, Mining & Utilities"
none,148983,1,Bachelor's,California,Unknown
none,120000,5,Bachelor's,Texas,Information Technology
none,168000,8,Bachelor's,California,Healthcare
applied_ai,103250,,Bachelor's,Illinois,Manufacturing
ai_integration,201600,6,Bachelor's,California,Aerospace & Defense
applied_ai,205000,5,Bachelor's,California,Information Technology
none,100275,,Bachelor's,New Jersey,Manufacturing
none,83373,,Bachelor's,Wisconsin,Unknown
none,98000,2,Bachelor's,Indiana,Aerospace & Defense
none,152500,3,Bachelor's,New Mexico,Aerospace & Defense
none,200000,5,Bachelor's,California,Unknown
none,94952,3,Bachelor's,Kansas,Manufacturing
none,165500,6,Bachelor's,California,Manufacturing
none,235000,,-,Unknown,Information Technology
none,115000,3,Bachelor's,Texas,Human Resources & Staffing
none,120000,4,Bachelor's,California,Manufacturing
ai_integration,119538,4,Bachelor's,Unknown,Aerospace & Defense
ai_integration,83352,1,Bachelor's,Texas,Aerospace & Defense
none,182500,5,Bachelor's,Unknown,Unknown
none,117500,10,Bachelor's,Minnesota,Pharmaceutical & Biotechnology
none,110200,5,Bachelor's,Wisconsin,Manufacturing
none,165250,4,Bachelor's,California,Information Technology
none,104500,6,Bachelor's,Idaho,Manufacturing
none,139950,5,Bachelor's,Illinois,Aerospace & Defense
ai_integration,81209,2,Bachelor's,Pennsylvania,"Energy, Mining & Utilities"
ai_integration,183150,4,Bachelor's,California,Manufacturing
none,185000,8,Bachelor's,Colorado,Aerospace & Defense
none,120000,5,Bachelor's,Unknown,Management & Consulting
none,165000,5,Bachelor's,California,Information Technology
none,152400,10,Bachelor's,Indiana,Manufacturing
none,125255,3,Bachelor's,California,Unknown
none,114884,2,Bachelor's,Massachusetts,Unknown
none,90000,1,Bachelor's,North Carolina,Manufacturing
none,135000,3,Bachelor's,Oklahoma,Unknown
applied_ai,191500,5,Bachelor's,Colorado,Aerospace & Defense
none,135000,2,Bachelor's,California,Manufacturing
ai_integration,150000,5,Bachelor's,California,Unknown
none,80040,2,-,Tennessee,Manufacturing
none,122500,5,Bachelor's,Utah,Information Technology
ai_integration,104394,1,Bachelor's,Utah,Manufacturing
applied_ai,175000,5,Master's,Unknown,Healthcare
none,70000,1,Bachelor's,Indiana,Unknown
none,93235,3,-,Minnesota,Information Technology
ai_integration,155000,3,-,California,Information Technology
none,120000,3,Bachelor's,California,Information Technology
none,103442,6,Bachelor's,Georgia,Manufacturing
none,143892,,Bachelor's,Texas,Manufacturing
none,86817,3,-,Idaho,Information Technology
ai_integration,115000,3,-,Texas,Unknown
none,58061,1,High School,Texas,Government & Public Administration
ai_integration,122500,2,Bachelor's,California,Manufacturing
none,125384,,-,Massachusetts,Manufacturing
none,171500,2,Bachelor's,California,Information Technology
none,113365,3,Bachelor's,Massachusetts,Manufacturing
none,78487,2,Bachelor's,Missouri,Manufacturing
none,181152,,-,California,Manufacturing
none,109150,3,Bachelor's,Pennsylvania,Manufacturing
none,89932,3,Bachelor's,Virginia,Information Technology
none,123219,5,Bachelor's,Ohio,Aerospace & Defense
none,190300,,-,Washington State,Information Technology
applied_ai,108000,2,Bachelor's,California,Aerospace & Defense
none,213120,5,Bachelor's,California,Manufacturing
applied_ai,117700,,Bachelor's,California,Information Technology
none,213120,,Bachelor's,California,Manufacturing
none,90486,2,Bachelor's,Ohio,Manufacturing
none,203500,8,Bachelor's,Texas,Aerospace & Defense
applied_ai,177691,8,Bachelor's,Unknown,Aerospace & Defense
none,82500,4,-,Colorado,Retail & Wholesale
none,110000,2,Bachelor's,Maryland,"Energy, Mining & Utilities"
none,126476,5,-,Utah,"Energy, Mining & Utilities"
applied_ai,136000,5,Bachelor's,California,Aerospace & Defense
ai_integration,190080,3,Bachelor's,California,Manufacturing
none,84400,,Bachelor's,Washington State,Manufacturing
none,181850,5,Bachelor's,California,Pharmaceutical & Biotechnology
none,217750,5,Bachelor's,California,Information Technology
none,140000,1,Bachelor's,California,Manufacturing
none,99500,2,Bachelor's,Oklahoma,Unknown
none,146913,6,Bachelor's,Unknown,Aerospace & Defense
none,157800,2,Master's,California,Manufacturing
none,128393,4,-,New Hampshire,Aerospace & Defense
applied_ai,183500,5,-,California,Information Technology
none,117680,2,Bachelor's,Massachusetts,Management & Consulting
none,183650,12,Bachelor's,Unknown,Manufacturing
none,88383,3,Bachelor's,Minnesota,Manufacturing
none,115950,5,-,South Carolina,Aerospace & Defense
none,150837,10,Bachelor's,Montana,Manufacturing
none,142933,5,Bachelor's,New York State,Manufacturing
none,168000,5,Bachelor's,California,Pharmaceutical & Biotechnology
none,89926,5,Bachelor's,Kentucky,Manufacturing
none,127087,8,Bachelor's,Texas,Manufacturing
none,146202,1,Bachelor's,California,Manufacturing
none,405000,,-,California,Management & Consulting
ai_integration,90179,5,Bachelor's,Utah,Manufacturing
none,100875,3,Bachelor's,Illinois,"Construction, Repair & Maintenance Services"
none,172700,10,Bachelor's,Maryland,Aerospace & Defense
none,102675,3,Bachelor's,Michigan,Manufacturing
ai_integration,108500,,-,California,Information Technology
none,106256,3,Bachelor's,Connecticut,Manufacturing
none,86944,5,Bachelor's,California,Manufacturing
none,185000,3,Bachelor's,California,Unknown
none,101850,3,Bachelor's,Minnesota,Manufacturing
none,90000,2,Bachelor's,Minnesota,Manufacturing
none,125250,5,Bachelor's,Illinois,Unknown
none,166935,8,Master's,Maryland,Aerospace & Defense
none,100099,5,Bachelor's,Maine,Manufacturing
none,112026,5,Bachelor's,Texas,Manufacturing
none,95000,3,Bachelor's,Pennsylvania,Unknown
none,108742,7,Bachelor's,Iowa,Manufacturing
none,117500,5,Bachelor's,Minnesota,Human Resources & Staffing
none,145000,10,Bachelor's,Texas,Manufacturing
none,190700,7,-,California,Pharmaceutical & Biotechnology
none,117758,3,-,Texas,Unknown
none,154402,8,Bachelor's,California,Information Technology
none,125921,8,-,Oklahoma,Manufacturing
none,114244,6,Bachelor's,Alabama,Unknown
none,85229,3,-,Tennessee,Manufacturing
none,249750,5,Bachelor's,California,Information Technology
applied_ai,69978,3,Bachelor's,Georgia,Manufacturing
none,142449,7,Bachelor's,North Carolina,Manufacturing
none,100121,2,Bachelor's,North Carolina,Information Technology
none,140000,10,Bachelor's,Texas,Manufacturing
none,113000,2,-,California,Manufacturing
none,120105,7,Bachelor's,Georgia,Manufacturing
none,92715,2,Bachelor's,Ohio,Management & Consulting
none,113900,5,Bachelor's,Ohio,Manufacturing
none,89036,2,-,Pennsylvania,"Energy, Mining & Utilities"
none,236900,10,Bachelor's,California,Information Technology
ai_integration,300000,,-,California,Unknown
none,141550,3,Bachelor's,New York State,Manufacturing
none,175734,10,Bachelor's,California,Manufacturing
none,102500,,-,New Jersey,Manufacturing
ai_integration,176450,3,-,Texas,Information Technology
none,162550,5,Bachelor's,Unknown,Media & Communication
none,119568,0,Bachelor's,Indiana,Aerospace & Defense
none,182025,4,Bachelor's,California,Manufacturing
none,127000,0,Bachelor's,California,Information Technology
none,134094,5,-,Oregon,Information Technology
none,143800,3,Bachelor's,Washington State,Manufacturing
none,140400,3,Bachelor's,California,Manufacturing
ai_integration,97615,1,Bachelor's,Pennsylvania,Unknown
none,92953,,Bachelor's,North Carolina,Aerospace & Defense
none,78000,0,Bachelor's,Minnesota,Manufacturing
none,156563,8,Master's,Massachusetts,Manufacturing
none,159888,5,-,Texas,Information Technology
none,163350,8,Bachelor's,Texas,Manufacturing
ai_integration,87763,,Bachelor's,Massachusetts,Manufacturing
none,88624,3,Bachelor's,Texas,Unknown
none,158850,,Bachelor's,California,Information Technology
none,228640,3,Bachelor's,California,Manufacturing
none,115950,5,-,South Carolina,Aerospace & Defense
none,114539,5,Bachelor's,Texas,Manufacturing
applied_ai,198800,,Bachelor's,California,Information Technology
none,100000,,-,Virginia,Manufacturing
none,143767,0,Bachelor's,Ohio,Management & Consulting
none,122696,8,Master's,Texas,Aerospace & Defense
none,185000,3,Bachelor's,Georgia,Human Resources & Staffing
none,132300,,Bachelor's,Washington State,Information Technology
none,170000,5,Bachelor's,California,Unknown
none,128934,5,Bachelor's,Minnesota,Information Technology
none,217750,4,Bachelor's,California,Information Technology
ai_integration,139100,2,Bachelor's,California,Information Technology
none,134761,2,Master's,Massachusetts,Manufacturing
none,102500,5,Bachelor's,Massachusetts,Manufacturing
none,170000,,Bachelor's,New Jersey,Information Technology
none,115647,4,Bachelor's,Texas,Aerospace & Defense
none,152106,4,Bachelor's,California,Manufacturing
none,165500,2,Bachelor's,California,Information Technology
none,122062,5,Bachelor's,Massachusetts,Manufacturing
none,135000,0,Bachelor's,Michigan,Manufacturing
none,127738,3,Bachelor's,Texas,Manufacturing
none,94600,.5,Bachelor's,New York State,Aerospace & Defense
applied_ai,140000,,-,Massachusetts,Unknown
none,136892,5,Bachelor's,Pennsylvania,Information Technology
ai_integration,177500,5,Bachelor's,Massachusetts,Information Technology
none,209750,3,Bachelor's,California,Information Technology
none,167950,7,Bachelor's,Colorado,Aerospace & Defense
applied_ai,185400,4,Bachelor's,California,Information Technology
none,185450,12,Bachelor's,Washington State,Information Technology
ai_integration,205000,5,-,California,Information Technology
none,87057,1,Bachelor's,North Carolina,Manufacturing
none,217750,3,Bachelor's,Colorado,Information Technology
none,147300,5,Bachelor's,Illinois,Manufacturing
none,97000,1,Bachelor's,California,Manufacturing
none,109250,5,Bachelor's,Ohio,Manufacturing
none,109672,8,Bachelor's,New Hampshire,"Construction, Repair & Maintenance Services"
none,234000,,-,California,Manufacturing
none,105000,5,Bachelor's,Colorado,Unknown
none,127500,8,Bachelor's,Minnesota,Manufacturing
none,130506,8,Bachelor's,Arizona,Telecommunications
none,118551,5,Bachelor's,Connecticut,Pharmaceutical & Biotechnology
ai_integration,143320,5,Bachelor's,California,Information Technology
none,100798,2,Bachelor's,Virginia,Aerospace & Defense
none,195000,4,Bachelor's,California,Information Technology
ai_integration,158000,2,Bachelor's,Washington State,Information Technology
none,95000,0,Bachelor's,California,Manufacturing
ai_integration,158116,2,Bachelor's,Texas,Aerospace & Defense
none,80000,2,Bachelor's,Nevada,Unknown
none,168698,5,Bachelor's,Massachusetts,Information Technology
ai_integration,176450,3,-,Washington State,Information Technology
applied_ai,190000,2,Bachelor's,Maryland,Aerospace & Defense
none,165250,4,Bachelor's,California,Manufacturing
none,95000,3,-,North Carolina,"Construction, Repair & Maintenance Services"
none,150000,10,Master's,California,Aerospace & Defense
ai_integration,190000,,-,California,Information Technology
none,155000,,Bachelor's,California,Aerospace & Defense
none,132500,4,Bachelor's,Maryland,Unknown
none,112000,1,Bachelor's,California,Manufacturing
none,115850,0,Bachelor's,North Carolina,Information Technology
none,130000,5,Bachelor's,California,Management & Consulting
none,120000,5,Bachelor's,Colorado,Aerospace & Defense
none,107862,,Bachelor's,Massachusetts,Aerospace & Defense
none,205075,10,Bachelor's,Unknown,Information Technology
none,171500,,PhD,North Carolina,Information Technology
none,106200,6,Bachelor's,Virginia,Information Technology
none,176500,5,Bachelor's,Unknown,Information Technology
none,119750,4,Bachelor's,Maryland,Manufacturing
none,122500,7,Bachelor's,Colorado,Manufacturing
none,82500,0,Bachelor's,Minnesota,Manufacturing
none,95000,,-,Massachusetts,Manufacturing
none,150000,3,Bachelor's,Washington State,Aerospace & Defense
none,114999,0,Bachelor's,Maryland,Information Technology
ai_integration,196000,5,Bachelor's,Unknown,Restaurants & Food Service
applied_ai,117700,,Bachelor's,California,Information Technology
none,120000,7,-,Alabama,Unknown
none,184150,,Bachelor's,California,Information Technology
applied_ai,105000,,-,Massachusetts,Unknown
none,113322,5,Associate,New Hampshire,Manufacturing
none,114021,5,Bachelor's,Alabama,Aerospace & Defense
none,113272,9,Bachelor's,Florida,Financial Services
applied_ai,165000,10,Bachelor's,California,Government & Public Administration
none,89000,2,Bachelor's,Colorado,Unknown
none,160000,3,Bachelor's,California,Manufacturing
ai_integration,225000,,-,Pennsylvania,Unknown
none,151000,3,-,California,Manufacturing
none,106230,4,Bachelor's,Minnesota,Information Technology
none,115000,10,Bachelor's,Washington State,Manufacturing
none,162252,0,-,California,Pharmaceutical & Biotechnology
none,96910,0,Bachelor's,Pennsylvania,Manufacturing
none,115950,5,-,South Carolina,Aerospace & Defense
none,120106,5,Bachelor's,Ohio,Information Technology
none,183650,12,Bachelor's,California,Manufacturing
none,104458,5,Bachelor's,Indiana,Manufacturing
none,107077,5,Bachelor's,North Carolina,Management & Consulting
none,216800,6,Bachelor's,California,Information Technology
none,109378,5,Bachelor's,Illinois,Manufacturing
none,110904,2,Bachelor's,Texas,Unknown
ai_integration,208013,7,Bachelor's,Texas,Aerospace & Defense
none,115000,,Bachelor's,Colorado,Aerospace & Defense
none,112405,5,Bachelor's,Georgia,Information Technology
none,153100,2,Bachelor's,California,Information Technology
none,157500,,-,Virginia,Aerospace & Defense
none,98500,1,Bachelor's,North Carolina,Information Technology
none,107208,,-,Michigan,Manufacturing
none,107100,0,Bachelor's,Colorado,Telecommunications
none,144934,7,Bachelor's,Massachusetts,Information Technology
none,111597,5,Bachelor's,Nevada,Personal Consumer Services
applied_ai,228950,8,Master's,Massachusetts,Manufacturing
ai_integration,172473,,Bachelor's,California,Unknown
applied_ai,118058,,Bachelor's,Texas,Information Technology
ai_integration,145000,2,Bachelor's,California,Information Technology
none,93390,2,Bachelor's,California,Information Technology
none,185000,5,Bachelor's,Georgia,Human Resources & Staffing
none,134494,5,-,California,Media & Communication
none,196000,5,Bachelor's,Unknown,Restaurants & Food Service
none,175000,3,Bachelor's,California,Unknown
none,153900,5,Bachelor's,Maryland,Information Technology
none,74496,0,High School,Missouri,Pharmaceutical & Biotechnology
none,108937,5,Bachelor's,Utah,Manufacturing
none,99294,3,Bachelor's,Massachusetts,Manufacturing
none,82500,4,-,Colorado,Retail & Wholesale
ai_integration,231500,5,Bachelor's,California,Information Technology
none,121280,,Bachelor's,Pennsylvania,Financial Services
none,220000,2,Bachelor's,California,Manufacturing
none,113350,5,Bachelor's,California,Manufacturing
none,114291,2,-,Michigan,Manufacturing
ai_integration,205000,3,Bachelor's,California,Information Technology
none,133835,3,Bachelor's,California,Pharmaceutical & Biotechnology
applied_ai,205000,5,Bachelor's,California,Information Technology
none,137234,7,Bachelor's,Texas,Manufacturing
none,134500,3,Bachelor's,California,Aerospace & Defense
none,213120,,Bachelor's,California,Manufacturing
none,118806,3,Bachelor's,California,"Construction, Repair & Maintenance Services"
applied_ai,127500,,Master's,New Hampshire,Management & Consulting
none,103222,1,Bachelor's,Pennsylvania,Manufacturing
none,77093,3,Bachelor's,Oklahoma,Aerospace & Defense
none,152950,2,Bachelor's,California,Manufacturing
none,92072,4,Bachelor's,Ohio,Manufacturing
ai_integration,187000,8,Bachelor's,California,Information Technology
applied_ai,92500,2,Bachelor's,Connecticut,Unknown
none,197500,5,-,California,Transportation & Logistics
none,129145,5,Bachelor's,Massachusetts,Aerospace & Defense
none,159230,10,Bachelor's,Washington State,Information Technology
none,91979,1,Bachelor's,Colorado,Information Technology
none,134544,3,Bachelor's,California,Manufacturing
none,72500,1,Bachelor's,Pennsylvania,Manufacturing
none,131451,5,Bachelor's,Massachusetts,Healthcare
none,180000,3,Master's,California,Manufacturing
none,125000,3,Bachelor's,Kentucky,Unknown
none,173805,5,-,California,Information Technology
none,132322,8,Bachelor's,Michigan,Manufacturing
none,108731,2,Bachelor's,Maryland,Aerospace & Defense
none,136500,6,Bachelor's,Massachusetts,Manufacturing
none,77500,0,Bachelor's,Minnesota,Manufacturing
none,147500,4,Bachelor's,New Jersey,Telecommunications
none,111506,3,Bachelor's,California,Unknown
none,160250,8,Bachelor's,New Jersey,Manufacturing
none,134982,1,Bachelor's,California,Information Technology
none,119044,7,Bachelor's,Georgia,Manufacturing
applied_ai,188202,5,Master's,California,Manufacturing
none,112500,4,-,California,Information Technology
none,130000,3,Bachelor's,California,Pharmaceutical & Biotechnology
none,81492,3,Bachelor's,South Carolina,Manufacturing
applied_ai,181150,5,-,Pennsylvania,Information Technology
none,140597,14,Bachelor's,New Hampshire,Aerospace & Defense
none,123678,8,Bachelor's,Massachusetts,Aerospace & Defense
none,129200,10,Bachelor's,Maryland,Manufacturing
none,165000,5,-,California,Information Technology
none,83519,0,Bachelor's,New Hampshire,Manufacturing
none,105000,,-,California,Unknown
none,175000,8,Bachelor's,California,Unknown
none,140000,5,-,California,Information Technology
none,150000,10,Bachelor's,Colorado,Manufacturing
none,117500,5,Bachelor's,Texas,Unknown
ai_integration,196100,4,Bachelor's,California,Information Technology
ai_integration,182500,5,-,California,Information Technology
none,190000,3,Bachelor's,California,Information Technology
none,205000,5,Bachelor's,California,Information Technology
none,156000,3,Bachelor's,Texas,Manufacturing
none,157000,7,Bachelor's,Georgia,Manufacturing
none,196250,5,Bachelor's,Unknown,Restaurants & Food Service
none,109781,3,Bachelor's,California,Manufacturing
applied_ai,142400,3,Bachelor's,Virginia,Information Technology
none,100650,4,Bachelor's,Texas,Manufacturing
none,187500,3,Bachelor's,California,Information Technology
none,150825,3,Bachelor's,North Carolina,Healthcare
none,100000,2,Bachelor's,North Carolina,Human Resources & Staffing
none,132500,5,Bachelor's,New York State,Unknown
none,156594,7,-,Rhode Island,Aerospace & Defense
ai_integration,168270,2,Bachelor's,California,Information Technology
none,120000,3,Bachelor's,California,Financial Services
none,120000,4,Bachelor's,California,Manufacturing
none,118780,4,Bachelor's,Massachusetts,Manufacturing
none,106209,3,Bachelor's,Utah,Retail & Wholesale
ai_integration,96355,1,Bachelor's,Utah,Manufacturing
none,101559,1,Bachelor's,North Carolina,Information Technology
none,115930,5,Bachelor's,Pennsylvania,Manufacturing
none,160000,,-,California,Manufacturing
none,98706,5,Bachelor's,Texas,Manufacturing
none,130000,5,Bachelor's,Maryland,"Energy, Mining & Utilities"
none,152864,0,-,California,Unknown
ai_integration,171500,2,Bachelor's,Texas,Information Technology
none,115901,8,Bachelor's,Pennsylvania,Management & Consulting
none,165280,5,Bachelor's,Massachusetts,Information Technology
none,205000,5,Bachelor's,California,Information Technology
none,107500,5,Bachelor's,Texas,Manufacturing
ai_integration,253000,10,Bachelor's,Unknown,Information Technology
none,152096,,-,California,"Construction, Repair & Maintenance Services"
none,146000,3,Bachelor's,California,Pharmaceutical & Biotechnology
none,142500,5,-,California,Manufacturing
none,118569,2,Bachelor's,California,Manufacturing
none,105249,0,Bachelor's,Minnesota,Manufacturing
none,158000,2,Bachelor's,Washington State,Information Technology
none,99283,3,Bachelor's,Utah,Manufacturing
none,135000,,Bachelor's,California,Transportation & Logistics
none,92500,2,Bachelor's,New York State,Manufacturing
none,152275,10,Bachelor's,California,Agriculture
none,102018,4,Bachelor's,Ohio,Manufacturing
none,158729,5,Bachelor's,Massachusetts,Manufacturing
applied_ai,132331,5,Bachelor's,Massachusetts,Unknown
none,95000,2,Bachelor's,Unknown,Manufacturing
none,185000,5,Bachelor's,California,Information Technology
none,136028,3,-,Washington State,Unknown
none,72500,5,-,Illinois,Information Technology
none,100945,,Bachelor's,Pennsylvania,Financial Services
applied_ai,159000,2,Bachelor's,Texas,Information Technology
none,168000,0,Bachelor's,California,Information Technology
none,145831,9,Bachelor's,Virginia,Unknown
none,120677,0,-,Oregon,Manufacturing
none,139164,8,Bachelor's,Arizona,Manufacturing
ai_integration,223750,5,-,California,Information Technology
none,145000,5,Bachelor's,Colorado,Aerospace & Defense
ai_integration,312520,5,Master's,California,Information Technology
none,165000,10,Bachelor's,California,Aerospace & Defense
none,107920,5,Bachelor's,New Hampshire,Manufacturing
none,147734,2,Bachelor's,Texas,Manufacturing
none,120000,4,-,Rhode Island,Unknown
none,84500,1,Bachelor's,California,Information Technology
none,114478,,-,Texas,Unknown
ai_integration,148376,8,Bachelor's,Texas,Human Resources & Staffing
none,120756,5,Bachelor's,Delaware,Healthcare
none,136371,8,Bachelor's,Utah,Pharmaceutical & Biotechnology
applied_ai,97174,0,High School,Virginia,Aerospace & Defense
none,121900,5,Bachelor's,South Carolina,Financial Services
none,148995,4,Bachelor's,Minnesota,Manufacturing
none,158850,,Bachelor's,California,Information Technology
ai_integration,214000,7,Bachelor's,Washington State,Information Technology
ai_integration,170000,5,Bachelor's,Washington State,Aerospace & Defense
applied_ai,139500,10,Bachelor's,Minnesota,Pharmaceutical & Biotechnology
none,127000,2,Bachelor's,New Mexico,Aerospace & Defense
none,149558,3,Bachelor's,Virginia,Information Technology
none,162500,7,Bachelor's,California,"Energy, Mining & Utilities"
none,115691,4,Bachelor's,Ohio,Manufacturing
ai_integration,147196,7,-,California,Information Technology
none,219000,2,Bachelor's,California,Information Technology
none,84343,4,Bachelor's,Pennsylvania,Manufacturing
none,123229,3,Bachelor's,Massachusetts,Manufacturing
none,107500,4,Bachelor's,Maryland,Unknown
none,237500,,-,California,Unknown
none,101700,5,Bachelor's,Washington State,Manufacturing
none,83459,5,Bachelor's,Illinois,Manufacturing
none,133022,,-,New Jersey,Unknown
none,90000,,-,Massachusetts,Information Technology
none,118221,8,Bachelor's,Colorado,Information Technology
none,160000,6,Bachelor's,Washington State,Pharmaceutical & Biotechnology
none,210000,7,Bachelor's,California,Information Technology
none,121652,7,Bachelor's,Florida,Unknown
none,114500,3,Bachelor's,Michigan,Manufacturing
ai_integration,131460,5,Bachelor's,California,Information Technology
none,236900,10,Bachelor's,California,Information Technology
none,194099,,Bachelor's,Oregon,Information Technology
none,190000,10,Bachelor's,California,Management & Consulting
ai_integration,158374,5,Bachelor's,California,Unknown
none,171450,10,Bachelor's,Massachusetts,Manufacturing
none,73424,7,-,Maryland,Education
none,121700,2,Bachelor's,Illinois,Aerospace & Defense
none,92307,3,Bachelor's,Georgia,Manufacturing
ai_integration,141510,0,-,Massachusetts,Manufacturing
none,91982,1,Bachelor's,Maryland,Information Technology
none,141955,2,-,California,Information Technology
none,89059,2,Bachelor's,Missouri,Manufacturing
none,120000,5,Bachelor's,Colorado,Manufacturing
applied_ai,142400,3,Bachelor's,Virginia,Information Technology
none,190000,10,Bachelor's,California,Pharmaceutical & Biotechnology
none,97500,5,Bachelor's,Pennsylvania,Information Technology
none,182500,,Bachelor's,Georgia,Human Resources & Staffing
none,139100,2,Bachelor's,California,Information Technology
none,201500,6,-,Unknown,Retail & Wholesale
none,216000,5,Master's,California,Information Technology
none,84012,1,Bachelor's,Michigan,Information Technology
ai_integration,201369,8,Bachelor's,California,Information Technology
none,109906,2,Bachelor's,California,Media & Communication
none,150000,,-,California,Unknown
none,163900,6,Bachelor's,Illinois,Aerospace & Defense
none,139112,3,Bachelor's,Washington State,Unknown
none,121500,3,-,California,Information Technology
none,132403,3,Bachelor's,California,Unknown
none,219180,8,Bachelor's,California,Information Technology
none,160000,,Bachelor's,California,Unknown
none,124304,5,Bachelor's,California,Telecommunications
none,84000,0,Bachelor's,Ohio,Manufacturing
none,82500,0,Bachelor's,New York State,Manufacturing
none,90388,,-,New Hampshire,Manufacturing
none,130000,3,Bachelor's,California,Manufacturing
ai_integration,169070,5,Bachelor's,California,Information Technology
none,165000,5,-,Colorado,Unknown
none,170000,12,-,New Jersey,Telecommunications
ai_integration,170000,10,Bachelor's,Washington State,Aerospace & Defense
none,84763,0,Bachelor's,Montana,Unknown
ai_integration,200000,5,Bachelor's,California,Unknown
none,97135,3,Master's,California,Information Technology
none,133704,5,Bachelor's,California,"Energy, Mining & Utilities"
none,97073,5,Bachelor's,New Hampshire,Manufacturing
none,84508,3,Bachelor's,North Carolina,Media & Communication
none,127500,8,Bachelor's,Colorado,Manufacturing
none,100065,5,Bachelor's,Texas,Retail & Wholesale
none,180000,,Bachelor's,Virginia,Unknown
applied_ai,153728,10,Bachelor's,Ohio,Information Technology
ai_integration,82500,,Bachelor's,Florida,Unknown
ai_integration,125000,5,Bachelor's,California,Unknown
none,168500,4,Bachelor's,California,Information Technology
none,216800,6,Bachelor's,California,Information Technology
ai_integration,139100,2,Bachelor's,California,Information Technology
none,98466,4,Bachelor's,Kansas,Information Technology
none,99736,3,Bachelor's,Texas,Information Technology
none,149517,10,Bachelor's,Massachusetts,Manufacturing
ai_integration,138752,8,Bachelor's,Massachusetts,Unknown
none,205000,3,Bachelor's,California,Information Technology
none,110222,4,Bachelor's,Wisconsin,Information Technology
ai_integration,235750,7,Bachelor's,California,Information Technology
none,90000,,Bachelor's,California,Human Resources & Staffing
none,113626,5,Bachelor's,Delaware,Pharmaceutical & Biotechnology
none,169152,8,Bachelor's,Massachusetts,Transportation & Logistics
none,86100,4,Bachelor's,Arizona,Telecommunications
none,115350,5,Bachelor's,New York State,"Energy, Mining & Utilities"
none,126426,5,Bachelor's,California,Unknown
applied_ai,135000,10,Bachelor's,California,Information Technology
none,165768,8,Master's,California,Unknown
none,149000,,-,Unknown,Information Technology
ai_integration,99543,5,Bachelor's,Massachusetts,Transportation & Logistics
none,99733,5,Bachelor's,Connecticut,Manufacturing
ai_integration,160000,4,Bachelor's,California,Healthcare
none,93053,2,Master's,Missouri,Information Technology
none,139100,2,Bachelor's,California,Information Technology
applied_ai,193953,7,-,California,Manufacturing
none,110000,0,Bachelor's,California,Manufacturing
ai_integration,97304,5,-,Massachusetts,Transportation & Logistics
none,121810,10,-,California,Human Resources & Staffing
none,115601,,Bachelor's,New Jersey,Management & Consulting
ai_integration,165000,5,-,California,"Energy, Mining & Utilities"
ai_integration,93867,10,Bachelor's,North Carolina,Information Technology
applied_ai,167833,10,Bachelor's,California,Manufacturing
ai_integration,210000,8,Bachelor's,California,Healthcare
none,118363,5,Bachelor's,Illinois,Information Technology
ai_integration,193750,10,Bachelor's,California,Telecommunications
none,172046,5,Bachelor's,Massachusetts,Unknown
none,127977,,Bachelor's,Maryland,Unknown
none,121813,3,-,Virginia,Telecommunications
ai_integration,205000,7,Bachelor's,California,Information Technology
none,220000,7,Bachelor's,California,Information Technology
none,143605,5,Bachelor's,Massachusetts,Manufacturing
none,141074,.5,Bachelor's,California,Financial Services
none,115760,5,Bachelor's,Arizona,Manufacturing
none,205000,10,Bachelor's,California,Manufacturing
none,144020,,Bachelor's,California,Unknown
none,135000,2,-,Washington State,Unknown
applied_ai,173655,5,-,California,Unknown
applied_ai,127500,1,Bachelor's,California,Information Technology
none,104500,3,Bachelor's,Washington State,Pharmaceutical & Biotechnology
ai_integration,155000,5,Bachelor's,California,Manufacturing
none,143461,5,-,Texas,Information Technology
none,121105,2,Bachelor's,California,Information Technology
none,99346,2,-,Virginia,Information Technology
none,135000,1,-,New York State,Information Technology
none,165200,,Bachelor's,California,Information Technology
none,192150,5,Bachelor's,Minnesota,Pharmaceutical & Biotechnology
none,80000,1,-,New York State,Aerospace & Defense
none,97250,0,Bachelor's,Unknown,Information Technology
none,112500,3,Bachelor's,Massachusetts,Aerospace & Defense
none,95680,,Bachelor's,California,Information Technology
none,150000,2,-,California,Unknown
none,137099,,Bachelor's,Oregon,Information Technology
none,104500,0,Bachelor's,New York State,Aerospace & Defense
none,80900,1,High School,Michigan,Aerospace & Defense
none,107500,4,High School,Unknown,Telecommunications
none,170000,8,-,Unknown,"Energy, Mining & Utilities"
none,130050,,Bachelor's,California,Information Technology
applied_ai,117402,1,-,Massachusetts,Manufacturing
none,82681,2,Bachelor's,Alabama,Information Technology
none,112836,5,Bachelor's,Florida,Aerospace & Defense
none,77500,2,Bachelor's,New York State,Aerospace & Defense
none,98620,5,Bachelor's,Wisconsin,Manufacturing
none,75000,0,-,Arizona,Unknown
applied_ai,167000,3,Bachelor's,Georgia,Aerospace & Defense
none,121447,5,-,Virginia,Aerospace & Defense
none,118450,1,Bachelor's,California,Aerospace & Defense
applied_ai,132402,4,Bachelor's,California,Restaurants & Food Service
none,107321,0,Bachelor's,Massachusetts,Aerospace & Defense
applied_ai,125544,5,Bachelor's,California,Agriculture
none,101079,5,Bachelor's,Pennsylvania,Manufacturing
none,138180,5,Bachelor's,Illinois,Manufacturing
none,159750,2,Bachelor's,California,Telecommunications
none,138650,2,Bachelor's,Pennsylvania,Education
none,112500,3,Bachelor's,Massachusetts,Aerospace & Defense
none,112810,5,Bachelor's,Ohio,Aerospace & Defense
ai_integration,85776,5,-,Pennsylvania,Unknown
none,144025,5,Bachelor's,Massachusetts,Aerospace & Defense
none,130000,4,Bachelor's,California,Healthcare
none,105689,,Bachelor's,Wisconsin,Aerospace & Defense
none,186047,5,Bachelor's,Texas,Manufacturing
none,77490,0,-,Mississippi,Information Technology
none,161600,7,Bachelor's,California,Aerospace & Defense
none,108163,8,Bachelor's,Texas,Manufacturing
none,116505,7,Bachelor's,Indiana,Manufacturing
none,155969,5,-,Massachusetts,Unknown
none,133079,5,Bachelor's,California,Aerospace & Defense
none,119538,4,Bachelor's,Unknown,Aerospace & Defense
none,98000,2,-,Indiana,Aerospace & Defense
none,105042,2,Bachelor's,Colorado,Aerospace & Defense
none,153000,8,Bachelor's,Colorado,Information Technology
none,159750,3,Bachelor's,Unknown,Telecommunications
none,120000,2,Bachelor's,California,Information Technology
none,81000,0,-,Rhode Island,Aerospace & Defense
none,168000,10,Bachelor's,California,Healthcare
none,88784,,-,Nebraska,Unknown
ai_integration,142500,,-,Unknown,Information Technology
none,78000,0,Bachelor's,Minnesota,Manufacturing
none,156302,5,-,New Hampshire,Aerospace & Defense
applied_ai,95066,2,Bachelor's,Michigan,Manufacturing
none,150000,,Bachelor's,California,Unknown
ai_integration,90185,3,Bachelor's,Michigan,Information Technology
none,163750,2,Bachelor's,Maryland,Aerospace & Defense
none,104602,3,Bachelor's,Massachusetts,Aerospace & Defense
none,118526,7,-,Virginia,Information Technology
none,97910,5,-,Oklahoma,Information Technology
none,123000,0,Bachelor's,Minnesota,Manufacturing
ai_integration,150000,,Bachelor's,Hawaii,Unknown
none,85650,0,Bachelor's,Virginia,Information Technology
none,107234,5,Bachelor's,Connecticut,Aerospace & Defense
none,103169,2,Bachelor's,Georgia,Manufacturing
none,81951,2,Bachelor's,Nebraska,Manufacturing
none,147718,2,Bachelor's,Colorado,Aerospace & Defense
none,106867,5,-,Florida,Aerospace & Defense
none,97833,3,-,Virginia,Aerospace & Defense
none,80000,0,-,Unknown,Aerospace & Defense
none,410000,5,-,Unknown,Information Technology
none,137025,3,Master's,Massachusetts,Pharmaceutical & Biotechnology
none,115593,5,Bachelor's,Massachusetts,Manufacturing
none,81000,0,Bachelor's,Florida,Aerospace & Defense
applied_ai,117167,2,Bachelor's,Florida,Media & Communication
ai_integration,119538,2,Bachelor's,Unknown,Aerospace & Defense
applied_ai,178500,1,-,California,Information Technology
applied_ai,193000,3,Bachelor's,California,Aerospace & Defense
none,132500,5,Bachelor's,Florida,Aerospace & Defense
none,112285,5,-,North Carolina,Information Technology
none,77500,0,Bachelor's,Iowa,"Construction, Repair & Maintenance Services"
none,117346,5,Bachelor's,Utah,Information Technology
none,87500,0,Bachelor's,California,Manufacturing
none,93144,3,Bachelor's,Maryland,Aerospace & Defense
none,92000,2,Bachelor's,Illinois,Information Technology
none,77500,3,Bachelor's,Michigan,Manufacturing
none,200000,10,Bachelor's,Texas,Aerospace & Defense
applied_ai,114369,0,Bachelor's,Florida,Manufacturing
none,105000,,Bachelor's,California,"Construction, Repair & Maintenance Services"
none,90511,2,Bachelor's,Georgia,Aerospace & Defense
none,108500,2,-,Pennsylvania,Manufacturing
none,97020,0,Bachelor's,Alabama,Information Technology
none,113130,6,Bachelor's,Wisconsin,Pharmaceutical & Biotechnology
none,147500,6,Bachelor's,Colorado,Aerospace & Defense
none,101369,0,Bachelor's,Indiana,Manufacturing
applied_ai,127333,3,-,California,Unknown
none,95699,5,Bachelor's,Michigan,Manufacturing
applied_ai,92343,0,Bachelor's,Illinois,Management & Consulting
none,93991,3,Bachelor's,Utah,Unknown
none,117500,,Bachelor's,California,Information Technology
none,100000,3,Bachelor's,Illinois,Aerospace & Defense
none,112634,5,-,Utah,Aerospace & Defense
none,106010,3,-,Illinois,"Construction, Repair & Maintenance Services"
none,123560,3,Bachelor's,Massachusetts,Manufacturing
none,95450,3,Bachelor's,Utah,Unknown
none,115000,5,Bachelor's,Colorado,Information Technology
none,115000,2,Bachelor's,California,Information Technology
none,75000,0,-,Wisconsin,Unknown
none,124500,4,Bachelor's,New York State,Aerospace & Defense
applied_ai,131727,5,-,Texas,Unknown
none,82283,3,Bachelor's,New Mexico,Government & Public Administration
none,113811,,Bachelor's,Wisconsin,Personal Consumer Services
applied_ai,123500,5,Bachelor's,Wisconsin,Information Technology
none,162500,9,Bachelor's,Colorado,Aerospace & Defense
none,116128,,Bachelor's,Texas,Unknown
none,142000,5,Bachelor's,Unknown,Manufacturing
none,106562,7,Bachelor's,Florida,Unknown
none,90000,,-,Ohio,Unknown
none,187500,5,Bachelor's,California,Manufacturing
none,103500,5,Bachelor's,Connecticut,Manufacturing
none,86361,,Bachelor's,Indiana,Aerospace & Defense
applied_ai,155000,8,-,Unknown,"Energy, Mining & Utilities"
none,136300,5,Bachelor's,Colorado,Manufacturing
none,98000,2,Bachelor's,Rhode Island,Aerospace & Defense
applied_ai,109772,,Bachelor's,Michigan,Manufacturing
none,102500,4,-,New York State,Aerospace & Defense
none,163500,5,Bachelor's,California,Information Technology
none,120000,2,Bachelor's,Pennsylvania,Manufacturing
none,183650,7,Bachelor's,Unknown,Manufacturing
applied_ai,112500,,-,Utah,Unknown
none,92500,5,Bachelor's,Illinois,Manufacturing
none,84069,0,Bachelor's,California,Aerospace & Defense
none,142450,9,Bachelor's,Michigan,Manufacturing
none,120000,0,Bachelor's,Michigan,Manufacturing
none,126200,4,Bachelor's,California,Manufacturing
ai_integration,122500,3,Bachelor's,Massachusetts,Information Technology
ai_integration,90000,2,Bachelor's,Florida,Healthcare
none,110500,2,Associate,Florida,Aerospace & Defense
none,140065,,Bachelor's,New York State,Aerospace & Defense
none,119043,10,Bachelor's,Florida,Aerospace & Defense
none,272440,,Bachelor's,California,Manufacturing
none,160150,5,Bachelor's,Illinois,Pharmaceutical & Biotechnology
none,102076,3,Bachelor's,New York State,Aerospace & Defense
none,118517,0,Bachelor's,Florida,Aerospace & Defense
none,160000,1,Bachelor's,New York State,Manufacturing
none,81700,4,Bachelor's,Florida,Manufacturing
applied_ai,87500,0,-,Missouri,Manufacturing
none,123000,3,Bachelor's,Indiana,Aerospace & Defense
none,176450,,-,Texas,Information Technology
ai_integration,142500,2,-,California,Information Technology
none,116196,0,Bachelor's,Kansas,Manufacturing
applied_ai,100000,2,Bachelor's,Texas,Unknown
none,98000,2,Bachelor's,Indiana,Aerospace & Defense
none,110900,3,Bachelor's,California,Manufacturing
none,184500,5,-,California,Manufacturing
ai_integration,184950,5,Bachelor's,Unknown,Manufacturing
applied_ai,101949,0,Bachelor's,California,Manufacturing
none,97935,,-,Michigan,Information Technology
ai_integration,171644,3,-,Unknown,Retail & Wholesale
none,91413,3,Bachelor's,Michigan,Manufacturing
none,123650,,Bachelor's,California,Aerospace & Defense
none,110200,8,Bachelor's,Wisconsin,Manufacturing
none,97243,3,Bachelor's,Florida,Aerospace & Defense
none,134343,,-,California,Manufacturing
applied_ai,110000,,Bachelor's,New Jersey,Aerospace & Defense
none,91691,2,Bachelor's,Alabama,Unknown
none,119819,,-,California,Unknown
none,108076,,Bachelor's,Louisiana,Transportation & Logistics
none,85273,2,Bachelor's,Rhode Island,Manufacturing
applied_ai,129076,2,Bachelor's,Washington State,Financial Services
none,123368,,-,Oregon,Information Technology
applied_ai,142791,8,Bachelor's,California,Aerospace & Defense
none,88876,3,Bachelor's,Florida,Unknown
applied_ai,127500,3,Bachelor's,California,Unknown
none,102209,,Bachelor's,Wisconsin,Manufacturing
ai_integration,205501,6,-,Unknown,Retail & Wholesale
none,141505,2,Bachelor's,Colorado,Manufacturing
none,130240,,Bachelor's,Wisconsin,Personal Consumer Services
none,111934,4,Bachelor's,Georgia,Information Technology
ai_integration,131000,0,-,Pennsylvania,Information Technology
applied_ai,115712,0,Bachelor's,Illinois,Information Technology
none,130500,4,Bachelor's,California,Information Technology
none,128393,4,Bachelor's,Minnesota,Aerospace & Defense
none,133600,5,Bachelor's,California,Manufacturing
none,115000,5,Bachelor's,Wisconsin,Human Resources & Staffing
none,200000,2,Bachelor's,Connecticut,Financial Services
none,175000,7,Bachelor's,Colorado,Information Technology
none,129766,5,Bachelor's,California,Manufacturing
none,125000,4,Bachelor's,New Jersey,Aerospace & Defense
none,135000,5,-,California,Manufacturing
none,125000,5,Bachelor's,Massachusetts,Human Resources & Staffing
none,141550,2,Bachelor's,Washington State,Manufacturing
none,172500,5,Bachelor's,California,Unknown
none,130000,3,Bachelor's,Vermont,Unknown
none,112895,3,Bachelor's,Texas,Aerospace & Defense
ai_integration,97500,2,Bachelor's,Iowa,"Construction, Repair & Maintenance Services"
none,95309,,Bachelor's,Wisconsin,Manufacturing
none,160000,,-,Virginia,Aerospace & Defense
none,125000,0,Bachelor's,Florida,Education
none,132000,5,Bachelor's,California,Unknown
none,89750,5,Bachelor's,Oklahoma,Manufacturing
none,149232,3,Bachelor's,Texas,Information Technology
none,125000,5,Bachelor's,California,Manufacturing
applied_ai,87450,.5,Bachelor's,Wisconsin,Manufacturing
applied_ai,86062,1,High School,Ohio,Aerospace & Defense
none,123441,6,Bachelor's,Massachusetts,Information Technology
none,135000,3,Bachelor's,Maryland,"Construction, Repair & Maintenance Services"
none,115797,5,Bachelor's,New Hampshire,Aerospace & Defense
none,125799,3,Bachelor's,Illinois,Manufacturing
none,114506,0,-,Massachusetts,Healthcare
none,120606,4,Bachelor's,Georgia,Financial Services
none,190000,5,Bachelor's,Montana,Information Technology
none,112581,10,Bachelor's,Ohio,Aerospace & Defense
none,156000,3,Bachelor's,Unknown,Manufacturing
none,102500,2,Bachelor's,North Carolina,Human Resources & Staffing
none,166050,3,Bachelor's,Michigan,Manufacturing
none,119334,0,Bachelor's,Washington State,Aerospace & Defense
none,152650,7,Bachelor's,Virginia,Aerospace & Defense
none,272440,,Bachelor's,California,Manufacturing
none,86574,1,Bachelor's,North Carolina,Manufacturing
none,156761,,Bachelor's,California,Unknown
none,127500,6,Bachelor's,New York State,Aerospace & Defense
none,111049,5,Bachelor's,Texas,Manufacturing
none,123000,5,-,Indiana,Aerospace & Defense
none,105883,,-,Michigan,Manufacturing
none,79500,.5,Bachelor's,Oklahoma,Government & Public Administration
applied_ai,105289,5,-,Texas,Aerospace & Defense
ai_integration,213080,5,Bachelor's,California,Aerospace & Defense
none,105245,5,-,Missouri,Manufacturing
none,91842,3,Bachelor's,Texas,Aerospace & Defense
none,137500,5,High School,Virginia,Government & Public Administration
none,114240,4,Bachelor's,Nevada,Manufacturing
none,128061,4,Bachelor's,Arizona,Information Technology
none,158491,,Bachelor's,Texas,Information Technology
none,114514,1,Bachelor's,Texas,Aerospace & Defense
none,81700,5,Bachelor's,Maryland,Manufacturing
none,99658,3,Bachelor's,Texas,Unknown
none,94212,5,Bachelor's,Virginia,Information Technology
applied_ai,185000,5,-,Unknown,Information Technology
none,127390,8,-,Utah,Manufacturing
none,105500,,Bachelor's,California,Aerospace & Defense
none,112003,4,Bachelor's,Utah,"Energy, Mining & Utilities"
none,155000,4,-,Unknown,Financial Services
ai_integration,103997,3,-,North Carolina,"Energy, Mining & Utilities"
applied_ai,175400,2,Bachelor's,Washington State,Information Technology
none,108930,5,Master's,Utah,Aerospace & Defense
none,121074,,Bachelor's,Pennsylvania,Aerospace & Defense
none,110089,8,Bachelor's,Michigan,Manufacturing
none,101157,2,Bachelor's,New Mexico,Aerospace & Defense
applied_ai,66115,0,Bachelor's,Missouri,Unknown
none,119334,0,Bachelor's,Washington State,Aerospace & Defense
none,110000,3,Bachelor's,Unknown,Unknown
ai_integration,145000,6,Bachelor's,Louisiana,Unknown
applied_ai,103177,4,Bachelor's,Ohio,Manufacturing
none,140000,,-,Wisconsin,Unknown
none,94606,2,Bachelor's,Pennsylvania,Manufacturing
applied_ai,117700,,Bachelor's,California,Information Technology
none,150000,4,Bachelor's,California,Unknown
none,105000,5,Bachelor's,Minnesota,Manufacturing
none,145000,5,Bachelor's,California,Aerospace & Defense
none,105501,7,Master's,Michigan,Human Resources & Staffing
none,98000,3,-,Texas,Aerospace & Defense
none,150000,3,Bachelor's,Colorado,Human Resources & Staffing
none,73424,7,-,Maryland,Education
ai_integration,153455,8,-,Massachusetts,Information Technology
none,123233,0,-,Wisconsin,Manufacturing
none,103777,,Bachelor's,North Carolina,Financial Services
none,112961,,Bachelor's,Maryland,Unknown
none,117500,5,Bachelor's,California,Information Technology
ai_integration,159000,2,Bachelor's,California,Information Technology
none,115000,8,Bachelor's,Texas,Unknown
none,81684,2,Bachelor's,Indiana,Manufacturing
none,80310,1,Bachelor's,Kansas,Manufacturing
none,107600,5,Bachelor's,Georgia,Unknown
none,105000,3,Bachelor's,California,Information Technology
none,145000,7,Bachelor's,Colorado,Unknown
none,113101,,-,Wisconsin,Human Resources & Staffing
none,143800,5,-,Unknown,Information Technology
ai_integration,160000,5,-,Colorado,Aerospace & Defense
none,172044,5,Bachelor's,California,Unknown
none,111875,5,Bachelor's,Massachusetts,Information Technology
ai_integration,193000,,Bachelor's,Massachusetts,Aerospace & Defense
none,169509,,-,California,Information Technology
none,88685,2,Bachelor's,Michigan,Manufacturing
ai_integration,133803,5,Bachelor's,North Carolina,Manufacturing
ai_integration,106358,3,-,Georgia,Transportation & Logistics
none,130600,1,Bachelor's,California,Manufacturing
none,131937,5,Bachelor's,Oregon,Manufacturing
ai_integration,156500,3,-,California,Manufacturing
none,122000,0,Bachelor's,California,Manufacturing
none,90000,1,Bachelor's,Kansas,Manufacturing
none,132500,5,High School,Virginia,Government & Public Administration
none,180000,5,Bachelor's,California,Pharmaceutical & Biotechnology
none,131500,7,Bachelor's,Colorado,Management & Consulting
none,83620,0,Bachelor's,Florida,"Construction, Repair & Maintenance Services"
none,109500,3,Bachelor's,Michigan,Aerospace & Defense
none,194400,1,Bachelor's,California,Information Technology
none,127500,,Bachelor's,Unknown,Aerospace & Defense
none,108382,5,Bachelor's,Virginia,Aerospace & Defense
ai_integration,190000,10,-,Massachusetts,Manufacturing
none,110351,5,Bachelor's,Connecticut,Manufacturing
none,129917,5,-,Virginia,Telecommunications
none,92500,5,Bachelor's,North Carolina,Unknown
none,285000,,-,Unknown,Unknown
none,108417,4,Bachelor's,Illinois,Unknown
none,128818,,-,Michigan,Unknown
none,107500,4,Bachelor's,Colorado,"Energy, Mining & Utilities"
ai_integration,130000,,-,California,Unknown
none,96501,1,Bachelor's,Virginia,Telecommunications
none,128741,6,Bachelor's,Maryland,Unknown
none,132500,5,Bachelor's,California,Unknown
none,163290,3,Bachelor's,Florida,Aerospace & Defense
none,112000,0,-,New Jersey,Information Technology
applied_ai,124392,5,Bachelor's,Virginia,Unknown
none,127514,6,Bachelor's,Virginia,Aerospace & Defense
ai_integration,82305,0,Bachelor's,Michigan,Healthcare
none,65497,,Bachelor's,Michigan,Information Technology
applied_ai,76540,2,Bachelor's,Vermont,Unknown
none,137500,1,Bachelor's,California,Unknown
none,126315,4,Bachelor's,Massachusetts,Information Technology
ai_integration,92500,1,Bachelor's,Pennsylvania,Aerospace & Defense
none,156400,6,Master's,Massachusetts,Pharmaceutical & Biotechnology
none,98150,3,-,Texas,Unknown
applied_ai,127500,5,Bachelor's,New Jersey,"Energy, Mining & Utilities"
ai_integration,180000,2,-,California,Unknown
applied_ai,110000,0,Bachelor's,Virginia,Unknown
none,130000,1,Bachelor's,California,Retail & Wholesale
applied_ai,110154,2,Bachelor's,Massachusetts,Unknown
none,117700,2,Bachelor's,California,Information Technology
none,149445,5,Bachelor's,California,Unknown
none,94953,3,Bachelor's,Virginia,Hotels & Travel Accommodation
none,106991,5,Bachelor's,Michigan,Healthcare
none,135000,5,Bachelor's,Massachusetts,Management & Consulting
ai_integration,123000,,Bachelor's,Virginia,Aerospace & Defense
none,148037,10,Bachelor's,California,Agriculture
none,125000,5,Bachelor's,Maryland,Information Technology
none,125104,2,Bachelor's,Indiana,Aerospace & Defense
ai_integration,212500,4,Bachelor's,California,Information Technology
applied_ai,119334,0,Bachelor's,Washington State,Aerospace & Defense
none,99152,5,Bachelor's,Michigan,Manufacturing
none,124974,,-,Maryland,Information Technology
applied_ai,195000,5,-,California,Manufacturing
none,140533,2,Bachelor's,Washington State,Aerospace & Defense
none,209500,8,Bachelor's,California,Information Technology
none,101504,5,Bachelor's,Illinois,Healthcare
none,152000,8,Bachelor's,North Carolina,Pharmaceutical & Biotechnology
none,85500,1,Bachelor's,North Carolina,Pharmaceutical & Biotechnology
applied_ai,139100,2,Bachelor's,California,Information Technology
none,109550,0,Bachelor's,California,Aerospace & Defense
none,91053,3,Bachelor's,Connecticut,Information Technology
none,134500,5,Bachelor's,Massachusetts,Aerospace & Defense
none,103310,,Bachelor's,Pennsylvania,Aerospace & Defense
none,129400,4,Bachelor's,Virginia,Information Technology
none,88427,3,Bachelor's,Connecticut,Information Technology
none,162500,7,Bachelor's,New York State,Pharmaceutical & Biotechnology
none,137500,5,-,California,Unknown
none,120000,5,Bachelor's,California,Transportation & Logistics
none,126026,5,Bachelor's,Oregon,Information Technology
none,118036,4,Bachelor's,Florida,"Construction, Repair & Maintenance Services"
ai_integration,112500,3,Bachelor's,California,Information Technology
none,116250,6,Bachelor's,Massachusetts,Financial Services
none,120000,2,Bachelor's,Colorado,Aerospace & Defense
none,190000,,-,Colorado,Information Technology
none,116250,4,Bachelor's,Massachusetts,Financial Services
none,83676,3,Bachelor's,Michigan,Unknown
none,169310,5,Bachelor's,Washington State,Manufacturing
none,165088,,-,Virginia,Media & Communication
none,120000,0,Bachelor's,California,Manufacturing
none,92500,0,Bachelor's,Massachusetts,Financial Services
none,150000,7,Bachelor's,North Carolina,Unknown
none,120837,,-,Massachusetts,Unknown
none,90109,4,Bachelor's,Pennsylvania,Manufacturing
none,151200,5,Bachelor's,California,"Energy, Mining & Utilities"
none,123137,5,Bachelor's,Maryland,Unknown
none,106946,2,Bachelor's,Florida,"Construction, Repair & Maintenance Services"
none,113089,3,Bachelor's,California,Unknown
none,121800,2,Bachelor's,California,Unknown
none,106664,2,Bachelor's,Massachusetts,Management & Consulting
none,179500,10,-,Washington State,Aerospace & Defense
ai_integration,175000,5,-,California,Manufacturing
applied_ai,133485,2,Bachelor's,Florida,Media & Communication
none,142500,5,Bachelor's,Colorado,Aerospace & Defense
none,109046,6,Bachelor's,Florida,Aerospace & Defense
applied_ai,171500,3,Bachelor's,California,Information Technology
none,122458,2,Master's,Pennsylvania,Unknown
none,110000,,Bachelor's,Texas,Aerospace & Defense
none,137776,10,Bachelor's,Virginia,Management & Consulting
none,128414,6,Bachelor's,Florida,"Construction, Repair & Maintenance Services"
ai_integration,150000,5,-,Massachusetts,Manufacturing
none,125687,3,Bachelor's,Massachusetts,Aerospace & Defense
ai_integration,145000,4,Bachelor's,Washington State,Information Technology
none,120000,5,-,Colorado,Manufacturing
none,102375,,Bachelor's,Florida,Unknown
ai_integration,95173,1,Bachelor's,Massachusetts,Manufacturing
none,130325,1,Bachelor's,Massachusetts,Management & Consulting
applied_ai,103820,4,Bachelor's,Massachusetts,Transportation & Logistics
none,116500,2,Bachelor's,California,Manufacturing
none,164000,5,Bachelor's,California,Information Technology
none,129167,3,Bachelor's,Massachusetts,Unknown
none,135658,5,Bachelor's,Washington State,Manufacturing
none,140212,8,Bachelor's,California,Unknown
none,116947,5,Bachelor's,Nevada,Information Technology
ai_integration,147918,5,Bachelor's,Texas,Unknown
applied_ai,99596,6,Bachelor's,Florida,Unknown
none,126327,5,Bachelor's,Texas,Human Resources & Staffing
none,81633,0,Associate,Massachusetts,"Energy, Mining & Utilities"
none,76704,2,Bachelor's,Florida,Financial Services
none,142450,8,Bachelor's,California,Information Technology
none,115000,3,-,California,Aerospace & Defense
none,78345,4,Bachelor's,Wyoming,Government & Public Administration
none,87649,2,Associate,North Carolina,Government & Public Administration
none,89650,,-,Virginia,Aerospace & Defense
none,112500,10,Bachelor's,California,Information Technology
none,91807,2,Bachelor's,Texas,Financial Services
none,100500,1,Bachelor's,Maryland,Aerospace & Defense
none,105700,3,Bachelor's,Alabama,Manufacturing
none,84962,3,Bachelor's,Virginia,Aerospace & Defense
none,125000,3,Bachelor's,California,Information Technology
none,107846,5,Bachelor's,California,Aerospace & Defense
none,57500,,-,Tennessee,Information Technology
none,73025,2,Bachelor's,Texas,Education
ai_integration,94900,3,Bachelor's,Maryland,Aerospace & Defense
none,97500,1,Bachelor's,Hawaii,Information Technology
none,126903,5,-,Wisconsin,"Energy, Mining & Utilities"
none,95000,3,High School,Virginia,Information Technology
none,80450,0,Associate,New York State,Information Technology
none,101450,3,High School,Utah,Information Technology
none,66291,1,-,Michigan,Unknown
none,85279,,-,Florida,Information Technology
none,112500,3,-,Unknown,Insurance
none,126800,5,High School,California,Information Technology
none,88541,4,Associate,Iowa,Financial Services
none,86500,,Master's,Virginia,Education
none,52645,2,Bachelor's,Puerto Rico,Healthcare
none,94629,4,Bachelor's,Michigan,Unknown
none,90423,3,-,Texas,Government & Public Administration
none,84221,,Bachelor's,Louisiana,Financial Services
none,83193,1,Bachelor's,Illinois,Healthcare
none,70000,,Bachelor's,Georgia,"Construction, Repair & Maintenance Services"
none,83630,0,-,Arizona,Retail & Wholesale
none,72500,3,-,Virginia,Aerospace & Defense
none,126903,5,-,Wisconsin,"Energy, Mining & Utilities"
none,73352,3,Bachelor's,South Carolina,Aerospace & Defense
none,62847,0,Associate,Florida,Education
none,73951,3,Bachelor's,Indiana,"Construction, Repair & Maintenance Services"
none,69640,2,Associate,North Carolina,Government & Public Administration
none,70911,0,Associate,Texas,Healthcare
none,112600,2,Bachelor's,Florida,Financial Services
none,68000,1,Associate,Florida,Information Technology
ai_integration,102500,,-,Unknown,Information Technology
applied_ai,222050,7,PhD,Unknown,Information Technology
none,100000,2,Associate,Virginia,Information Technology
none,73724,5,Bachelor's,Nebraska,Insurance
none,52500,1,High School,Maryland,Information Technology
none,130250,7,Bachelor's,Texas,Healthcare
none,90000,,-,Colorado,Aerospace & Defense
none,85000,8,Bachelor's,South Carolina,Information Technology
none,65159,4,Bachelor's,Alabama,Aerospace & Defense
none,70439,3,Bachelor's,Pennsylvania,Information Technology
none,49467,2,Bachelor's,West Virginia,Information Technology
none,77800,2,Bachelor's,Tennessee,Government & Public Administration
applied_ai,149500,5,Bachelor's,Minnesota,Healthcare
none,66435,2,Associate,Michigan,Retail & Wholesale
none,92116,0,Bachelor's,South Carolina,Financial Services
none,119538,5,Bachelor's,Unknown,Aerospace & Defense
none,63465,3,-,South Carolina,Financial Services
none,170000,5,-,Massachusetts,Aerospace & Defense
none,100125,4,Bachelor's,Delaware,Financial Services
none,157500,5,-,Unknown,Information Technology
none,100000,3,-,Missouri,Financial Services
none,82087,1,Bachelor's,Unknown,Manufacturing
none,100125,4,Bachelor's,Delaware,Financial Services
none,120000,3,Bachelor's,New York State,Education
none,86497,7,Bachelor's,Missouri,Education
none,125500,2,-,North Carolina,Unknown
applied_ai,178700,7,-,Utah,Education
none,97938,10,Bachelor's,Tennessee,Aerospace & Defense
none,80000,6,Bachelor's,Ohio,Government & Public Administration
none,115000,,-,Unknown,Financial Services
none,73518,4,Bachelor's,Alabama,Healthcare
none,128300,4,Bachelor's,California,Aerospace & Defense
none,85950,2,Bachelor's,Colorado,Insurance
none,80628,0,Bachelor's,Alabama,Aerospace & Defense
ai_integration,76891,9,Associate,North Carolina,Manufacturing
none,105042,3,Bachelor's,Virginia,Aerospace & Defense
none,112383,5,Bachelor's,Virginia,Healthcare
none,87285,,-,South Carolina,Government & Public Administration
none,86497,7,Bachelor's,Missouri,Education
none,80000,,-,Georgia,Information Technology
none,68911,3,Bachelor's,Kentucky,Education
none,142350,5,Bachelor's,New Jersey,Financial Services
none,103000,6,-,North Carolina,Information Technology
none,80000,,Associate,Illinois,Unknown
none,83547,,-,Texas,Unknown
none,93980,2,Bachelor's,Arizona,Financial Services
none,95000,2,-,Unknown,Unknown
none,63397,0,-,Georgia,Management & Consulting
none,105042,3,Bachelor's,New Jersey,Aerospace & Defense
ai_integration,81900,0,Bachelor's,North Carolina,Telecommunications
none,91875,3,-,California,Retail & Wholesale
none,99571,0,-,Arkansas,"Energy, Mining & Utilities"
none,92500,7,-,Iowa,Financial Services
ai_integration,130000,3,Bachelor's,Unknown,Financial Services
ai_integration,55592,0,-,Ohio,Healthcare
none,98000,2,Bachelor's,Arkansas,Aerospace & Defense
none,113500,5,High School,South Carolina,Information Technology
none,77504,5,High School,Connecticut,Aerospace & Defense
none,66953,0,Bachelor's,Florida,Unknown
none,138530,10,Bachelor's,Florida,Aerospace & Defense
none,54538,2,Bachelor's,Mississippi,Education
none,125933,8,Bachelor's,Texas,"Energy, Mining & Utilities"
ai_integration,117500,3,Bachelor's,California,Healthcare
none,182903,2,Bachelor's,Texas,Manufacturing
none,134210,8,Bachelor's,Georgia,Education
none,75139,3,Bachelor's,Virginia,Unknown
none,110000,4,Bachelor's,California,Financial Services
none,80000,3,-,South Carolina,Retail & Wholesale
none,88000,3,-,Unknown,Information Technology
ai_integration,87125,3,Bachelor's,Ohio,Retail & Wholesale
none,79504,5,-,Texas,Information Technology
applied_ai,52076,2,Bachelor's,Texas,Media & Communication
none,53300,0,-,Massachusetts,Financial Services
none,86578,0,Bachelor's,Florida,Information Technology
none,130000,,-,California,Information Technology
none,114606,0,Bachelor's,Texas,"Energy, Mining & Utilities"
none,87329,2,-,Tennessee,Information Technology
ai_integration,87500,2,Bachelor's,California,Financial Services
none,93717,3,Bachelor's,Texas,Unknown
none,93500,0,High School,Nebraska,Aerospace & Defense
none,73998,2,Bachelor's,Unknown,Education
none,120272,5,Bachelor's,Massachusetts,Aerospace & Defense
none,52500,0,-,Maryland,Information Technology
none,87476,0,Bachelor's,Iowa,Education
none,60829,1,Associate,Iowa,Information Technology
none,95000,1,-,Virginia,Information Technology
none,90000,4,Bachelor's,Michigan,Education
none,66808,2,Bachelor's,Texas,Retail & Wholesale
ai_integration,82489,5,Bachelor's,Georgia,Retail & Wholesale
none,72126,4,Associate,Virginia,Aerospace & Defense
none,62541,3,Bachelor's,Texas,Education
ai_integration,207425,,-,Illinois,Information Technology
none,105000,7,-,Utah,Information Technology
ai_integration,139666,7,-,Unknown,Aerospace & Defense
none,62735,0,Bachelor's,Virginia,Aerospace & Defense
none,142093,6,Bachelor's,Virginia,Aerospace & Defense
none,65000,3,Bachelor's,Puerto Rico,Financial Services
none,73768,1,-,Tennessee,Information Technology
none,91500,3,-,Unknown,Information Technology
none,122500,5,Bachelor's,California,"Construction, Repair & Maintenance Services"
none,75000,.5,-,Texas,Information Technology
none,78994,4,Bachelor's,South Carolina,Government & Public Administration
ai_integration,125500,5,-,Missouri,Financial Services
none,90864,5,Bachelor's,Alabama,Aerospace & Defense
ai_integration,95500,2,High School,New York State,Financial Services
ai_integration,175000,3,-,Unknown,Unknown
none,74243,0,-,Ohio,"Construction, Repair & Maintenance Services"
none,137900,5,-,North Carolina,Retail & Wholesale
none,144000,2,-,Virginia,Telecommunications
none,115487,5,Bachelor's,Texas,Healthcare
none,103400,3,Bachelor's,Alabama,Management & Consulting
none,86657,5,-,Mississippi,Information Technology
none,77500,3,-,Virginia,Information Technology
none,91650,1,Bachelor's,Virginia,Aerospace & Defense
ai_integration,201300,5,-,Washington State,Restaurants & Food Service
none,87285,3,Bachelor's,South Carolina,Government & Public Administration
ai_integration,112000,5,-,Washington State,Unknown
none,90600,10,Bachelor's,Virginia,Information Technology
none,95373,5,Bachelor's,New Hampshire,Government & Public Administration
none,86500,,Master's,Virginia,Education
none,107960,6,-,North Carolina,Information Technology
none,101450,3,High School,Utah,Information Technology
none,103700,2,-,Virginia,Management & Consulting
none,55000,,Bachelor's,Indiana,Education
none,77500,3,Bachelor's,Oregon,Information Technology
none,93213,4,High School,Alabama,Information Technology
none,86757,3,Bachelor's,Michigan,Financial Services
none,110000,7,Bachelor's,California,Financial Services
none,93592,5,Associate,Virginia,Aerospace & Defense
none,121600,3,Bachelor's,Massachusetts,Manufacturing
none,73286,1,Bachelor's,Colorado,Education
none,109115,5,Bachelor's,Missouri,Financial Services
none,130000,3,-,California,Financial Services
ai_integration,56426,4,Bachelor's,Texas,Financial Services
none,62441,3,Bachelor's,Florida,Healthcare
none,78717,3,Bachelor's,Ohio,"Construction, Repair & Maintenance Services"
none,105000,,Bachelor's,Georgia,Media & Communication
none,89833,,-,Maryland,Information Technology
none,110000,4,Bachelor's,California,Financial Services
none,133500,6,Bachelor's,California,Management & Consulting
ai_integration,134000,5,-,California,Information Technology
none,103000,,-,Wisconsin,Insurance
none,111898,2,Bachelor's,Nevada,Government & Public Administration
none,78222,2,High School,Ohio,Manufacturing
none,116650,5,-,Florida,Aerospace & Defense
none,92949,3,-,Virginia,Information Technology
none,92454,5,Bachelor's,Texas,Manufacturing
none,82227,0,Bachelor's,Florida,Restaurants & Food Service
none,94900,5,-,Virginia,Aerospace & Defense
none,119538,3,Bachelor's,Unknown,Aerospace & Defense
none,82334,3,Bachelor's,Pennsylvania,Unknown
none,69330,1,Bachelor's,Kansas,"Construction, Repair & Maintenance Services"
none,71656,,-,Indiana,Healthcare
none,107360,8,Bachelor's,Alabama,Information Technology
none,81112,5,-,Florida,"Construction, Repair & Maintenance Services"
none,73500,3,Bachelor's,Ohio,Education
none,150000,7,High School,Maryland,Management & Consulting
none,52552,1,Bachelor's,Michigan,Education
none,131100,5,Bachelor's,Unknown,Financial Services
none,94999,2,Bachelor's,Texas,Unknown
none,85764,1,High School,Florida,Healthcare
none,92040,6,Bachelor's,Pennsylvania,Unknown
none,87916,5,-,Wisconsin,Manufacturing
none,95000,1,Bachelor's,Unknown,Information Technology
none,90000,3,-,Michigan,Information Technology
none,84561,10,Bachelor's,North Carolina,Aerospace & Defense
none,45000,,-,Virgin Islands,Unknown
none,210000,5,-,Unknown,Information Technology
none,63841,2,Bachelor's,Ohio,Healthcare
none,60663,2,Associate,Wisconsin,Financial Services
none,63637,3,Bachelor's,Ohio,Financial Services
none,92419,0,Bachelor's,North Carolina,Unknown
none,51765,,-,New Hampshire,Personal Consumer Services
none,94500,2,Bachelor's,Florida,Management & Consulting
none,119538,1,Bachelor's,Unknown,Aerospace & Defense
none,114772,6,Bachelor's,Maine,Telecommunications
none,78916,2,Bachelor's,Alabama,Manufacturing
none,155700,0,Associate,Alabama,Aerospace & Defense
none,81954,4,Bachelor's,Texas,Information Technology
ai_integration,68500,2,Bachelor's,Unknown,Information Technology
none,90364,4,Bachelor's,Virginia,Information Technology
none,73716,3,-,Michigan,Insurance
none,97021,,Bachelor's,New Mexico,"Energy, Mining & Utilities"
none,100000,2,Bachelor's,Colorado,Information Technology
none,80072,1,-,Tennessee,Government & Public Administration
ai_integration,125000,5,Associate,Maryland,Information Technology
none,62071,3,-,Georgia,Information Technology
none,97640,3,Bachelor's,West Virginia,Management & Consulting
none,60593,3,Bachelor's,Puerto Rico,Financial Services
none,61856,0,Bachelor's,Florida,Information Technology
none,80366,3,High School,Wisconsin,"Arts, Entertainment & Recreation"
none,130000,2,-,Massachusetts,Financial Services
none,57605,,Bachelor's,Alabama,Education
none,115000,3,Bachelor's,New Jersey,Financial Services
none,161950,,-,Utah,Information Technology
none,126340,3,High School,Oregon,Information Technology
none,92359,7,-,Hawaii,Government & Public Administration
none,73835,1,High School,Texas,"Construction, Repair & Maintenance Services"
none,207000,8,Bachelor's,Virginia,Information Technology
none,66844,2,High School,Virginia,Human Resources & Staffing
none,141022,,-,Virginia,Information Technology
none,83826,1,Bachelor's,Virginia,Aerospace & Defense
none,83500,4,Bachelor's,Pennsylvania,Transportation & Logistics
none,102500,,-,Colorado,Media & Communication
none,93891,,-,Nevada,Government & Public Administration
none,100000,1,Bachelor's,Illinois,Information Technology
none,66560,,-,Unknown,Financial Services
none,212500,10,Bachelor's,Virginia,Financial Services
ai_integration,129905,5,-,Washington State,Human Resources & Staffing
none,93500,2,Bachelor's,Unknown,Information Technology
none,137050,5,Bachelor's,Georgia,Financial Services
ai_integration,57338,0,-,North Carolina,Information Technology
none,80771,,-,Texas,Education
none,79642,1,-,Texas,Financial Services
none,80338,1,Associate,Texas,Restaurants & Food Service
none,195000,4,-,Virginia,Information Technology
none,97128,5,Associate,Tennessee,Education
none,72401,2,Bachelor's,Alabama,"Construction, Repair & Maintenance Services"
none,95453,2,Bachelor's,Virginia,Aerospace & Defense
none,54832,1,-,North Carolina,Information Technology
none,114174,5,-,Washington State,Government & Public Administration
applied_ai,110151,5,-,Georgia,Information Technology
none,106024,5,Bachelor's,Texas,"Energy, Mining & Utilities"
none,63914,3,Bachelor's,Ohio,Manufacturing
none,81414,3,Associate,Virginia,Information Technology
none,112500,8,Bachelor's,New Jersey,Unknown
none,117500,5,Bachelor's,Illinois,Management & Consulting
none,111078,8,Bachelor's,Florida,Aerospace & Defense
none,182903,2,Bachelor's,Minnesota,Manufacturing
none,80297,5,Bachelor's,Texas,Healthcare
none,111213,5,Bachelor's,Georgia,Manufacturing
none,55000,3,Bachelor's,Indiana,Education
none,63500,2,Bachelor's,Unknown,Information Technology
none,95000,2,-,California,Restaurants & Food Service
none,106563,5,Bachelor's,Massachusetts,Financial Services
none,115475,,-,New Hampshire,Government & Public Administration
none,115000,3,Bachelor's,Colorado,Real Estate
none,72500,2,Bachelor's,Missouri,Management & Consulting
none,92865,5,Bachelor's,Maryland,Information Technology
none,89945,,-,Georgia,Unknown
none,81030,3,Bachelor's,Tennessee,Healthcare
none,82329,0,Associate,Ohio,Retail & Wholesale
none,91673,3,Bachelor's,Florida,Education
none,102526,,-,South Carolina,Management & Consulting
none,80134,0,-,Maryland,Information Technology
none,94900,2,-,Maryland,Aerospace & Defense
none,99246,5,Bachelor's,Virginia,Unknown
none,121201,3,Bachelor's,Virginia,Telecommunications
none,90000,4,Bachelor's,Pennsylvania,Government & Public Administration
none,57254,2,-,Texas,Information Technology
none,97500,2,High School,Illinois,Insurance
none,84694,2,Bachelor's,Missouri,Healthcare
none,141700,5,Bachelor's,Virginia,Management & Consulting
ai_integration,158800,5,-,Illinois,Media & Communication
none,85745,3,Bachelor's,Missouri,Healthcare
none,110000,3,Bachelor's,California,Information Technology
none,78931,5,Bachelor's,Texas,Insurance
ai_integration,94424,,Bachelor's,Tennessee,Aerospace & Defense
none,76010,5,Bachelor's,New York State,Financial Services
none,155400,8,Bachelor's,Unknown,Insurance
none,147500,4,-,New Jersey,Telecommunications
none,110000,2,-,Connecticut,Information Technology
none,100000,5,-,Maryland,Information Technology
none,99734,0,-,Arizona,Unknown
none,64618,3,-,Texas,Education
none,63132,3,-,Tennessee,Unknown
none,73857,5,-,Alabama,"Energy, Mining & Utilities"
none,101983,4,Associate,Texas,Information Technology
none,136415,10,-,Rhode Island,Healthcare
ai_integration,91163,1,-,Kansas,Information Technology
none,97500,3,Bachelor's,Unknown,Unknown
none,121500,5,-,Wisconsin,Unknown
none,73000,0,Bachelor's,Florida,Financial Services
none,76000,2,Bachelor's,Minnesota,Manufacturing
none,190000,2,Associate,Texas,Government & Public Administration
none,91300,1,Bachelor's,Pennsylvania,Healthcare
none,105000,5,Associate,New York State,Management & Consulting
none,109840,2,Bachelor's,Colorado,Financial Services
none,137500,5,Bachelor's,Colorado,Aerospace & Defense
none,107076,5,Bachelor's,Florida,Real Estate
none,131600,3,Bachelor's,California,Education
none,104500,2,-,Unknown,Information Technology
none,98000,5,Bachelor's,South Carolina,Unknown
ai_integration,75000,3,-,Maryland,Unknown
none,92500,5,-,District of Columbia,Unknown
none,78376,3,Bachelor's,Texas,Manufacturing
none,68573,2,-,Arkansas,Retail & Wholesale
none,145300,6,-,New York State,"Energy, Mining & Utilities"
none,81209,2,Bachelor's,California,Information Technology
none,69620,4,Bachelor's,Texas,Transportation & Logistics
none,85152,3,-,Colorado,"Energy, Mining & Utilities"
none,120000,4,-,California,Retail & Wholesale
none,38026,,-,Nevada,Hotels & Travel Accommodation
none,140000,5,Bachelor's,Virginia,Management & Consulting
none,75246,0,Bachelor's,Alabama,Government & Public Administration
none,70937,3,-,South Carolina,Human Resources & Staffing
none,116000,2,-,Virginia,Government & Public Administration
none,94220,5,-,Georgia,Media & Communication
none,99495,8,Bachelor's,Florida,Aerospace & Defense
none,130000,8,Bachelor's,Maine,Pharmaceutical & Biotechnology
none,140143,2,High School,Maryland,Unknown
none,102500,5,-,New York State,Insurance
none,76588,1,Associate,North Carolina,Financial Services
none,92616,5,-,Connecticut,Information Technology
none,106200,3,Bachelor's,California,Information Technology
none,107856,1,-,Massachusetts,Financial Services
none,69188,3,Bachelor's,Puerto Rico,Financial Services
none,72381,6,Bachelor's,Ohio,Management & Consulting
none,85000,3,Bachelor's,Texas,Information Technology
none,133600,4,-,California,Manufacturing
none,88125,3,Bachelor's,Montana,Information Technology
none,75000,3,-,Unknown,Information Technology
none,77500,4,Bachelor's,Georgia,"Energy, Mining & Utilities"
none,126340,3,High School,California,Information Technology
none,76746,2,Bachelor's,Florida,Financial Services
none,57496,1,Associate,Indiana,Manufacturing
none,130000,3,-,Virginia,Aerospace & Defense
none,105314,,Bachelor's,Missouri,Aerospace & Defense
none,55214,0,Bachelor's,Virginia,Unknown
none,100019,5,Bachelor's,Virginia,Information Technology
none,115963,5,-,Ohio,Insurance
none,96579,0,-,Tennessee,Financial Services
none,124534,,-,Tennessee,Aerospace & Defense
none,150000,3,Bachelor's,Pennsylvania,Unknown
none,145000,6,-,Unknown,Manufacturing
none,115000,5,-,Unknown,Information Technology
none,157500,7,Bachelor's,District of Columbia,Unknown
none,94500,2,Bachelor's,California,Information Technology
none,99650,2,Associate,Massachusetts,Insurance
none,92500,1,Bachelor's,Virginia,Education
ai_integration,133505,7,-,Massachusetts,Manufacturing
none,195000,10,Bachelor's,Virginia,Human Resources & Staffing
none,96599,1,-,Virginia,Insurance
none,116470,,-,California,Information Technology
none,92532,4,-,Virginia,Aerospace & Defense
none,97313,5,-,Virginia,Information Technology
none,72040,3,Bachelor's,Florida,Real Estate
none,85000,3,Associate,Ohio,Government & Public Administration
none,58063,5,-,Maryland,Education
ai_integration,106000,2,Associate,Maryland,Government & Public Administration
none,150500,2,Bachelor's,District of Columbia,Management & Consulting
none,250000,3,-,Unknown,Unknown
none,87020,4,Bachelor's,Illinois,Information Technology
none,108754,5,-,Ohio,Aerospace & Defense
none,86695,5,-,Wisconsin,Healthcare
none,95840,4,Bachelor's,Louisiana,Information Technology
none,75000,3,Bachelor's,Maryland,Information Technology
none,71780,3,Bachelor's,Florida,Nonprofit & NGO
none,76010,5,Bachelor's,New York State,Financial Services
none,68500,1,-,Nebraska,Manufacturing
none,150000,4,-,California,Aerospace & Defense
none,125920,5,Bachelor's,California,Information Technology
none,62871,0,High School,Tennessee,Healthcare
none,90000,,Bachelor's,Texas,Unknown
none,143550,7,Bachelor's,Massachusetts,Retail & Wholesale
ai_integration,137114,5,Bachelor's,New Jersey,Information Technology
none,95411,,-,Oregon,Unknown
none,99486,,-,Missouri,Human Resources & Staffing
none,117500,1,Bachelor's,Virginia,Information Technology
none,77216,0,Bachelor's,Florida,Information Technology
none,130000,5,-,California,Manufacturing
none,98621,3,-,Texas,Financial Services
none,85000,,-,Colorado,Aerospace & Defense
none,107299,10,Bachelor's,Texas,Unknown
none,79580,3,Bachelor's,Oklahoma,Manufacturing
none,71194,0,Bachelor's,Georgia,Financial Services
none,122550,5,-,Unknown,Management & Consulting
none,142500,5,Bachelor's,California,Financial Services
none,83282,3,-,Pennsylvania,Unknown
none,122500,1,-,Virginia,Information Technology
none,125000,7,Associate,Colorado,Aerospace & Defense
none,70444,1,Bachelor's,Tennessee,Aerospace & Defense
none,83404,2,Bachelor's,Nevada,Aerospace & Defense
none,147500,6,Bachelor's,Pennsylvania,Unknown
none,113000,3,-,Georgia,Unknown
none,86349,5,Bachelor's,North Carolina,Information Technology
none,107000,4,Bachelor's,Unknown,Insurance
none,183350,5,Bachelor's,Massachusetts,Manufacturing
ai_integration,83500,2,Bachelor's,Maine,Financial Services
none,93707,5,High School,Maryland,Personal Consumer Services
none,42500,0,-,New York State,Financial Services
none,110000,7,Bachelor's,North Carolina,Financial Services
none,107500,4,Bachelor's,New Jersey,Media & Communication
none,73080,,High School,Texas,Government & Public Administration
none,69784,2,-,Pennsylvania,Healthcare
none,55000,2,-,Texas,Unknown
none,105500,1,Master's,New Jersey,Information Technology
none,132500,10,-,Virginia,Management & Consulting
none,98552,0,-,Florida,Information Technology
none,132307,5,Bachelor's,Minnesota,Manufacturing
none,100000,3,-,New York State,"Construction, Repair & Maintenance Services"
none,81063,2,-,Texas,Manufacturing
applied_ai,110000,2,-,Illinois,Information Technology
none,77941,3,-,Indiana,Media & Communication
none,74352,2,Bachelor's,Massachusetts,Information Technology
none,140000,5,Bachelor's,California,Education
none,80000,3,-,Pennsylvania,Government & Public Administration
none,96192,,-,Florida,Transportation & Logistics
ai_integration,128500,3,-,Virginia,Information Technology
none,99250,4,-,Hawaii,Financial Services
none,75739,2,Associate,Maryland,Information Technology
none,93918,2,Bachelor's,Virginia,Unknown
none,97170,6,Bachelor's,Pennsylvania,Management & Consulting
none,70595,0,Associate,Maryland,Aerospace & Defense
none,95659,1,-,Virginia,Information Technology
none,95611,3,-,Georgia,Information Technology
none,132660,,-,District of Columbia,Information Technology
none,142500,3,-,Virginia,Information Technology
none,117500,8,Bachelor's,Texas,Human Resources & Staffing
none,75332,1,-,Nebraska,Telecommunications
none,111397,0,Bachelor's,Utah,Financial Services
none,72954,2,High School,North Carolina,Management & Consulting
none,79172,5,Bachelor's,Florida,Aerospace & Defense
none,109763,0,-,Pennsylvania,Financial Services
none,112233,5,-,Virginia,Unknown
none,94581,,-,Texas,Financial Services
none,89661,4,Bachelor's,Maryland,Unknown
none,82073,5,-,Nebraska,Aerospace & Defense
none,67835,2,Bachelor's,Hawaii,Financial Services
none,68384,1,-,Ohio,Information Technology
ai_integration,56897,0,Bachelor's,New Jersey,Information Technology
none,86367,3,-,Illinois,Unknown
none,116523,8,Bachelor's,Virginia,Aerospace & Defense
none,84767,,-,Louisiana,Unknown
none,100000,2,Bachelor's,Maryland,Unknown
none,72846,3,Bachelor's,Georgia,Legal
none,100784,3,Bachelor's,Massachusetts,"Energy, Mining & Utilities"
none,87983,0,High School,Virginia,Information Technology
none,85035,1,-,Illinois,Financial Services
none,113995,18,Bachelor's,Hawaii,Unknown
none,140395,5,-,California,Management & Consulting
ai_integration,121231,8,Bachelor's,Texas,"Energy, Mining & Utilities"
none,107950,7,-,Massachusetts,Financial Services
none,113500,8,Bachelor's,Oklahoma,Government & Public Administration
ai_integration,112383,4,-,Texas,Manufacturing
ai_integration,98797,3,-,North Carolina,Retail & Wholesale
none,82687,,Bachelor's,Texas,Financial Services
none,148480,2,High School,California,Information Technology
none,92577,1,-,Virginia,Information Technology
none,113200,7,Bachelor's,Unknown,Insurance
none,154690,0,Bachelor's,North Carolina,Financial Services
none,94366,5,Bachelor's,Virginia,Aerospace & Defense
none,121046,1,-,Massachusetts,Financial Services
none,105000,6,High School,Texas,Information Technology
none,83413,4,Bachelor's,Virginia,Unknown
none,74020,0,High School,New York State,Government & Public Administration
none,117500,3,Bachelor's,Maryland,Financial Services
none,72500,0,-,New York State,Healthcare
none,111330,10,Bachelor's,Unknown,Healthcare
none,127000,15,Bachelor's,Oklahoma,Government & Public Administration
applied_ai,141960,2,Bachelor's,Georgia,Information Technology
none,139250,6,High School,Maryland,Pharmaceutical & Biotechnology
applied_ai,112500,3,-,New York State,Financial Services
none,65671,3,-,Utah,Restaurants & Food Service
none,120690,,-,New York State,Unknown
ai_integration,85930,5,-,Colorado,Information Technology
none,90000,6,Bachelor's,Wisconsin,Manufacturing
ai_integration,148000,7,Bachelor's,New Jersey,Financial Services
none,84450,3,Bachelor's,California,Information Technology
none,90000,,-,Virginia,Information Technology
none,138343,,-,Virginia,Information Technology
none,97500,3,Bachelor's,Rhode Island,Education
none,87667,,-,Illinois,Financial Services
none,155000,7,Bachelor's,Virginia,Information Technology
none,122600,,-,New York State,Information Technology
none,121039,,-,Illinois,Financial Services
none,83748,5,-,Texas,Retail & Wholesale
none,120000,,-,Virginia,Information Technology
none,100000,5,Bachelor's,California,Human Resources & Staffing
none,99552,2,Master's,Texas,Unknown
none,130000,5,-,Massachusetts,Insurance
none,122500,3,-,Illinois,Financial Services
none,116776,8,Bachelor's,Virginia,Management & Consulting
none,137500,2,-,Maryland,Unknown
none,155000,10,Bachelor's,Virginia,Information Technology
none,85000,3,-,Virginia,Information Technology
none,87784,,-,Ohio,Unknown
none,54497,5,-,Virginia,Aerospace & Defense
ai_integration,170000,8,Bachelor's,Virginia,Unknown
none,137500,3,Bachelor's,New York State,Information Technology
none,83537,6,Bachelor's,South Carolina,Information Technology
none,115000,2,Bachelor's,New York State,Financial Services
none,70532,6,Bachelor's,Maryland,Unknown
none,109300,5,Bachelor's,Unknown,Financial Services
none,55000,0,-,Texas,Information Technology
none,73058,1,-,Virginia,Information Technology
none,103386,3,Bachelor's,Texas,Healthcare
none,97603,,Bachelor's,Texas,Unknown
none,100131,,Bachelor's,Georgia,Unknown
none,86958,3,Bachelor's,Maryland,Information Technology
ai_integration,119000,6,-,Texas,Manufacturing
none,125000,4,Bachelor's,California,"Energy, Mining & Utilities"
none,90835,8,Bachelor's,Florida,Financial Services
none,69526,5,High School,Ohio,Management & Consulting
none,88044,3,Bachelor's,Massachusetts,Information Technology
none,134410,1,-,California,Government & Public Administration
none,119000,5,-,California,Unknown
ai_integration,130000,5,-,Unknown,Unknown
none,113933,5,High School,New Jersey,Insurance
none,109607,5,Bachelor's,Maryland,Information Technology
none,112500,5,-,California,Financial Services
ai_integration,84580,3,Bachelor's,Massachusetts,Education
none,81835,,-,California,Unknown
none,131609,8,Associate,Massachusetts,Healthcare
none,94639,5,Bachelor's,Wisconsin,Manufacturing
applied_ai,191250,4,-,Texas,Information Technology
none,76932,,-,Florida,Information Technology
none,121859,8,Bachelor's,Virginia,Management & Consulting
none,143247,,-,Virginia,Human Resources & Staffing
none,75310,2,Associate,Maryland,Information Technology
none,85488,5,Bachelor's,Florida,Unknown
applied_ai,101703,4,Bachelor's,Kansas,Information Technology
none,87761,5,Bachelor's,Massachusetts,Financial Services
none,94848,3,-,South Carolina,Information Technology
none,79542,7,Bachelor's,Virginia,Government & Public Administration
none,100000,4,Bachelor's,Unknown,Aerospace & Defense
none,90000,1,Master's,New York State,Financial Services
none,106280,5,-,New York State,Media & Communication
none,140000,5,-,Washington State,Unknown
none,104211,3,-,California,Information Technology
none,116779,10,Bachelor's,Rhode Island,Healthcare
none,114799,,Bachelor's,Georgia,Human Resources & Staffing
none,81214,3,Bachelor's,Unknown,Management & Consulting
none,112500,5,Bachelor's,Texas,Insurance
none,108947,3,Bachelor's,District of Columbia,Management & Consulting
none,110000,4,Bachelor's,Virginia,Information Technology
none,94115,5,Bachelor's,Unknown,Management & Consulting
none,86462,2,-,Massachusetts,Information Technology
none,69582,1,Bachelor's,Georgia,Human Resources & Staffing
none,55462,1,-,Florida,Unknown
none,53400,,Bachelor's,Pennsylvania,Education
applied_ai,74376,3,Bachelor's,Minnesota,Retail & Wholesale
none,177500,7,-,Unknown,Information Technology
none,98000,5,-,Pennsylvania,Nonprofit & NGO
none,99840,5,Bachelor's,California,Information Technology
none,61000,2,Bachelor's,California,Retail & Wholesale
none,75000,3,Bachelor's,Vermont,Education
none,138034,7,Bachelor's,Texas,Manufacturing
none,115000,3,-,Virginia,Aerospace & Defense
none,97783,3,Bachelor's,Virginia,Government & Public Administration
ai_integration,87500,0,Bachelor's,California,Management & Consulting
none,111720,5,Bachelor's,North Carolina,Manufacturing
none,100000,,Bachelor's,New York State,Education
none,94185,14,Bachelor's,Maryland,Unknown
ai_integration,110250,5,Bachelor's,Colorado,Aerospace & Defense
none,77142,3,Bachelor's,Virginia,Information Technology
none,63582,5,Bachelor's,Florida,Education
none,57009,3,Bachelor's,Georgia,Education
none,89934,2,-,Maryland,Information Technology
none,102399,5,-,California,Unknown
none,80886,,-,California,Unknown
none,67600,,-,Unknown,Unknown
none,82140,,-,Florida,Unknown
ai_integration,139184,5,-,Texas,Media
none,53563,,-,Puerto Rico,Information Technology
none,93950,6,-,Pennsylvania,Management & Consulting
none,135562,,-,Pennsylvania,Information Technology
none,70000,3,-,Georgia,Government & Public Administration
none,48267,2,High School,Florida,Hotels & Travel Accommodation
none,83494,4,-,Connecticut,Media & Communication
none,135000,10,Bachelor's,New Jersey,Government & Public Administration
none,133900,,Bachelor's,Texas,Financial Services
none,79550,1,Bachelor's,Minnesota,Information Technology
ai_integration,160000,4,Bachelor's,California,Insurance
none,101325,5,-,Michigan,Financial Services
ai_integration,137500,6,Bachelor's,Colorado,Personal Consumer Services
none,135000,0,Bachelor's,Texas,Management & Consulting
ai_integration,122500,3,Bachelor's,California,Management & Consulting
ai_integration,82029,4,Bachelor's,Texas,Information Technology
none,84474,3,-,Ohio,Information Technology
none,167500,10,High School,Unknown,Information Technology
none,146913,6,Bachelor's,Missouri,Aerospace & Defense
none,160950,7,Bachelor's,Virginia,Aerospace & Defense
none,150000,5,Bachelor's,Unknown,Information Technology
none,84112,1,Bachelor's,Oregon,Retail & Wholesale
none,90000,0,-,California,Unknown
none,84621,7,-,New Jersey,Unknown
none,80382,8,Bachelor's,Puerto Rico,Information Technology
none,99416,5,Bachelor's,Georgia,Information Technology
ai_integration,71614,,Bachelor's,Arizona,Government & Public Administration
ai_integration,110250,0,Bachelor's,Colorado,Aerospace & Defense
applied_ai,75000,0,-,Arizona,Unknown
none,140000,3,Bachelor's,Unknown,Information Technology
none,113378,2,-,Virginia,Unknown
none,95000,4,Bachelor's,Unknown,Government & Public Administration
none,65000,0,Bachelor's,Virginia,Information Technology
ai_integration,101998,2,Bachelor's,Virginia,Management & Consulting
none,133000,6,-,Colorado,Aerospace & Defense
none,68028,5,-,Illinois,Unknown
none,116704,,-,Ohio,Unknown
ai_integration,80042,3,-,Pennsylvania,Healthcare
none,104759,5,Bachelor's,Minnesota,Healthcare
none,141767,5,Bachelor's,Texas,Retail & Wholesale
none,65000,4,-,Wisconsin,Unknown
none,65000,2,Bachelor's,New Jersey,Unknown
none,128393,6,Bachelor's,Colorado,Aerospace & Defense
none,103631,0,Bachelor's,Ohio,Management & Consulting
none,119500,,-,Missouri,Financial Services
none,156302,5,-,District of Columbia,Aerospace & Defense
none,70224,3,-,Virginia,Management & Consulting
none,90000,,Bachelor's,North Carolina,Information Technology
none,110000,5,Bachelor's,California,Manufacturing
none,129432,5,-,Colorado,Government & Public Administration
ai_integration,81000,2,High School,Texas,Management & Consulting
none,73005,,Bachelor's,Texas,Aerospace & Defense
applied_ai,117500,5,-,North Carolina,Information Technology
none,89263,5,Bachelor's,Texas,"Construction, Repair & Maintenance Services"
none,91000,5,-,Texas,Information Technology
ai_integration,55000,5,-,Unknown,Information Technology
none,57588,5,High School,Nebraska,Personal Consumer Services
none,109286,3,-,Florida,Financial Services
none,99000,2,-,Unknown,Information Technology
ai_integration,124000,10,Bachelor's,Colorado,Information Technology
none,100000,4,-,Oklahoma,Unknown
none,108000,,-,Unknown,Information Technology
none,103805,,Bachelor's,Maryland,Aerospace & Defense
none,100000,3,Bachelor's,Virginia,Management & Consulting
ai_integration,89447,2,Bachelor's,Texas,Unknown
none,103839,15,Bachelor's,Missouri,Information Technology
none,90000,5,-,Unknown,Retail & Wholesale
none,61250,3,-,New York State,"Arts, Entertainment & Recreation"
none,100000,5,-,California,Unknown
none,110062,,-,Unknown,Unknown
none,78718,5,Bachelor's,Louisiana,Manufacturing
ai_integration,182500,5,Bachelor's,Virginia,Information Technology
ai_integration,129344,3,Bachelor's,Unknown,Education
none,68400,,-,Illinois,Unknown
none,82262,2,Bachelor's,Massachusetts,Information Technology
none,105063,5,-,Pennsylvania,Information Technology
none,108816,10,-,Virginia,Information Technology
none,70000,4,-,Unknown,Information Technology
none,187000,7,Bachelor's,Minnesota,Manufacturing
none,74030,2,-,Michigan,Information Technology
none,120000,5,Bachelor's,Kansas,Healthcare
none,77582,1,-,Florida,Real Estate
none,79021,3,Bachelor's,Florida,Information Technology
none,95000,2,-,New Hampshire,Media & Communication
ai_integration,112500,5,Bachelor's,District of Columbia,Management & Consulting
ai_integration,83000,2,Bachelor's,Illinois,Media & Communication
applied_ai,50000,3,-,Rhode Island,Unknown
none,63819,2,Bachelor's,Virginia,Information Technology
none,77575,5,Bachelor's,Florida,Restaurants & Food Service
none,75000,6,-,Unknown,Information Technology
none,82798,2,Bachelor's,Virginia,Information Technology
none,137500,4,Bachelor's,Unknown,Aerospace & Defense
none,92736,3,-,Maryland,Information Technology
none,73708,4,-,Pennsylvania,Information Technology
ai_integration,215000,3,-,New York State,Unknown
none,92357,,Bachelor's,Texas,Information Technology
none,135559,6,-,Texas,Manufacturing
none,80546,3,-,Texas,Information Technology
ai_integration,107987,2,Bachelor's,California,Manufacturing
none,80000,1,Bachelor's,Pennsylvania,Unknown
none,160250,7,Bachelor's,Texas,Manufacturing
none,160950,7,Bachelor's,Virginia,Aerospace & Defense
none,48865,4,Associate,South Carolina,Unknown
none,130000,6,Bachelor's,California,Healthcare
none,109360,3,Bachelor's,North Carolina,Manufacturing
ai_integration,215000,3,-,California,Unknown
none,200000,3,-,Maryland,Information Technology
none,65000,4,Bachelor's,Texas,Information Technology
none,115000,2,Bachelor's,Massachusetts,Information Technology
none,84699,9,-,Texas,Unknown
none,69669,5,-,Florida,Manufacturing
none,103950,,-,North Carolina,Media & Communication
none,67004,0,-,Virginia,Information Technology
none,102783,5,Bachelor's,Iowa,Information Technology
ai_integration,119793,5,Bachelor's,Unknown,Information Technology
ai_integration,88493,5,Bachelor's,Georgia,Retail & Wholesale
none,79023,3,Bachelor's,Florida,Information Technology
ai_integration,182500,3,Bachelor's,Maryland,Information Technology
none,114373,,Bachelor's,Indiana,Transportation & Logistics
none,55248,2,Bachelor's,Texas,Information Technology
none,179500,5,Bachelor's,Utah,Retail & Wholesale
none,77160,4,Bachelor's,Georgia,Management & Consulting
none,78951,,-,Michigan,Information Technology
none,70256,3,Bachelor's,Florida,Nonprofit & NGO
none,73000,1,-,New York State,Manufacturing
none,135000,7,Bachelor's,Virginia,Management & Consulting
none,113444,3,-,Florida,Financial Services
none,170000,2,-,Texas,Management & Consulting
none,82441,2,Bachelor's,Kansas,Manufacturing
none,82069,5,-,Pennsylvania,Information Technology
none,89500,3,Bachelor's,California,Nonprofit & NGO
none,75551,5,-,Michigan,Management & Consulting
ai_integration,132500,5,-,Unknown,Government & Public Administration
none,86000,6,-,Unknown,Information Technology
none,117188,4,Bachelor's,Connecticut,Education
applied_ai,132500,3,-,Unknown,Nonprofit & NGO
none,115851,5,-,Virginia,Unknown
none,61000,7,Bachelor's,New Jersey,Information Technology
none,75000,,-,Florida,Unknown
ai_integration,112500,5,-,North Carolina,Real Estate
none,135000,2,-,Arkansas,Retail & Wholesale
none,137500,6,-,Unknown,Legal
none,126700,2,Bachelor's,California,Information Technology
none,142400,2,High School,Virginia,Information Technology
ai_integration,134200,5,Bachelor's,Virginia,Aerospace & Defense
none,85500,8,-,Florida,Information Technology
ai_integration,88558,3,-,Ohio,Unknown
none,90777,3,Bachelor's,Texas,"Construction, Repair & Maintenance Services"
none,199900,3,-,California,Manufacturing
none,123300,5,Bachelor's,Minnesota,Information Technology
ai_integration,103000,4,-,Unknown,Management & Consulting
none,65533,2,-,Pennsylvania,Information Technology
none,103000,5,Bachelor's,New York State,Manufacturing
none,125050,5,Bachelor's,Virginia,Management & Consulting
ai_integration,93300,6,-,Utah,Financial Services
none,95251,3,Bachelor's,Texas,Information Technology
none,32640,0,-,Tennessee,Unknown
none,102752,2,Bachelor's,California,Information Technology
none,120000,3,-,Florida,Unknown
none,107500,3,-,Unknown,Unknown
ai_integration,104692,3,-,Maryland,Information Technology
none,135165,7,Bachelor's,District of Columbia,Management & Consulting
none,50000,3,-,Texas,Information Technology
none,121299,,-,Virginia,Insurance
none,67513,2,Bachelor's,Texas,Information Technology
none,92333,5,-,Michigan,"Construction, Repair & Maintenance Services"
none,120000,1,Bachelor's,California,Information Technology
none,149900,2,-,Texas,Unknown
none,170000,3,-,California,Unknown
none,135000,5,Bachelor's,Colorado,Management & Consulting
none,55440,1,-,North Carolina,Information Technology
ai_integration,187500,,-,California,Unknown
none,121500,2,Bachelor's,Colorado,Aerospace & Defense
none,64000,2,Bachelor's,New Jersey,Unknown
none,167500,5,Bachelor's,California,Information Technology
none,196000,3,Bachelor's,Unknown,Manufacturing
none,91049,1,Associate,Oklahoma,Information Technology
none,147549,8,-,Virginia,Unknown
none,75495,3,Bachelor's,Connecticut,Retail & Wholesale
none,92157,5,-,Georgia,Information Technology
none,121200,7,Bachelor's,Florida,Financial Services
none,80460,3,Bachelor's,Texas,Telecommunications
none,84054,2,Bachelor's,North Carolina,Pharmaceutical & Biotechnology
none,66603,,Bachelor's,Florida,Information Technology
none,192500,5,Bachelor's,California,Unknown
none,128000,7,Bachelor's,Maryland,Information Technology
none,98590,,-,Pennsylvania,Media & Communication
none,107120,5,-,Unknown,Information Technology
none,71328,,-,Kansas,Unknown
none,60000,3,Bachelor's,Puerto Rico,Unknown
applied_ai,245000,5,-,California,Information Technology
none,82083,,-,Iowa,Human Resources & Staffing
none,138474,10,Bachelor's,District of Columbia,Aerospace & Defense
none,141054,4,-,California,Information Technology
none,83566,7,-,Texas,Information Technology
none,121913,2,Bachelor's,Virginia,Information Technology
none,76676,5,Bachelor's,New Jersey,Information Technology
none,83632,4,-,New Mexico,Management & Consulting
none,80515,7,Bachelor's,Tennessee,Retail & Wholesale
none,57500,,-,Virginia,Unknown
none,128502,1,Master's,Washington State,Information Technology
none,84469,,-,Texas,Healthcare
none,70248,1,Bachelor's,Texas,Management & Consulting
none,66547,3,Bachelor's,Massachusetts,Information Technology
none,55517,3,Bachelor's,Wisconsin,Media & Communication
none,135478,10,Bachelor's,California,Unknown
none,105625,5,Bachelor's,Virginia,Information Technology
none,125000,3,Bachelor's,California,Information Technology
none,115000,6,-,New York State,Information Technology
none,137500,5,-,Colorado,Information Technology
none,105000,3,Bachelor's,Virginia,Information Technology
ai_integration,113711,,-,Illinois,Information Technology
ai_integration,174150,10,Bachelor's,Colorado,Manufacturing
none,95000,8,-,Texas,Information Technology
none,77500,5,-,New Hampshire,Media & Communication
none,170000,5,Bachelor's,Virginia,Management & Consulting
none,96608,,-,Virginia,"Energy, Mining & Utilities"
none,107360,,-,Wyoming,Unknown
none,122186,6,Bachelor's,Florida,Financial Services
ai_integration,87500,3,Bachelor's,Colorado,Unknown
none,143954,7,-,Kentucky,Restaurants & Food Service
none,101860,5,-,Texas,Media & Communication
none,135000,3,-,Arkansas,Retail & Wholesale
none,53522,,-,Idaho,Personal Consumer Services
none,55243,3,Bachelor's,Ohio,Manufacturing
ai_integration,122500,5,Bachelor's,Unknown,"Construction, Repair & Maintenance Services"
none,90389,,Bachelor's,Michigan,Information Technology
none,88670,,-,California,Management & Consulting
none,167500,,-,New York State,Information Technology
none,71204,3,-,South Dakota,Management & Consulting
none,101500,,-,Texas,Information Technology
none,84648,,-,Missouri,"Construction, Repair & Maintenance Services"
none,95402,5,-,Florida,Unknown
none,87682,2,Bachelor's,California,Information Technology
none,117250,5,-,Illinois,Insurance
none,131500,3,Bachelor's,New York State,Information Technology
none,117500,4,Bachelor's,Colorado,Aerospace & Defense
none,95000,3,-,Unknown,Unknown
none,132500,5,Bachelor's,California,Personal Consumer Services
none,115263,5,-,Texas,"Energy, Mining & Utilities"
none,136182,,-,California,Unknown
none,63804,3,-,Virginia,Aerospace & Defense
none,128933,,-,Unknown,Unknown
ai_integration,210000,5,Bachelor's,California,Unknown
none,109531,5,-,Virginia,Information Technology
none,75000,0,-,New York State,Management & Consulting
none,95872,8,-,Ohio,Unknown
ai_integration,72500,2,-,California,Management & Consulting
ai_integration,73204,3,-,California,"Construction, Repair & Maintenance Services"
applied_ai,212500,8,Bachelor's,New York State,Financial Services
none,76250,5,-,Washington State,Aerospace & Defense
none,79509,4,-,Florida,Aerospace & Defense
none,108475,4,Bachelor's,District of Columbia,Management & Consulting
none,86137,8,-,Texas,Information Technology
none,107500,4,High School,Maryland,Information Technology
none,150000,5,-,Virginia,Management & Consulting
none,120000,5,-,Utah,Retail & Wholesale
none,148200,5,-,California,Media & Communication
none,119700,4,Bachelor's,Virginia,Management & Consulting
none,90000,1,-,New York State,Management & Consulting
none,100000,3,Bachelor's,Texas,Unknown
none,70000,4,-,Texas,Media & Communication
none,106317,1,Bachelor's,Massachusetts,Unknown
ai_integration,139500,5,-,Connecticut,Information Technology
none,133600,6,Bachelor's,District of Columbia,Management & Consulting
none,80000,1,Bachelor's,Pennsylvania,Unknown
none,82201,3,Bachelor's,Texas,Unknown
none,110000,5,Bachelor's,Virginia,Management & Consulting
ai_integration,280000,4,-,New York State,Government & Public Administration
none,30000,,-,Unknown,Unknown
none,90416,,-,New Jersey,Unknown
none,66889,1,High School,Florida,Information Technology
none,110000,5,Bachelor's,New York State,Financial Services
none,99000,8,-,New Jersey,Information Technology
none,126415,15,-,Tennessee,Management & Consulting
none,97500,1,Bachelor's,Texas,Unknown
none,94744,,-,Nebraska,Management & Consulting
none,83718,5,-,Alabama,Management & Consulting
none,95693,5,Bachelor's,Alabama,Management & Consulting
none,103772,1,Bachelor's,Maryland,Unknown
none,111595,5,-,Illinois,Retail & Wholesale
none,91422,,Bachelor's,Virginia,Unknown
none,86572,,Bachelor's,Utah,Unknown
none,160000,5,-,New York State,Financial Services
none,87247,5,-,Massachusetts,Media & Communication
none,114292,5,Bachelor's,Florida,Information Technology
none,114271,5,-,Texas,Manufacturing
none,126800,5,High School,Virginia,Information Technology
none,87500,5,-,Florida,Financial Services
none,80578,,-,Virginia,Aerospace & Defense
none,75860,4,Bachelor's,Virginia,Information Technology
none,97692,,-,Colorado,Unknown
none,119718,5,Bachelor's,Texas,Information Technology
none,127500,10,Bachelor's,Maryland,Aerospace & Defense
none,137500,3,Bachelor's,Unknown,Financial Services
none,115152,0,Bachelor's,Texas,Unknown
none,110000,,-,Unknown,Unknown
none,82500,1,-,New York State,Unknown
none,98766,1,Bachelor's,California,Financial Services
none,88717,4,-,Ohio,Information Technology
none,79200,1,-,District of Columbia,Unknown
none,66505,5,-,New Jersey,Information Technology
none,112500,8,Bachelor's,Georgia,Information Technology
applied_ai,102264,7,Bachelor's,Ohio,Information Technology
applied_ai,128000,2,Master's,Maryland,Information Technology
ai_integration,143173,3,-,California,Unknown
none,104571,,-,Texas,Information Technology
none,130520,2,Bachelor's,California,Information Technology
ai_integration,84129,5,Bachelor's,Florida,Information Technology
none,151128,5,-,Texas,Unknown
none,92293,8,-,Ohio,Unknown
ai_integration,66587,3,-,Illinois,Management & Consulting
none,235000,8,Bachelor's,Virginia,Unknown
none,131422,8,-,Virginia,Government & Public Administration
ai_integration,170000,6,Bachelor's,California,Transportation & Logistics
none,151443,5,-,Texas,Unknown
applied_ai,200000,5,-,California,Unknown
none,95076,,-,New York State,Unknown
none,86500,5,Bachelor's,Texas,Information Technology
none,115783,10,Bachelor's,Texas,Financial Services
none,120069,6,-,Virginia,Information Technology
none,82051,8,High School,Ohio,Information Technology
none,102031,3,-,District of Columbia,Management & Consulting
none,87500,5,Bachelor's,Illinois,Information Technology
none,136939,10,Bachelor's,Virginia,Information Technology
none,106055,1,Master's,California,Information Technology
none,85529,.5,Bachelor's,Virginia,Unknown
none,102594,7,Bachelor's,Maryland,Information Technology
ai_integration,135000,5,-,Unknown,Information Technology
none,113464,5,-,Georgia,Information Technology
none,125000,3,-,Massachusetts,Unknown
ai_integration,105000,3,-,Virginia,Unknown
ai_integration,114557,5,Bachelor's,North Carolina,Information Technology
none,113192,7,Bachelor's,Virginia,Information Technology
ai_integration,174500,5,-,New York State,Information Technology
none,105000,3,-,Unknown,Unknown
none,94644,,-,Utah,Information Technology
applied_ai,125000,5,Bachelor's,California,Education
none,140000,8,-,Virginia,Government & Public Administration
none,109634,,-,Illinois,Unknown
none,106838,5,-,North Carolina,Unknown
none,97860,6,-,Florida,Information Technology
none,90988,5,High School,Texas,Financial Services
none,119449,5,Bachelor's,Arizona,Information Technology
none,82979,,-,Texas,Healthcare
none,71728,5,Bachelor's,Georgia,Unknown
none,122106,8,Bachelor's,Virginia,Information Technology
none,148469,,-,Virginia,Information Technology
none,109842,,-,California,Information Technology
none,95524,,-,California,Unknown
none,109134,5,-,Virginia,Information Technology
none,133000,,-,Texas,Unknown
none,76476,1,-,Georgia,Media & Communication
ai_integration,123100,5,Bachelor's,Ohio,Financial Services
none,112084,7,Bachelor's,Maryland,Information Technology
none,68062,5,Bachelor's,Wisconsin,Retail & Wholesale
none,120000,,-,Unknown,Unknown
none,92184,2,Bachelor's,Virginia,Unknown
ai_integration,105000,5,Bachelor's,Unknown,Unknown
none,98030,3,-,Arizona,Manufacturing
none,91004,5,Bachelor's,Alabama,Unknown
ai_integration,96448,1,Master's,California,Information Technology
none,64226,10,Bachelor's,Ohio,Unknown
none,128594,7,-,New Jersey,Management & Consulting
none,87031,7,-,Michigan,Management & Consulting
ai_integration,115000,15,-,New Jersey,Unknown
none,119192,8,-,Illinois,Education
ai_integration,192000,20,Bachelor's,Maryland,Aerospace & Defense
none,103852,4,-,Virginia,Information Technology
none,126391,5,-,Texas,Unknown
none,212800,9,Bachelor's,Virginia,Information Technology
applied_ai,126583,4,-,Virginia,Unknown
none,127885,,-,Texas,Information Technology
none,88500,3,-,Massachusetts,Nonprofit & NGO
none,130000,5,Bachelor's,Unknown,Government & Public Administration
none,90816,4,Bachelor's,Georgia,Human Resources & Staffing
none,104000,0,-,District of Columbia,Information Technology
none,74327,5,Bachelor's,New York State,Unknown
none,137039,10,-,District of Columbia,Management & Consulting
none,135774,8,-,Maryland,Information Technology
none,121900,,-,Maryland,Unknown
none,119709,9,Bachelor's,Virginia,Information Technology
applied_ai,114266,8,Bachelor's,New Hampshire,Information Technology
none,80201,,-,Texas,Information Technology
none,118350,5,Bachelor's,Colorado,"Construction, Repair & Maintenance Services"
none,125000,6,Associate,California,Healthcare
none,101595,5,-,Washington State,Information Technology
none,95000,6,-,Unknown,Information Technology
none,131771,8,Bachelor's,Virginia,Information Technology
ai_integration,175000,6,-,California,Unknown
none,87500,7,Bachelor's,Maryland,Information Technology
none,119290,5,-,Texas,Information Technology
none,114973,8,-,California,Information Technology
ai_integration,80000,1,-,California,"Energy, Mining & Utilities"
none,85657,3,-,Virginia,Unknown
none,110495,5,-,Virginia,Information Technology
none,83189,,-,Pennsylvania,Unknown
none,156000,7,-,Unknown,Financial Services
none,85963,3,Bachelor's,California,Financial Services
none,105000,4,-,Maryland,Management & Consulting
none,80082,3,-,District of Columbia,Unknown
ai_integration,117500,5,Bachelor's,Colorado,Unknown
none,100668,15,Bachelor's,Georgia,Unknown
none,105316,3,Bachelor's,Minnesota,Information Technology
none,148536,5,Bachelor's,California,Financial Services
none,104125,5,Bachelor's,Georgia,Financial Services
none,105819,,-,California,Unknown
none,125994,,-,Washington State,Unknown
none,122500,1,Bachelor's,California,Education
none,137500,7,Bachelor's,Texas,Retail & Wholesale
none,125462,,-,Georgia,Unknown
none,125000,,-,New York State,Unknown
none,128507,5,Bachelor's,Virginia,Information Technology
none,95212,,-,Virginia,Government & Public Administration
none,103730,,Bachelor's,District of Columbia,Information Technology
none,184889,5,-,California,Unknown
none,93500,8,-,California,Information Technology
none,162000,3,-,California,Information Technology
applied_ai,108625,,-,Texas,Unknown
none,98499,5,Bachelor's,California,Unknown
none,115000,5,Bachelor's,Unknown,Management & Consulting
none,126212,5,Bachelor's,California,Manufacturing
none,140000,5,-,Colorado,Transportation & Logistics
none,140000,10,-,Virginia,Information Technology
none,58099,7,-,Pennsylvania,Unknown
none,104836,5,Bachelor's,Texas,Unknown
none,89097,2,Bachelor's,Texas,Information Technology
none,71552,2,Bachelor's,Colorado,Manufacturing
none,100000,8,-,Georgia,Transportation & Logistics
none,136040,10,Bachelor's,New Jersey,Information Technology
ai_integration,166500,5,-,California,Information Technology
none,114264,4,-,Virginia,Information Technology
none,143316,,-,Washington State,Unknown
applied_ai,98027,3,-,Texas,Manufacturing
none,139750,2,-,Unknown,Management & Consulting
applied_ai,218200,6,Bachelor's,New York State,Information Technology
none,94088,,-,California,Media & Communication
none,86679,3,Bachelor's,Missouri,Manufacturing
applied_ai,306250,10,Bachelor's,California,Information Technology
none,144025,7,Bachelor's,Massachusetts,Aerospace & Defense
applied_ai,76303,3,Associate,Pennsylvania,Manufacturing
applied_ai,159300,4,Bachelor's,Kansas,Telecommunications
none,79774,5,Bachelor's,Texas,"Construction, Repair & Maintenance Services"
none,93350,1,Bachelor's,Vermont,Information Technology
none,68353,4,Bachelor's,Ohio,Education
none,80256,4,-,Georgia,Manufacturing
none,200000,3,-,Unknown,Financial Services
none,92500,0,Bachelor's,Washington State,Aerospace & Defense
ai_integration,97337,3,Bachelor's,Wisconsin,Manufacturing
none,153055,4,Bachelor's,Tennessee,Real Estate
none,73578,0,Bachelor's,Tennessee,Transportation & Logistics
none,121500,6,Bachelor's,Texas,Manufacturing
none,80135,2,-,Iowa,Manufacturing
none,74634,2,-,Florida,Education
none,71500,3,-,Kansas,Manufacturing
none,55735,0,-,Virginia,Education
none,111000,,Bachelor's,Unknown,Manufacturing
none,80304,5,-,Missouri,Manufacturing
none,115000,5,Bachelor's,Illinois,Manufacturing
none,120000,5,-,Unknown,Manufacturing
none,140000,8,Bachelor's,California,Transportation & Logistics
none,148850,8,Bachelor's,Unknown,Pharmaceutical & Biotechnology
none,98949,,-,Ohio,Retail & Wholesale
applied_ai,170906,15,-,Oregon,Manufacturing
none,135900,5,-,Unknown,Information Technology
none,75000,5,-,Unknown,Unknown
none,190000,8,Bachelor's,Arizona,Information Technology
applied_ai,70000,2,Bachelor's,Florida,Manufacturing
none,79869,5,-,Tennessee,"Construction, Repair & Maintenance Services"
none,191000,10,-,Colorado,"Construction, Repair & Maintenance Services"
applied_ai,289000,7,-,California,Information Technology
ai_integration,96382,5,-,Texas,Aerospace & Defense
none,80543,,Associate,Nebraska,Manufacturing
none,185500,5,-,California,Manufacturing
none,115250,5,-,Unknown,Healthcare
none,72062,1,Bachelor's,Florida,Education
none,114600,3,-,Arizona,Aerospace & Defense
applied_ai,89883,3,Bachelor's,Florida,Government & Public Administration
none,135000,5,Bachelor's,New Jersey,Manufacturing
ai_integration,86140,3,Bachelor's,Florida,Information Technology
ai_integration,118596,5,Bachelor's,Pennsylvania,Information Technology
none,155000,5,Bachelor's,California,Aerospace & Defense
none,127500,9,Bachelor's,New Jersey,Unknown
none,95000,3,Bachelor's,California,Unknown
applied_ai,174250,2,Bachelor's,Washington State,Information Technology
none,114635,5,Bachelor's,Texas,Manufacturing
none,76370,5,Bachelor's,South Carolina,Unknown
none,100800,5,Bachelor's,Maryland,Education
none,192500,7,Bachelor's,California,Aerospace & Defense
applied_ai,158000,2,Bachelor's,Washington State,Information Technology
none,83146,,-,Michigan,Information Technology
none,147150,5,Bachelor's,Washington State,Insurance
none,96464,3,Bachelor's,Ohio,Aerospace & Defense
none,165000,5,Bachelor's,Maryland,Unknown
none,116366,5,Bachelor's,North Carolina,Healthcare
none,78080,5,Bachelor's,Michigan,Manufacturing
none,147550,5,Bachelor's,California,Aerospace & Defense
none,107277,4,Bachelor's,Texas,Manufacturing
ai_integration,188100,8,Bachelor's,California,Information Technology
ai_integration,85000,3,Bachelor's,Illinois,Manufacturing
none,85000,5,-,Pennsylvania,Retail & Wholesale
none,97559,0,Bachelor's,Tennessee,Manufacturing
none,115000,10,Bachelor's,Unknown,Unknown
none,137900,5,-,North Carolina,Retail & Wholesale
none,111048,7,-,Michigan,Information Technology
ai_integration,95000,5,-,Texas,Manufacturing
none,61634,5,-,Pennsylvania,Retail & Wholesale
none,115547,5,-,Virginia,Unknown
none,80637,5,Bachelor's,Pennsylvania,Retail & Wholesale
none,128500,4,-,Minnesota,Agriculture
none,102112,8,Bachelor's,Texas,"Energy, Mining & Utilities"
none,105000,5,Bachelor's,New York State,Information Technology
none,149850,8,-,Unknown,Healthcare
none,102500,1,-,California,Retail & Wholesale
none,143000,5,-,Texas,Aerospace & Defense
none,76015,1,Bachelor's,North Carolina,Information Technology
ai_integration,159800,,-,Rhode Island,Manufacturing
applied_ai,183350,10,Master's,Unknown,Aerospace & Defense
none,130000,2,-,California,Information Technology
none,116650,5,Bachelor's,Unknown,Aerospace & Defense
applied_ai,218200,6,Bachelor's,California,Information Technology
none,85601,6,Bachelor's,Indiana,Manufacturing
none,60000,0,-,Texas,Transportation & Logistics
none,192500,7,-,California,Aerospace & Defense
applied_ai,241000,5,Bachelor's,California,Information Technology
none,127500,3,Bachelor's,California,Unknown
none,114600,6,Bachelor's,New Jersey,"Energy, Mining & Utilities"
none,89044,3,Bachelor's,Ohio,Manufacturing
none,108000,3,Bachelor's,Massachusetts,Education
none,82500,3,Bachelor's,Florida,Unknown
none,85649,1,-,Illinois,Unknown
none,124495,7,Bachelor's,Florida,Management & Consulting
none,115000,5,Bachelor's,Illinois,Manufacturing
none,66904,3,-,Iowa,Healthcare
none,101328,8,Bachelor's,Pennsylvania,Retail & Wholesale
none,125000,5,-,Michigan,Information Technology
none,91043,3,Bachelor's,Alabama,Manufacturing
ai_integration,78923,2,-,New Jersey,Manufacturing
none,77358,,Bachelor's,South Carolina,Pharmaceutical & Biotechnology
none,88372,,Bachelor's,Michigan,Manufacturing
none,80000,3,Bachelor's,Michigan,Manufacturing
none,115125,3,-,Unknown,Information Technology
none,141930,2,Bachelor's,Arizona,Information Technology
none,90235,2,Bachelor's,Kansas,Manufacturing
none,130000,10,-,Florida,Transportation & Logistics
none,171500,5,-,Unknown,Information Technology
none,65000,3,Bachelor's,Unknown,Unknown
none,145000,3,Bachelor's,Virginia,Government & Public Administration
none,106600,5,Bachelor's,California,Manufacturing
none,113061,2,Bachelor's,Texas,Manufacturing
none,165360,7,-,Arizona,Manufacturing
none,141930,3,Bachelor's,Arizona,Information Technology
none,89354,,-,Indiana,Information Technology
none,84000,1,Bachelor's,Unknown,Information Technology
none,65915,2,Bachelor's,Illinois,Information Technology
ai_integration,110000,,Bachelor's,Colorado,Real Estate
none,120000,2,-,New York State,Information Technology
none,93000,0,-,Georgia,Agriculture
none,134697,5,-,Indiana,Information Technology
none,82500,5,Bachelor's,New York State,Retail & Wholesale
none,63152,5,-,Michigan,Unknown
none,101200,5,Associate,Illinois,Pharmaceutical & Biotechnology
none,103587,4,-,Arkansas,Retail & Wholesale
none,102567,7,Bachelor's,Pennsylvania,Information Technology
none,79655,2,-,Virginia,Unknown
none,119080,7,-,Delaware,Transportation & Logistics
none,70626,3,Bachelor's,Texas,Manufacturing
none,80000,5,-,Pennsylvania,Unknown
none,170000,5,-,Virginia,Management & Consulting
none,120000,5,Bachelor's,California,Manufacturing
none,164500,5,-,South Dakota,Retail & Wholesale
none,105000,4,-,Unknown,Unknown
none,94821,4,Bachelor's,Michigan,Restaurants & Food Service
none,105904,5,Bachelor's,Texas,Management & Consulting
ai_integration,140000,4,-,Georgia,Agriculture
ai_integration,112925,4,Bachelor's,California,Unknown
applied_ai,117583,5,-,Georgia,Information Technology
none,98778,2,Associate,Texas,"Energy, Mining & Utilities"
none,88750,5,-,Washington State,Information Technology
none,80000,8,-,New York State,Education
none,98320,2.5,Bachelor's,California,Manufacturing
applied_ai,80000,,-,Florida,Manufacturing
none,72867,3,-,Pennsylvania,Information Technology
none,176500,5,-,California,Information Technology
none,150000,3,-,New York State,Unknown
none,131000,8,-,Texas,Management & Consulting
ai_integration,135000,,-,California,Unknown
none,86718,4,Bachelor's,Indiana,Retail & Wholesale
none,132645,5,-,Illinois,Information Technology
none,88017,0,-,New York State,Management & Consulting
none,87104,3,-,Georgia,Manufacturing
applied_ai,156400,8,-,New Jersey,Pharmaceutical & Biotechnology
ai_integration,98500,2,Bachelor's,New York State,Information Technology
none,76820,2,High School,Georgia,Government & Public Administration
none,100000,5,Bachelor's,Illinois,Agriculture
ai_integration,124860,10,Bachelor's,California,Information Technology
applied_ai,135000,2,-,California,Information Technology
none,96388,,High School,Nebraska,Manufacturing
applied_ai,127500,5,-,Texas,Unknown
none,73548,5,-,Michigan,Manufacturing
none,142830,8,-,Illinois,Retail & Wholesale
none,136900,5,Bachelor's,Georgia,Information Technology
none,74581,5,Bachelor's,Ohio,Manufacturing
none,149500,8,Bachelor's,Illinois,Manufacturing
none,127895,10,Bachelor's,Nebraska,Manufacturing
none,74145,3,Associate,North Carolina,Manufacturing
ai_integration,284160,0,-,Unknown,Information Technology
none,115000,5,Bachelor's,Virginia,Unknown
none,129266,7,Bachelor's,Wisconsin,Aerospace & Defense
none,135000,2,-,Arkansas,Retail & Wholesale
none,110000,5,Bachelor's,Kentucky,Manufacturing
ai_integration,121695,7,Bachelor's,North Carolina,Manufacturing
none,66355,1,Bachelor's,Texas,"Energy, Mining & Utilities"
none,64088,3,-,Florida,Financial Services
none,125000,3,-,Unknown,Unknown
none,125000,2,Bachelor's,Illinois,Information Technology
none,101631,,-,Texas,Financial Services
none,145000,,-,New York State,Unknown
none,74048,,-,Louisiana,"Energy, Mining & Utilities"
none,148713,2,Bachelor's,Texas,"Construction, Repair & Maintenance Services"
none,126378,4,Bachelor's,Illinois,Transportation & Logistics
none,76455,5,Bachelor's,Texas,Unknown
none,82903,3,Bachelor's,Texas,Information Technology
none,109808,,Bachelor's,Texas,Unknown
applied_ai,142912,4,Bachelor's,Indiana,Information Technology
applied_ai,150000,3,Bachelor's,Unknown,Management & Consulting
none,120000,5,Bachelor's,California,Management & Consulting
none,98484,3,Bachelor's,Michigan,Management & Consulting
none,114600,5,Bachelor's,New Jersey,"Energy, Mining & Utilities"
none,117650,6,Bachelor's,Maryland,Education
none,107000,10,-,Unknown,Nonprofit & NGO
none,122500,5,Bachelor's,Wisconsin,Manufacturing
none,127500,4,-,California,Unknown
none,97500,5,-,Ohio,Information Technology
none,158750,4,-,Washington State,Information Technology
none,81934,0,Bachelor's,North Carolina,Manufacturing
none,69163,3,Bachelor's,Indiana,Manufacturing
none,158750,3,Bachelor's,Washington State,Information Technology
none,120509,6,-,Colorado,Retail & Wholesale
none,70261,4,Bachelor's,Ohio,Management & Consulting
ai_integration,61782,1,Bachelor's,Ohio,Information Technology
ai_integration,120400,5,Bachelor's,California,Retail & Wholesale
none,79250,,-,Missouri,Manufacturing
none,96086,4,-,California,Information Technology
none,120399,1,Associate,Oregon,Information Technology
none,144650,3,-,Washington State,Information Technology
none,105000,5,-,California,Unknown
none,110000,5,Bachelor's,Texas,Retail & Wholesale
none,185650,,-,California,Information Technology
none,103829,1,Master's,Pennsylvania,Information Technology
none,135000,1,-,Arkansas,Retail & Wholesale
none,110000,3,-,Unknown,Information Technology
none,110000,3,Bachelor's,Pennsylvania,Aerospace & Defense
none,71581,3,-,South Carolina,Manufacturing
none,139950,7,Bachelor's,Unknown,Aerospace & Defense
none,126000,5,Bachelor's,California,Human Resources & Staffing
none,105000,3,Bachelor's,North Carolina,Manufacturing
none,85509,2,Master's,Georgia,Information Technology
none,78032,2,Bachelor's,Ohio,Agriculture
none,115807,1,Bachelor's,Missouri,Telecommunications
none,111713,5,-,California,Unknown
none,103500,3,Bachelor's,New York State,Information Technology
none,123677,,Bachelor's,Illinois,Information Technology
applied_ai,120000,10,Bachelor's,Unknown,Unknown
none,97516,,Master's,Texas,Information Technology
none,89990,3,Bachelor's,Massachusetts,Pharmaceutical & Biotechnology
none,76676,5,Bachelor's,New Jersey,Information Technology
none,140000,7,Bachelor's,California,Information Technology
none,116650,5,Bachelor's,Missouri,Aerospace & Defense
none,71261,2,Bachelor's,California,Information Technology
none,63523,1,Bachelor's,Texas,Information Technology
none,137868,10,-,Texas,Unknown
none,43400,0,High School,California,Manufacturing
none,178500,5,Bachelor's,District of Columbia,Management & Consulting
none,101402,5,High School,South Carolina,Unknown
none,240240,12,Bachelor's,Florida,Information Technology
none,226158,5,Bachelor's,California,Media & Communication
ai_integration,115000,4,Bachelor's,Georgia,Human Resources & Staffing
ai_integration,135000,5,Bachelor's,Minnesota,Information Technology
none,135000,5,-,Unknown,Unknown
none,112364,8,Bachelor's,Texas,Information Technology
none,65696,5,Bachelor's,North Carolina,Manufacturing
none,119353,,Master's,New Jersey,Information Technology
none,207815,3,Bachelor's,California,Unknown
none,80000,5,-,New York State,Education
ai_integration,115525,8,-,Unknown,Nonprofit & NGO
none,90613,5,High School,Idaho,Education
none,107183,,Bachelor's,Texas,Information Technology
none,226158,5,Bachelor's,California,Media & Communication
none,154000,7,Bachelor's,Virginia,Information Technology
none,102947,5,Bachelor's,South Carolina,Manufacturing
none,120000,7,-,Unknown,Unknown
none,155410,8,Bachelor's,New York State,Healthcare
none,120845,,Bachelor's,Illinois,Information Technology
none,177500,7,-,Georgia,Information Technology
none,108601,,-,Pennsylvania,Information Technology
ai_integration,122500,4,-,Wisconsin,Manufacturing
none,92050,3,-,Texas,Education
ai_integration,86295,4,Bachelor's,Florida,Information Technology
none,87864,5,-,Missouri,Aerospace & Defense
none,156356,5,Bachelor's,Texas,"Construction, Repair & Maintenance Services"
none,134792,,Bachelor's,Virginia,Unknown
none,110987,5,Bachelor's,Minnesota,Manufacturing
none,62974,5,Bachelor's,Maine,Retail & Wholesale
none,145000,7,-,California,Information Technology
none,74267,8,Bachelor's,Texas,Information Technology
none,71593,5,Bachelor's,Washington State,Unknown
none,97500,4,Bachelor's,Missouri,Unknown
none,90920,5,-,New Jersey,Unknown
ai_integration,150000,3,-,New Jersey,Transportation & Logistics
applied_ai,96780,5,Bachelor's,Ohio,Unknown
applied_ai,188900,4,Bachelor's,Washington State,Information Technology
applied_ai,209750,5,Bachelor's,California,Information Technology
none,82917,5,Associate,Nevada,"Arts, Entertainment & Recreation"
none,124727,1,Bachelor's,Virginia,Unknown
applied_ai,160000,2,-,California,Information Technology
none,115527,8,-,North Carolina,Information Technology
none,120089,5,Bachelor's,New Jersey,Manufacturing
none,74584,.5,Bachelor's,Michigan,Management & Consulting
none,145000,3,Bachelor's,California,Retail & Wholesale
none,40000,3,Bachelor's,Unknown,Unknown
none,108156,,Bachelor's,Michigan,Management & Consulting
none,63523,1,Bachelor's,Texas,Information Technology
none,120298,,-,Virginia,Information Technology
none,86236,10,Bachelor's,Ohio,Management & Consulting
none,115000,7,Bachelor's,Virginia,Unknown
none,135000,5,Bachelor's,Georgia,Information Technology
ai_integration,93916,1,-,Georgia,Unknown
none,202550,8,Bachelor's,California,Information Technology
none,72331,3,-,Texas,Unknown
none,82495,8,-,Florida,Information Technology
applied_ai,87762,2,Bachelor's,Texas,Unknown
ai_integration,125000,3,-,New Jersey,Information Technology
none,75635,1,Bachelor's,New Jersey,Unknown
none,114234,5,-,Texas,Insurance
none,282500,10,Bachelor's,California,Information Technology
none,84768,2,Bachelor's,Virginia,Information Technology
none,113088,3,Bachelor's,Virginia,Information Technology
none,226158,5,Bachelor's,California,Information Technology
none,105000,8,Bachelor's,Texas,Unknown
none,142920,5,-,Texas,Unknown
ai_integration,93917,5,-,Ohio,Information Technology
none,110124,5,Bachelor's,Massachusetts,Unknown
none,69250,2,Bachelor's,Georgia,Information Technology
none,115000,7,Bachelor's,Virginia,Unknown
ai_integration,68922,6,-,Kentucky,Manufacturing
none,82209,3,Bachelor's,Pennsylvania,Education
none,120411,7,Bachelor's,Michigan,Pharmaceutical & Biotechnology
none,116312,,-,Wisconsin,Manufacturing
none,88937,,-,Florida,Information Technology
none,79464,3,Bachelor's,Arizona,"Energy, Mining & Utilities"
none,122043,8,Bachelor's,Texas,Information Technology
none,114514,5,-,Florida,Unknown
none,158750,2,-,Washington State,Information Technology
none,112501,5,Bachelor's,Illinois,Information Technology
none,69888,1,-,Tennessee,Information Technology
none,105956,0,-,Texas,Unknown
none,119700,5,Bachelor's,Minnesota,Retail & Wholesale
none,112500,3,Bachelor's,Illinois,Management & Consulting
none,81931,2,Bachelor's,Illinois,Information Technology
none,104856,7,Bachelor's,Missouri,Manufacturing
none,141200,8,Bachelor's,Pennsylvania,Information Technology
applied_ai,100000,5,Bachelor's,Texas,Unknown
none,93593,,-,Puerto Rico,Information Technology
none,139774,5,Bachelor's,Massachusetts,Pharmaceutical & Biotechnology
none,115050,3,Bachelor's,Alabama,Manufacturing
none,124141,2,Bachelor's,Pennsylvania,Information Technology
none,93421,5,-,Pennsylvania,Retail & Wholesale
ai_integration,210000,5,-,California,Unknown
none,100000,4,-,Unknown,Information Technology
none,160000,8,Bachelor's,North Carolina,Unknown
none,171375,7,Bachelor's,New York State,Financial Services
none,130000,8,-,Georgia,Information Technology
none,179550,5,Bachelor's,California,Aerospace & Defense
applied_ai,89784,3,Master's,Michigan,Manufacturing
none,91530,6,-,North Carolina,Manufacturing
none,145000,5,Bachelor's,Texas,Financial Services
none,140000,6,-,Unknown,Unknown
none,120000,5,Bachelor's,Idaho,Retail & Wholesale
none,70285,4,Bachelor's,Ohio,Management & Consulting
none,183500,8,Bachelor's,Massachusetts,Information Technology
none,124661,4,Bachelor's,Virginia,Information Technology
ai_integration,82067,.5,Master's,Illinois,Unknown
none,149000,10,-,Unknown,Retail & Wholesale
none,134540,9,Bachelor's,New Jersey,Unknown
none,170000,2,Bachelor's,California,Unknown
none,165000,5,Bachelor's,California,Information Technology
none,135000,8,Bachelor's,California,Information Technology
none,129000,5,Bachelor's,Minnesota,Manufacturing
none,151100,5,Bachelor's,Maryland,Education
applied_ai,159638,5,-,California,Unknown
none,218850,5,Bachelor's,California,Information Technology
none,124905,.5,Bachelor's,Maryland,Unknown
none,121145,12,-,Pennsylvania,Information Technology
none,99580,5,Bachelor's,Unknown,Government & Public Administration
none,75285,,-,Ohio,Information Technology
none,130312,4,Bachelor's,California,Transportation & Logistics
none,103460,5,Bachelor's,Texas,Transportation & Logistics
none,97106,4,-,Texas,Information Technology
none,92232,3,-,Pennsylvania,Information Technology
ai_integration,86561,8,-,Oklahoma,Information Technology
none,130000,,Bachelor's,Unknown,Management & Consulting
none,137500,8,Bachelor's,California,Retail & Wholesale
none,41397,5,High School,South Carolina,Healthcare
none,111441,10,-,Texas,Information Technology
none,135000,3,High School,Illinois,Healthcare
none,96922,5,Bachelor's,California,Information Technology
none,146916,7,Bachelor's,California,Manufacturing
none,185650,7,Bachelor's,Washington State,Information Technology
none,82151,5,Bachelor's,Idaho,Manufacturing
none,76874,5,Bachelor's,Ohio,Manufacturing
none,145000,6,-,Unknown,Information Technology
ai_integration,140000,10,-,Massachusetts,Financial Services
none,62996,.5,-,New Jersey,Information Technology
ai_integration,110304,2,-,Georgia,Information Technology
none,117946,6,Bachelor's,Wisconsin,Information Technology
ai_integration,161000,5,Bachelor's,Georgia,Information Technology
ai_integration,115525,8,-,Unknown,Unknown
none,98085,5,Bachelor's,Texas,Human Resources & Staffing
none,112932,5,-,Georgia,Information Technology
none,124917,8,-,District of Columbia,Unknown
none,84944,5,Bachelor's,Virginia,Information Technology
ai_integration,200000,5,-,California,Manufacturing
none,110026,,-,Massachusetts,Information Technology
none,125000,2,Bachelor's,Illinois,Information Technology
none,116938,12,-,District of Columbia,Unknown
none,99914,4,-,District of Columbia,Unknown
none,91375,10,Bachelor's,New York State,Information Technology
ai_integration,128568,5,-,New York State,Management & Consulting
none,240000,8,-,California,Information Technology
none,162735,8,-,Texas,Information Technology
none,145000,4,Bachelor's,Maryland,Unknown
none,122019,7,Bachelor's,Ohio,Information Technology
none,124973,3,Bachelor's,District of Columbia,Information Technology
none,133016,5,-,California,Unknown
none,113616,10,-,District of Columbia,Information Technology
none,73597,0,Bachelor's,Illinois,Information Technology
none,80400,0,Bachelor's,Texas,Management & Consulting
none,78950,0,Bachelor's,Unknown,Healthcare
none,84185,1,Bachelor's,Colorado,Telecommunications
none,160512,0,Bachelor's,California,Unknown
none,81675,0,-,California,Aerospace & Defense
none,107500,0,Bachelor's,Colorado,Pharmaceutical & Biotechnology
none,90200,,Bachelor's,Indiana,Information Technology
none,81000,,Bachelor's,Unknown,Education
none,117000,,-,Unknown,Retail & Wholesale
none,82000,0,Bachelor's,Utah,Aerospace & Defense
none,114500,,-,California,Manufacturing
none,110000,,Bachelor's,Michigan,Retail & Wholesale
none,80037,2,Bachelor's,Haiti,Unknown
none,60391,0,Bachelor's,North Carolina,Financial Services
ai_integration,125189,1,Bachelor's,Rhode Island,Information Technology
none,72100,2,Bachelor's,Unknown,"Construction, Repair & Maintenance Services"
none,78000,0,Bachelor's,Minnesota,Manufacturing
none,80097,.5,Master's,Bulgaria,Unknown
none,68398,0,-,Indiana,Unknown
none,103247,1,Bachelor's,Massachusetts,Unknown
none,74280,1,-,Texas,Information Technology
ai_integration,60000,1,Bachelor's,Idaho,Unknown
ai_integration,96408,2,-,California,Healthcare
none,85299,0,Bachelor's,New Jersey,Information Technology
none,97066,0,Bachelor's,New Jersey,Information Technology
none,91677,0,Bachelor's,Indiana,Aerospace & Defense
none,70000,,-,Minnesota,Information Technology
none,80919,2,Bachelor's,Kansas,Unknown
applied_ai,122500,2,-,New York State,Information Technology
none,67500,0,Bachelor's,Texas,Information Technology
none,87609,.5,Master's,Texas,Unknown
none,75000,,Bachelor's,Texas,Manufacturing
none,122003,,-,Virginia,Information Technology
none,162079,5,-,Washington State,Media & Communication
none,100127,5,Bachelor's,South Dakota,Unknown
none,62500,1,Bachelor's,Unknown,Information Technology
none,107100,0,Bachelor's,Colorado,Telecommunications
none,188871,1,Master's,Unknown,Information Technology
none,98098,.5,Master's,California,Information Technology
none,102500,2,Associate,Unknown,Information Technology
none,104325,0,Bachelor's,Virginia,Aerospace & Defense
none,140000,,-,Unknown,Information Technology
none,45474,0,Bachelor's,Alabama,Aerospace & Defense
none,128250,,-,Texas,Manufacturing
none,85394,0,Bachelor's,Tennessee,Healthcare
none,86202,2,Bachelor's,Texas,Retail & Wholesale
none,88188,3,Bachelor's,Florida,Media & Communication
none,105612,0,Bachelor's,Utah,Aerospace & Defense
applied_ai,92099,4,-,Virginia,Aerospace & Defense
none,102700,1,Bachelor's,Missouri,Information Technology
none,85651,2,Bachelor's,North Carolina,Aerospace & Defense
none,86025,0,High School,Maryland,Aerospace & Defense
none,109185,1,Bachelor's,Colorado,Telecommunications
none,105000,3,-,North Carolina,Human Resources & Staffing
none,115850,0,Bachelor's,North Carolina,Information Technology
none,108150,3,High School,Arizona,Healthcare
applied_ai,110600,5,-,Unknown,Retail & Wholesale
none,87463,0,Bachelor's,Nebraska,"Construction, Repair & Maintenance Services"
none,122968,2,Bachelor's,Texas,Information Technology
none,101375,2,-,Arizona,Financial Services
none,102983,.25,Master's,California,Unknown
ai_integration,71608,0,Bachelor's,Pennsylvania,Information Technology
ai_integration,77500,2,Bachelor's,Unknown,Information Technology
none,120000,3,Bachelor's,New York State,Aerospace & Defense
none,149420,0,Bachelor's,California,Financial Services
none,92832,1,Bachelor's,New Jersey,Human Resources & Staffing
none,120000,3,Bachelor's,New York State,Aerospace & Defense
applied_ai,135000,1,-,New York State,Information Technology
none,90839,,High School,New Mexico,Media & Communication
none,102500,5,Bachelor's,Illinois,Management & Consulting
none,70000,2,Bachelor's,Tennessee,Information Technology
ai_integration,146750,3,Associate,Minnesota,Information Technology
applied_ai,172000,3,-,Unknown,Unknown
ai_integration,115500,0,Bachelor's,Unknown,Insurance
none,136800,5,-,Unknown,Information Technology
ai_integration,89000,0,Bachelor's,Virginia,Manufacturing
ai_integration,114840,0,Bachelor's,Illinois,Manufacturing
none,128675,0,High School,California,Management & Consulting
none,110542,,Bachelor's,Kansas,Information Technology
none,65000,,-,Unknown,Insurance
none,103777,,Bachelor's,North Carolina,Financial Services
none,111939,,Bachelor's,Michigan,Information Technology
none,135800,0,Bachelor's,California,Information Technology
none,140000,2,Bachelor's,New York State,Financial Services
ai_integration,120000,,-,Unknown,Information Technology
none,90125,4,Bachelor's,Illinois,"Construction, Repair & Maintenance Services"
ai_integration,134375,2,-,New Jersey,Financial Services
none,176450,3,Bachelor's,Washington State,Information Technology
none,131000,2,-,Unknown,Information Technology
none,89000,1,Master's,Arkansas,Unknown
ai_integration,175500,2,Bachelor's,California,Retail & Wholesale
none,80717,.5,Master's,Indiana,Unknown
applied_ai,89337,0,Bachelor's,Texas,Aerospace & Defense
ai_integration,124000,,-,Unknown,Information Technology
applied_ai,99880,4,-,Colorado,Financial Services
ai_integration,104000,0,-,Unknown,Unknown
none,108244,3,Bachelor's,Georgia,Unknown
none,89738,0,High School,Texas,Financial Services
ai_integration,114798,0,-,Texas,Information Technology
none,107500,2,Bachelor's,Colorado,Pharmaceutical & Biotechnology
none,112500,,-,Unknown,Personal Consumer Services
none,113383,0,-,Florida,Real Estate
none,88922,2,Bachelor's,Ohio,Information Technology
none,119500,1,Bachelor's,Missouri,Financial Services
none,123000,0,Bachelor's,California,Manufacturing
none,71227,3,Bachelor's,Illinois,Information Technology
ai_integration,123753,2,Bachelor's,Massachusetts,Pharmaceutical & Biotechnology
none,155709,5,Bachelor's,Texas,Unknown
none,93150,3,Bachelor's,Kansas,Information Technology
ai_integration,215000,5,-,Unknown,Unknown
none,146234,3,Bachelor's,Unknown,Unknown
ai_integration,121389,8,Bachelor's,Texas,Manufacturing
none,188500,3,Bachelor's,California,Information Technology
none,90057,2,Bachelor's,Florida,Telecommunications
none,90247,3,-,Massachusetts,Information Technology
none,137500,3,Bachelor's,Oregon,Information Technology
none,89750,2,Bachelor's,Nebraska,Manufacturing
none,81500,0,Bachelor's,Delaware,Pharmaceutical & Biotechnology
none,118231,,-,North Carolina,Information Technology
ai_integration,103000,,Bachelor's,Florida,Financial Services
none,107472,0,Bachelor's,Arizona,Manufacturing
none,100000,5,Bachelor's,Virginia,Aerospace & Defense
ai_integration,122500,3,Bachelor's,California,Management & Consulting
ai_integration,119750,0,Master's,New York State,Financial Services
applied_ai,87500,2,Bachelor's,New York State,Manufacturing
none,93685,3,Bachelor's,Missouri,Financial Services
none,83994,0,Bachelor's,Connecticut,Manufacturing
none,64500,1,Bachelor's,Pennsylvania,Insurance
none,107619,2,Bachelor's,Georgia,Financial Services
none,104000,0,Bachelor's,California,Information Technology
none,115000,2,Bachelor's,Connecticut,Financial Services
none,158000,2,Bachelor's,Washington State,Information Technology
none,117450,3,Bachelor's,Illinois,Management & Consulting
none,77500,,-,Utah,Information Technology
none,105000,3,Bachelor's,Utah,Information Technology
none,158000,2,Bachelor's,Unknown,Information Technology
none,119500,3,Bachelor's,Ohio,Insurance
none,86000,1,-,New York State,Information Technology
applied_ai,105500,2,Bachelor's,Unknown,Manufacturing
none,114927,1,Bachelor's,Texas,Information Technology
applied_ai,127381,3,-,California,Unknown
ai_integration,97331,2,-,New York State,Management & Consulting
none,195000,5,Bachelor's,New York State,Media & Communication
none,110900,7,Bachelor's,Texas,Aerospace & Defense
ai_integration,100000,,-,Unknown,Information Technology
ai_integration,114864,3,Bachelor's,Missouri,Insurance
none,145050,,-,Utah,Education
none,110000,1,Bachelor's,California,Manufacturing
none,187950,5,-,Utah,Information Technology
none,104000,5,Bachelor's,New Jersey,Pharmaceutical & Biotechnology
none,98438,2,Bachelor's,South Dakota,Manufacturing
ai_integration,99750,,-,Unknown,Information Technology
none,121200,5,Bachelor's,Florida,Financial Services
ai_integration,77000,3,Bachelor's,Wisconsin,Healthcare
applied_ai,180000,,-,Unknown,"Construction, Repair & Maintenance Services"
none,96350,3,Bachelor's,Minnesota,Manufacturing
none,124000,,-,Georgia,Information Technology
none,51812,0,Bachelor's,Massachusetts,Retail & Wholesale
none,155709,5,Bachelor's,Texas,Unknown
none,105000,2,-,California,Unknown
ai_integration,89371,3,Bachelor's,District of Columbia,Aerospace & Defense
none,163800,5,Bachelor's,California,Information Technology
none,103450,3,Bachelor's,Illinois,Unknown
ai_integration,154000,2,-,California,Information Technology
ai_integration,114172,5,Bachelor's,Colorado,Aerospace & Defense
none,120000,3,Bachelor's,Unknown,Unknown
none,90000,,Bachelor's,Virginia,Unknown
none,101404,4,-,Missouri,"Construction, Repair & Maintenance Services"
none,176625,5,-,New York State,Healthcare
none,89322,3,Bachelor's,Alabama,Aerospace & Defense
ai_integration,107500,,-,Unknown,Healthcare
none,107500,0,Bachelor's,New Jersey,Aerospace & Defense
none,119500,5,Bachelor's,Unknown,"Energy, Mining & Utilities"
none,92496,,-,Oklahoma,Personal Consumer Services
none,92490,10,-,Idaho,Unknown
none,96684,2,High School,Texas,Financial Services
none,105947,5,High School,Texas,"Energy, Mining & Utilities"
applied_ai,120000,2,-,New York State,Unknown
none,98436,5,Bachelor's,Oklahoma,Financial Services
none,135000,6,High School,Unknown,Information Technology
none,80537,5,-,Rhode Island,Government & Public Administration
none,155000,3,-,Washington State,Retail & Wholesale
none,92178,2,Bachelor's,Michigan,Transportation & Logistics
none,93603,2,Associate,New Mexico,Media & Communication
none,148500,4,Bachelor's,Unknown,Insurance
ai_integration,204500,4,Bachelor's,Unknown,Financial Services
ai_integration,120000,2,-,Washington State,Unknown
ai_integration,118014,2,Bachelor's,Massachusetts,Financial Services
applied_ai,140000,2,-,Unknown,Healthcare
none,71432,2,-,California,Manufacturing
none,115000,,Bachelor's,California,Manufacturing
none,117000,3,Bachelor's,Unknown,Information Technology
none,106500,5,-,Unknown,Information Technology
none,115000,3,-,Massachusetts,Nonprofit & NGO
none,99960,4,Bachelor's,Ohio,Healthcare
none,131600,4,-,New Jersey,Financial Services
ai_integration,82750,1,Bachelor's,Unknown,Information Technology
ai_integration,128931,3,-,California,Unknown
none,101657,2,Bachelor's,New York State,Manufacturing
none,105000,0,Bachelor's,Connecticut,Manufacturing
none,120840,0,Bachelor's,Unknown,Management & Consulting
applied_ai,152500,3,-,New York State,Information Technology
ai_integration,145400,1,Bachelor's,Unknown,Information Technology
none,119750,5,Bachelor's,Arizona,Financial Services
none,97500,7,Bachelor's,Maryland,Management & Consulting
ai_integration,130000,,-,New York State,Information Technology
none,105000,3,-,Washington State,Management & Consulting
applied_ai,172287,8,-,Massachusetts,Information Technology
ai_integration,135000,3,Bachelor's,Arkansas,Retail & Wholesale
none,115313,5,-,North Carolina,Manufacturing
none,149500,5,-,Missouri,Financial Services
ai_integration,123300,5,Bachelor's,Illinois,Manufacturing
applied_ai,110000,2,Bachelor's,California,Manufacturing
applied_ai,117630,4,-,Texas,Unknown
ai_integration,94800,,-,Texas,Information Technology
ai_integration,130000,7,Bachelor's,Massachusetts,Financial Services
none,136000,4,-,California,Information Technology
ai_integration,119632,5,-,Indiana,Information Technology
none,123000,5,-,Maine,Insurance
none,135000,3,Bachelor's,Arkansas,Retail & Wholesale
none,138180,5,Bachelor's,Illinois,Manufacturing
none,126700,3,Bachelor's,North Carolina,Retail & Wholesale
none,112685,8,Bachelor's,Unknown,"Construction, Repair & Maintenance Services"
applied_ai,147000,6,High School,Michigan,Financial Services
none,155700,5,-,Unknown,Information Technology
none,108884,5,Bachelor's,Texas,Healthcare
none,125356,5,-,Iowa,Information Technology
ai_integration,145000,5,-,Oklahoma,Media & Communication
none,106369,4,-,Virginia,Information Technology
none,126650,5,Bachelor's,Maryland,Unknown
none,154500,5,-,Unknown,Manufacturing
none,150000,5,-,Bulgaria,"Energy, Mining & Utilities"
none,140300,5,Bachelor's,Unknown,Information Technology
none,204900,8,-,Unknown,Information Technology
ai_integration,127675,2,Bachelor's,Texas,Information Technology
none,145000,10,Bachelor's,Washington State,Financial Services
none,81077,5,Associate,Unknown,Healthcare
none,55082,2,Bachelor's,Florida,Nonprofit & NGO
none,120000,5,Bachelor's,Unknown,Insurance
none,62500,4,-,Unknown,Unknown
none,106000,,Bachelor's,Unknown,Information Technology
ai_integration,115204,10,-,Unknown,Unknown
none,81436,2,Bachelor's,Wisconsin,Manufacturing
none,176000,5,Bachelor's,California,Management & Consulting
none,81500,3,-,Illinois,Nonprofit & NGO
none,92336,5,Bachelor's,Pennsylvania,Financial Services
none,61003,5,-,Kansas,Education
none,116446,,-,Texas,Information Technology
none,72500,,-,Virginia,Education
applied_ai,123200,0,Bachelor's,Washington State,Information Technology
none,90000,3,Bachelor's,California,Manufacturing
none,63063,.5,Bachelor's,Tennessee,Management & Consulting
none,74917,1,Bachelor's,Texas,Information Technology
none,36000,1,-,Texas,Media & Communication
none,89637,0,Bachelor's,Virginia,Unknown
none,62730,3,-,Connecticut,Media & Communication
none,85259,2,Bachelor's,Texas,Information Technology
none,60000,3,Bachelor's,Arizona,Information Technology
none,64123,3,-,Florida,Retail & Wholesale
none,120000,,-,Unknown,Education
none,116061,,-,New Jersey,Unknown
none,97684,1,-,Maryland,Information Technology
none,109793,,Bachelor's,Texas,Unknown
none,81892,4,Bachelor's,Ohio,Information Technology
none,101383,,-,New Jersey,Information Technology
none,71184,1,Bachelor's,Texas,Financial Services
none,130000,7,-,Unknown,Healthcare
none,105292,10,Bachelor's,Ohio,Management & Consulting
none,120000,5,Bachelor's,Maryland,Information Technology
none,65867,1,-,Michigan,Retail & Wholesale
none,81424,5,Bachelor's,Louisiana,Education
none,94953,5,Bachelor's,Virginia,Nonprofit & NGO
none,70000,1,Bachelor's,Florida,Insurance
none,147500,6,Bachelor's,Unknown,Information Technology
none,80784,,-,Arizona,Government & Public Administration
none,60958,2,Bachelor's,Puerto Rico,Education
none,55000,1,Bachelor's,Maryland,Unknown
none,115223,5,Bachelor's,Georgia,Financial Services
ai_integration,273050,8,-,Georgia,Information Technology
none,126950,5,Bachelor's,Unknown,Insurance
ai_integration,273050,7,Bachelor's,California,Information Technology
none,103816,5,Bachelor's,Virginia,Management & Consulting
none,75262,5,Bachelor's,North Carolina,Manufacturing
none,100565,7,-,Texas,Unknown
none,69336,,-,New York State,Government & Public Administration
none,97500,,-,New York State,Government & Public Administration
none,90073,6,-,Pennsylvania,Information Technology
none,90198,3,Bachelor's,Indiana,Information Technology
none,123410,3,-,Utah,Pharmaceutical & Biotechnology
none,105640,,-,Texas,Government & Public Administration
none,70892,2,-,Illinois,Information Technology
none,95000,3,Bachelor's,Illinois,Unknown
none,92500,,-,Florida,Unknown
none,85000,,-,Indiana,Personal Consumer Services
none,55450,2,Bachelor's,Massachusetts,Financial Services
none,88967,4,Bachelor's,Arizona,Human Resources & Staffing
none,88901,,-,Georgia,Unknown
ai_integration,105262,5,-,Ohio,Information Technology
none,71448,2,Bachelor's,Ohio,Information Technology
none,60000,,-,Indiana,Financial Services
none,117285,,-,Washington State,Unknown
ai_integration,91500,3,Bachelor's,Massachusetts,"Arts, Entertainment & Recreation"
none,89108,4,-,Texas,Unknown
applied_ai,145800,6,-,Unknown,Information Technology
ai_integration,171500,2,Bachelor's,California,Information Technology
applied_ai,83000,,-,New Jersey,Information Technology
applied_ai,157500,4,Bachelor's,Maryland,Insurance
none,111563,2,Associate,Wisconsin,Insurance
none,115000,2,Bachelor's,District of Columbia,Education
none,85000,3,Bachelor's,Arizona,Education
ai_integration,122860,2,Bachelor's,North Carolina,Information Technology
none,110000,5,-,California,Information Technology
none,121234,3,Bachelor's,California,Unknown
none,81322,5,Bachelor's,Texas,Manufacturing
none,61579,,Bachelor's,Michigan,Information Technology
none,91950,1,Master's,Virginia,Unknown
none,122500,8,Bachelor's,Maryland,Information Technology
ai_integration,87951,1,-,Georgia,Information Technology
ai_integration,123750,3,-,Unknown,Information Technology
applied_ai,246100,5,-,Washington State,Information Technology
none,100000,5,Bachelor's,Texas,"Construction, Repair & Maintenance Services"
none,96752,6,Bachelor's,District of Columbia,Education
none,82510,8,Bachelor's,Texas,Financial Services
none,82500,2,Bachelor's,California,Management & Consulting
none,85938,5,Bachelor's,Michigan,Real Estate
none,146921,,Bachelor's,North Carolina,Financial Services
ai_integration,204250,10,Bachelor's,California,Information Technology
none,129900,6,Bachelor's,Florida,Financial Services
none,175500,5,Associate,Virginia,Aerospace & Defense
none,107500,3,-,Unknown,Healthcare
ai_integration,169600,8,Bachelor's,Unknown,Financial Services
applied_ai,89891,3,-,Michigan,Manufacturing
none,109336,,-,Colorado,Information Technology
applied_ai,101010,4,Bachelor's,Minnesota,Financial Services
none,129843,5,-,Tennessee,Retail & Wholesale
none,195000,,-,Virginia,Management & Consulting
none,145995,5,Bachelor's,Connecticut,Financial Services
none,78232,3,-,Florida,Transportation & Logistics
none,80136,1,-,New Jersey,Manufacturing
none,125000,5,-,Unknown,Unknown
none,84239,7,Bachelor's,North Carolina,Human Resources & Staffing
none,112500,3,-,Unknown,Information Technology
ai_integration,75000,2,-,New York State,Unknown
none,110000,,-,California,Healthcare
applied_ai,200900,7,-,California,Information Technology
none,104000,8,-,Georgia,Information Technology
none,96744,5,Bachelor's,Virginia,Information Technology
ai_integration,307400,7,-,California,Information Technology
none,53798,3,Bachelor's,Texas,Unknown
none,105000,5,Bachelor's,New York State,Education
none,139954,,-,Connecticut,Unknown
none,47500,3,-,Ohio,Management & Consulting
none,82990,0,Bachelor's,California,Financial Services
none,84298,,-,Illinois,Unknown
ai_integration,102311,3,-,Colorado,Information Technology
none,86170,3,Bachelor's,Wisconsin,Manufacturing
ai_integration,93219,7,Bachelor's,Texas,Information Technology
none,98190,2,Bachelor's,Unknown,Education
none,101899,3,Bachelor's,Virginia,Transportation & Logistics
none,56700,2,-,Washington State,Information Technology
none,73478,3,Bachelor's,Nevada,Hotels & Travel Accommodation
none,84500,3,Bachelor's,South Dakota,Manufacturing
none,90584,6,Bachelor's,Utah,Education
none,83047,3,Bachelor's,Iowa,Manufacturing
none,106969,5,Bachelor's,Virginia,Real Estate
none,115000,2,-,California,Information Technology
none,115000,8,-,Georgia,Information Technology
applied_ai,130000,2,-,Unknown,Unknown
none,162500,5,-,Tennessee,Information Technology
none,74886,5,Bachelor's,Florida,Unknown
none,154000,7,Bachelor's,Minnesota,Financial Services
none,110000,2,Bachelor's,Unknown,Healthcare
ai_integration,100000,2,Bachelor's,New York State,Financial Services
applied_ai,118950,0,Bachelor's,Texas,Management & Consulting
none,95916,5,Bachelor's,Arizona,Nonprofit & NGO
none,152500,3,-,California,Manufacturing
ai_integration,65000,,-,Puerto Rico,Legal
none,100688,5,Bachelor's,Tennessee,Financial Services
none,72252,5,Bachelor's,Indiana,Manufacturing
none,104213,5,Bachelor's,Ohio,Financial Services
ai_integration,85123,2,Bachelor's,Pennsylvania,Management & Consulting
none,98714,3,Bachelor's,Colorado,Government & Public Administration
none,104750,5,-,Texas,Information Technology
none,145000,,Bachelor's,Unknown,Information Technology
none,100000,3,Bachelor's,New York State,Nonprofit & NGO
none,130823,7,-,Massachusetts,Information Technology
none,73367,3,Bachelor's,Illinois,Unknown
none,112793,4,Bachelor's,Oklahoma,Aerospace & Defense
none,105000,3,Bachelor's,New York State,Education
none,88660,,-,Unknown,Management & Consulting
none,111839,2,Bachelor's,New Jersey,Education
none,75752,3,Bachelor's,Texas,"Construction, Repair & Maintenance Services"
none,127500,9,-,Unknown,Human Resources & Staffing
none,74294,3,Bachelor's,Ohio,Education
none,150000,7,-,Unknown,Manufacturing
none,123500,2,Bachelor's,Pennsylvania,Information Technology
none,97999,5,-,Pennsylvania,Information Technology
none,91363,,-,Colorado,Government & Public Administration
ai_integration,73000,3,Bachelor's,Illinois,Financial Services
ai_integration,140000,5,Bachelor's,Maine,Financial Services
none,133663,8,-,New Jersey,Unknown
none,83316,3,Bachelor's,California,Information Technology
none,169600,8,Bachelor's,Unknown,Financial Services
none,107500,,Bachelor's,Minnesota,Manufacturing
ai_integration,65000,1.5,Bachelor's,Illinois,Information Technology
none,83420,2,Bachelor's,Pennsylvania,Manufacturing
none,117843,,Bachelor's,Texas,Information Technology
ai_integration,88592,8,-,Minnesota,Unknown
none,78000,1,Bachelor's,Texas,Unknown
ai_integration,120976,5,-,California,Unknown
none,113750,3,Bachelor's,Unknown,Information Technology
none,87576,3,Bachelor's,Georgia,Information Technology
none,123000,5,-,California,Insurance
none,118480,,Bachelor's,California,Information Technology
none,120704,5,Bachelor's,District of Columbia,Unknown
none,64754,3,Bachelor's,Illinois,Unknown
ai_integration,112500,3,-,New Jersey,Healthcare
none,90095,3,Bachelor's,Connecticut,Financial Services
none,115000,8,Bachelor's,Unknown,Information Technology
none,140371,6,Bachelor's,California,Information Technology
none,162500,5,-,Massachusetts,Information Technology
none,196250,5,Bachelor's,Utah,Education
none,116550,5,Bachelor's,Pennsylvania,Manufacturing
none,170000,7,Bachelor's,District of Columbia,Financial Services
none,78001,8,Bachelor's,South Carolina,Information Technology
none,150000,7,-,District of Columbia,Transportation & Logistics
applied_ai,108861,5,-,Florida,"Energy, Mining & Utilities"
none,111976,5,Bachelor's,California,Unknown
none,62750,4,Bachelor's,Mississippi,Education
none,85682,0,-,Texas,Retail & Wholesale
none,139819,10,Bachelor's,Virginia,Financial Services
none,85000,4,Bachelor's,Unknown,Unknown
ai_integration,99075,4,-,Missouri,Unknown
none,109187,7,Bachelor's,District of Columbia,Unknown
ai_integration,118678,4,-,Arizona,Retail & Wholesale
none,82158,2,Bachelor's,Virginia,Manufacturing
none,187500,8,-,Florida,Financial Services
none,87396,2,-,Ohio,Nonprofit & NGO
none,94250,3,Bachelor's,Connecticut,Education
none,73000,2,Bachelor's,Texas,Unknown
none,123750,9,Bachelor's,New Jersey,Information Technology
none,61834,3,-,Virginia,Nonprofit & NGO
none,99455,5,-,California,Information Technology
none,94250,5,Bachelor's,Texas,Retail & Wholesale
none,79201,2,Bachelor's,Texas,Information Technology
none,90000,2,-,New Jersey,Unknown
none,60000,2,-,Wisconsin,Unknown
none,156950,5,-,Virginia,Management & Consulting
applied_ai,66245,3,Bachelor's,California,Manufacturing
none,80000,,-,Bulgaria,Retail & Wholesale
none,100220,3,Bachelor's,New York State,Information Technology
ai_integration,132500,3,Bachelor's,Unknown,Information Technology
none,75858,2,Bachelor's,Kansas,Financial Services
none,102356,7,-,Ohio,Unknown
none,102672,5,Associate,Ohio,Unknown
none,109947,,-,Illinois,Unknown
ai_integration,116802,12,Bachelor's,Texas,Information Technology
none,87500,6,-,New York State,Information Technology
none,121329,10,-,California,Unknown
none,145000,10,Associate,Unknown,Manufacturing
ai_integration,116000,5,-,Unknown,Information Technology
none,111625,7,-,Illinois,Insurance
none,88175,5,-,Texas,Manufacturing
none,82362,2,Bachelor's,Arizona,Manufacturing
ai_integration,102500,5,-,Unknown,Healthcare
none,140900,6,Bachelor's,California,Media & Communication
ai_integration,82500,7,-,Michigan,Media & Communication
applied_ai,230050,8,Bachelor's,Washington State,Information Technology
none,48975,2,-,West Bank,Unknown
ai_integration,204250,3,-,California,Information Technology
none,125184,10,Bachelor's,Texas,Retail & Wholesale
none,78039,4,Bachelor's,Texas,Telecommunications
ai_integration,140900,6,-,California,Media & Communication
none,64561,3,Bachelor's,Texas,"Construction, Repair & Maintenance Services"
none,101540,5,Bachelor's,Virginia,Information Technology
none,91870,0,-,Wisconsin,Manufacturing
none,95000,7,-,California,Information Technology
none,110000,7,-,Unknown,Management & Consulting
none,98946,3,-,Minnesota,Unknown
none,140000,5,Bachelor's,Unknown,Healthcare
none,52410,1,-,California,Unknown
ai_integration,96000,6,-,Unknown,Education
none,133150,5,-,South Carolina,Aerospace & Defense
none,45020,1,-,Missouri,Information Technology
none,77000,5,Bachelor's,Unknown,Media & Communication
none,115000,3,-,Michigan,Management & Consulting
none,101396,5,Bachelor's,Florida,Manufacturing
ai_integration,102289,5,-,New Mexico,Management & Consulting
none,165360,,-,Arizona,Manufacturing
none,135000,5,Bachelor's,Illinois,Media & Communication
none,145600,5,-,Colorado,Human Resources & Staffing
none,135309,5,High School,Alabama,Financial Services
none,146844,5,-,Pennsylvania,Financial Services
none,108350,4,Bachelor's,Ohio,Pharmaceutical & Biotechnology
none,80000,5,-,California,Information Technology
applied_ai,102504,2,Bachelor's,Illinois,Unknown
none,90000,3,-,Illinois,Unknown
applied_ai,300000,3,-,California,Unknown
none,88964,3,Bachelor's,Arkansas,Manufacturing
none,94516,4,Bachelor's,Maryland,Unknown
none,105953,,-,Michigan,Unknown
none,169000,8,Bachelor's,Unknown,"Energy, Mining & Utilities"
none,90000,3,-,New York State,Unknown
none,121338,5,-,Virginia,Management & Consulting
none,97211,8,Bachelor's,Ohio,Unknown
none,70000,1,Bachelor's,New Jersey,Unknown
applied_ai,95538,2,-,Texas,Media & Communication
none,103120,5,Bachelor's,Pennsylvania,Education
none,102500,5,Bachelor's,Illinois,Manufacturing
applied_ai,120000,3,-,Unknown,Information Technology
applied_ai,73349,0,-,Virginia,Information Technology
none,93329,2,Bachelor's,Texas,Information Technology
ai_integration,238450,9,-,California,Information Technology
none,162800,10,Bachelor's,Virginia,Management & Consulting
none,124781,5,Bachelor's,Massachusetts,Pharmaceutical & Biotechnology
none,74925,2,-,Texas,Unknown
none,140000,3,Bachelor's,Bulgaria,Manufacturing
none,99139,4,High School,Unknown,Healthcare
none,90000,3,-,California,Manufacturing
none,129053,4,-,California,Information Technology
ai_integration,125000,5,-,Florida,Financial Services
ai_integration,189900,6,-,Washington State,Information Technology
none,113540,7,Bachelor's,Pennsylvania,Retail & Wholesale
none,115000,5,Bachelor's,New York State,Insurance
none,155900,5,-,Unknown,Management & Consulting
applied_ai,72783,5,-,New Jersey,Unknown
applied_ai,205650,8,-,Unknown,Insurance
none,97500,3,-,New Jersey,Manufacturing
applied_ai,131485,6,-,Arizona,Retail & Wholesale
none,110000,3,Bachelor's,Unknown,Insurance
none,140000,8,-,Unknown,Information Technology
none,66605,1,-,New Jersey,Telecommunications
none,73530,7,Bachelor's,Texas,Information Technology
none,144810,10,Bachelor's,Unknown,Healthcare
none,143400,6,Bachelor's,Texas,Financial Services
ai_integration,100000,3,-,Texas,Real Estate
none,110000,3,Bachelor's,Maryland,Nonprofit & NGO
none,135000,5,-,New York State,Financial Services
none,156532,10,Bachelor's,Texas,Financial Services
ai_integration,218500,7,-,Texas,Information Technology
none,52564,1,-,New Hampshire,Unknown
none,190788,12,Bachelor's,California,Information Technology
ai_integration,135000,5,Bachelor's,Unknown,Restaurants & Food Service
none,122475,5,High School,New York State,Government & Public Administration
ai_integration,280000,15,Bachelor's,California,Information Technology
ai_integration,230150,3,-,California,Information Technology
none,111500,7,-,Nevada,Unknown
none,182500,10,-,Unknown,Manufacturing
none,78185,3,-,Massachusetts,Education
none,109335,3,Bachelor's,California,Insurance
applied_ai,140900,8,-,California,Retail & Wholesale
none,125000,5,High School,Michigan,Financial Services
ai_integration,95000,5,-,Washington State,Unknown
none,83983,1,-,Wisconsin,Manufacturing
none,74881,5,Bachelor's,Oregon,Unknown
none,105000,5,-,Unknown,Financial Services
none,105000,,-,Unknown,Management & Consulting
ai_integration,99642,5,-,Texas,Information Technology
none,108500,8,-,Virginia,Management & Consulting
none,84350,2,Bachelor's,Minnesota,Manufacturing
none,61313,2,Bachelor's,Texas,Education
ai_integration,114000,,-,North Carolina,Information Technology
applied_ai,130654,5,-,Texas,Financial Services
none,175990,5,Bachelor's,Missouri,Financial Services
none,80374,5,Bachelor's,Florida,Information Technology
none,72030,3,-,Arizona,Education
none,135936,13,Bachelor's,Unknown,Management & Consulting
none,112500,,-,New York State,Financial Services
none,115322,5,-,Pennsylvania,Media & Communication
ai_integration,185250,9,Master's,Massachusetts,Pharmaceutical & Biotechnology
none,147500,8,Bachelor's,Unknown,Retail & Wholesale
none,117500,3,Bachelor's,Illinois,Manufacturing
none,137060,,-,Washington State,Education
none,70937,3,Bachelor's,Wisconsin,Manufacturing
none,73000,2,Bachelor's,Arizona,Unknown
ai_integration,134479,7,-,Illinois,Information Technology
none,116500,7,-,Illinois,Retail & Wholesale
none,137500,4,-,Maryland,Management & Consulting
none,110634,5,Bachelor's,Texas,Information Technology
none,152500,10,-,California,Manufacturing
none,127500,5,-,Colorado,Manufacturing
none,150000,7,-,Unknown,Media & Communication
none,100117,2,-,California,Information Technology
applied_ai,162000,10,Bachelor's,Unknown,Information Technology
ai_integration,90938,5,-,Georgia,Information Technology
none,110937,4,-,California,Information Technology
ai_integration,86623,11,Bachelor's,District of Columbia,Unknown
none,129000,5,Bachelor's,California,Real Estate
none,151696,10,Bachelor's,Virginia,Information Technology
none,119500,8,-,Illinois,Unknown
none,95000,5,Bachelor's,District of Columbia,Education
none,120622,5,Bachelor's,Virginia,Real Estate
none,190000,5,-,Texas,Information Technology
none,147500,8,Bachelor's,Unknown,Information Technology
ai_integration,74000,3,Bachelor's,New York State,Aerospace & Defense
none,238450,15,Bachelor's,California,Information Technology
ai_integration,72188,0,Bachelor's,Texas,Information Technology
none,110000,4,High School,Illinois,Financial Services
none,146171,15,Bachelor's,Texas,Unknown
none,210000,8,-,California,Human Resources & Staffing
none,63481,5,Bachelor's,Indiana,Manufacturing
ai_integration,115000,5,-,New York State,Information Technology
applied_ai,118131,7,-,Texas,"Construction, Repair & Maintenance Services"
ai_integration,85798,,-,Texas,Information Technology
applied_ai,99276,,Bachelor's,Texas,Information Technology
none,88095,5,Bachelor's,Maine,Education
none,117543,3,-,New Jersey,Manufacturing
none,150573,6,Bachelor's,North Carolina,Financial Services
none,140350,4,Bachelor's,Washington State,Telecommunications
none,80522,3,Bachelor's,Ohio,Unknown
none,117306,3,Bachelor's,California,Information Technology
none,60000,5,-,New Mexico,Unknown
none,79513,5,Bachelor's,Maine,Education
none,110000,5,Bachelor's,Washington State,Information Technology
ai_integration,151700,5,-,Georgia,Education
none,160000,3,-,New York State,Unknown
ai_integration,137500,8,Bachelor's,Utah,Healthcare
none,107500,8,Bachelor's,Massachusetts,Education
none,140199,7,-,Massachusetts,Insurance
none,84583,3,Bachelor's,Texas,Information Technology
ai_integration,122375,8,Bachelor's,Georgia,Financial Services
ai_integration,73645,5,-,Arizona,Retail & Wholesale
none,86043,5,Bachelor's,Ohio,Manufacturing
ai_integration,216300,15,Bachelor's,Connecticut,Healthcare
none,121762,,-,Virginia,Unknown
ai_integration,146916,7,Bachelor's,California,Manufacturing
none,121350,7,Bachelor's,North Carolina,Insurance
none,110814,5,-,Massachusetts,Manufacturing
none,91239,5,Bachelor's,Connecticut,Manufacturing
ai_integration,73635,2,-,Texas,Information Technology
none,156300,5,-,Pennsylvania,Retail & Wholesale
ai_integration,205000,8,-,Unknown,Information Technology
ai_integration,155000,10,Bachelor's,Virginia,Information Technology
none,100500,4,Associate,New York State,Government & Public Administration
none,92500,5,-,New York State,Media & Communication
none,159498,5,Bachelor's,Unknown,Healthcare
none,62795,5,Bachelor's,Arizona,Retail & Wholesale
none,165000,5,Bachelor's,New Jersey,Financial Services
applied_ai,149250,8,-,Washington State,Information Technology
none,192500,12,-,Unknown,Information Technology
ai_integration,130000,7,Bachelor's,New York State,Information Technology
none,108587,8,Bachelor's,Pennsylvania,Manufacturing
none,129000,7,-,Nevada,Healthcare
none,110000,5,Bachelor's,Bulgaria,Financial Services
none,107500,8,Bachelor's,Massachusetts,Government & Public Administration
none,61857,.25,-,Kansas,Healthcare
none,157650,8,Bachelor's,Washington State,Information Technology
none,196380,5,Bachelor's,North Carolina,Financial Services
none,84042,3,-,Texas,Financial Services
none,118607,4,-,Unknown,Information Technology
none,67045,2,-,Georgia,Unknown
none,133776,7,-,Virginia,Unknown
none,110684,7,Bachelor's,Florida,Unknown
none,130812,5,-,Nevada,Education
none,145000,5,Bachelor's,Unknown,Media & Communication
none,65000,2,Bachelor's,New York State,Nonprofit & NGO
none,157400,10,-,Georgia,Information Technology
none,64530,3,Bachelor's,Texas,"Construction, Repair & Maintenance Services"
none,164000,6,Bachelor's,California,Information Technology
none,145000,7,Bachelor's,Unknown,Information Technology
none,135000,8,Bachelor's,Maryland,Aerospace & Defense
none,156460,8,-,Massachusetts,Information Technology
none,126500,7,Bachelor's,Nevada,Unknown
ai_integration,104556,15,Bachelor's,Missouri,Manufacturing
none,138400,5,Bachelor's,Vermont,Manufacturing
none,145000,10,Bachelor's,Unknown,Unknown
none,80000,2,Bachelor's,Illinois,Information Technology
none,84293,3,-,Massachusetts,Financial Services
ai_integration,214500,5,-,Texas,Legal
ai_integration,86958,,-,New York State,Nonprofit & NGO
none,152000,5,Bachelor's,California,Pharmaceutical & Biotechnology
none,169844,5,-,California,Unknown
none,72500,3,-,Arizona,Healthcare
none,88567,5,Bachelor's,Ohio,Information Technology
none,110000,3,-,Virginia,Management & Consulting
ai_integration,124919,4,-,Texas,Information Technology
none,106224,5,-,Texas,Information Technology
none,167500,7,Bachelor's,Unknown,Information Technology
none,75000,1,Bachelor's,Illinois,Financial Services
ai_integration,146000,10,Bachelor's,Unknown,Financial Services
ai_integration,133141,5,-,Kansas,"Construction, Repair & Maintenance Services"
ai_integration,122648,6,Bachelor's,Illinois,Pharmaceutical & Biotechnology
none,121313,5,Bachelor's,Virginia,Information Technology
none,115360,7,Bachelor's,Unknown,Nonprofit & NGO
none,139450,5,Bachelor's,Minnesota,Manufacturing
none,190096,10,Bachelor's,Colorado,"Construction, Repair & Maintenance Services"
none,85000,1,Bachelor's,California,Information Technology
none,125000,,-,Alabama,Insurance
none,120000,10,Bachelor's,Virginia,Information Technology
none,163500,,Bachelor's,Florida,Pharmaceutical & Biotechnology
none,87493,1,Bachelor's,Minnesota,Manufacturing
none,116038,8,Bachelor's,North Carolina,Retail & Wholesale
none,101750,3,Bachelor's,Connecticut,Financial Services
ai_integration,155095,5,-,Texas,Information Technology
none,77261,10,Bachelor's,Texas,Retail & Wholesale
none,120500,5,Bachelor's,Texas,Financial Services
none,167500,7,-,Minnesota,Financial Services
ai_integration,131688,5,-,Maryland,Unknown
none,130020,5,Bachelor's,California,Manufacturing
none,154000,7,Bachelor's,Unknown,Manufacturing
ai_integration,140000,8,-,Virginia,Information Technology
none,103287,5,Bachelor's,Georgia,Unknown
ai_integration,95000,7,Bachelor's,Florida,Aerospace & Defense
ai_integration,132500,4,-,California,Financial Services
ai_integration,146500,8,Bachelor's,Unknown,Information Technology
none,125000,5,-,Illinois,Manufacturing
none,145000,5,Bachelor's,Missouri,Financial Services
none,445000,3,-,California,Information Technology
none,187974,,-,Unknown,Information Technology
applied_ai,310000,5,-,California,Information Technology
none,140000,6,-,Texas,Unknown
none,132300,1,Associate,Unknown,Information Technology
none,410000,5,-,Unknown,Information Technology
none,184000,7,-,Missouri,Financial Services
none,75000,5,-,Unknown,Information Technology
none,106202,0,Associate,Texas,Information Technology
none,170755,5,Bachelor's,California,Information Technology
ai_integration,190300,,-,California,Information Technology
none,172500,5,Bachelor's,Unknown,Information Technology
none,205000,5,Bachelor's,Pennsylvania,Information Technology
ai_integration,111000,1,Bachelor's,California,Financial Services
none,177500,4,-,Massachusetts,Information Technology
none,159050,3,-,Colorado,Aerospace & Defense
none,109791,6,Bachelor's,Virginia,Information Technology
none,112135,5,Bachelor's,Pennsylvania,Healthcare
none,200000,,-,New York State,Nonprofit & NGO
none,119538,4,Bachelor's,California,Aerospace & Defense
none,130578,5,-,Washington State,Unknown
none,150000,3,-,California,Unknown
none,120000,1,Bachelor's,California,Information Technology
none,168300,4,Bachelor's,New Jersey,Information Technology
none,140000,5,-,California,Manufacturing
none,120000,3,Bachelor's,Unknown,Human Resources & Staffing
none,140000,12,Bachelor's,Texas,Unknown
none,208000,8,-,Unknown,Information Technology
ai_integration,170000,5,-,Unknown,Unknown
none,100600,4,Bachelor's,Massachusetts,Pharmaceutical & Biotechnology
none,187000,5,-,California,Information Technology
none,137500,,-,Unknown,Information Technology
none,113066,8,Bachelor's,Tennessee,"Construction, Repair & Maintenance Services"
none,128940,5,-,Texas,Information Technology
none,229000,8,Bachelor's,California,Manufacturing
none,100112,3,Bachelor's,Texas,Transportation & Logistics
none,86376,3,Bachelor's,Michigan,Manufacturing
none,138516,7,-,Texas,Information Technology
ai_integration,138750,10,Bachelor's,Unknown,Information Technology
none,131452,,-,Delaware,Information Technology
none,138750,6,Bachelor's,Unknown,Information Technology
none,174150,7,Bachelor's,Colorado,Manufacturing
ai_integration,193000,7,-,California,Aerospace & Defense
none,136500,5,Bachelor's,Unknown,Management & Consulting
none,104219,3,Bachelor's,Michigan,Manufacturing
ai_integration,115129,3,-,Delaware,Financial Services
applied_ai,188929,,-,California,Information Technology
none,120000,6,-,Pennsylvania,Unknown
ai_integration,91753,4,Bachelor's,Rhode Island,Information Technology
applied_ai,270750,12,Bachelor's,California,Information Technology
none,127500,5,-,Tennessee,Telecommunications
none,116740,3,Bachelor's,Florida,Aerospace & Defense
none,179300,1,Bachelor's,Unknown,Information Technology
none,131000,,-,Illinois,Information Technology
ai_integration,164500,3,Bachelor's,New York State,Information Technology
none,136424,3,-,Virginia,Information Technology
none,158750,,-,California,Information Technology
none,133700,6,Bachelor's,Texas,Telecommunications
none,176500,7,-,Ohio,Healthcare
applied_ai,225500,7,-,California,Information Technology
none,77500,3,Bachelor's,Ohio,Financial Services
none,185260,7,-,Texas,Manufacturing
none,188929,,-,California,Information Technology
none,120000,3,Bachelor's,Virginia,Media & Communication
ai_integration,125250,5,High School,Minnesota,Healthcare
ai_integration,174500,5,-,New York State,Information Technology
applied_ai,205600,3,Bachelor's,California,Manufacturing
none,110000,3,-,Pennsylvania,Retail & Wholesale
applied_ai,162500,8,Bachelor's,Unknown,Real Estate
none,236900,5,-,California,Information Technology
none,228000,12,Bachelor's,Unknown,Information Technology
none,160000,5,Bachelor's,California,Information Technology
none,134000,4,Bachelor's,New York State,Retail & Wholesale
none,101078,2,Bachelor's,Illinois,Transportation & Logistics
none,90433,3,Bachelor's,Nebraska,Financial Services
none,198000,,-,California,Information Technology
none,121200,5,Bachelor's,Nebraska,Financial Services
none,108203,5,Bachelor's,Pennsylvania,Retail & Wholesale
none,146250,1,Bachelor's,Washington State,Aerospace & Defense
none,92923,2,Bachelor's,Pennsylvania,Financial Services
none,106091,.5,Bachelor's,Massachusetts,Information Technology
none,188900,2,Bachelor's,Unknown,Information Technology
none,124000,1,Bachelor's,Washington State,Information Technology
none,175000,10,-,California,Information Technology
none,152000,5,Bachelor's,Unknown,Aerospace & Defense
none,115613,5,Bachelor's,Florida,Media & Communication
none,114301,7,Bachelor's,Florida,Financial Services
none,190000,5,Bachelor's,Washington State,Aerospace & Defense
none,196000,2,-,California,Manufacturing
none,125493,4,-,Texas,Information Technology
ai_integration,147950,2,-,Washington State,Real Estate
none,273380,,-,California,Information Technology
none,200000,5,-,New Jersey,Financial Services
none,115935,5,High School,Texas,Financial Services
none,155450,8,-,Illinois,Financial Services
ai_integration,320500,8,-,Washington State,Unknown
none,123487,,Bachelor's,Arizona,Information Technology
none,198000,,-,California,Information Technology
none,110390,2,Bachelor's,New York State,Telecommunications
none,164000,5,Bachelor's,Unknown,Information Technology
none,155000,5,Bachelor's,California,Insurance
none,176400,3,Bachelor's,Washington State,Information Technology
none,141000,5,-,Connecticut,Insurance
none,148500,5,Bachelor's,Unknown,Information Technology
applied_ai,183700,4,-,Washington State,Information Technology
none,107209,4,-,Georgia,Unknown
none,113143,5,Bachelor's,Tennessee,Retail & Wholesale
none,240867,8,-,Unknown,Retail & Wholesale
none,238850,3,-,Pennsylvania,Information Technology
ai_integration,191000,7,Bachelor's,California,Information Technology
ai_integration,168151,5,Bachelor's,California,Insurance
none,132468,6,Bachelor's,New York State,Telecommunications
none,225000,5,-,New York State,"Arts, Entertainment & Recreation"
none,89091,3,Bachelor's,Texas,Financial Services
none,100000,,Bachelor's,Unknown,Telecommunications
none,115000,3,Bachelor's,Ohio,Financial Services
applied_ai,117000,3.5,Bachelor's,Texas,Information Technology
none,246900,8,Bachelor's,Texas,Manufacturing
none,121430,8,Bachelor's,Georgia,Restaurants & Food Service
none,177500,7,Bachelor's,Unknown,Information Technology
none,171500,2,Bachelor's,Washington State,Information Technology
applied_ai,229500,8,-,Unknown,Information Technology
none,100000,7,-,Missouri,Financial Services
none,124966,6,-,North Carolina,Financial Services
none,110880,6,Bachelor's,Utah,Financial Services
none,106966,3,Bachelor's,New Jersey,Unknown
none,137700,2,Bachelor's,California,Information Technology
none,103547,3,Bachelor's,North Carolina,Financial Services
none,77500,3,Bachelor's,Ohio,Financial Services
ai_integration,102125,0,Bachelor's,Virginia,Information Technology
none,185610,8,-,New York State,Financial Services
none,144000,1,Bachelor's,California,Information Technology
none,182600,10,Bachelor's,Unknown,Information Technology
none,131713,5,-,Virginia,Information Technology
none,130102,5,Bachelor's,Pennsylvania,Financial Services
none,121700,4,Bachelor's,Unknown,Insurance
none,130365,,Bachelor's,Virginia,Unknown
none,172500,3,-,California,Information Technology
none,180000,10,-,Unknown,Media & Communication
none,176400,4,Bachelor's,California,Information Technology
none,140000,,Bachelor's,Texas,Unknown
ai_integration,176402,5,-,California,Information Technology
applied_ai,207500,,-,California,Unknown
none,85951,3,-,New Hampshire,Information Technology
none,105042,2,-,New Hampshire,Aerospace & Defense
none,244250,12,-,Unknown,Information Technology
none,165000,7,Bachelor's,California,Education
ai_integration,145000,4,-,Colorado,Unknown
none,122209,,Bachelor's,Florida,Financial Services
none,102213,2,Bachelor's,Florida,Information Technology
none,131450,5,-,Georgia,Management & Consulting
none,107080,2,Bachelor's,Pennsylvania,Pharmaceutical & Biotechnology
ai_integration,155000,8,Bachelor's,Unknown,Information Technology
none,152675,0,Bachelor's,Virginia,Information Technology
none,176900,5,-,Colorado,Information Technology
none,160000,3,-,District of Columbia,Information Technology
none,110000,5,Bachelor's,Unknown,Information Technology
none,121000,3,Bachelor's,Virginia,Aerospace & Defense
none,169800,6,Bachelor's,Unknown,Insurance
none,111470,6,Bachelor's,Maine,Information Technology
none,176500,7,-,Ohio,Healthcare
none,115000,3,-,Unknown,Information Technology
ai_integration,200000,4,Bachelor's,California,Information Technology
ai_integration,163157,,-,California,Unknown
none,142000,5,Bachelor's,Massachusetts,Information Technology
none,92500,0,Bachelor's,Illinois,Information Technology
none,212500,7,-,Pennsylvania,Unknown
none,115000,8,-,California,Unknown
none,105000,10,Bachelor's,Virginia,Unknown
ai_integration,129154,5,-,Texas,Information Technology
none,107489,,-,Colorado,Unknown
none,116595,0,Associate,California,Information Technology
ai_integration,197500,7,-,Washington State,Information Technology
none,107489,,-,Colorado,Healthcare
none,121485,,-,Ohio,Unknown
none,130079,,-,Oregon,Unknown
none,147500,1,-,New Jersey,Financial Services
none,190500,4,-,Washington State,Information Technology
none,109250,3,High School,Kansas,Financial Services
none,185000,5,Bachelor's,Unknown,Information Technology
none,153625,7,-,Unknown,Information Technology
none,125000,2,-,New Jersey,Information Technology
ai_integration,160000,5,Bachelor's,California,Information Technology
none,271000,9,Bachelor's,Washington State,Information Technology
none,147500,1,-,New Jersey,Financial Services
ai_integration,217750,5,Bachelor's,California,Information Technology
ai_integration,124842,1,Bachelor's,Georgia,Restaurants & Food Service
none,160000,3,Bachelor's,Arizona,Financial Services
none,85000,3,-,Alabama,Unknown
none,183700,8,Bachelor's,Illinois,Retail & Wholesale
none,205000,5,Bachelor's,Washington State,Information Technology
none,156300,5,Bachelor's,Illinois,Retail & Wholesale
none,131474,,-,New Jersey,Manufacturing
none,172000,4,-,District of Columbia,Information Technology
none,127500,2,Bachelor's,Colorado,Information Technology
none,109739,3,Bachelor's,Texas,Telecommunications
none,194000,8,Bachelor's,Unknown,Information Technology
none,88500,0,Bachelor's,Virginia,Information Technology
ai_integration,213375,6,Bachelor's,California,Information Technology
ai_integration,127500,3,Bachelor's,Connecticut,Media & Communication
ai_integration,177350,5,-,Washington State,Real Estate
none,107489,5,Bachelor's,Colorado,Aerospace & Defense
none,171041,7,-,Massachusetts,Financial Services
none,115613,5,Bachelor's,Florida,Media & Communication
ai_integration,201365,7,-,Arizona,Healthcare
none,102670,2,-,Nevada,Manufacturing
none,126843,2,Bachelor's,Massachusetts,Information Technology
none,198447,7,Bachelor's,California,Information Technology
none,124500,5,Bachelor's,Arizona,Financial Services
none,94725,0,Bachelor's,Pennsylvania,Information Technology
ai_integration,188000,5,Bachelor's,New York State,Information Technology
ai_integration,126000,3,Bachelor's,Minnesota,Information Technology
none,209750,7,Bachelor's,California,Information Technology
none,224500,10,Bachelor's,California,Information Technology
ai_integration,165000,2,Bachelor's,Arkansas,Retail & Wholesale
none,82611,3,-,Texas,"Arts, Entertainment & Recreation"
none,217750,7,Bachelor's,New York State,Information Technology
none,110524,8,Bachelor's,Texas,Human Resources & Staffing
none,97560,8,-,Maryland,Unknown
none,100000,5,-,Virginia,Aerospace & Defense
none,207500,,Bachelor's,Texas,Financial Services
none,165125,5,-,Colorado,Aerospace & Defense
none,204950,6,-,Virginia,Information Technology
none,150547,8,Bachelor's,California,Information Technology
none,164134,2,Master's,Minnesota,Healthcare
none,145689,8,Bachelor's,Missouri,Financial Services
ai_integration,99194,5,-,New York State,Information Technology
none,128089,5,Bachelor's,Florida,Information Technology
none,102500,3,Bachelor's,California,Financial Services
none,140000,,-,Arizona,Education
none,171300,7,-,Illinois,Financial Services
ai_integration,191625,5,-,Unknown,Healthcare
none,142956,,-,Virginia,Unknown
ai_integration,173150,8,-,Massachusetts,Information Technology
ai_integration,165000,3,Bachelor's,Arkansas,Retail & Wholesale
none,130000,5,Bachelor's,New York State,Management & Consulting
none,140209,4,-,Arizona,Financial Services
ai_integration,106000,4,Bachelor's,New Jersey,Management & Consulting
none,107500,0,Bachelor's,Massachusetts,Manufacturing
none,171650,5,Bachelor's,Washington State,Information Technology
none,108524,1,Bachelor's,Illinois,Telecommunications
none,166500,6,Bachelor's,Massachusetts,Information Technology
ai_integration,150183,10,Bachelor's,Virginia,Management & Consulting
ai_integration,205000,3,-,California,"Energy, Mining & Utilities"
none,137900,1,Bachelor's,California,Aerospace & Defense
ai_integration,140544,8,Bachelor's,North Carolina,Information Technology
ai_integration,150000,5,Bachelor's,North Carolina,Information Technology
none,150000,5,Bachelor's,Illinois,Financial Services
none,87907,3,-,Utah,Unknown
ai_integration,110000,2,-,Washington State,Information Technology
none,128128,5,Bachelor's,Colorado,Unknown
none,102482,2,-,Florida,Financial Services
ai_integration,175000,5,-,California,Information Technology
none,193750,8,-,California,Information Technology
none,94900,,Bachelor's,Florida,Financial Services
none,113893,5,Bachelor's,Texas,Unknown
none,187500,5,-,New York State,Financial Services
ai_integration,167200,2,Bachelor's,California,Information Technology
none,145794,10,-,Florida,Information Technology
none,128058,3,Bachelor's,Illinois,Telecommunications
none,110240,5,Bachelor's,North Carolina,Information Technology
ai_integration,205000,3,-,Washington State,"Energy, Mining & Utilities"
none,125797,,-,California,Real Estate
none,124738,5,Bachelor's,Tennessee,Financial Services
ai_integration,175000,5,-,California,Unknown
none,128100,5,Bachelor's,Virginia,Information Technology
none,236900,10,Bachelor's,Washington State,Information Technology
none,134053,14,-,Maryland,Unknown
none,188500,6,Bachelor's,Maryland,Information Technology
none,127750,1,Bachelor's,Connecticut,Insurance
none,126746,15,-,Utah,Unknown
none,210000,,-,New York State,Financial Services
none,135000,10,Bachelor's,New Jersey,Financial Services
none,110000,5,Bachelor's,Unknown,Information Technology
none,112618,8,Bachelor's,Tennessee,Aerospace & Defense
none,135000,5,Bachelor's,Unknown,Information Technology
none,163576,8,Bachelor's,Maryland,Information Technology
none,89162,7,Bachelor's,Texas,Agriculture
applied_ai,153000,2,Bachelor's,Virginia,Management & Consulting
none,199000,5,-,California,Information Technology
none,273380,5,Bachelor's,California,Information Technology
none,92500,1,-,California,Financial Services
none,145000,2,Bachelor's,Washington State,Aerospace & Defense
none,170000,5,-,California,Information Technology
applied_ai,248260,,-,California,Information Technology
none,325000,,-,New York State,Unknown
none,102500,3,Bachelor's,California,Financial Services
none,170000,3,-,Unknown,Unknown
none,124854,5,Bachelor's,Massachusetts,Information Technology
none,227000,5,Bachelor's,New York State,Information Technology
none,119564,5,Bachelor's,Texas,Information Technology
applied_ai,162500,5,Bachelor's,Unknown,Information Technology
none,131389,5,-,Texas,Unknown
none,147932,6,-,Virginia,Information Technology
none,244000,8,Bachelor's,California,Information Technology
none,143850,5,Bachelor's,Unknown,Insurance
none,171000,5,-,New York State,Information Technology
none,126089,8,Bachelor's,Virginia,Information Technology
none,132784,,-,Georgia,Human Resources & Staffing
none,149550,3,Bachelor's,Illinois,Management & Consulting
none,265000,7,-,New York State,Unknown
ai_integration,108993,11,Bachelor's,Connecticut,Information Technology
none,184500,7,-,New York State,Information Technology
applied_ai,124678,7,Bachelor's,Utah,Information Technology
none,129133,,Bachelor's,Georgia,Financial Services
none,162600,3,Bachelor's,Illinois,Unknown
none,188000,10,-,New York State,Information Technology
ai_integration,195000,6,-,Unknown,Unknown
none,98749,3,Bachelor's,Michigan,Aerospace & Defense
none,120000,7,Bachelor's,District of Columbia,Unknown
none,183500,10,Bachelor's,California,"Energy, Mining & Utilities"
none,162500,6,-,Colorado,Management & Consulting
none,164500,6,Bachelor's,Colorado,Information Technology
none,145000,8,-,North Carolina,Information Technology
ai_integration,102125,3,-,Texas,Information Technology
none,124000,2,-,California,Unknown
none,120315,3,Bachelor's,New Hampshire,Information Technology
none,111800,0,Bachelor's,California,Aerospace & Defense
none,132016,,Bachelor's,Georgia,Information Technology
none,187950,5,-,New York State,Information Technology
none,185000,3,-,California,Financial Services
none,125000,7,Bachelor's,Unknown,Information Technology
none,119000,5,Bachelor's,New Jersey,Unknown
applied_ai,118620,5,Bachelor's,California,Information Technology
ai_integration,155000,4,-,Washington State,Information Technology
applied_ai,180000,10,Bachelor's,Unknown,Information Technology
none,136800,7,-,Colorado,Information Technology
ai_integration,186525,2,Bachelor's,Virginia,Information Technology
none,175000,8,-,Unknown,Information Technology
applied_ai,190000,6,Bachelor's,California,Information Technology
none,111254,4,Bachelor's,Georgia,Information Technology
applied_ai,150328,3,Bachelor's,California,Unknown
none,152500,5,Bachelor's,California,Telecommunications
none,155000,5,-,Virginia,Information Technology
none,160000,5,-,California,Unknown
none,122855,10,-,Washington State,Unknown
applied_ai,170328,5,Bachelor's,California,Healthcare
none,110837,5,-,Washington State,Unknown
none,119000,5,Bachelor's,New Jersey,Financial Services
none,126151,5,Bachelor's,Arizona,Information Technology
none,157500,8,-,California,Information Technology
none,114000,1,-,District of Columbia,Information Technology
none,150000,7,-,Colorado,Information Technology
none,222500,7,-,New York State,Healthcare
none,135963,10,-,Texas,Information Technology
none,144990,5,-,Washington State,Healthcare
none,113469,,Bachelor's,California,Unknown
none,180750,5,-,California,Information Technology
none,135000,5,-,Texas,Information Technology
ai_integration,231500,7,-,New York State,Information Technology
none,115849,5,Bachelor's,Virginia,Information Technology
ai_integration,180316,5,-,North Carolina,Management & Consulting
none,150000,10,-,Arizona,Healthcare
