skills;job_desc_text;skills_ai_det;skills_hasai_det;desc_tier_llm;desc_conf_llm;ai_confidence;desc_ai_llm;desc_rationale_llm;is_real_ai;hardskills;softskills;skill_cluster;edu_level_det;edulevel_llm;experience_min_llm;ai_det_llm_match;desc_hard_det;desc_soft_det;desc_hard_llm;desc_soft_llm;id;job_title;location;company_id;company;age_in_days;pay_currency;pay_period;salary_min;salary_mid;salary_max;rating;discover_date;job_types;remote_work_types;educations;job_desc_html;city;state;country;latitude;longitude;ceo;headquarters;industry;sector;revenue;size;type;website;year_founded
Performance tuning, CSS, JUnit, MongoDB, Microservices, SQL, Analysis skills, Docker, ECMAScript, Scalability, Integration testing, Unit testing, GraphQL, TypeScript, HTML5;"Posted On : October 3, 2025
Remote
Contract Basis
We are looking for an experienced Full Stack Software Engineer with more than 4 years of hands-on experience in developing robust, scalable, and high-performance applications. This role requires strong expertise in both Angular for the frontend and Spring Boot for the backend. You will design, develop, and maintain full-stack solutions while ensuring seamless integration between user interfaces and backend services. If you’re passionate about delivering high-quality software, thrive in a dynamic environment, and enjoy collaborating with cross-functional teams, this opportunity is for you.
Responsibilities
Design, develop, test, and maintain scalable full-stack applications using Angular and Spring Boot.
Implement clean, efficient, and reusable code following industry best practices.
Collaborate with UI/UX designers to create responsive, user-friendly interfaces.
Develop and integrate RESTful APIs, GraphQL, and WebSocket-based services.
Work with databases (SQL/NoSQL) and optimize queries for performance.
Ensure applications are optimized for maximum performance, speed, and scalability.
Debug, troubleshoot, and resolve frontend and backend issues.
Write unit, integration, and end-to-end tests to maintain code quality.
Participate in code reviews, technical discussions, and knowledge-sharing sessions.
Stay updated with the latest trends in Angular, Spring Boot, and full-stack development.
What we expect
Bachelor’s degree in Computer Science, Software Engineering, or a related field.
4+ years of proven experience in software development with a focus on full-stack (Angular + Spring Boot).
Strong proficiency in Angular (latest versions), TypeScript, HTML5, CSS3, and JavaScript (ES6+).
Expertise in Spring Boot, Java, and RESTful API development.
Experience with state management libraries (e.g., NgRx, RxJS).
Hands-on experience with GraphQL and WebSocket integration.
Strong understanding of component-based architecture and modular design patterns.
Familiarity with databases (MySQL, PostgreSQL, MongoDB, or similar).
Knowledge of microservices architecture and containerization (Docker, Kubernetes is a plus).
Experience with testing frameworks such as Jasmine, Karma, Jest (frontend) and JUnit, Mockito (backend).
Strong problem-solving, debugging, and analytical skills.
Ability to work independently in a remote, contract-based setup.
Passion for continuous learning and adopting new technologies.
If you’re eager to advance your career and become a valued member of a prominent company, this is an opportunity you won’t want to miss!";;0;none;0.9;0.9;;;0;angular, api development, code quality, css, debugging, design patterns, docker, frontend development, full stack, graphql, html, integration testing, jasmine, java, javascript, jest, junit, karma, kubernetes, microservices, mockito, mongodb, mysql, ngrx, nosql, performance tuning, postgresql, rest, rxjs, software engineering, spring boot, sql, typescript, ui/ux, unit testing, websocket;analytical skills, continuous learning, cross-functional collaboration, passion, problem solving;"Architecture & Methods: design patterns, software engineering; Backend Development: api development, full stack, graphql, microservices, rest, spring boot, websocket; Databases & Storage: mongodb, mysql, nosql, postgresql, sql; DevOps & Containers: docker, kubernetes; Dynamic & Web: javascript, typescript; Enterprise & Managed: java; Frontend Development: angular, css, frontend development, html, ngrx, rxjs, ui/ux; Testing, QA & Debugging: code quality, debugging, integration testing, jasmine, jest, junit, karma, mockito, performance tuning, unit testing";bachelor;Bachelor's;4.0;1;angular, api development, code quality, css, debugging, design patterns, docker, frontend development, full stack, graphql, html, integration testing, jasmine, java, javascript, jest, junit, karma, kubernetes, microservices, mockito, mongodb, mysql, ngrx, nosql, performance tuning, postgresql, rest, rxjs, software engineering, spring boot, sql, typescript, ui/ux, unit testing, websocket;analytical skills, continuous learning, cross-functional collaboration, passion, problem solving;;;1;Full Stack Software Engineer (Angular + Spring Boot);Remote;3138422.0;Treinetic;4;USD;;;;;4.1;2025-10-03T00:00:00;Contract;WORK_FROM_HOME;Bachelor's degree;"<div><div><div><div><ul><li>Posted On : October 3, 2025
</li></ul></div></div></div><div><div><div><div><div><p>Remote</p>
</div></div><div></div><div><div><p>Contract Basis</p>
</div></div></div></div></div><div></div><div><div><div>We are looking for an experienced Full Stack Software Engineer with more than 4 years of hands-on experience in developing robust, scalable, and high-performance applications. This role requires strong expertise in both Angular for the frontend and Spring Boot for the backend. You will design, develop, and maintain full-stack solutions while ensuring seamless integration between user interfaces and backend services. If you&rsquo;re passionate about delivering high-quality software, thrive in a dynamic environment, and enjoy collaborating with cross-functional teams, this opportunity is for you.
</div></div></div><div></div><div><div><div><div><div><h2 class=""jobSectionHeader""><b>Responsibilities</b></h2>
</div></div><div><div><ul><li>Design, develop, test, and maintain scalable full-stack applications using Angular and Spring Boot.</li>
<li>Implement clean, efficient, and reusable code following industry best practices.</li>
<li>Collaborate with UI/UX designers to create responsive, user-friendly interfaces.</li>
<li>Develop and integrate RESTful APIs, GraphQL, and WebSocket-based services.</li>
<li>Work with databases (SQL/NoSQL) and optimize queries for performance.</li>
<li>Ensure applications are optimized for maximum performance, speed, and scalability.</li>
<li>Debug, troubleshoot, and resolve frontend and backend issues.</li>
<li>Write unit, integration, and end-to-end tests to maintain code quality.</li>
<li>Participate in code reviews, technical discussions, and knowledge-sharing sessions.</li>
<li>Stay updated with the latest trends in Angular, Spring Boot, and full-stack development.</li>
</ul></div></div></div></div></div><div></div><div><div><div><div><div><h2 class=""jobSectionHeader""><b>What we expect</b></h2>
</div></div><div><div><ul><li>Bachelor&rsquo;s degree in Computer Science, Software Engineering, or a related field.</li>
<li>4+ years of proven experience in software development with a focus on full-stack (Angular + Spring Boot).</li>
<li>Strong proficiency in Angular (latest versions), TypeScript, HTML5, CSS3, and JavaScript (ES6+).</li>
<li>Expertise in Spring Boot, Java, and RESTful API development.</li>
<li>Experience with state management libraries (e.g., NgRx, RxJS).</li>
<li>Hands-on experience with GraphQL and WebSocket integration.</li>
<li>Strong understanding of component-based architecture and modular design patterns.</li>
<li>Familiarity with databases (MySQL, PostgreSQL, MongoDB, or similar).</li>
<li>Knowledge of microservices architecture and containerization (Docker, Kubernetes is a plus).</li>
<li>Experience with testing frameworks such as Jasmine, Karma, Jest (frontend) and JUnit, Mockito (backend).</li>
<li>Strong problem-solving, debugging, and analytical skills.</li>
<li>Ability to work independently in a remote, contract-based setup.</li>
<li>Passion for continuous learning and adopting new technologies.</li>
</ul></div></div></div></div></div><div><div><div><div>If you&rsquo;re eager to advance your career and become a valued member of a prominent company, this is an opportunity you won&rsquo;t want to miss!</div></div></div></div></div><div></div>";;;United States;38.0;-97.0;;Battaramulla, Sri Lanka;;;Unknown / Non-Applicable;1 to 50 Employees;Company - Private;www.treinetic.com;
Computer science, Azure, Kanban, C#, Microsoft SQL Server, Docker, Mentoring, GitHub, Scalability, Integration testing, Unit testing, AI;"About PrePass
PrePass® is North America’s most trusted weigh station bypass and toll management platform. We’re transforming how the transportation industry operates—creating solutions that keep trucks moving safely, efficiently, and compliantly. This means making bold decisions and building systems that support not only fleets but the broader economy. It all starts with enabling commercial vehicles to keep rolling with seamless toll management, weigh station bypass, and safety solutions. It’s what we do best, and we do it to meet the demands of the road every day.
That’s why people join us: our solutions are implemented in real-time, on highways and interstates across the nation, helping fleets go farther, faster. This work challenges and rewards, presenting complex problems that need ambitious answers. We hire bold thinkers with a heart for impact, a passion for progress, and the optimism to shape the future of transportation.
About the Role
We’re looking for a Software Engineer to join one of our backend or full-stack engineering teams. This role is ideal for mid-career developers who thrives in an Agile environment—someone who values teamwork, embraces iteration, and believes in writing code that is clear, maintainable, and built to last.
You’ll collaborate cross-functionally with engineering, product, and QA teams to build scalable APIs and backend services, often following service-oriented architecture (SOA) and vertical slice patterns. You’ll have ownership of features from concept through deployment, while also contributing to team discussions on design, scalability, and long-term maintainability.
We encourage thoughtful use of modern development tools, including AI pair programmers like GitHub Copilot and Cursor, while upholding strong practices around code clarity, security, and team accountability.
Essential Responsibilities
Technical Development
Design and implement backend APIs and services using C# and .NET, following vertical slice architecture
Contribute to frontend features using React for full-stack delivery
Write clean, testable, and maintainable code backed by unit and integration tests
Improve system scalability and reliability in high-throughput environments
Agile Collaboration
Participate in Agile ceremonies including planning, standups, pair programming, demos, reviews, and retrospectives
Engage in code reviews and mob programming sessions focused on readability, performance, and security
Partner with product owners driving discussions on architecture, quality, and delivery timelines
Mentorship & Team Support
Mentor less experienced engineers by modeling good coding practices and sharing knowledge
Contribute to team discussions on design, scalability, and long-term maintainability
Encourage thoughtful use of modern development tools including GitHub Copilot and Cursor
Requirements
Qualifications
Bachelor’s degree in Computer Science, Software Engineering, or equivalent experience
3–7 years of experience writing production-grade software
Strong proficiency in object-oriented programming (C# preferred) and API development
Familiarity with React or other modern frontend frameworks
Experience working in Agile teams with iterative delivery practices
Strong grasp of clean code principles and collaborative development practices
Proficiency with Git and version control workflows
Bonus Points For
Experience with Azure, SQL Server, Docker, or CI/CD pipelines
Exposure to service buses (e.g., Azure Service Bus), observability, and secure coding practices
Familiarity with Clean Architecture, SOA, or vertical slice design
Experience mentoring junior engineers
Agile mindset and experience (SCRUM, XP, Kanban)
Benefits
How We Will Take Care of You
Robust benefit package that includes medical, dental, and vision that start on date of hire.
Paid Time Off, to include vacation, sick, holidays, and floating holidays.
401(k) plan with employer match.
Company-funded “lifestyle account” upon date of hire for you to apply toward your physical and mental well-being (i.e., ski passes, retreats, gym memberships).
Tuition Reimbursement Program.
Voluntary benefits, to include but not limited to Legal and Pet Discounts.
Employee Assistance Program (available at no cost to you).
Company-sponsored and funded “Culture Team” that focuses on the Physical, Mental, and Professional well-being of employees.
Community Give-Back initiatives.
Culture that focuses on employee development initiatives.
Ready to Apply?
If you’re passionate about
, we’d love to hear from you. Join us to help shape the future of transportation.
Agile development, clean code, and building production systems that scale";ai;1;ai_integration;0.9;0.9;github copilot, cursor, ai pair programmers;;0;agile, api, api development, azure, c#, ci/cd, clean architecture, clean code, docker, dotnet, frontend development, full stack, git, github, integration testing, kanban, less, oop, pair programming, qa, react, scrum, soa, software engineering, sql server, unit testing, version control;accountability, collaboration, mentoring, ownership, passion, reliability, teamwork;"Architecture & Methods: agile, clean code, git, github, kanban, oop, pair programming, scrum, software engineering, version control; Backend Development: api development, clean architecture, dotnet, full stack, soa; Cloud Computing: azure; Databases & Storage: sql server; DevOps & Containers: ci/cd, docker; Enterprise & Managed: c#; Frontend Development: api, frontend development, less, react; Testing, QA & Debugging: integration testing, qa, unit testing";bachelor;Bachelor's;3.0;1;agile, api, api development, azure, c#, ci/cd, clean architecture, clean code, docker, dotnet, frontend development, full stack, git, github, integration testing, kanban, less, oop, pair programming, qa, react, scrum, soa, software engineering, sql server, unit testing, version control;accountability, collaboration, mentoring, ownership, passion, reliability, teamwork;;;2;Software Engineer;Remote;814229.0;PrePass;4;USD;;;;;2.7;2025-10-03T00:00:00;Full-time;WORK_FROM_HOME;Bachelor's degree;"<div><h3 class=""jobSectionHeader""><b>About PrePass</b></h3><p>
PrePass&reg; is North America&rsquo;s most trusted weigh station bypass and toll management platform. We&rsquo;re transforming how the transportation industry operates&mdash;creating solutions that keep trucks moving safely, efficiently, and compliantly. This means making bold decisions and building systems that support not only fleets but the broader economy. It all starts with enabling commercial vehicles to keep rolling with seamless toll management, weigh station bypass, and safety solutions. It&rsquo;s what we do best, and we do it to meet the demands of the road every day.</p><p>
That&rsquo;s why people join us: our solutions are implemented in real-time, on highways and interstates across the nation, helping fleets go farther, faster. This work challenges and rewards, presenting complex problems that need ambitious answers. We hire bold thinkers with a heart for impact, a passion for progress, and the optimism to shape the future of transportation.</p><p></p><h3 class=""jobSectionHeader""><b>
About the Role</b></h3><p>
We&rsquo;re looking for a Software Engineer to join one of our backend or full-stack engineering teams. This role is ideal for mid-career developers who thrives in an Agile environment&mdash;someone who values teamwork, embraces iteration, and believes in writing code that is clear, maintainable, and built to last.</p><p>
You&rsquo;ll collaborate cross-functionally with engineering, product, and QA teams to build scalable APIs and backend services, often following service-oriented architecture (SOA) and vertical slice patterns. You&rsquo;ll have ownership of features from concept through deployment, while also contributing to team discussions on design, scalability, and long-term maintainability.</p><p>
We encourage thoughtful use of modern development tools, including AI pair programmers like GitHub Copilot and Cursor, while upholding strong practices around code clarity, security, and team accountability.</p><p></p><h3 class=""jobSectionHeader""><b>
Essential Responsibilities</b></h3><p><b>
Technical Development</b></p><ul>
<li>
Design and implement backend APIs and services using C# and .NET, following vertical slice architecture</li>
<li>Contribute to frontend features using React for full-stack delivery</li>
<li>Write clean, testable, and maintainable code backed by unit and integration tests</li>
<li>Improve system scalability and reliability in high-throughput environments</li>
</ul><p></p><p><b>
Agile Collaboration</b></p><ul>
<li>
Participate in Agile ceremonies including planning, standups, pair programming, demos, reviews, and retrospectives</li>
<li>Engage in code reviews and mob programming sessions focused on readability, performance, and security</li>
<li>Partner with product owners driving discussions on architecture, quality, and delivery timelines</li>
</ul><p></p><p><b>
Mentorship &amp; Team Support</b></p><ul>
<li>
Mentor less experienced engineers by modeling good coding practices and sharing knowledge</li>
<li>Contribute to team discussions on design, scalability, and long-term maintainability</li>
<li>Encourage thoughtful use of modern development tools including GitHub Copilot and Cursor</li>
</ul><p><b>
Requirements</b></p><p><b>
Qualifications</b></p><ul>
<li>
Bachelor&rsquo;s degree in Computer Science, Software Engineering, or equivalent experience
</li><li>3&ndash;7 years of experience writing production-grade software
</li><li>Strong proficiency in object-oriented programming (C# preferred) and API development
</li><li>Familiarity with React or other modern frontend frameworks
</li><li>Experience working in Agile teams with iterative delivery practices
</li><li>Strong grasp of clean code principles and collaborative development practices
</li><li>Proficiency with Git and version control workflows
</li></ul><p></p><p><b>Bonus Points For</b></p><ul>
<li>
Experience with Azure, SQL Server, Docker, or CI/CD pipelines
</li><li>Exposure to service buses (e.g., Azure Service Bus), observability, and secure coding practices
</li><li>Familiarity with Clean Architecture, SOA, or vertical slice design
</li><li>Experience mentoring junior engineers</li>
<li>Agile mindset and experience (SCRUM, XP, Kanban)</li>
</ul><p><b>
Benefits</b></p><h3 class=""jobSectionHeader""><b>
How We Will Take Care of You</b></h3><ul>
<li>Robust benefit package that includes medical, dental, and vision that start on date of hire.</li>
<li>Paid Time Off, to include vacation, sick, holidays, and floating holidays.</li>
<li>401(k) plan with employer match.</li>
<li>Company-funded &ldquo;lifestyle account&rdquo; upon date of hire for you to apply toward your physical and mental well-being (i.e., ski passes, retreats, gym memberships).</li>
<li>Tuition Reimbursement Program.</li>
<li>Voluntary benefits, to include but not limited to Legal and Pet Discounts.</li>
<li>Employee Assistance Program (available at no cost to you).</li>
<li>Company-sponsored and funded &ldquo;Culture Team&rdquo; that focuses on the Physical, Mental, and Professional well-being of employees.</li>
<li>Community Give-Back initiatives.</li>
<li>Culture that focuses on employee development initiatives.</li>
</ul><p></p><h3 class=""jobSectionHeader""><b>
Ready to Apply?</b></h3><p>
If you&rsquo;re passionate about <b>Agile development, clean code, and building production systems that scale</b>, we&rsquo;d love to hear from you. Join us to help shape the future of transportation.</p></div>";;;United States;38.0;-97.0;;Phoenix, AZ;Information Technology Support Services;Information Technology;Unknown / Non-Applicable;201 to 500 Employees;Subsidiary or Business Segment;https://apply.workable.com/prepass;
MongoDB, AWS, JavaScript, GitHub, Software testing, Linux;"SerpApi is the leading solution to integrate search data into web applications. Our API scrapes search engines, solves CAPTCHAs, and keeps up with changing page layouts in one simple GET request. Our customers include Airbnb, Nvidia, Meta, Shopify, GrubHub and more.
We are looking for a Junior Fullstack Engineer. As a Junior Fullstack Engineer, you will design, maintain, fix, deploy, and monitor SerpApi's APIs, features, and documentation. Our current stack is Ruby, Rails, MongoDB, and JavaScript. We deploy on Linux servers on AWS.
Responsibilities
Design APIs, solutions, and features to incorporate into SerpApi
Nerd out on specific issues and become an expert on these issues
Publish straightforward, polished, and well-thought-out code
Conduct PR code reviews and help out other engineers
Help troubleshoot issues reported by customers
Prioritize our own issues, both on our private and public roadmaps
Test solutions thoroughly and fix any problems encountered before deployment to production
Write blog posts addressing interesting issues, promoting APIs, and technical solutions to complex problems
Experience in Ruby, Javascript, Proxies, CAPTCHA solving, scraping, and/or Browser tech is a plus
Perks
SerpApi has been created by engineers for engineers. High compensation, transparency, remote-first, and a high trust environment are at the core of the company. All of these also make a very neurodivergent-friendly work environment. Several of our team members, including our CEO, are on the spectrum. Having a neurodivergent-friendly company is not an afterthought. We welcome talent from all over the world! No matter where you’re based, you can be part of our diverse, remote-first team. For those outside Austin, TX, we typically hire as independent contractors since we don't have an office there.
High Compensation
We offer high compensation, bonuses, and career opportunities all across the globe.
Competitive Worldwide
Total compensation, including profit shares, averages $232,448 per year per team member worldwide. We pay nearly as much as Google!
Profit Shares
All full-time team members receive profit share bonuses. We believe it's important to achieve alignment as a team.
Career Growth
Internal career paths, training (courses, conferences, books), and toolings (up to 50% reimbursement for software, hardware, subscriptions, and co-working space).
Transparency
A transparent world is a better world. Transparent organizations are more meaningful, connected to reality, and trustworthy.
Open Books
We share our books with all team members. We publish quarterly and annual reports (P&L, expenses).
Public Roadmap
Excluding security and confidential issues, all of our work is fully accessible to the public.
Internal Trust
Internally, we share analytics, customer interactions, hiring processes, strategies, marketing, and all other business-related data.
Remote-First Company
Remote is not a 2nd thought, but is core to SerpApi. All our processes are structured around being remote-first.
Even Before COVID
Remote-first wasn't a reaction to COVID, but was a conscious, long-term, and permanent decision.
Async Communications
All of our important communications are async, written, and online. We avoid unnecessary meetings as much as possible.
100% Online
We use the best tools for the job: GitHub, Slack, Pop, Zoom, Intercom, Figma, and emails.
High-Trust Environment
We put high-trust in everyone on our team and empower them to do their best work.
Flexible Schedule
Team members can adjust their own schedule, timezone, and unpaid vacation time the way they see fit.
Independent Prioritization
Outside of specifically assigned tasks, you can choose what work you think will produce the most value to SerpApi.
Trusted Contributions
All team members can suggest or directly make changes to anything related or not related to their jobs following their own judgment.
Send us your resume at careers@serpapi.com
Remote-first
|Full-time|
80K - 100K a year + profit share";;0;none;0.9;0.9;;;0;api, aws, figma, full stack, github, javascript, linux, mongodb, rails, ruby, slack;flexibility, independent, prioritization;"Architecture & Methods: github; Backend Development: full stack, rails; Cloud Computing: aws; Databases & Storage: mongodb; Dynamic & Web: javascript, ruby; Enterprise Platforms: slack; Frontend Development: api, figma; OS & Embedded: linux";;-;0.0;1;api, aws, figma, full stack, github, javascript, linux, mongodb, rails, ruby, slack;flexibility, independent, prioritization;;;3;Junior Fullstack Engineer;Austin, TX;6473899.0;SerpApi;3;USD;ANNUAL;80000.0;90000.0;100000.0;5.0;2025-10-03T00:00:00;Full-time;WORK_FROM_HOME;;"<div><div><p>SerpApi is the leading solution to integrate search data into web applications. Our API scrapes search engines, solves CAPTCHAs, and keeps up with changing page layouts in one simple GET request. Our customers include Airbnb, Nvidia, Meta, Shopify, GrubHub and more.</p>
<p>We are looking for a Junior Fullstack Engineer. As a Junior Fullstack Engineer, you will design, maintain, fix, deploy, and monitor SerpApi's APIs, features, and documentation. Our current stack is Ruby, Rails, MongoDB, and JavaScript. We deploy on Linux servers on AWS.</p>
</div><div><h3 class=""jobSectionHeader""><b>Responsibilities</b></h3>
<ul><li>Design APIs, solutions, and features to incorporate into SerpApi</li>
<li>Nerd out on specific issues and become an expert on these issues</li>
<li>Publish straightforward, polished, and well-thought-out code</li>
<li>Conduct PR code reviews and help out other engineers</li>
<li>Help troubleshoot issues reported by customers</li>
<li>Prioritize our own issues, both on our private and public roadmaps</li>
<li>Test solutions thoroughly and fix any problems encountered before deployment to production</li>
<li>Write blog posts addressing interesting issues, promoting APIs, and technical solutions to complex problems</li>
<li>Experience in Ruby, Javascript, Proxies, CAPTCHA solving, scraping, and/or Browser tech is a plus</li></ul></div></div>
<br><div><div><div><div><h2 class=""jobSectionHeader""><b>Perks</b></h2>
<p>SerpApi has been created by engineers for engineers. High compensation, transparency, remote-first, and a high trust environment are at the core of the company. All of these also make a very neurodivergent-friendly work environment. Several of our team members, including our CEO, are on the spectrum. Having a neurodivergent-friendly company is not an afterthought. We welcome talent from all over the world! No matter where you&rsquo;re based, you can be part of our diverse, remote-first team. For those outside Austin, TX, we typically hire as independent contractors since we don't have an office there.</p>
</div></div></div><div></div><div><div><div><h3 class=""jobSectionHeader""><b>High Compensation</b></h3>
<p>We offer high compensation, bonuses, and career opportunities all across the globe.</p>
</div><ul><li><h4 class=""jobSectionHeader""><b>Competitive Worldwide
</b></h4><p>Total compensation, including profit shares, averages $232,448 per year per team member worldwide. We pay nearly as much as Google!</p>
</li><li><h4 class=""jobSectionHeader""><b>Profit Shares
</b></h4><p>All full-time team members receive profit share bonuses. We believe it's important to achieve alignment as a team.</p>
</li><li><h4 class=""jobSectionHeader""><b>Career Growth
</b></h4><p>Internal career paths, training (courses, conferences, books), and toolings (up to 50% reimbursement for software, hardware, subscriptions, and co-working space).</p>
</li></ul></div><div><div><h3 class=""jobSectionHeader""><b>Transparency</b></h3>
<p>A transparent world is a better world. Transparent organizations are more meaningful, connected to reality, and trustworthy.</p>
</div><ul><li><h4 class=""jobSectionHeader""><b>Open Books
</b></h4><p>We share our books with all team members. We publish quarterly and annual reports (P&amp;L, expenses).</p>
</li><li><h4 class=""jobSectionHeader""><b>Public Roadmap
</b></h4><p>Excluding security and confidential issues, all of our work is fully accessible to the public.</p>
</li><li><h4 class=""jobSectionHeader""><b>Internal Trust
</b></h4><p>Internally, we share analytics, customer interactions, hiring processes, strategies, marketing, and all other business-related data.</p>
</li></ul></div><div><div><h3 class=""jobSectionHeader""><b>Remote-First Company</b></h3>
<p>Remote is not a 2nd thought, but is core to SerpApi. All our processes are structured around being remote-first.</p>
</div><ul><li><h4 class=""jobSectionHeader""><b>Even Before COVID
</b></h4><p>Remote-first wasn't a reaction to COVID, but was a conscious, long-term, and permanent decision.</p>
</li><li><h4 class=""jobSectionHeader""><b>Async Communications
</b></h4><p>All of our important communications are async, written, and online. We avoid unnecessary meetings as much as possible.</p>
</li><li><h4 class=""jobSectionHeader""><b>100% Online
</b></h4><p>We use the best tools for the job: GitHub, Slack, Pop, Zoom, Intercom, Figma, and emails.</p>
</li></ul></div><div><div><h3 class=""jobSectionHeader""><b>High-Trust Environment</b></h3>
<p>We put high-trust in everyone on our team and empower them to do their best work.</p>
</div><ul><li><h4 class=""jobSectionHeader""><b>Flexible Schedule
</b></h4><p>Team members can adjust their own schedule, timezone, and unpaid vacation time the way they see fit.</p>
</li><li><h4 class=""jobSectionHeader""><b>Independent Prioritization
</b></h4><p>Outside of specifically assigned tasks, you can choose what work you think will produce the most value to SerpApi.</p>
</li><li><h4 class=""jobSectionHeader""><b>Trusted Contributions
</b></h4><p>All team members can suggest or directly make changes to anything related or not related to their jobs following their own judgment.</p>
</li></ul></div></div><div><div><div><p>Send us your resume at careers@serpapi.com</p></div></div></div></div>
<br><ul><li>Remote-first</li>
<li>|Full-time|</li>
<li>80K - 100K a year + profit share</li></ul>";Austin, TX;Texas;United States;30.26694;-97.74278;;Austin, TX;Software Development;Information Technology;Unknown / Non-Applicable;Unknown;Company - Private;https://serpapi.com/;
Software deployment, AWS, Mentoring, Scalability, Software testing, TypeScript, Communication skills, Debugging;"WHO WE ARE LOOKING FOR
We’re looking for a mid-level engineer who can independently deliver features, mentor junior engineers, and contribute to architectural decisions. You’re a strong communicator, a cross-functional collaborator, and someone who thrives in a dynamic environment.
WHAT YOU WILL WORK ON
Design and implement scalable services and user interfaces
Lead feature development using React, TypeScript, and AWS
Work on prototypes using disruptive technologies to accelerate innovation
Collaborate across teams to integrate systems and ensure quality
Drive improvements in code quality, testing, and deployment pipelines
Contribute to team rituals and help shape engineering culture
WHAT YOU BRING
Positive attitude, growth mindset, being honest and having strong technical & non-technical communication skills is a must-have
Bachelor’s degree in computer science or related field. Will accept any combination of education, experience, or training.
3–6 years of professional software development experience as a full-stack engineer
Proficiency in AIML, React, TypeScript, and AWS-based architectures
Strong problem-solving and debugging skills
Experience working in agile, cross-functional teams
Demonstrated commitment to continuous learning and leadership principles
We offer a number of accommodations to complete our interview process including screen readers, sign language interpreters, accessible and single location for in-person interviews, closed captioning, and other reasonable modifications as needed. If you discover, as you navigate our application process, that you need assistance or an accommodation due to a disability, please complete the Candidate Accommodation Request Form.";;0;ai_integration;0.7;0.7;ai, ml, aiml;Posting lists 'Proficiency in AIML' but duties don't describe model training, fine-tuning, or ML pipelines — indicates AI knowledge rather than hands-on model work, so classified as ai_integration with moderate confidence.;0;agile, aws, code quality, debugging, full stack, react, software engineering, typescript;communication, continuous learning, cross-functional collaboration, growth mindset, innovation, leadership, mentoring, positive attitude, problem solving;"Architecture & Methods: agile, software engineering; Backend Development: full stack; Cloud Computing: aws; Dynamic & Web: typescript; Frontend Development: react; Testing, QA & Debugging: code quality, debugging";bachelor;Bachelor's;3.0;0;agile, aws, code quality, debugging, full stack, react, software engineering, typescript;communication, continuous learning, cross-functional collaboration, growth mindset, innovation, leadership, mentoring, positive attitude, problem solving;;;4;Software Eningeer II - Innovation;Beaverton, OR;1699.0;NIKE;14;USD;ANNUAL;104658.0;126453.0;152787.0;4.0;2025-09-23T00:00:00;Full-time;;Bachelor's degree;"<div><p>WHO WE ARE LOOKING FOR</p><p>
We&rsquo;re looking for a mid-level engineer who can independently deliver features, mentor junior engineers, and contribute to architectural decisions. You&rsquo;re a strong communicator, a cross-functional collaborator, and someone who thrives in a dynamic environment.</p><p></p><p>
WHAT YOU WILL WORK ON</p><ul><li><p>
Design and implement scalable services and user interfaces</p></li><li><p>
Lead feature development using React, TypeScript, and AWS</p></li><li><p>
Work on prototypes using disruptive technologies to accelerate innovation</p></li><li><p>
Collaborate across teams to integrate systems and ensure quality</p></li><li><p>
Drive improvements in code quality, testing, and deployment pipelines</p></li><li><p>
Contribute to team rituals and help shape engineering culture</p></li></ul><p></p><p>
WHAT YOU BRING</p><ul><li><p>
Positive attitude, growth mindset, being honest and having strong technical &amp; non-technical communication skills is a must-have</p></li><li><p>
Bachelor&rsquo;s degree in computer science or related field. Will accept any combination of education, experience, or training.</p></li><li><p>
3&ndash;6 years of professional software development experience as a full-stack engineer</p></li><li><p>
Proficiency in AIML, React, TypeScript, and AWS-based architectures</p></li><li><p>
Strong problem-solving and debugging skills</p></li><li><p>
Experience working in agile, cross-functional teams</p></li><li><p>
Demonstrated commitment to continuous learning and leadership principles</p></li></ul><p>
We offer a number of accommodations to complete our interview process including screen readers, sign language interpreters, accessible and single location for in-person interviews, closed captioning, and other reasonable modifications as needed. If you discover, as you navigate our application process, that you need assistance or an accommodation due to a disability, please complete the Candidate Accommodation Request Form.</p></div><p></p>";Beaverton, OR;Oregon;United States;45.48722;-122.8025;Elliott Hill;Beaverton, OR;Consumer Product Manufacturing;Manufacturing;$10+ billion (USD);10000+ Employees;Company - Public;https://nike.com/careers;1972.0
CSS, Git, Docker, PostgreSQL, Scalability, Integration testing, Unit testing, GraphQL, Requirements gathering, TypeScript, HTML5;"We are open to remote candidates but we’d love for you to join us in Detroit, Pontiac or Porto Alegre, Brazil.
Code, create, innovate, and solve never-been-done-before problems.
As a Full Stack Developer, you’ll be our go-to for making the impossible possible. If disrupting markets and shifting culture with products the world has never seen before doesn’t scare you, then keep reading.
At Hello Innovation, we're more than just a company; we're a force for change. As the parent company to an ever-growing portfolio of businesses, we’re making the world a radically better place through meaningful innovation.
About Us
Here, it's not about the daily grind; it's about making a real difference, challenging the norm, breaking boundaries, and rewriting what's possible.
We started from scratch—no investors, no debt—just a relentless drive that has led us to impact over a billion lives through our products. And we’re just getting started.
We’re an eclectic team of dreamers, creators and doers, united in our mission to deliver work that truly matters. If you’re looking to be inspired, challenged and leave work every day knowing you did the best work of your life, you’ve come to the right place.
As a Full Stack Developer at Hello Innovation, you'll be at the forefront of creating cutting-edge web solutions that disrupt industries and improve the lives of tens of millions every month.
About the Job
Utilizing our modern tech stack, including React.js, Next.js, Node.js, NestJS, GraphQL, and PostgreSQL, you'll craft dynamic, responsive applications that redefine user experiences.
If you’re ready to craft the engines that drive the next big web application and work with a team that’s obsessed with delivering the best…then this job’s for you.
About You
With expert knowledge in React.js and Next.js, you create engaging front-end experiences. Your Node.js, NestJS and GraphQL prowess enable you to build scalable, robust backend services and efficient data-fetching APIs.
You’re a tech maestro.
You design and implement efficient, flexible APIs using GraphQL, enhancing data interaction and manipulation.
GraphQL guru.
. Proficient in CSS Modules, you ensure modular and reusable code. Your experience with Storybook and Radix aids in developing consistent, scalable UI components.
Styling specialist
You're well-versed in HTML, CSS, and TypeScript, laying the foundation for robust web application development.
Web fundamentals.
You're experienced with PostgreSQL, designing schemas that support fast, reliable access to data.
Database savvy.
You understand the importance of testing, and are proficient in unit and integration testing to ensure your code is reliable and robust.
Testing is second nature.
Version control with Git is part of your daily workflow, ensuring collaborative and iterative development.
You’re a Git guru.
Experience with Docker helps you maintain consistency across development, testing, and production environments.
Containerization is your ally.
When others want to run for the hills, you want to dive deeper. Pushing the boundaries of web platforms, databases and cloud computing keeps you up at night.
You’re up for the challenge.
You’ve worked with small, scrappy teams and aren’t afraid to roll up your sleeves to get the job done - no babysitter required.
You get sh*t done.
You have the ability to see the big picture, zoom into the details and understand how all of the pieces work together. Your natural knack for connecting the dots helps you integrate complex systems.
You’re a systems thinker.
You truly understand people and are fueled by engaging with others to improve web app design, implementation and UI.
You’re human-centered to the core.
Your work scales effortlessly from 100 connections to 100,000, responding so quickly that our customers forget they are even using the web.
If your code took corporeal form, it would be a Ninja.
You build solutions to the highest standards of coding and integrity and obsess over Unit Tests and Code Coverage.
Refactoring is a religion, not a chore.
You’ve never met a problem that couldn’t be solved.
You’re a modern-day MacGyver.
You’re passionate about implementing the latest frameworks, interacting with the latest APIs.
You can’t stop thinking about what’s next.
With 5+ years in the field, you've mastered our stack, particularly React and Node.js; demonstrating your ability to deliver complex projects from conception to production.
This isn’t your first rodeo.
Your Responsibilities
Collaborate with the project stakeholders to understand the project requirements and objectives.
Develop full-stack web applications that are scalable, responsive, and user-centric, using our tech stack.
Ensure code quality and maintainability by implementing best practices, including thorough testing and code reviews.
Collaborate with cross-functional teams to define, design, and ship new features.
Monitor and maintain the web app, ensuring that it is up-to-date and secure.
Stay ahead of the curve, continuously learning and applying the latest technologies and best practices to keep our stack modern and efficient.
Compensation & Perks
. This is not just a job. You can find a job anywhere. This is a place for the bold to get paid to give a sh*t and make a real impact on people’s lives when they need it most.
Meaningful work
Our products touch over 45 million people every month, and we are chasing problems that billions suffer from. Not just any problem, the ones that are filled with purpose and meaning. This is your chance to be more than a number and make history.
Be part of something (really) big.
You’ll have access to our newly built Dreamlab, our secret research and development lab where employees aren’t focused on what’s today - but what’s next… Imagine a 30,000 sq ft facility with the machines, tools, and resources (from 7 axis robots to coating systems) to create…anything.
Don’t just imagine it - create it at our Moonshot Factory.
Say goodbye to pointless meetings or political hoops to jump through. We’re scrappy, believe in autonomy and empower our teams to do whatever it takes to do the unthinkable.
No red tape.
Learn more here than any other place on earth. We make sure you never stop growing and offer an allowance for continued learning.
Learning animal environment.
We exist not only to deliver meaningful innovation, but to ignite and inspire the creative problem solver in you.
We ignite the best in you.
Our team never stops pushing you to be the best that you can be and still makes time to have some fun.
A creative, come-as-you-are environment.
Along with a full benefits package including health, dental and 401k.
Top of market pay.
Additional perks include daily catered lunches, team activities, paid holidays, bonuses and much more.
Plus many more.
Diversity isn’t just a checkbox. At Hello Innovation, our eclectic team from all walks of life is our secret sauce to meaningful innovation. Needless to say, we are an equal opportunity employer and do not discriminate on the basis of race, religion, color, national origin, gender, sexual orientation, age, marital status, veteran status, or disability status.
MXarahPlA8";;0;none;0.9;0.9;;;0;api, cloud computing, code coverage, code quality, css, docker, foundation, frontend development, full stack, git, graphql, html, integration testing, nest.js, next.js, node.js, postgresql, radix, react, storybook, typescript, ui, unit testing, version control;autonomous, collaboration, creativity, cross-functional collaboration, flexibility, innovation, integrity;"Architecture & Methods: git, version control; Backend Development: full stack, graphql, nest.js, node.js; Cloud Computing: cloud computing; Databases & Storage: postgresql; DevOps & Containers: docker; Dynamic & Web: typescript; Frontend Development: api, css, foundation, frontend development, html, next.js, radix, react, storybook, ui; Testing, QA & Debugging: code coverage, code quality, integration testing, unit testing";;-;5.0;1;api, cloud computing, code coverage, code quality, css, docker, foundation, frontend development, full stack, git, graphql, html, integration testing, nest.js, next.js, node.js, postgresql, radix, react, storybook, typescript, ui, unit testing, version control;autonomous, collaboration, creativity, cross-functional collaboration, flexibility, innovation, integrity;;;5;Full Stack Developer - React / Node.js;Remote;700771.0;Hello Innovation;317;USD;;;;;4.2;2025-09-23T00:00:00;Full-time;WORK_FROM_HOME;;"<div><p>We are open to remote candidates but we&rsquo;d love for you to join us in Detroit, Pontiac or Porto Alegre, Brazil.<br>
<br>
Code, create, innovate, and solve never-been-done-before problems.</p><p>
As a Full Stack Developer, you&rsquo;ll be our go-to for making the impossible possible. If disrupting markets and shifting culture with products the world has never seen before doesn&rsquo;t scare you, then keep reading.</p><p><b>
About Us</b><br>
At Hello Innovation, we're more than just a company; we're a force for change. As the parent company to an ever-growing portfolio of businesses, we&rsquo;re making the world a radically better place through meaningful innovation.</p><p>
Here, it's not about the daily grind; it's about making a real difference, challenging the norm, breaking boundaries, and rewriting what's possible.</p><p>
We started from scratch&mdash;no investors, no debt&mdash;just a relentless drive that has led us to impact over a billion lives through our products. And we&rsquo;re just getting started.</p><p>
We&rsquo;re an eclectic team of dreamers, creators and doers, united in our mission to deliver work that truly matters. If you&rsquo;re looking to be inspired, challenged and leave work every day knowing you did the best work of your life, you&rsquo;ve come to the right place.</p><p><b><br>
About the Job</b><br>
As a Full Stack Developer at Hello Innovation, you'll be at the forefront of creating cutting-edge web solutions that disrupt industries and improve the lives of tens of millions every month.</p><p>
Utilizing our modern tech stack, including React.js, Next.js, Node.js, NestJS, GraphQL, and PostgreSQL, you'll craft dynamic, responsive applications that redefine user experiences.</p><p>
If you&rsquo;re ready to craft the engines that drive the next big web application and work with a team that&rsquo;s obsessed with delivering the best&hellip;then this job&rsquo;s for you.</p><p><b><br>
About You</b></p><ul><li><b>
You&rsquo;re a tech maestro.</b> With expert knowledge in React.js and Next.js, you create engaging front-end experiences. Your Node.js, NestJS and GraphQL prowess enable you to build scalable, robust backend services and efficient data-fetching APIs.<br>
</li><li><b>
GraphQL guru.</b> You design and implement efficient, flexible APIs using GraphQL, enhancing data interaction and manipulation.<br>
</li><li><b>
Styling specialist</b>. Proficient in CSS Modules, you ensure modular and reusable code. Your experience with Storybook and Radix aids in developing consistent, scalable UI components.<br>
</li><li><b>
Web fundamentals. </b>You're well-versed in HTML, CSS, and TypeScript, laying the foundation for robust web application development.<br>
</li><li><b>
Database savvy. </b>You're experienced with PostgreSQL, designing schemas that support fast, reliable access to data.<br>
</li><li><b>
Testing is second nature.</b> You understand the importance of testing, and are proficient in unit and integration testing to ensure your code is reliable and robust.<br>
</li><li><b>
You&rsquo;re a Git guru. </b>Version control with Git is part of your daily workflow, ensuring collaborative and iterative development.<br>
</li><li><b>
Containerization is your ally.</b> Experience with Docker helps you maintain consistency across development, testing, and production environments.<br>
</li><li><b>
You&rsquo;re up for the challenge.</b> When others want to run for the hills, you want to dive deeper. Pushing the boundaries of web platforms, databases and cloud computing keeps you up at night.<br>
</li><li><b>
You get sh*t done. </b>You&rsquo;ve worked with small, scrappy teams and aren&rsquo;t afraid to roll up your sleeves to get the job done - no babysitter required.<br>
</li><li><b>
You&rsquo;re a systems thinker.</b> You have the ability to see the big picture, zoom into the details and understand how all of the pieces work together. Your natural knack for connecting the dots helps you integrate complex systems.<br>
</li><li><b>
You&rsquo;re human-centered to the core.</b> You truly understand people and are fueled by engaging with others to improve web app design, implementation and UI.<br>
</li><li><b>
If your code took corporeal form, it would be a Ninja.</b> Your work scales effortlessly from 100 connections to 100,000, responding so quickly that our customers forget they are even using the web.<br>
</li><li><b>
Refactoring is a religion, not a chore. </b>You build solutions to the highest standards of coding and integrity and obsess over Unit Tests and Code Coverage.<br>
</li><li><b>
You&rsquo;re a modern-day MacGyver.</b> You&rsquo;ve never met a problem that couldn&rsquo;t be solved.<br>
</li><li><b>
You can&rsquo;t stop thinking about what&rsquo;s next. </b>You&rsquo;re passionate about implementing the latest frameworks, interacting with the latest APIs.<br>
</li><li><b>
This isn&rsquo;t your first rodeo. </b>With 5+ years in the field, you've mastered our stack, particularly React and Node.js; demonstrating your ability to deliver complex projects from conception to production.</li></ul><p><b>
Your Responsibilities</b></p><ul><li>
Collaborate with the project stakeholders to understand the project requirements and objectives.</li><li>
Develop full-stack web applications that are scalable, responsive, and user-centric, using our tech stack.</li><li>
Ensure code quality and maintainability by implementing best practices, including thorough testing and code reviews.</li><li>
Collaborate with cross-functional teams to define, design, and ship new features.</li><li>
Monitor and maintain the web app, ensuring that it is up-to-date and secure.</li><li>
Stay ahead of the curve, continuously learning and applying the latest technologies and best practices to keep our stack modern and efficient.</li></ul><p></p><p><b>
Compensation &amp; Perks</b></p><ul><li><b>
Meaningful work</b>. This is not just a job. You can find a job anywhere. This is a place for the bold to get paid to give a sh*t and make a real impact on people&rsquo;s lives when they need it most.</li><li><b>
Be part of something (really) big.</b> Our products touch over 45 million people every month, and we are chasing problems that billions suffer from. Not just any problem, the ones that are filled with purpose and meaning. This is your chance to be more than a number and make history.</li><li><b>
Don&rsquo;t just imagine it - create it at our Moonshot Factory. </b>You&rsquo;ll have access to our newly built Dreamlab, our secret research and development lab where employees aren&rsquo;t focused on what&rsquo;s today - but what&rsquo;s next&hellip; Imagine a 30,000 sq ft facility with the machines, tools, and resources (from 7 axis robots to coating systems) to create&hellip;anything.</li><li><b>
No red tape.</b> Say goodbye to pointless meetings or political hoops to jump through. We&rsquo;re scrappy, believe in autonomy and empower our teams to do whatever it takes to do the unthinkable.</li><li><b>
Learning animal environment.</b> Learn more here than any other place on earth. We make sure you never stop growing and offer an allowance for continued learning.</li><li><b>
We ignite the best in you.</b> We exist not only to deliver meaningful innovation, but to ignite and inspire the creative problem solver in you.</li><li><b>
A creative, come-as-you-are environment.</b> Our team never stops pushing you to be the best that you can be and still makes time to have some fun.</li><li><b>
Top of market pay.</b> Along with a full benefits package including health, dental and 401k.</li><li><b>
Plus many more.</b> Additional perks include daily catered lunches, team activities, paid holidays, bonuses and much more.</li></ul><p></p><p>
Diversity isn&rsquo;t just a checkbox. At Hello Innovation, our eclectic team from all walks of life is our secret sauce to meaningful innovation. Needless to say, we are an equal opportunity employer and do not discriminate on the basis of race, religion, color, national origin, gender, sexual orientation, age, marital status, veteran status, or disability status.</p><p></p><p>
</p><p>MXarahPlA8</p></div>";;;United States;38.0;-97.0;Joe Joachim;Detroit, MI;Internet & Web Services;Information Technology;$25 to $100 million (USD);51 to 200 Employees;Company - Private;www.helloinnovation.com;2001.0
Git, Test-driven development, Machine learning, Integration testing, Business requirements, AI;"Snapshot:
We are a well-backed Healthtech company and the nation’s largest healthcare consulting firm. We help hospitals, health clinics, and surgery centers to run their business more effectively through a self-managed, consultative partnership, which makes the practice much easier and more efficient.
Who You Are:
You like to work on all parts of your projects from beginning to end and get as much satisfaction from continually improving something as you do from starting something new.
You’re able to take a set of project requirements — or even a well-described idea— and turn it into a working product without much (if any) assistance.
You mostly develop for the web but are interested in branching out to other areas (native application development? AI/ML? UI/UX? etc.) and value the opportunity to do so.
You’re not intimidated by challenges and welcome the opportunity to participate in all phases of software development as needed.
You’re comfortable working cross-functionally with different teams and departments (both technical and non-technical).
Responsibilities:
The key responsibility of this position is to develop end-to-end solutions for our clients and for internal use. You will be working with a small group of developers and project managers, and be joining a team that is tasked with building the systems that will take us into our third decade.
Write front-end and back-end code with a solid grasp of SDLC best practices (we use PHP)
Use a framework to create performant, reliable HTTP-based APIs (we use Laravel).
Wire API’s to a modern front-end framework (we use Vue.js)
Write unit, integration, and end-to-end tests, and understand the importance of test-driven development.
Deploy, monitor, and troubleshoot your systems in staging and production environments.
Qualifications:
Minimum of 3+ years of hands-on, production-level Software Development experience (preferably with some experience in our stack: PHP/Laravel, Vue.js)
Familiarity with Git and understanding of the basics of CI/CD
Good verbal and written communications skills
A willingness to take initiative and ownership in a small-company environment
The ability to work remotely in an efficient manner
Healthcare or HealthTech industry experience is a plus, but not required
Salary range: $140,000-$180,000";ai, machine learning;1;none;0.85;0.85;ai/ml;;0;api, ci/cd, frontend development, git, http, integration testing, laravel, machine learning, php, software engineering, solid, ui/ux, vue;initiative, ownership, responsibility;"Architecture & Methods: git, software engineering, solid; Backend Development: laravel; Data Science & ML: machine learning; DevOps & Containers: ci/cd; Dynamic & Web: php; Frontend Development: api, frontend development, ui/ux, vue; Networking: http; Testing, QA & Debugging: integration testing";;-;3.0;0;api, ci/cd, frontend development, git, http, integration testing, laravel, machine learning, php, software engineering, solid, ui/ux, vue;initiative, ownership, responsibility;;;6;Full Stack Engineer;Remote;5625375.0;PUTNAM RECRUITING GROUP;315;USD;ANNUAL;140000.0;160000.0;180000.0;4.3;2025-09-26T00:00:00;Full-time;WORK_FROM_HOME;;"<div><p><b>Snapshot:</b></p>
<p>
We are a well-backed Healthtech company and the nation&rsquo;s largest healthcare consulting firm. We help hospitals, health clinics, and surgery centers to run their business more effectively through a self-managed, consultative partnership, which makes the practice much easier and more efficient.</p>
<p><b>
Who You Are:</b></p>
<p>
You like to work on all parts of your projects from beginning to end and get as much satisfaction from continually improving something as you do from starting something new.<br>
You&rsquo;re able to take a set of project requirements &mdash; or even a well-described idea&mdash; and turn it into a working product without much (if any) assistance.<br>
You mostly develop for the web but are interested in branching out to other areas (native application development? AI/ML? UI/UX? etc.) and value the opportunity to do so.<br>
You&rsquo;re not intimidated by challenges and welcome the opportunity to participate in all phases of software development as needed.<br>
You&rsquo;re comfortable working cross-functionally with different teams and departments (both technical and non-technical).</p>
<p><b>
Responsibilities:</b></p>
<p>
The key responsibility of this position is to develop end-to-end solutions for our clients and for internal use. You will be working with a small group of developers and project managers, and be joining a team that is tasked with building the systems that will take us into our third decade.<br>
Write front-end and back-end code with a solid grasp of SDLC best practices (we use PHP)<br>
Use a framework to create performant, reliable HTTP-based APIs (we use Laravel).<br>
Wire API&rsquo;s to a modern front-end framework (we use Vue.js)<br>
Write unit, integration, and end-to-end tests, and understand the importance of test-driven development.<br>
Deploy, monitor, and troubleshoot your systems in staging and production environments.</p>
<p><b>
Qualifications:</b></p>
<p>
Minimum of 3+ years of hands-on, production-level Software Development experience (preferably with some experience in our stack: PHP/Laravel, Vue.js)<br>
Familiarity with Git and understanding of the basics of CI/CD<br>
Good verbal and written communications skills<br>
A willingness to take initiative and ownership in a small-company environment<br>
The ability to work remotely in an efficient manner<br>
Healthcare or HealthTech industry experience is a plus, but not required</p>
<p>
Salary range: $140,000-$180,000</p></div>";;;United States;38.0;-97.0;;El Segundo, CA;Staffing & Subcontracting;Human Resources & Staffing;Unknown / Non-Applicable;Unknown;Company - Private;http://www.putnamrecruiting.com/;
Website maintenance, Performance tuning, Azure, CSS, Visual Studio, C#, JSON, XSLT, TFS, TypeScript, HTML5, T-SQL;"CMK Resources is seeking a skilled
to join our client's dynamic team. The ideal candidate will have a passion for developing innovative web applications and a strong desire to continuously learn and improve their craft. You will be responsible for both front-end and back-end development, ensuring a seamless and efficient user experience.
Candidates should have 3+ years of professional experience with the following frameworks, tools and technologies:
Full Stack Web Developer
This position is based out of their Home Office in Flint, Michigan. It will be 100% onsite
Responsibilities
:
Develop and maintain web applications using modern frameworks and tools.
Collaborate with cross-functional teams to define, design, and ship new features.
Write clean, maintainable, and efficient code.
Troubleshoot and debug applications to optimize performance.
Implement responsive design and ensure cross-browser compatibility.
Integrate with third-party APIs and services.
Participate in code reviews to maintain code quality and share knowledge.
Stay updated with the latest industry trends and technologies.
Requirements
:
C#, .NET and .NET Framework
JavaScript, HTML and CSS
TFS or Microsoft Azure Dev Ops – Source Control
XML/XSLT/JSON
Microsoft SQL Server
Other preferred skills & qualifications:
TypeScript and Vue.js.
Experience in the Personal and Commercial insurance industry a plus.
Bachelor’s degree in computer science, Information Technology, or related field.";;0;none;0.9;0.9;;;0;api, azure, azure devops, backend development, c#, code quality, css, dotnet, frontend development, full stack, html, javascript, json, performance tuning, responsive design, sql server, t-sql, typescript, ux, version control, visual studio, vue, xml;cross-functional collaboration, innovation, passion;"Architecture & Methods: version control; Backend Development: backend development, dotnet, full stack; Cloud Computing: azure; Data Engineering: json, xml; Databases & Storage: sql server, t-sql; DevOps & Containers: azure devops; Dynamic & Web: javascript, typescript; Enterprise & Managed: c#; Frontend Development: api, css, frontend development, html, responsive design, ux, vue; Testing, QA & Debugging: code quality, performance tuning; Tools & Editors: visual studio";bachelor;Bachelor's;3.0;1;api, azure, azure devops, backend development, c#, code quality, css, dotnet, frontend development, full stack, html, javascript, json, performance tuning, responsive design, sql server, t-sql, typescript, ux, version control, visual studio, vue, xml;cross-functional collaboration, innovation, passion;;;7;Full Stack Web Developer;Flint, MI;201130.0;MarkLogic;7;USD;ANNUAL;95000.0;95000.0;95000.0;3.7;2025-09-30T00:00:00;Contract;;Bachelor's degree;"<div>CMK Resources is seeking a skilled <b>Full Stack Web Developer</b> to join our client's dynamic team. The ideal candidate will have a passion for developing innovative web applications and a strong desire to continuously learn and improve their craft. You will be responsible for both front-end and back-end development, ensuring a seamless and efficient user experience.<br>
<br>
<b>This position is based out of their Home Office in Flint, Michigan. It will be 100% onsite</b><br>
<b>
</b><br>
<b>Responsibilities</b><b>:</b>
<ul><li>Develop and maintain web applications using modern frameworks and tools.</li>
<li>Collaborate with cross-functional teams to define, design, and ship new features.</li>
<li>Write clean, maintainable, and efficient code.</li>
<li>Troubleshoot and debug applications to optimize performance.</li>
<li>Implement responsive design and ensure cross-browser compatibility.</li>
<li>Integrate with third-party APIs and services.</li>
<li>Participate in code reviews to maintain code quality and share knowledge.</li>
<li>Stay updated with the latest industry trends and technologies.</li>
</ul>
<br>
<b>Requirements</b><b>:</b><br>
Candidates should have 3+ years of professional experience with the following frameworks, tools and technologies:
<ul><li>C#, .NET and .NET Framework</li>
<li>JavaScript, HTML and CSS</li>
<li>TFS or Microsoft Azure Dev Ops &ndash; Source Control</li>
<li>XML/XSLT/JSON</li>
<li>Microsoft SQL Server</li>
</ul>
<br>
<b>Other preferred skills &amp; qualifications:</b>
<ul><li>TypeScript and Vue.js.</li>
<li>Experience in the Personal and Commercial insurance industry a plus.</li>
<li>Bachelor&rsquo;s degree in computer science, Information Technology, or related field.</li></ul></div>";Flint, MI;Michigan;United States;43.0125;-83.6875;Jeffrey Casale;Redwood City, CA;Enterprise Software & Network Solutions;Information Technology;$100 to $500 million (USD);201 to 500 Employees;Company - Private;https://www.marklogic.com/;2001.0
Project management lifecycle, PostgreSQL, Mentoring, Software testing, Communication skills;"About Diffit
Diffit is an AI-powered instructional materials platform designed to help teachers do their best work more sustainably. Teachers use Diffit to get “just right” classroom activities, saving time and helping all students access grade-level content. Come join a growing remote-first and mission-focused AI edtech company to build quality, safe and affordable educational resources for teachers and students.
The Role
At Diffit, engineers work closely with Product and Design to build thoughtful, high-impact features for teachers. We’re a small, full-stack team, so you'll work across the stack (React on the frontend, Python/Flask on the backend) to ship end-to-end functionality. Beyond feature work, you’ll help shape our architecture, improve internal tooling, and contribute to a platform that tens of thousands of teachers rely on every day. We move quickly, learn constantly, and stay focused on delivering real value to teachers.
Responsibilities
Drive Projects End-to-End
Engineers at Diffit own their work from kickoff through launch and beyond. That means designing, implementing, testing, and monitoring your features. It means being thoughtful about how your work fits into the bigger picture. You'll regularly move high-impact initiatives forward, not just tickets. (Senior engineers are expected to take on larger projects with significantly more ambiguity.)
Product-Oriented Thinking
We all care deeply about the teachers we serve. Engineers are expected to think critically about user needs, provide input on product decisions, and ensure our technical solutions actually solve real problems. You’ll collaborate closely with product, design, and support to stay grounded in what matters most.
Communicate with Clarity and Candor
Communication is a core part of engineering. You’ll explain tradeoffs, share progress, give and receive feedback, and collaborate across disciplines. We value clarity, curiosity, and a willingness to ask the hard questions early.
Contribute to a Supportive Team
We believe great teams are built on trust and shared responsibility. That means helping unblock others, pitching in when workloads are uneven, and treating teammates with respect and kindness.
Work Autonomously with Velocity
We move fast: not by cutting corners, but by staying focused. Engineers at Diffit are self-directed and tenacious. Tasks typically have a single owner, and it’s up to you to drive them forward with speed, pragmatism, and attention to quality.
Continuously Improve and Learn
We expect engineers to grow and to help others grow. That might mean learning a new tool, reflecting on a mistake, mentoring a teammate, or revising how we work together. Curiosity and humility go a long way.
Requirements
building and shipping web applications
2+ years of engineering experience
ideally using Flask, React, Postgres, or other similar technologies
Proficiency with modern full-stack web development
including the ability to explain technical ideas clearly and collaborate cross-functionally
Strong communication skills
- you’ve taken responsibility for projects or major features and seen them through
Track record of ownership
- you know when to move fast, when to ask questions, and when to slow down
Bias toward action and pragmatic problem-solving
- you actively seek feedback, enjoy learning, and care about improving your craft
Curiosity and a growth mindset
What We Offer:
Competitive salary and benefits package.
Fully remote work environment with regular in-person offsites.
The opportunity to work on a meaningful product that impacts the future of education.
Collaborative and supportive team culture.
Salary:
$100,000-$150,000 per year plus stock options";;0;ai_integration;0.9;0.9;ai;;0;flask, frontend development, full stack, postgresql, python, react, safe, web development;collaboration, communication, curiosity, growth mindset, mentoring, ownership, problem solving, project management, responsibility;"Architecture & Methods: safe, web development; Backend Development: flask, full stack; Databases & Storage: postgresql; Dynamic & Web: python; Frontend Development: frontend development, react";;-;2.0;0;flask, frontend development, full stack, postgresql, python, react, safe, web development;collaboration, communication, curiosity, growth mindset, mentoring, ownership, problem solving, project management, responsibility;;;8;Fullstack Engineer;United States;;Diffit;48;USD;ANNUAL;100000.0;125000.0;150000.0;;2025-09-20T00:00:00;Full-time;WORK_FROM_HOME;;"<div><h1 class=""jobSectionHeader""><b>About Diffit</b></h1><p>
Diffit is an AI-powered instructional materials platform designed to help teachers do their best work more sustainably. Teachers use Diffit to get &ldquo;just right&rdquo; classroom activities, saving time and helping all students access grade-level content. Come join a growing remote-first and mission-focused AI edtech company to build quality, safe and affordable educational resources for teachers and students.</p><p></p><h1 class=""jobSectionHeader""><b>
The Role</b></h1><p>
At Diffit, engineers work closely with Product and Design to build thoughtful, high-impact features for teachers. We&rsquo;re a small, full-stack team, so you'll work across the stack (React on the frontend, Python/Flask on the backend) to ship end-to-end functionality. Beyond feature work, you&rsquo;ll help shape our architecture, improve internal tooling, and contribute to a platform that tens of thousands of teachers rely on every day. We move quickly, learn constantly, and stay focused on delivering real value to teachers.</p><p></p><h1 class=""jobSectionHeader""><b>
Responsibilities</b></h1><ul><li><p><b>
Drive Projects End-to-End</b></p><p>
Engineers at Diffit own their work from kickoff through launch and beyond. That means designing, implementing, testing, and monitoring your features. It means being thoughtful about how your work fits into the bigger picture. You'll regularly move high-impact initiatives forward, not just tickets. (Senior engineers are expected to take on larger projects with significantly more ambiguity.)</p></li><li><p><b>
Product-Oriented Thinking</b></p><p>
We all care deeply about the teachers we serve. Engineers are expected to think critically about user needs, provide input on product decisions, and ensure our technical solutions actually solve real problems. You&rsquo;ll collaborate closely with product, design, and support to stay grounded in what matters most.</p></li><li><p><b>
Communicate with Clarity and Candor</b></p><p>
Communication is a core part of engineering. You&rsquo;ll explain tradeoffs, share progress, give and receive feedback, and collaborate across disciplines. We value clarity, curiosity, and a willingness to ask the hard questions early.</p></li><li><p><b>
Contribute to a Supportive Team</b></p><p>
We believe great teams are built on trust and shared responsibility. That means helping unblock others, pitching in when workloads are uneven, and treating teammates with respect and kindness.</p></li><li><p><b>
Work Autonomously with Velocity</b></p><p>
We move fast: not by cutting corners, but by staying focused. Engineers at Diffit are self-directed and tenacious. Tasks typically have a single owner, and it&rsquo;s up to you to drive them forward with speed, pragmatism, and attention to quality.</p></li><li><p><b>
Continuously Improve and Learn</b></p><p>
We expect engineers to grow and to help others grow. That might mean learning a new tool, reflecting on a mistake, mentoring a teammate, or revising how we work together. Curiosity and humility go a long way.</p></li></ul><p></p><h1 class=""jobSectionHeader""><b>
Requirements</b></h1><ul><li><p><b>
2+ years of engineering experience</b> building and shipping web applications</p></li><li><p><b>
Proficiency with modern full-stack web development</b> ideally using Flask, React, Postgres, or other similar technologies</p></li><li><p><b>
Strong communication skills</b> including the ability to explain technical ideas clearly and collaborate cross-functionally</p></li><li><p><b>
Track record of ownership</b> - you&rsquo;ve taken responsibility for projects or major features and seen them through</p></li><li><p><b>
Bias toward action and pragmatic problem-solving</b> - you know when to move fast, when to ask questions, and when to slow down</p></li><li><p><b>
Curiosity and a growth mindset</b> - you actively seek feedback, enjoy learning, and care about improving your craft</p></li></ul><h1 class=""jobSectionHeader""><b>
What We Offer:</b></h1><ul><li><p>
Competitive salary and benefits package.</p></li><li><p>
Fully remote work environment with regular in-person offsites.</p></li><li><p>
The opportunity to work on a meaningful product that impacts the future of education.</p></li><li><p>
Collaborative and supportive team culture.</p></li></ul><h1 class=""jobSectionHeader""><b>
Salary:
</b></h1><p>$100,000-$150,000 per year plus stock options</p></div>";;;United States;38.0;-97.0;;;;;;;;;
CI/CD, Azure, Go, Ansible, Web development, DevOps, Google Cloud Platform, MongoDB, AWS, Continuous improvement, GitHub, TypeScript, Communication skills, React Native;"Full-Stack Web Developer
Job Title:
October 7th, 2025
Date posted:
Compensation and Benefits:
A competitive salary of up to $80,000 (or based on experience)
Health and dental insurance
Flexible / Remote, with a preference for candidates based in the
Location:
EST or CST time zones.
CTO
Reports to:
Profile (www.profilebehavior.com)
-------------------------------------------------
Company:
We're pioneers in integrating software with team dynamics and behavioral leadership. We’re looking for a developer who thrives in a startup environment- someone who can ship features, solve tricky problems, and bring creative energy to a small, tight-knit team. If you’re passionate about building modern web applications, comfortable across the stack, and eager to grow with us, we want to hear from you.
Key Responsibilities
Develop and maintain software applications using Vue 3, TypeScript, Tailwind, Go, and MongoDB
Collaborate with our team to design, build, and launch new features
Integrate with external APIs and data sources
Write reliable, testable, and maintainable code
Continuously evaluate and adopt new technologies to improve development speed and product quality
Help maintain code quality, organization, and automation
Contribute to a culture of collaboration, innovation, and continuous improvement
Qualifications
3+ years of experience in web development
Strong knowledge of software development best practices
Proficient with TypeScript, Go, or similar programming languages
Experience with RESTful APIs and backend integration
Strong familiarity with Vue.js or other modern front-end frameworks
When you apply, include a link to your GitHub in the question field that is labeled: ""Link.""
Problem-solving skills and a passion for learning new technologies
Excellent communication and collaboration skills
Experience with DevOps tools such as Ansible or CI/CD pipelines is a plus
Experience with cloud platforms (DigitalOcean, AWS, Azure, or Google Cloud) is a plus
Job Type: Full-time
Pay: $80,000.00 per year
Benefits:
Dental insurance
Health insurance
Paid holidays
Paid time off
Application Question(s):
Link:
Are you located in CST or ET Time Zone? If so, what city?
Experience:
Web development: 3 years (Required)
Work Location: Remote";;0;none;0.9;0.9;;;0;ansible, api, aws, azure, ci/cd, code quality, devops, frontend development, full stack, gcp, github, mongodb, react native, rest, software engineering, tailwind, typescript, vue, web development;collaboration, communication, creativity, flexibility, innovation, leadership, organization, passion, problem solving;"Architecture & Methods: github, software engineering, web development; Backend Development: full stack, rest; Cloud Computing: aws, azure, gcp; Databases & Storage: mongodb; DevOps & Containers: ansible, ci/cd, devops; Dynamic & Web: typescript; Frontend Development: api, frontend development, tailwind, vue; Mobile & Desktop: react native; Testing, QA & Debugging: code quality";;-;3.0;1;ansible, api, aws, azure, ci/cd, code quality, devops, frontend development, full stack, gcp, github, mongodb, react native, rest, software engineering, tailwind, typescript, vue, web development;collaboration, communication, creativity, flexibility, innovation, leadership, organization, passion, problem solving;;;9;FULL-STACK WEB DEVELOPER [Remote];Remote;;Profile, LLC;0;USD;ANNUAL;80000.0;80000.0;80000.0;;2025-10-07T00:00:00;Full-time;WORK_FROM_HOME;;"<p><b>Job Title:</b> Full-Stack Web Developer</p><p><b>Date posted:</b> October 7th, 2025</p><p><b>Compensation and Benefits:</b></p><ul><li>A competitive salary of up to $80,000 (or based on experience)</li><li>Health and dental insurance</li></ul><p><b>Location:</b> Flexible / Remote, with a preference for candidates based in the <i>EST or CST time zones.</i></p><p><b>Reports to:</b> CTO</p><p><b>Company:</b> Profile (www.profilebehavior.com)<br/>-------------------------------------------------</p><p>We're pioneers in integrating software with team dynamics and behavioral leadership. We&rsquo;re looking for a developer who thrives in a startup environment- someone who can ship features, solve tricky problems, and bring creative energy to a small, tight-knit team. If you&rsquo;re passionate about building modern web applications, comfortable across the stack, and eager to grow with us, we want to hear from you.</p><p><b>Key Responsibilities</b></p><ul><li>Develop and maintain software applications using Vue 3, TypeScript, Tailwind, Go, and MongoDB</li><li>Collaborate with our team to design, build, and launch new features</li><li>Integrate with external APIs and data sources</li><li>Write reliable, testable, and maintainable code</li><li>Continuously evaluate and adopt new technologies to improve development speed and product quality</li><li>Help maintain code quality, organization, and automation</li><li>Contribute to a culture of collaboration, innovation, and continuous improvement</li></ul><p><b>Qualifications</b></p><ul><li>3+ years of experience in web development</li><li>Strong knowledge of software development best practices</li><li>Proficient with TypeScript, Go, or similar programming languages</li><li>Experience with RESTful APIs and backend integration</li><li>Strong familiarity with Vue.js or other modern front-end frameworks</li><li>When you apply, include a link to your GitHub in the question field that is labeled: &quot;Link.&quot;</li><li>Problem-solving skills and a passion for learning new technologies</li><li>Excellent communication and collaboration skills</li><li>Experience with DevOps tools such as Ansible or CI/CD pipelines is a plus</li><li>Experience with cloud platforms (DigitalOcean, AWS, Azure, or Google Cloud) is a plus</li></ul><p>Job Type: Full-time</p><p>Pay: $80,000.00 per year</p><p>Benefits:</p><ul><li>Dental insurance</li><li>Health insurance</li><li>Paid holidays</li><li>Paid time off</li></ul><p>Application Question(s):</p><ul><li>Link:</li><li>Are you located in CST or ET Time Zone? If so, what city?</li></ul><p>Experience:</p><ul><li>Web development: 3 years (Required)</li></ul><p>Work Location: Remote</p>";;;United States;38.0;-97.0;;;;;;;;;
Software deployment, C#, DoD experience, Microservices, SDKs, S3, TypeScript, GitLab;"is seeking a
in
. Spalding, a Saalex Company is a professional services company delivering cutting-edge solutions to the Department of Defense since 2001. Our expert-level solutions include software development, information technology, program management, financial management and business intelligence services. Spalding Consulting offers competitive compensation, career development, flexible work schedules and excellent benefits.
Spalding, a Saalex Company
Software Engineer - React/AWS
Patuxent River, MD
Full-Time
Position Type:
$90K-$155K (depending on experience)
Salary Range:
This is a remote position.
Work Location:
The ideal candidate will have extensive experience as a full-stack developer with a strong focus on React and Next.js, as well as experience working with the AWS cloud platform and an understanding of related services. The candidate will play a pivotal role in rewriting a legacy application to modern web-based frameworks while ensuring seamless functionality and data integrity.
Essential Functions:
Engineers IT solutions using AWS native services and custom developed code for a large-scale application re-engineering effort.
Reviews existing legacy application code to determine re-usability and customization, including options for microservices.
Provides software engineering using frameworks and libraries such as React/Next.js, TypeScript, AWS CloudFormation, AWS SDK, NestJS, and Prisma ORM.
Designs, creates, and maintains custom APIs.
Utilize GitLab to maintain source control and to deploy code through a CI/CD pipeline.
Participates in internal code reviews to ensure adherence to best practices and coding standards.
Other duties as assigned or required.
Requirements
Required:
Experience in software re-engineering efforts required.
Experience designing, implementing, and maintaining AWS-based solutions with proficiency in services such as AWS Lambda, Amazon RDS for PostgreSQL, S3, ECS, API Gateway, and Cognito required.
Strong proficiency in TypeScript and Next.js framework and libraries required with specialization in front-end development, such as building user interfaces (UI).
Microservices experience required.
Working knowledge of DevOps and CI/CD pipeline experience required.
Experience with code vulnerability mitigation/remediation required.
AA/AS degree and 3 years related experience OR HS and 5 years related experience preferred.
Desired:
Agile software development experience highly desired.
PostgreSQL database experience desired; Oracle and/or SQL Server database experience may be considered.
DoD application experience, including DISA STIGs a plus.
Experience in any of the following desired: GitLab, C#, TypeScript, Visual Studio Code, JavaScript, React, Material UI, and/or Amazon QuickSight.
Security Clearance:
Must be eligible to obtain a Secret clearance. Active Secret clearance desired, interim Secret acceptable to start. Requirements to obtain a clearance include US Citizenship, security investigation, etc.
Education:
AA/AS degree and 3 years related experience OR HS and 5 years related experience preferred.
Benefits
Health Care Plan (Medical, Dental & Vision)
Retirement Plan (401k, IRA)
Life Insurance (Basic, Voluntary & AD&D)
Paid Time Off (Vacation, Sick & Public Holidays)
Short Term & Long Term Disability
Training & Development
Wellness Resources
Stock Option Plan";;0;none;0.9;0.9;;;0;agile, api, api gateway, aws, business intelligence, c#, ci/cd, cloudformation, devops, ecs, frontend development, full stack, gitlab, javascript, lambda, material ui, microservices, nest.js, next.js, postgresql, rds, react, s3, sdk, software engineering, sql server, typescript, ui, version control, visual studio code;flexibility, integrity;"Architecture & Methods: agile, gitlab, software engineering, version control; BI & Analytics: business intelligence; Backend Development: full stack, microservices, nest.js; Cloud Computing: aws, cloudformation, ecs, lambda; Databases & Storage: postgresql, rds, s3, sql server; DevOps & Containers: ci/cd, devops; Dynamic & Web: javascript, typescript; Enterprise & Managed: c#; Frontend Development: api, frontend development, material ui, next.js, react, sdk, ui; Networking: api gateway; Tools & Editors: visual studio code";highschool;-;3.0;1;agile, api, api gateway, aws, business intelligence, c#, ci/cd, cloudformation, devops, ecs, frontend development, full stack, gitlab, javascript, lambda, material ui, microservices, nest.js, next.js, postgresql, rds, react, s3, sdk, software engineering, sql server, typescript, ui, version control, visual studio code;flexibility, integrity;;;10;Software Engineer - React/AWS;Lexington Park, MD;881252.0;Saalex;42;USD;ANNUAL;90000.0;125000.0;160000.0;3.9;2025-09-25T00:00:00;Full-time;WORK_FROM_HOME;High school diploma or GED, Associate's degree;"<div><p><b>Spalding, a Saalex Company</b> is seeking a <b>Software Engineer - React/AWS</b> in <b>Patuxent River, MD</b>. Spalding, a Saalex Company is a professional services company delivering cutting-edge solutions to the Department of Defense since 2001. Our expert-level solutions include software development, information technology, program management, financial management and business intelligence services. Spalding Consulting offers competitive compensation, career development, flexible work schedules and excellent benefits.</p><p></p><p><b>
Position Type:</b> Full-Time</p><p><b>
Salary Range: </b>$90K-$155K (depending on experience)</p><p><b>
Work Location:</b> This is a remote position.</p><p></p><p>
The ideal candidate will have extensive experience as a full-stack developer with a strong focus on React and Next.js, as well as experience working with the AWS cloud platform and an understanding of related services. The candidate will play a pivotal role in rewriting a legacy application to modern web-based frameworks while ensuring seamless functionality and data integrity.
</p><p></p><p><b>Essential Functions:</b></p><ul>
<li>Engineers IT solutions using AWS native services and custom developed code for a large-scale application re-engineering effort.</li>
<li>Reviews existing legacy application code to determine re-usability and customization, including options for microservices.</li>
<li>Provides software engineering using frameworks and libraries such as React/Next.js, TypeScript, AWS CloudFormation, AWS SDK, NestJS, and Prisma ORM.</li>
<li>Designs, creates, and maintains custom APIs.</li>
<li>Utilize GitLab to maintain source control and to deploy code through a CI/CD pipeline.</li>
<li>Participates in internal code reviews to ensure adherence to best practices and coding standards.</li>
<li>Other duties as assigned or required.</li>
</ul><p><b>Requirements</b></p><p><b>
Required:</b></p><ul>
<li>Experience in software re-engineering efforts required.</li>
<li>Experience designing, implementing, and maintaining AWS-based solutions with proficiency in services such as AWS Lambda, Amazon RDS for PostgreSQL, S3, ECS, API Gateway, and Cognito required.</li>
<li>Strong proficiency in TypeScript and Next.js framework and libraries required with specialization in front-end development, such as building user interfaces (UI).</li>
<li>Microservices experience required.</li>
<li>Working knowledge of DevOps and CI/CD pipeline experience required.</li>
<li>Experience with code vulnerability mitigation/remediation required.</li>
<li>AA/AS degree and 3 years related experience OR HS and 5 years related experience preferred.
</li></ul><p></p><p><b>Desired:</b></p><ul>
<li>Agile software development experience highly desired.</li>
<li>PostgreSQL database experience desired; Oracle and/or SQL Server database experience may be considered.</li>
<li>DoD application experience, including DISA STIGs a plus.</li>
<li>Experience in any of the following desired: GitLab, C#, TypeScript, Visual Studio Code, JavaScript, React, Material UI, and/or Amazon QuickSight.</li>
</ul><p></p><p><b>Security Clearance:</b></p><p>
Must be eligible to obtain a Secret clearance. Active Secret clearance desired, interim Secret acceptable to start. Requirements to obtain a clearance include US Citizenship, security investigation, etc.</p><p></p><p><b>
Education:</b></p><p>
AA/AS degree and 3 years related experience OR HS and 5 years related experience preferred.</p><p><b>
Benefits</b></p><ul>
<li>Health Care Plan (Medical, Dental &amp; Vision)</li>
<li>Retirement Plan (401k, IRA)</li>
<li>Life Insurance (Basic, Voluntary &amp; AD&amp;D)</li>
<li>Paid Time Off (Vacation, Sick &amp; Public Holidays)</li>
<li>Short Term &amp; Long Term Disability</li>
<li>Training &amp; Development</li>
<li>Wellness Resources</li>
<li>Stock Option Plan</li></ul></div>";Lexington Park, MD;Maryland;United States;38.26667;-76.45417;;Camarillo, CA;Aerospace & Defense;Aerospace & Defense;$25 to $100 million (USD);501 to 1000 Employees;Company - Private;www.saalex.com;1999.0
Jira, Computer science, XML, Supply chain, NetSuite, SQL, Scalability, TypeScript, Communication skills;"Description:
Requirements:
About Element Electronics
Established in 2007, Element Electronics began with a simple belief - every household should have access to TVs featuring cutting-edge technology. In 2014, we took our commitment further by opening a factory in Winnsboro, SC, making Element the sole major television company assembling TVs in the United States. Presently, we continue to challenge ourselves, expanding our product range to include electronics and home appliances, while consistently providing customers with products showcasing the latest technology, all at affordable prices.
Position Description
We’re looking for a hands-on developer who thrives across the stack. You’ll be building scalable apps with React and Next.js while also delivering real impact in NetSuite through SuiteScript, SuiteTalk, and custom automations. If you love shipping code that solves business problems end-to-end, this role is for you. Design, develop, test and implement systems that support the organization's goals and needs.
- Build, test, and deploy applications with React, Next.js, JavaScript/TypeScript.
Full Stack Development
- Design and deliver SuiteScript (1.0/2.0), SuiteFlow, custom modules, forms, and records.
NetSuite Development
- Connect NetSuite with third-party systems (e.g., Workato, SPS Commerce) using SuiteTalk, RESTlets, APIs, and web services.
Integrations
- Streamline processes with custom workflows, monitor performance, and troubleshoot issues.
Automation & Optimization
- Partner with business teams to translate needs into solutions, provide training/support, and document technical changes
Collaboration
Bachelor’s degree in Computer Science, Information Systems, or a related field; equivalent work experience will be considered.
3+ Professional experience with React/Next.js (JavaScript/TypeScript), ideally building applications.
Experience in NetSuite development preferred including SuiteScript 1.0/2.0, SuiteTalk, RESTlets, SuiteFlow or ability to get quickly certified as a NetSuite developer.
Bonus: NetSuite certifications, SQL/XML experience, supply chain or WMS exposure (Workato, SPS Commerce).
Strong problem-solving, communication, and ability to own projects end-to-end.
Familiarity with Agile methodologies and using Jira for project management and issue tracking
ADDITIONAL INFORMATION:
All duties and responsibilities are essential job functions and requirements are subject to possible modification to reasonably accommodate individuals with disabilities. To perform this job successfully, the incumbent will possess the skills, aptitudes, and abilities to perform each duty proficiently. The requirements listed in this document are the minimum levels of knowledge, skills, or experience. The noise level in the work environment is usually quiet to moderate. While performing the responsibilities of the job, the incumbent is required to talk and hear. The incumbent is often required to sit and use his or her hands and fingers, to handle or feel. The incumbent is occasionally required to stand, walk, reach with arms and hands, climb or balance, and stoop, kneel, crouch, or crawl. Vision abilities required by this job include close vision.
EQUAL OPPORTUNITY EMPLOYMENT OPPORTUNITY
Element TV Company, LP provides equal employment opportunities (EEO) to all employees and applicants for employment without regard to race, color, religion, sex, national origin, age disability, or genetics. In addition to federal law requirements, Element TV Company, LP complies with applicable state and local laws governing nondiscrimination in employment in every location in which the Company has facilities. This policy applies to all terms and conditions of employment, including recruiting, hiring, placement, promotion, termination, layoff, recall, transfer, leaves of absence, compensation, and training.
Element TV Company, LP expressly prohibits any form of workplace harassment based on race, color, religion, gender, sexual orientation, gender identity or expression, national origin, age, genetic information, disability, or veteran status. Improper interference with the ability of Element TV Company, LP’s employees to perform their job duties may result in discipline up to and including discharge.";;0;none;0.9;0.9;;;0;agile, api, full stack, javascript, jira, next.js, optimization, react, rest, sql, typescript, web services, xml;collaboration, communication, organization, problem solving, project management;"Architecture & Methods: agile, jira; Backend Development: full stack, rest, web services; Data Engineering: xml; Databases & Storage: sql; Dynamic & Web: javascript, typescript; Frontend Development: api, next.js, react; Testing, QA & Debugging: optimization";bachelor;Bachelor's;3.0;1;agile, api, full stack, javascript, jira, next.js, optimization, react, rest, sql, typescript, web services, xml;collaboration, communication, organization, problem solving, project management;;;11;Full Stack Developer (React/Next.js);Edina, MN;1178851.0;Element Electronics;0;USD;ANNUAL;82790.0;97400.0;112010.0;1.8;2025-10-07T00:00:00;;;Bachelor's degree;"<div>Description:
<p><b>
About Element Electronics</b></p><p>
Established in 2007, Element Electronics began with a simple belief - every household should have access to TVs featuring cutting-edge technology. In 2014, we took our commitment further by opening a factory in Winnsboro, SC, making Element the sole major television company assembling TVs in the United States. Presently, we continue to challenge ourselves, expanding our product range to include electronics and home appliances, while consistently providing customers with products showcasing the latest technology, all at affordable prices.</p><p><b>
Position Description</b></p><p>
We&rsquo;re looking for a hands-on developer who thrives across the stack. You&rsquo;ll be building scalable apps with React and Next.js while also delivering real impact in NetSuite through SuiteScript, SuiteTalk, and custom automations. If you love shipping code that solves business problems end-to-end, this role is for you. Design, develop, test and implement systems that support the organization's goals and needs.</p><ul><li><b>
Full Stack Development </b>- Build, test, and deploy applications with React, Next.js, JavaScript/TypeScript.</li><li><b>
NetSuite Development</b> - Design and deliver SuiteScript (1.0/2.0), SuiteFlow, custom modules, forms, and records.</li><li><b>
Integrations</b> - Connect NetSuite with third-party systems (e.g., Workato, SPS Commerce) using SuiteTalk, RESTlets, APIs, and web services.</li><li><b>
Automation &amp; Optimization</b> - Streamline processes with custom workflows, monitor performance, and troubleshoot issues.</li><li><b>
Collaboration</b> - Partner with business teams to translate needs into solutions, provide training/support, and document technical changes</li></ul>
Requirements:
<ul><li>Bachelor&rsquo;s degree in Computer Science, Information Systems, or a related field; equivalent work experience will be considered.</li><li>
3+ Professional experience with React/Next.js (JavaScript/TypeScript), ideally building applications.</li><li>
Experience in NetSuite development preferred including SuiteScript 1.0/2.0, SuiteTalk, RESTlets, SuiteFlow or ability to get quickly certified as a NetSuite developer.</li><li>
 Bonus: NetSuite certifications, SQL/XML experience, supply chain or WMS exposure (Workato, SPS Commerce).</li><li>
Strong problem-solving, communication, and ability to own projects end-to-end.</li><li>
Familiarity with Agile methodologies and using Jira for project management and issue tracking</li></ul><p><b>
ADDITIONAL INFORMATION:</b></p><p>
All duties and responsibilities are essential job functions and requirements are subject to possible modification to reasonably accommodate individuals with disabilities. To perform this job successfully, the incumbent will possess the skills, aptitudes, and abilities to perform each duty proficiently. The requirements listed in this document are the minimum levels of knowledge, skills, or experience. The noise level in the work environment is usually quiet to moderate. While performing the responsibilities of the job, the incumbent is required to talk and hear. The incumbent is often required to sit and use his or her hands and fingers, to handle or feel. The incumbent is occasionally required to stand, walk, reach with arms and hands, climb or balance, and stoop, kneel, crouch, or crawl. Vision abilities required by this job include close vision.</p><p><b>
EQUAL OPPORTUNITY EMPLOYMENT OPPORTUNITY</b></p><p>
Element TV Company, LP provides equal employment opportunities (EEO) to all employees and applicants for employment without regard to race, color, religion, sex, national origin, age disability, or genetics. In addition to federal law requirements, Element TV Company, LP complies with applicable state and local laws governing nondiscrimination in employment in every location in which the Company has facilities. This policy applies to all terms and conditions of employment, including recruiting, hiring, placement, promotion, termination, layoff, recall, transfer, leaves of absence, compensation, and training.</p><p>
Element TV Company, LP expressly prohibits any form of workplace harassment based on race, color, religion, gender, sexual orientation, gender identity or expression, national origin, age, genetic information, disability, or veteran status. Improper interference with the ability of Element TV Company, LP&rsquo;s employees to perform their job duties may result in discipline up to and including discharge.</p></div>";Edina, MN;Minnesota;United States;44.88972;-93.34972;Michael O Shaughnessy;Edina, MN;Consumer Product Manufacturing;Manufacturing;Unknown / Non-Applicable;201 to 500 Employees;Company - Private;https://elementelectronics.com;2007.0
TensorFlow, Microservices, Docker, Requirements analysis, Mentoring, Scalability, S3, AI, Requirements gathering, TypeScript;"About Vailent & Vinmar
Vinmar is a global leader in the marketing and distribution of polymers and chemicals, operating in over 100 countries with more than 45 years of success.
Vailent is a subsidiary of Vinmar, created to reimagine how polymers are bought and sold. We’re building a technology-enabled B2B marketplace that gives buyers and sellers a faster, more transparent, and more efficient way to do business. Our platform is designed to empower Vinmar’s global network while transforming an industry that has seen little digital innovation.
About the Role
At Vailent, you’ll join a small, agile, and fully remote team with the backing and stability of a global parent company. We combine the autonomy of a startup with the reach of a world leader. You’ll find the freedom to own your work, the support of approachable leadership, and the opportunity to solve complex challenges that directly impact how an entire industry operates.
As a
at Vailent, you’ll design and build applications that power our digital marketplace, from intuitive frontends to scalable backends. You’ll work across React, Java/Spring Boot, and AWS, while also exploring AI integrations that bring intelligence into our products. In this role, you’ll own critical parts of the software development lifecycle, mentor teammates, and help set engineering best practices in a fast-moving, collaborative environment.
Full-Stack Engineer
What You’ll Do
Full-stack development: Design, develop, and maintain scalable services in Java/Spring Boot and modern web interfaces in React.
Architecture & API design: Create RESTful APIs, microservices, and system integrations that are secure, reliable, and high-performing.
SDLC leadership: Own features from requirements gathering through design, development, testing, deployment, and monitoring.
Cloud & infrastructure: Deploy and manage applications in AWS (EC2, S3, Lambda, RDS, API Gateway, CloudWatch).
DevOps & CI/CD: Build and maintain pipelines with GitHub/GitHub Actions, ensuring smooth automated deployments and testing.
AI enablement: Collaborate with product and data teams to integrate AI/ML services (e.g., OpenAI, TensorFlow, AWS AI).
Quality & security: Conduct code reviews, enforce best practices, and implement monitoring/performance optimization.
Why Join Us
A culture that values
.
technical excellence, ownership, and innovation
High impact, real ownership — Your work directly shapes the future of a global industry.
Autonomy & trust — Freedom to own projects and make decisions.
Team & culture — A collaborative environment where leadership is accessible, and people genuinely enjoy working together.
Growth & learning — Opportunities to learn new skills, take on big challenges, and grow with a company on the rise.
Flexibility — Remote-first culture with balance built in.
Competitive compensation — Salary, benefits, and support for professional development.
Requirements
Hard Skills
Java & Spring Boot: Expert-level experience in building backend systems and microservices.
Frontend: Practical knowledge of React (and modern JS/TypeScript ecosystem), with a full-stack mindset.
REST APIs & Microservices: Skilled at designing, documenting, and maintaining robust, scalable, and secure APIs.
AI Integration: Familiarity with AI/ML services and APIs, or awareness of how AI/ML can enhance applications.
Cloud Infrastructure: Experience deploying and managing systems on AWS.
VCS & CI/CD tools: Proficiency with GitHub, GitHub Actions, Jenkins (or equivalent); containerization with Docker/Kubernetes and automated testing frameworks.
Soft Skills
Strong collaboration across multi-disciplinary teams (product, design, DevOps).
Excellent communicator who can translate complex technical ideas for cross-functional audiences.
Resourceful problem-solver with a “figure it out” mindset—able to work independently and drive solutions forward.
Adaptable and proactive learner—keen to adopt new technologies and approaches.
Demonstrates ownership and accountability toward work.
#vailent";ai, tensorflow;1;ai_integration;0.9;0.9;openai, tensorflow, aws ai, ai, ml, machine learning;;1;agile, api, api design, api gateway, aws, ci/cd, cloud infrastructure, cloudwatch, devops, docker, ec2, frontend development, full stack, github, github actions, java, jenkins, kubernetes, lambda, microservices, openai, optimization, rds, react, rest, s3, software engineering, spring boot, tensorflow, test automation, typescript;accountability, adaptability, autonomous, collaboration, cross-functional collaboration, flexibility, innovation, leadership, mentoring, ownership, proactive;"Architecture & Methods: agile, github, software engineering; Backend Development: api design, full stack, microservices, rest, spring boot; Cloud Computing: aws, cloud infrastructure, ec2, lambda; Data Science & ML: tensorflow; Databases & Storage: rds, s3; DevOps & Containers: ci/cd, cloudwatch, devops, docker, github actions, jenkins, kubernetes; Dynamic & Web: typescript; Enterprise & Managed: java; Frontend Development: api, frontend development, react; Generative AI: openai; Networking: api gateway; Testing, QA & Debugging: optimization, test automation";;-;-;1;agile, api, api design, api gateway, aws, ci/cd, cloud infrastructure, cloudwatch, devops, docker, ec2, frontend development, full stack, github, github actions, java, jenkins, kubernetes, lambda, microservices, openai, optimization, rds, react, rest, s3, software engineering, spring boot, tensorflow, test automation, typescript;accountability, adaptability, autonomous, collaboration, cross-functional collaboration, flexibility, innovation, leadership, mentoring, ownership, proactive;;;12;Full-Stack Engineer;Remote;259721.0;Vinmar International;24;USD;;;;;3.8;2025-09-13T00:00:00;Full-time;WORK_FROM_HOME;;"<div><p><b>About Vailent &amp; Vinmar
</b></p><p>Vinmar is a global leader in the marketing and distribution of polymers and chemicals, operating in over 100 countries with more than 45 years of success.
</p><p>Vailent is a subsidiary of Vinmar, created to reimagine how polymers are bought and sold. We&rsquo;re building a technology-enabled B2B marketplace that gives buyers and sellers a faster, more transparent, and more efficient way to do business. Our platform is designed to empower Vinmar&rsquo;s global network while transforming an industry that has seen little digital innovation.</p><p><br>
</p><p><b>About the Role
</b></p><p>At Vailent, you&rsquo;ll join a small, agile, and fully remote team with the backing and stability of a global parent company. We combine the autonomy of a startup with the reach of a world leader. You&rsquo;ll find the freedom to own your work, the support of approachable leadership, and the opportunity to solve complex challenges that directly impact how an entire industry operates.
</p><p>As a <b>Full-Stack Engineer</b> at Vailent, you&rsquo;ll design and build applications that power our digital marketplace, from intuitive frontends to scalable backends. You&rsquo;ll work across React, Java/Spring Boot, and AWS, while also exploring AI integrations that bring intelligence into our products. In this role, you&rsquo;ll own critical parts of the software development lifecycle, mentor teammates, and help set engineering best practices in a fast-moving, collaborative environment.
</p><p><b>What You&rsquo;ll Do
</b></p><ul><li>Full-stack development: Design, develop, and maintain scalable services in Java/Spring Boot and modern web interfaces in React.
</li><li>Architecture &amp; API design: Create RESTful APIs, microservices, and system integrations that are secure, reliable, and high-performing.
</li><li>SDLC leadership: Own features from requirements gathering through design, development, testing, deployment, and monitoring.
</li><li>Cloud &amp; infrastructure: Deploy and manage applications in AWS (EC2, S3, Lambda, RDS, API Gateway, CloudWatch).
</li><li>DevOps &amp; CI/CD: Build and maintain pipelines with GitHub/GitHub Actions, ensuring smooth automated deployments and testing.
</li><li>AI enablement: Collaborate with product and data teams to integrate AI/ML services (e.g., OpenAI, TensorFlow, AWS AI).
</li><li>Quality &amp; security: Conduct code reviews, enforce best practices, and implement monitoring/performance optimization.</li><br>
</ul><p></p><p><b>Why Join Us
</b></p><ul><li>A culture that values <b>technical excellence, ownership, and innovation</b>.
</li><li>High impact, real ownership &mdash; Your work directly shapes the future of a global industry.
</li><li>Autonomy &amp; trust &mdash; Freedom to own projects and make decisions.
</li><li>Team &amp; culture &mdash; A collaborative environment where leadership is accessible, and people genuinely enjoy working together.
</li><li>Growth &amp; learning &mdash; Opportunities to learn new skills, take on big challenges, and grow with a company on the rise.
</li><li>Flexibility &mdash; Remote-first culture with balance built in.
</li><li>Competitive compensation &mdash; Salary, benefits, and support for professional development.</li><br>
</ul><p></p><p><b>Requirements</b></p><p><b>
Hard Skills
</b></p><ul><li>Java &amp; Spring Boot: Expert-level experience in building backend systems and microservices.
</li><li>Frontend: Practical knowledge of React (and modern JS/TypeScript ecosystem), with a full-stack mindset.
</li><li>REST APIs &amp; Microservices: Skilled at designing, documenting, and maintaining robust, scalable, and secure APIs.
</li><li>AI Integration: Familiarity with AI/ML services and APIs, or awareness of how AI/ML can enhance applications.
</li><li>Cloud Infrastructure: Experience deploying and managing systems on AWS.
</li><li>VCS &amp; CI/CD tools: Proficiency with GitHub, GitHub Actions, Jenkins (or equivalent); containerization with Docker/Kubernetes and automated testing frameworks.</li><br>
</ul><p></p><p><b>Soft Skills
</b></p><ul><li>Strong collaboration across multi-disciplinary teams (product, design, DevOps).
</li><li>Excellent communicator who can translate complex technical ideas for cross-functional audiences.
</li><li>Resourceful problem-solver with a &ldquo;figure it out&rdquo; mindset&mdash;able to work independently and drive solutions forward.
</li><li>Adaptable and proactive learner&mdash;keen to adopt new technologies and approaches.
</li><li>Demonstrates ownership and accountability toward work.
</li></ul><p></p><p>#vailent</p></div><p></p>";;;United States;38.0;-97.0;;Houston, TX;Department, Clothing & Shoe Stores;Retail & Wholesale;$25 to $100 million (USD);51 to 200 Employees;Company - Private;www.vinmar.com;
Rust, Node.js, Data structures, System design, Java, AWS, Analysis skills, C++, Integration testing, Unit testing, Python;"Northstrat is seeking an experienced and driven Senior Full Stack Software Developer to join our dynamic team. The ideal candidate will have extensive experience in both back-end and front-end development, bringing a wealth of knowledge in multiple programming languages and frameworks. This role demands a self-starter who can take vaguely defined tasks and independently deliver high-quality solutions.
Requirements
Must have at least 6 plus years of relevant experience with a master’s in computer science, or 8 plus years of relevant experience with a bachelor’s in computer science.
Must be U.S. citizen with the ability to obtain a government clearance.
Proficient in at least one of the following programming languages: Java, C++, Rust, or advanced Python (Back-End Development).
Proficient in JavaScript frameworks including React, Angular, and Node.js (Front-End Development).
Proficient in developing and supporting production systems that run on Amazon Web Services (AWS).
Strong understanding and experience working with data structures.
Tangible experience designing, programming, and implementing large complex systems.
Strong analytical skills and the ability to troubleshoot complex issues.
Proficient in designing and implementing comprehensive unit and integration tests.
Benefits
Work/Life Balance
Northstrat values true work life balance. We offer power of choice benefits designed to best meet the needs of you and your lifestyle. Our benefits programs are designed to support and encourage wellness, healthy living, retirement investment, and lifetime learning.
Pay Range
There are a host of factors that can influence final salary including, but not limited to, geographic location, Federal Government contract labor categories and contract wage rates, relevant prior work experience, specific skills and competencies, education, and certifications. We also offer competitive compensation, benefits, and professional development opportunities. Please refer to our Benefits section for additional details.
Flex Time
Northstrat does not mandate specific working hours. Although project requirements may dictate schedules, a Northstrat employee is only required to work an average of 8 hours per weekday over the course of a month. For example: John worked 12 hours on June 1st to meet a project deadline. On June 15th, John only worked 4 hours because he left early for a long weekend. John’s IBA was not debited for time off because flex time allowed him to carry over those 4 hours from June 1st.
Individual Benefits Account (IBA)
To attract and retain the highest quality staff, Northstrat provides a unique and versatile benefits package, the Individual Benefit Account (IBA), which places the power of choice in the hands of our greatest asset – the employee.
The purpose of the IBA is to provide attractive benefits to all full-time employees of Northstrat on a flexible basis that enables each covered employee to select a package that best suits his or her needs. Whether those needs are paid time off, medical expenses, prescription drug expenses, cash disbursement, or a combination of any of these, the IBA provides flexibility to help you meet your specific goals. The IBA can be used for such things as:
IBA Benefits accrue each month in the amount equivalent to 50% of the employee’s monthly compensation rate. That is, the effective dollar amount of this accrual is in addition to an employee’s salary.
Profit Sharing Plan (PSP)
The PSP is a qualified retirement plan that Northstrat funds quarterly on the employee’s behalf through the IBA in the amount equivalent to 25% (up to the IRS contribution limit) of the employee’s compensation. That is, of the 50% accrual in the IBA, half of the amount accrued is applied to the PSP.
Stock Options
Because Northstrat is an employee-owned company, all new employees are offered stock options. Employees have the opportunity to receive additional stock options based on accomplishment of individual performance goals. Stock owners elect the Board of Directors and are directly impacted by the success of the company.
Lifelong Learning
Our culture promotes and nurtures a growth environment. We hire and scale rapidly to meet the needs of our partner customers. Through periodic company sponsored training events, and the ability to use IBA funds for reimbursement of work-related education expenses you will have the opportunity to continually grow your skills and abilities.
Join Our Talented Team
We hire the BEST employees and value each one. Since 2021, The Washington Post has recognized Northstrat among its ""Top Workplaces"". We think that your friends and family will like it here too, so we offer employee referral incentives.";;0;none;0.9;0.9;;;0;angular, aws, backend development, c++, frontend development, full stack, integration testing, java, javascript, node.js, python, react, rust, system design, unit testing;analytical skills, flexibility, self-starter;"Architecture & Methods: system design; Backend Development: backend development, full stack, node.js; Cloud Computing: aws; Dynamic & Web: javascript, python; Enterprise & Managed: java; Frontend Development: angular, frontend development, react; Systems Programming: c++, rust; Testing, QA & Debugging: integration testing, unit testing";bachelor;Bachelor's;6.0;1;angular, aws, backend development, c++, frontend development, full stack, integration testing, java, javascript, node.js, python, react, rust, system design, unit testing;analytical skills, flexibility, self-starter;;;13;Full Stack Software Developer (Remote);Arlington, VA;1101568.0;Northstrat;43;USD;ANNUAL;65162.0;84069.0;108460.0;5.0;2025-09-25T00:00:00;Full-time;WORK_FROM_HOME;Master's degree, Bachelor's degree;"<div><p>Northstrat is seeking an experienced and driven Senior Full Stack Software Developer to join our dynamic team. The ideal candidate will have extensive experience in both back-end and front-end development, bringing a wealth of knowledge in multiple programming languages and frameworks. This role demands a self-starter who can take vaguely defined tasks and independently deliver high-quality solutions.</p><p><b>
Requirements</b></p><ul><li>
Must have at least 6 plus years of relevant experience with a master&rsquo;s in computer science, or 8 plus years of relevant experience with a bachelor&rsquo;s in computer science.</li><li>
Must be U.S. citizen with the ability to obtain a government clearance.</li><li>
Proficient in at least one of the following programming languages: Java, C++, Rust, or advanced Python (Back-End Development).</li><li>
Proficient in JavaScript frameworks including React, Angular, and Node.js (Front-End Development).</li><li>
Proficient in developing and supporting production systems that run on Amazon Web Services (AWS).</li><li>
Strong understanding and experience working with data structures.</li><li>
Tangible experience designing, programming, and implementing large complex systems.</li><li>
Strong analytical skills and the ability to troubleshoot complex issues.</li><li>
Proficient in designing and implementing comprehensive unit and integration tests.</li></ul><p><b>
Benefits</b></p><p><b>
Work/Life Balance</b></p><p>
Northstrat values true work life balance. We offer power of choice benefits designed to best meet the needs of you and your lifestyle. Our benefits programs are designed to support and encourage wellness, healthy living, retirement investment, and lifetime learning.</p><p><b>
Pay Range</b></p><p>
There are a host of factors that can influence final salary including, but not limited to, geographic location, Federal Government contract labor categories and contract wage rates, relevant prior work experience, specific skills and competencies, education, and certifications. We also offer competitive compensation, benefits, and professional development opportunities. Please refer to our Benefits section for additional details.</p><p><b>
Flex Time</b></p><p>
Northstrat does not mandate specific working hours. Although project requirements may dictate schedules, a Northstrat employee is only required to work an average of 8 hours per weekday over the course of a month. For example: John worked 12 hours on June 1st to meet a project deadline. On June 15th, John only worked 4 hours because he left early for a long weekend. John&rsquo;s IBA was not debited for time off because flex time allowed him to carry over those 4 hours from June 1st.</p><p><b>
Individual Benefits Account (IBA)</b></p><p>
To attract and retain the highest quality staff, Northstrat provides a unique and versatile benefits package, the Individual Benefit Account (IBA), which places the power of choice in the hands of our greatest asset &ndash; the employee.</p><p>
The purpose of the IBA is to provide attractive benefits to all full-time employees of Northstrat on a flexible basis that enables each covered employee to select a package that best suits his or her needs. Whether those needs are paid time off, medical expenses, prescription drug expenses, cash disbursement, or a combination of any of these, the IBA provides flexibility to help you meet your specific goals. The IBA can be used for such things as:</p><p>
IBA Benefits accrue each month in the amount equivalent to 50% of the employee&rsquo;s monthly compensation rate. That is, the effective dollar amount of this accrual is in addition to an employee&rsquo;s salary.</p><p><b>
Profit Sharing Plan (PSP)</b></p><p>
The PSP is a qualified retirement plan that Northstrat funds quarterly on the employee&rsquo;s behalf through the IBA in the amount equivalent to 25% (up to the IRS contribution limit) of the employee&rsquo;s compensation. That is, of the 50% accrual in the IBA, half of the amount accrued is applied to the PSP.</p><p><b>
Stock Options</b></p><p>
Because Northstrat is an employee-owned company, all new employees are offered stock options. Employees have the opportunity to receive additional stock options based on accomplishment of individual performance goals. Stock owners elect the Board of Directors and are directly impacted by the success of the company.</p><p><b>
Lifelong Learning</b></p><p>
Our culture promotes and nurtures a growth environment. We hire and scale rapidly to meet the needs of our partner customers. Through periodic company sponsored training events, and the ability to use IBA funds for reimbursement of work-related education expenses you will have the opportunity to continually grow your skills and abilities.</p><p><b>
Join Our Talented Team</b></p><p>
We hire the BEST employees and value each one. Since 2021, The Washington Post has recognized Northstrat among its &quot;Top Workplaces&quot;. We think that your friends and family will like it here too, so we offer employee referral incentives.</p></div>";Arlington, VA;Virginia;United States;38.89028;-77.08444;Ricky Boyd;Sterling, VA;Aerospace & Defense;Aerospace & Defense;$25 to $100 million (USD);51 to 200 Employees;Company - Private;www.northstrat.com;2006.0
Content management systems, Test-driven development, Java, Microservices;"Technology
Digital Software Engineering
Full time
Irving Texas United States
$84,580.00 - $118,020.00
Please see the requirements listed above.
For complementary skills, please see above and/or contact the recruiter.
Oct 03, 2025
The ideal candidate has strong technical expertise, attention to detail, and a passion for creating and deploying solutions. We are seeking a skilled Developer with experience in Angular, JavaScript, and Java Microservices to join our team.
Key Responsibilities
Develop responsive, high-quality applications using Angular and JavaScript
Integrate with Java Microservices and cloud environments (OpenShift or similar)
Write and maintain comprehensive test cases to ensure quality, functionality, and reliability
Participate in the build, deployment, and testing cycle, ensuring smooth delivery of new features
Collaborate with designers, product owners, and backend teams to align business and technical goals
Required Skills & Experience
Strong proficiency in Angular and JavaScript
Experience with Java Microservices development and integration
Familiarity with cloud platforms (OpenShift or equivalent)
Knowledge of content management systems (CMS) and how to integrate them with front-end frameworks
Solid understanding of test-driven development and best practices in code testing
Experience in CI/CD build and deployment processes
Strong problem-solving skills and ability to work in a collaborative team environment
About Citi:
Citi, the leading global bank, has approximately 200 million customer accounts and does business in more than 160 countries and jurisdictions. Citi provides consumers, corporations, governments, and institutions with a broad range of financial products and services, including consumer banking and credit, corporate and investment banking, securities brokerage, transaction services, and wealth management.
As a bank with a brain and a soul, Citi creates economic value that is systemically responsible and in our clients’ best interests. As a financial institution that touches every region of the world and every sector that shapes your daily life, our Operations & Technology teams are charged with a mission that rivals any large tech company. Our technology solutions are the foundations of everything we do from keeping the bank safe, managing global resources, and providing the technical tools our workers need to be successful to designing our digital architecture and ensuring our platforms provide a first-class customer experience. We reimagine client and partner experiences to deliver excellence through secure, reliable, and efficient services.
Our commitment to diversity includes a workforce that represents the clients we serve from all walks of life, backgrounds, and origins. We foster an environment where the best people want to work. We value and demand respect for others, promote individuals based on merit, and ensure opportunities for personal development are widely available to all. Ideal candidates are innovators with well-rounded backgrounds who bring their authentic selves to work and complement our culture of delivering results with pride. If you are a problem solver who seeks passion in your work, come join us. We’ll enable growth and progress together.
-
Job Family Group:
-
Job Family:
-
Time Type:
-
Primary Location:
-
Primary Location Full Time Salary Range:
In addition to salary, Citi’s offerings may also include, for eligible employees, discretionary and formulaic incentive and retention awards. Citi offers competitive employee benefits, including: medical, dental & vision coverage; 401(k); life, accident, and disability insurance; and wellness programs. Citi also offers paid time off packages, including planned time off (vacation), unplanned time off (sick leave), and paid holidays. For additional information regarding Citi employee benefits, please visit citibenefits.com. Available offerings may vary by jurisdiction, job level, and date of hire.
-
Most Relevant Skills
-
Other Relevant Skills
-
Anticipated Posting Close Date:
-
Citi is an equal opportunity employer, and qualified candidates will receive consideration without regard to their race, color, religion, sex, sexual orientation, gender identity, national origin, disability, status as a protected veteran, or any other characteristic protected by law.
If you are a person with a disability and need a reasonable accommodation to use our search tools and/or apply for a career opportunity review
Accessibility at Citi
.
View Citi’s
EEO Policy Statement
and the
Know Your Rights
poster.";;0;none;0.9;0.9;;;0;accessibility, angular, ci/cd, frontend development, java, javascript, microservices, openshift, safe, software engineering, solid, test cases;attention to detail, collaboration, passion, problem solving, reliability;"Architecture & Methods: safe, software engineering, solid; Backend Development: microservices; DevOps & Containers: ci/cd, openshift; Dynamic & Web: javascript; Enterprise & Managed: java; Frontend Development: accessibility, angular, frontend development; Testing, QA & Debugging: test cases";;-;0.0;1;accessibility, angular, ci/cd, frontend development, java, javascript, microservices, openshift, safe, software engineering, solid, test cases;attention to detail, collaboration, passion, problem solving, reliability;;;14;Junior Full Stack Developer;;8843.0;Citi;47;USD;ANNUAL;84580.0;101300.0;118020.0;3.7;2025-09-21T00:00:00;Full-time;;;"<div><p>The ideal candidate has strong technical expertise, attention to detail, and a passion for creating and deploying solutions. We are seeking a skilled Developer with experience in Angular, JavaScript, and Java Microservices to join our team.</p><p></p><p>
Key Responsibilities</p><ul><li>
Develop responsive, high-quality applications using Angular and JavaScript</li><li>
Integrate with Java Microservices and cloud environments (OpenShift or similar)</li><li>
Write and maintain comprehensive test cases to ensure quality, functionality, and reliability</li><li>
Participate in the build, deployment, and testing cycle, ensuring smooth delivery of new features</li><li>
Collaborate with designers, product owners, and backend teams to align business and technical goals</li></ul><p></p><p>
Required Skills &amp; Experience</p><ul><li>
Strong proficiency in Angular and JavaScript</li><li>
Experience with Java Microservices development and integration</li><li>
Familiarity with cloud platforms (OpenShift or equivalent)</li><li>
Knowledge of content management systems (CMS) and how to integrate them with front-end frameworks</li><li>
Solid understanding of test-driven development and best practices in code testing</li><li>
Experience in CI/CD build and deployment processes</li><li>
Strong problem-solving skills and ability to work in a collaborative team environment</li></ul><p></p><p>
About Citi:</p><p>
Citi, the leading global bank, has approximately 200 million customer accounts and does business in more than 160 countries and jurisdictions. Citi provides consumers, corporations, governments, and institutions with a broad range of financial products and services, including consumer banking and credit, corporate and investment banking, securities brokerage, transaction services, and wealth management.</p><p></p><p>
As a bank with a brain and a soul, Citi creates economic value that is systemically responsible and in our clients&rsquo; best interests. As a financial institution that touches every region of the world and every sector that shapes your daily life, our Operations &amp; Technology teams are charged with a mission that rivals any large tech company. Our technology solutions are the foundations of everything we do from keeping the bank safe, managing global resources, and providing the technical tools our workers need to be successful to designing our digital architecture and ensuring our platforms provide a first-class customer experience. We reimagine client and partner experiences to deliver excellence through secure, reliable, and efficient services.</p><p></p><p>
Our commitment to diversity includes a workforce that represents the clients we serve from all walks of life, backgrounds, and origins. We foster an environment where the best people want to work. We value and demand respect for others, promote individuals based on merit, and ensure opportunities for personal development are widely available to all. Ideal candidates are innovators with well-rounded backgrounds who bring their authentic selves to work and complement our culture of delivering results with pride. If you are a problem solver who seeks passion in your work, come join us. We&rsquo;ll enable growth and progress together.</p><p>
-</p><p><b>
Job Family Group:
</b></p>Technology<p>
-</p><p><b>
Job Family:</b></p>
Digital Software Engineering<p>
-</p><p><b>
Time Type:</b></p>
Full time<p>
-</p><p><b>
Primary Location:</b></p>
Irving Texas United States<p>
-</p><p><b>
Primary Location Full Time Salary Range:</b></p>
$84,580.00 - $118,020.00<p><br>
In addition to salary, Citi&rsquo;s offerings may also include, for eligible employees, discretionary and formulaic incentive and retention awards. Citi offers competitive employee benefits, including: medical, dental &amp; vision coverage; 401(k); life, accident, and disability insurance; and wellness programs. Citi also offers paid time off packages, including planned time off (vacation), unplanned time off (sick leave), and paid holidays. For additional information regarding Citi employee benefits, please visit citibenefits.com. Available offerings may vary by jurisdiction, job level, and date of hire.</p><p>
-</p><p><b>
Most Relevant Skills
</b></p>Please see the requirements listed above.<p>
-</p><p><b>
Other Relevant Skills
</b></p>For complementary skills, please see above and/or contact the recruiter.<p>
-</p><p><b>
Anticipated Posting Close Date:</b></p>
Oct 03, 2025<p>
-</p><p><i>
Citi is an equal opportunity employer, and qualified candidates will receive consideration without regard to their race, color, religion, sex, sexual orientation, gender identity, national origin, disability, status as a protected veteran, or any other characteristic protected by law.</i></p><p></p><p><i><br>
If you are a person with a disability and need a reasonable accommodation to use our search tools and/or apply for a career opportunity review </i><i>Accessibility at Citi</i><i>.</i><br>
<br>
<i>View Citi&rsquo;s </i><i>EEO Policy Statement</i><i> and the </i><i>Know Your Rights</i><i> poster.</i></p></div>";Irving, TX;Texas;United States;32.81389;-96.94861;Jane Fraser;New York, NY;Investment & Asset Management;Financial Services;$10+ billion (USD);10000+ Employees;Company - Public;www.citigroup.com;1812.0
ASP.NET, Computer science, Azure, CSS, Kanban, Software deployment, C#, E-commerce, SQL, Analysis skills, JavaScript, Content development, SEO, Organizational skills, Technical writing, Scalability, Business requirements, Communication skills, HTML5;"Responsible for designing, developing, and maintaining software applications and systems that run on Microsoft platforms requiring a deep understanding of Microsoft technologies such as .NET framework, SQL Server, and Azure, and are skilled in programming languages such as X++, C#, ASP.NET, and JavaScript. Additionally, play a crucial role in creating and maintaining a seamless online shopping experience for customers by working in a cross functional, agile product team designing and developing user-friendly websites, implementing e-commerce functionality, optimizing site speed and performance, and integrating analytics tools to gather insights about user behavior. Work collaboratively with other team members to analyze business requirements, design solutions, and develop high-quality software that meets user needs.
$77,500.00 - $116,300.00
ESSENTIAL DUTIES & RESPONSIBILITIES (Note: Other duties may be assigned)
To perform this job successfully, an individual must be able to perform each essential duty satisfactorily. Reasonable accommodations may be made to enable individuals with disabilities to perform the essential functions.
Integrate and manage Azure services including Function Apps, Service Buses, Azure SQL, Blob Storage, and Azure DevOps
Work with cross-functional teams to identify and understand business needs and requirements in the retail industry
Develop, design, and maintain software applications using Microsoft technologies including Azure, C#, X++, and SQL Server
Collaborate with the data engineering and data science teams to ensure that software applications are integrated with data pipelines and analytics processes appropriately
Create and maintain technical documentation to ensure that software applications are consistent and scalable
Work with product managers and stakeholders to identify and manage project requirements, timelines, and risks
Stay up-to-date with industry trends and best practices in software development, Microsoft technologies, and cloud computing on the Azure platform.
Design and develop user-friendly websites that offers a seamless shopping experience
Integrate e-commerce functionality, including shopping cart, checkout, and payment processing
Optimize site speed and performance to ensure fast load times and smooth navigation
Ensure the website is mobile-friendly, accessible, and secure
Collaborate with our marketing team to develop engaging content and implement effective SEO strategies
Implement analytics tools to gather insights into user behavior and website performance
EDUCATION AND/OR EXPERIENCE
Bachelor's or Master's degree in Computer Science, Information Technology, or a related field
At least 3 years of experience in software development using Microsoft technologies including Azure, C#, X++, and SQL Server and proficient in HTML, CSS, JavaScript, and other web development languages
Strong understanding of e-commerce best practices and web development principles
KNOWLEDGE, SKILLS, AND ABILITIES
The requirements listed below are representative of the knowledge, skills, and/or abilities
required
to perform each essential duty satisfactorily. Reasonable accommodations may be made to enable individuals with disabilities to perform the essential functions.
Experience in the retail industry, especially with regards to software applications and business operations preferred
Strong knowledge and experience in software development practices including Agile frameworks like Scrum and Kanban
Strong analytical and problem-solving skills with the ability to design, build, and maintain scalable and reliable software applications
Strong communication and collaboration skills with the ability to work effectively in a team environment
Experience in cloud computing on the Azure platform, especially with regards to software development and deployment.
Excellent PC skills utilizing Microsoft Office software
Proven problem solving and analytical skills
Detail oriented with the ability to manage multiple tasks simultaneously
Excellent organization and follow through skills
Excellent interpersonal, written and verbal communication skills
Ability to build and maintain good rapport with internal and external customers and handle situations with confidence, tact and resourcefulness
Flexible, adaptable with the ability to work under pressure to meet deadlines in a fast paced office environment
ENVIRONMENT & PHYSICAL DEMANDS
The physical demands described here are representative of those an individual must meet to successfully perform the essential functions of this job. Reasonable accommodations may be made to enable individuals with disabilities to perform the essential functions.
Office environment. Utilizing an office desk – sitting, reading, listening, or speaking with the ability to move intermittently throughout the day
Strong sensory skills, such as good eyesight, good hearing, and dexterity
Ability to operate office equipment, including computers, copiers, fax machines, and phones
We are proud of the competitive and comprehensive compensation and benefit package provided to our associates and their families. Our compensation package is designed to meet our associates today and help them plan for the future.
Health Benefits
VRA offers a variety of medical, dental and vision programs to meet your family’s health care needs.
Medical plan options including both a HDHP/HSA plan and a PPO plan
Dental
Vision
Flexible spending accounts
Survivor Benefits
Life insurance provides peace of mind for your family should the unexpected happen.
Employer provided 2X your salary in life insurance
Accidental Death and Disability insurance
Voluntary life insurance for you, your spouse and your children
Income Protection
If you are unable to work due to illness or injury VRA provides several programs to protect your income at no cost to you.
Short-term disability
Long-term disability
Paid family medical leave
Retirement Plan
The VRA 401k plan helps you accumulate savings for retirement
401k with generous company match, immediate vesting (age and service requirement)
Strong line up of professionally managed funds
Safe-harbor plan design
Paid Time Off
Enjoy generous time off programs.
Earn up to 3 weeks of paid time off in your first year of employment with opportunity to earn more
9 paid holidays a year
Paid bereavement leave
Give Back Opportunities
VRA offers the opportunity to serve your community.
Voluntary Time Off
Holistic Wellness
Access to a variety of financial, physical, and mental wellness experts
Employee Assistance Program with access to work/life wellness support including no cost unlimited telephonic counseling services
Opportunities for leadership development, skill development and career advancement
Product Discount
Generous employee discount on Vera Bradley products
Ancillary Benefits and Programs
Bonus opportunity, identity protection, legal services, pet insurance, cell phone discount, employee referral bonus, annual birthday gift, DailyPay, corporate fitness facility and individual policies through Aflac
Equal Opportunity Employer/Vets/Disabled
Vera Bradley is an Equal Opportunity Employer and Affirmative Action Employer.
Vera Bradley provides equal employment opportunities to all employees and applicants for employment and prohibits discrimination and harassment of any type without regard to race, color, religion, age, sex, national origin, disability status, genetics, protected veteran status, sexual orientation, gender identity or expression, or any other characteristic protected by federal, state or local laws. This policy applies to all terms and conditions of employment, including recruiting, hiring, placement, promotion, termination, layoff, recall, transfer, leaves of absence, compensation and training.
For more information, please click the following links:
Vera Bradley's Equal Employment and Affirmative Action Policy
Know Your Rights: Workplace Discrimination is Illegal (in English)
Know Your Rights: Workplace Discrimination is Illegal (in Spanish)
Pay Transparency (in English)
Pay Transparency (in Spanish)
E-Verify Participation Poster
Right to Work Poster (English)
Right to Work Poster (Spanish)
California Privacy Notice
If you need a reasonable accommodation for any part of the employment application process, please send an e-mail to
. Please include the accommodation you are requesting and your contact information. Reasonable accommodations are considered on a case-by-case basis. Please note that only inquiries concerning a request for reasonable accommodation and other EEO/Affirmative Action issues will be responded to from this e-mail address.
applicationassistance@VeraBradley.com
Our intention is to fill this opening within 30 days of the original posting date and applications will be accepted on an on-going basis until the position is filled.
Base Pay Range:
Vera Bradley’s compensation ranges are based on market data and comply with all local, state and federal regulations. Individual pay within the listed range depends on work location, skills, experience, and relevant education. The posted salary reflects base pay only and excludes bonuses, equity, or other incentives, if applicable.";;0;none;0.9;0.9;;;0;agile, asp.net, azure, azure devops, c#, cloud computing, css, data engineering, data pipelines, data science, dotnet, html, javascript, kanban, safe, scrum, seo, software engineering, sql, sql server, storage, web development;adaptability, analytical skills, attention to detail, collaboration, communication, cross-functional collaboration, flexibility, leadership, organization, problem solving;"Architecture & Methods: agile, kanban, safe, scrum, software engineering, web development; Backend Development: asp.net, dotnet; Cloud Computing: azure, cloud computing; Data Engineering: data engineering, data pipelines; Data Science & ML: data science; Databases & Storage: sql, sql server, storage; DevOps & Containers: azure devops; Dynamic & Web: javascript; Enterprise & Managed: c#; Frontend Development: css, html, seo";bachelor;Bachelor's;3.0;1;agile, asp.net, azure, azure devops, c#, cloud computing, css, data engineering, data pipelines, data science, dotnet, html, javascript, kanban, safe, scrum, seo, software engineering, sql, sql server, storage, web development;adaptability, analytical skills, attention to detail, collaboration, communication, cross-functional collaboration, flexibility, leadership, organization, problem solving;;;15;Software Developer - Full Stack;Roanoke, IN;38751.0;Vera Bradley;109;USD;ANNUAL;77500.0;96900.0;116300.0;3.3;2025-09-20T00:00:00;Full-time;;Master's degree, Bachelor's degree;"<div>Responsible for designing, developing, and maintaining software applications and systems that run on Microsoft platforms requiring a deep understanding of Microsoft technologies such as .NET framework, SQL Server, and Azure, and are skilled in programming languages such as X++, C#, ASP.NET, and JavaScript. Additionally, play a crucial role in creating and maintaining a seamless online shopping experience for customers by working in a cross functional, agile product team designing and developing user-friendly websites, implementing e-commerce functionality, optimizing site speed and performance, and integrating analytics tools to gather insights about user behavior. Work collaboratively with other team members to analyze business requirements, design solutions, and develop high-quality software that meets user needs.<div></div><div><div><div>
ESSENTIAL DUTIES &amp; RESPONSIBILITIES (Note: Other duties may be assigned)</div></div><div><div><i>
To perform this job successfully, an individual must be able to perform each essential duty satisfactorily. Reasonable accommodations may be made to enable individuals with disabilities to perform the essential functions.</i></div></div><div><ul><li><div>
Integrate and manage Azure services including Function Apps, Service Buses, Azure SQL, Blob Storage, and Azure DevOps</div></li></ul></div><div><ul><li><div>
Work with cross-functional teams to identify and understand business needs and requirements in the retail industry</div></li></ul></div><div><ul><li><div>
Develop, design, and maintain software applications using Microsoft technologies including Azure, C#, X++, and SQL Server</div></li></ul></div><div><ul><li><div>
Collaborate with the data engineering and data science teams to ensure that software applications are integrated with data pipelines and analytics processes appropriately</div></li></ul></div><div><ul><li><div>
Create and maintain technical documentation to ensure that software applications are consistent and scalable</div></li></ul></div><div><ul><li><div>
Work with product managers and stakeholders to identify and manage project requirements, timelines, and risks</div></li></ul></div><div><ul><li><div>
Stay up-to-date with industry trends and best practices in software development, Microsoft technologies, and cloud computing on the Azure platform.</div></li></ul></div><div><ul><li><div>
Design and develop user-friendly websites that offers a seamless shopping experience</div></li></ul></div><div><ul><li><div>
Integrate e-commerce functionality, including shopping cart, checkout, and payment processing</div></li></ul></div><div><ul><li><div>
Optimize site speed and performance to ensure fast load times and smooth navigation</div></li></ul></div><div><ul><li><div>
Ensure the website is mobile-friendly, accessible, and secure</div></li></ul></div><div><ul><li><div>
Collaborate with our marketing team to develop engaging content and implement effective SEO strategies</div></li></ul></div><div><ul><li><div>
Implement analytics tools to gather insights into user behavior and website performance</div></li></ul></div><div></div><div><div><br>
EDUCATION AND/OR EXPERIENCE</div></div></div><div><div><ul><li><div>
Bachelor's or Master's degree in Computer Science, Information Technology, or a related field</div></li></ul></div><div><ul><li><div>
At least 3 years of experience in software development using Microsoft technologies including Azure, C#, X++, and SQL Server and proficient in HTML, CSS, JavaScript, and other web development languages</div></li></ul></div><div><ul><li><div>
Strong understanding of e-commerce best practices and web development principles</div></li></ul></div><div></div><div><div>
KNOWLEDGE, SKILLS, AND ABILITIES</div></div><div><div><i>
The requirements listed below are representative of the knowledge, skills, and/or abilities </i><i>required</i><i> to perform each essential duty satisfactorily. Reasonable accommodations may be made to enable individuals with disabilities to perform the essential functions.</i></div></div><div><ul><li><div>
Experience in the retail industry, especially with regards to software applications and business operations preferred</div></li></ul></div><div><ul><li><div>
Strong knowledge and experience in software development practices including Agile frameworks like Scrum and Kanban</div></li></ul></div><div><ul><li><div>
Strong analytical and problem-solving skills with the ability to design, build, and maintain scalable and reliable software applications</div></li></ul></div><div><ul><li><div>
Strong communication and collaboration skills with the ability to work effectively in a team environment</div></li></ul></div><div><ul><li><div>
Experience in cloud computing on the Azure platform, especially with regards to software development and deployment.</div></li></ul></div><div><ul><li><div>
Excellent PC skills utilizing Microsoft Office software</div></li></ul></div><div><ul><li><div>
Proven problem solving and analytical skills</div></li></ul></div><div><ul><li><div>
Detail oriented with the ability to manage multiple tasks simultaneously</div></li></ul></div><div><ul><li><div>
Excellent organization and follow through skills</div></li></ul></div><div><ul><li><div>
Excellent interpersonal, written and verbal communication skills</div></li></ul></div><div><ul><li><div>
Ability to build and maintain good rapport with internal and external customers and handle situations with confidence, tact and resourcefulness</div></li></ul></div><div><ul><li><div>
Flexible, adaptable with the ability to work under pressure to meet deadlines in a fast paced office environment</div></li></ul></div></div><div></div><div><div><div><br>
ENVIRONMENT &amp; PHYSICAL DEMANDS</div></div><div><div><i>
The physical demands described here are representative of those an individual must meet to successfully perform the essential functions of this job. Reasonable accommodations may be made to enable individuals with disabilities to perform the essential functions.</i></div></div><div><ul><li><div>
Office environment. Utilizing an office desk &ndash; sitting, reading, listening, or speaking with the ability to move intermittently throughout the day</div></li></ul></div><div><ul><li><div>
Strong sensory skills, such as good eyesight, good hearing, and dexterity</div></li></ul></div><div><ul><li><div>
Ability to operate office equipment, including computers, copiers, fax machines, and phones</div></li></ul></div></div><div></div><div>
We are proud of the competitive and comprehensive compensation and benefit package provided to our associates and their families. Our compensation package is designed to meet our associates today and help them plan for the future.</div><div></div><div>
Health Benefits</div><div>
VRA offers a variety of medical, dental and vision programs to meet your family&rsquo;s health care needs.</div><ul><li>
Medical plan options including both a HDHP/HSA plan and a PPO plan</li><li>
Dental</li><li>
Vision</li><li>
Flexible spending accounts</li></ul><div></div><div>
Survivor Benefits</div><div>
Life insurance provides peace of mind for your family should the unexpected happen.</div><ul><li>
Employer provided 2X your salary in life insurance</li><li>
Accidental Death and Disability insurance</li><li>
Voluntary life insurance for you, your spouse and your children</li></ul><div></div><div>
Income Protection</div><div>
If you are unable to work due to illness or injury VRA provides several programs to protect your income at no cost to you.</div><ul><li>
Short-term disability</li><li>
Long-term disability</li><li>
Paid family medical leave</li></ul><div></div><div>
Retirement Plan</div><div>
The VRA 401k plan helps you accumulate savings for retirement</div><ul><li>
401k with generous company match, immediate vesting (age and service requirement)</li><li>
Strong line up of professionally managed funds</li><li>
Safe-harbor plan design</li></ul><div></div><div>
Paid Time Off</div><div>
Enjoy generous time off programs.</div><ul><li>
Earn up to 3 weeks of paid time off in your first year of employment with opportunity to earn more</li><li>
9 paid holidays a year</li><li>
Paid bereavement leave</li></ul><div></div><div>
Give Back Opportunities</div><div>
VRA offers the opportunity to serve your community.</div><ul><li>
 Voluntary Time Off</li></ul><div></div><div>
Holistic Wellness</div><ul><li>
Access to a variety of financial, physical, and mental wellness experts</li></ul><ul><li>
Employee Assistance Program with access to work/life wellness support including no cost unlimited telephonic counseling services</li><li>
Opportunities for leadership development, skill development and career advancement</li></ul><div></div><div>
Product Discount</div><ul><li>
Generous employee discount on Vera Bradley products</li></ul><div></div><div>
Ancillary Benefits and Programs</div><ul><li>
Bonus opportunity, identity protection, legal services, pet insurance, cell phone discount, employee referral bonus, annual birthday gift, DailyPay, corporate fitness facility and individual policies through Aflac</li></ul><div></div><div>
Equal Opportunity Employer/Vets/Disabled</div><div></div><div>
Vera Bradley is an Equal Opportunity Employer and Affirmative Action Employer.</div><div></div><div>
Vera Bradley provides equal employment opportunities to all employees and applicants for employment and prohibits discrimination and harassment of any type without regard to race, color, religion, age, sex, national origin, disability status, genetics, protected veteran status, sexual orientation, gender identity or expression, or any other characteristic protected by federal, state or local laws. This policy applies to all terms and conditions of employment, including recruiting, hiring, placement, promotion, termination, layoff, recall, transfer, leaves of absence, compensation and training.</div><div></div><div>
For more information, please click the following links:</div><div></div><div><div>
Vera Bradley's Equal Employment and Affirmative Action Policy</div></div><div><div>
Know Your Rights: Workplace Discrimination is Illegal (in English)</div></div><div><div>
Know Your Rights: Workplace Discrimination is Illegal (in Spanish)</div></div><div><div>
Pay Transparency (in English)</div></div><div><div>
Pay Transparency (in Spanish)</div></div><div><div>
E-Verify Participation Poster</div></div><div><div>
Right to Work Poster (English)</div></div><div><div>
Right to Work Poster (Spanish)</div></div><div><div>
California Privacy Notice</div></div><div></div><div>
If you need a reasonable accommodation for any part of the employment application process, please send an e-mail to <div>applicationassistance@VeraBradley.com</div>. Please include the accommodation you are requesting and your contact information. Reasonable accommodations are considered on a case-by-case basis. Please note that only inquiries concerning a request for reasonable accommodation and other EEO/Affirmative Action issues will be responded to from this e-mail address.</div><div></div><div>
Our intention is to fill this opening within 30 days of the original posting date and applications will be accepted on an on-going basis until the position is filled.</div><div></div><div>
Base Pay Range:</div>
$77,500.00 - $116,300.00<div></div><div><i>
Vera Bradley&rsquo;s compensation ranges are based on market data and comply with all local, state and federal regulations. Individual pay within the listed range depends on work location, skills, experience, and relevant education. The posted salary reflects base pay only and excludes bonuses, equity, or other incentives, if applicable.</i></div></div>";Roanoke, IN;Indiana;United States;40.9625;-85.37333;Jackie Ardrey;Roanoke, IN;Beauty & Personal Accessories Stores;Retail & Wholesale;Unknown / Non-Applicable;Unknown;Company - Public;https://www.verabradley.com;1982.0
Performance tuning, Azure, CSS, Software troubleshooting, Git, Google Cloud Platform, MongoDB, SQL, AWS, Database management, Express.js, Django, UX, Ruby, Scalability, Software testing, Communication skills, HTML5;"As a Full Stack Developer, you will be at the center of our development efforts, driving innovative web solutions that enhance user experience and meet business goals. You'll work with cross-functional teams to deliver high-quality software applications while being engaged in both backend and frontend development. Your contributions will directly impact the functionality and performance of our products.
Key Responsibilities::
Design, develop, and maintain web applications across the full stack, ensuring robust functionality and an engaging user interface.
Collaborate with designers and product managers to translate requirements into technical specifications.
Implement RESTful APIs and manage database schemas to optimize application performance.
Write clean, maintainable, and efficient code while adhering to best practices and coding standards.
Perform testing and debugging to ensure the reliability and stability of applications.
Optimize applications for maximum speed and scalability.
Stay updated with emerging technologies and industry trends to continuously improve development processes.
Participate in code reviews and provide constructive feedback to team members.
Requirements:
Bachelor's degree in Computer Science, Software Engineering, or a related field.
3+ years of experience in full stack development with a strong proficiency in frontend and backend technologies.
Proficiency in frontend languages such as HTML, CSS, and JavaScript, and frameworks such as React, Angular, or Vue.js.
Experience with backend technologies like Node.js, Python, or Ruby and familiarity with web frameworks (e.g., Express, Django).
Solid understanding of database management systems, including SQL (PostgreSQL, MySQL) and NoSQL (MongoDB) databases.
Familiarity with version control systems, like Git, for collaboration and code management.
Strong problem-solving skills and ability to work collaboratively in a team-oriented environment.
Excellent communication skills to articulate complex concepts to technical and non-technical stakeholders.
Experience with cloud services (AWS, Azure, or Google Cloud) is a plus.
Benefits:
Paid Time Off (Vacation, Sick & Public Holidays)
Training & Development
Work From Home
Health Care Plan (Medical, Dental & Vision)
Retirement Plan (401k, IRA)
Life Insurance (Basic, Voluntary & AD&D)
Stock Option Plan
Wellness Resources
Free Food & Snacks
Family Leave (Maternity, Paternity)";;0;none;0.9;0.9;;;0;angular, aws, azure, cloud services, css, debugging, django, express, frontend development, full stack, gcp, git, html, javascript, mongodb, mysql, node.js, nosql, performance tuning, postgresql, python, react, rest, ruby, software engineering, solid, sql, ui, ux, version control, vue;collaboration, communication, cross-functional collaboration, innovation, problem solving, reliability, teamwork, troubleshooting;"Architecture & Methods: git, software engineering, solid, version control; Backend Development: django, express, full stack, node.js, rest; Cloud Computing: aws, azure, cloud services, gcp; Databases & Storage: mongodb, mysql, nosql, postgresql, sql; Dynamic & Web: javascript, python, ruby; Frontend Development: angular, css, frontend development, html, react, ui, ux, vue; Testing, QA & Debugging: debugging, performance tuning";bachelor;Bachelor's;3.0;1;angular, aws, azure, cloud services, css, debugging, django, express, frontend development, full stack, gcp, git, html, javascript, mongodb, mysql, node.js, nosql, performance tuning, postgresql, python, react, rest, ruby, software engineering, solid, sql, ui, ux, version control, vue;collaboration, communication, cross-functional collaboration, innovation, problem solving, reliability, teamwork, troubleshooting;;;16;Full Stack Developer;San Diego, CA;1197729.0;Substance;11;USD;ANNUAL;78518.0;100508.0;128656.0;5.0;2025-09-26T00:00:00;Full-time;;Bachelor's degree;"As a Full Stack Developer, you will be at the center of our development efforts, driving innovative web solutions that enhance user experience and meet business goals. You'll work with cross-functional teams to deliver high-quality software applications while being engaged in both backend and frontend development. Your contributions will directly impact the functionality and performance of our products.
<br><br>
<b>Key Responsibilities::</b><br>
<ul>
<li>Design, develop, and maintain web applications across the full stack, ensuring robust functionality and an engaging user interface.</li>
<li>Collaborate with designers and product managers to translate requirements into technical specifications.</li>
<li>Implement RESTful APIs and manage database schemas to optimize application performance.</li>
<li>Write clean, maintainable, and efficient code while adhering to best practices and coding standards.</li>
<li>Perform testing and debugging to ensure the reliability and stability of applications.</li>
<li>Optimize applications for maximum speed and scalability.</li>
<li>Stay updated with emerging technologies and industry trends to continuously improve development processes.</li>
<li>Participate in code reviews and provide constructive feedback to team members.</li>
</ul>
<b>Requirements:</b><br>
<ul>
<li>Bachelor's degree in Computer Science, Software Engineering, or a related field.</li>
<li>3+ years of experience in full stack development with a strong proficiency in frontend and backend technologies.</li>
<li>Proficiency in frontend languages such as HTML, CSS, and JavaScript, and frameworks such as React, Angular, or Vue.js.</li>
<li>Experience with backend technologies like Node.js, Python, or Ruby and familiarity with web frameworks (e.g., Express, Django).</li>
<li>Solid understanding of database management systems, including SQL (PostgreSQL, MySQL) and NoSQL (MongoDB) databases.</li>
<li>Familiarity with version control systems, like Git, for collaboration and code management.</li>
<li>Strong problem-solving skills and ability to work collaboratively in a team-oriented environment.</li>
<li>Excellent communication skills to articulate complex concepts to technical and non-technical stakeholders.</li>
<li>Experience with cloud services (AWS, Azure, or Google Cloud) is a plus.</li>
</ul>
<b>Benefits:</b><br>
<ul>
<li>Paid Time Off (Vacation, Sick & Public Holidays)</li>
<li>Training & Development</li>
<li>Work From Home</li>
<li>Health Care Plan (Medical, Dental & Vision)</li>
<li>Retirement Plan (401k, IRA)</li>
<li>Life Insurance (Basic, Voluntary & AD&D)</li>
<li>Stock Option Plan</li>
<li>Wellness Resources</li>
<li>Free Food & Snacks</li>
<li>Family Leave (Maternity, Paternity)</li>
</ul>
";San Diego, CA;California;United States;32.71528;-117.15639;;Portland, OR;;;Less than $1 million (USD);1 to 50 Employees;Company - Private;www.findsubstance.com;
Computer science, Node.js, Test automation, Test-driven development, English, MongoDB, Microservices, SQL, PostgreSQL, Django, Kafka, MySQL;"Overview:
Responsibilities:
Qualifications:
Systems Planning and Analysis, Inc. (SPA) delivers high-impact, technical solutions to complex national security issues. With over 50 years of business expertise and consistent growth, we are known for continuous innovation for our government customers, in both the US and abroad. Our exceptionally talented team is highly collaborative in spirit and practice, producing
. Come work with the best! We offer opportunity, unique challenges, and clear-sighted commitment to the mission. SPA: Objective. Responsive. Trusted.
Results that Matter
The Joint, Office of the Secretary of Defense, Interagency Division (JOID) provides expert support services to a range of customers spanning across the Department of Defense, Federal Civilian, and international markets. JOID provides a diverse portfolio of analytical and programmatic capabilities to help our customers make informed decisions on their most challenging issues.
SPA's NATO Allied Command Transformation Group, within JOID, provides capability development, portfolio management, program management, quality management, cost estimation analysis, standardization, reporting, software solutions and information management, and capability management support. We also provide an improved capability requirements capture process, including the generation, documentation and tracing of user requirements, with appropriate technical scrutiny, over the entire lifecycle of the requirements from capability definition through capability realization and capability usage.
We have a near-term need for a Full Stack Developer to provide onsite support in Norfolk, VA.
The tasks of the full stack developer will be as follows: Build containerized application tools following the 12-Factor App methodology; Test Driven Development (TDD), and Extreme Programming (XP), Develop products as part of a balanced agile team (Product Manager, Product Owner, UI/UX Designer, and Data Scientists as applicable); Design and implement REST APIs and microservices architecture; Develop full-stack solutions using modern JavaScript, Python, and/or Java frameworks; Perform front-end development (e.g., React, Angular) and back-end development (e.g., Node.js, Django/Flask, SpringBoot); Conduct database design and programming (e.g., MySQL, PostgreSQL, MongoDB); Deploy containerized applications using Docker, Kubernetes, or OpenShift; Work in a collaborative, pair programming environment as needed; Rapidly learn and apply new programming languages, frameworks, and tools; Support the creation of sustainable DevSecOps pipelines and agile delivery practices.
Required:
Minimum 4 years of experience in full-stack development using JavaScript, Python, or Java.
Minimum 4 years of experience in front-end development (React, Angular, etc.) and/or back-end development (Node.js, Django/Flask, SpringBoot, etc.).
Minimum 4 years of experience in database design/programming (MySQL, PostgreSQL, etc.).
Experience in REST API design and development.
Experience with Test Driven Development (TDD).
Experience in Microservices Architecture and Cloud-Native Principles.
Experience deploying containerized applications with Docker, Kubernetes, or OpenShift.
Experience working in collaborative, agile teams.
Test Driven Development + Automation Frameworks.
Database Systems (SQL + NoSQL, streaming/Kafka, etc.).
Experience delivering iterative releases in an Agile/DevSecOps environment.
Fluent in English (oral and written) at SLP 3333 or equivalent.
Active NATO SECRET or equivalent country clearance.
4-year university degree in relevant field (computer science/systems engineering).";;0;none;0.9;0.9;;;0;agile, angular, api design, backend development, cloud native, devsecops, django, docker, flask, frontend development, full stack, java, javascript, kafka, kubernetes, microservices, mongodb, mysql, node.js, nosql, openshift, pair programming, postgresql, python, react, reporting, rest, spring boot, sql, tdd, test automation, ui/ux;collaboration, innovation;"Architecture & Methods: agile, pair programming, tdd; BI & Analytics: reporting; Backend Development: api design, backend development, django, flask, full stack, microservices, node.js, rest, spring boot; Cloud Computing: cloud native; Data Engineering: kafka; Databases & Storage: mongodb, mysql, nosql, postgresql, sql; DevOps & Containers: devsecops, docker, kubernetes, openshift; Dynamic & Web: javascript, python; Enterprise & Managed: java; Frontend Development: angular, frontend development, react, ui/ux; Testing, QA & Debugging: test automation";bachelor;Bachelor's;4.0;1;agile, angular, api design, backend development, cloud native, devsecops, django, docker, flask, frontend development, full stack, java, javascript, kafka, kubernetes, microservices, mongodb, mysql, node.js, nosql, openshift, pair programming, postgresql, python, react, reporting, rest, spring boot, sql, tdd, test automation, ui/ux;collaboration, innovation;;;17;Full Stack Developer;Norfolk, VA;132662.0;Systems Planning and Analysis;2;USD;ANNUAL;70555.0;90800.0;116855.0;4.4;2025-10-05T00:00:00;Full-time;;Bachelor's degree;"<div>Overview:
<p>
Systems Planning and Analysis, Inc. (SPA) delivers high-impact, technical solutions to complex national security issues. With over 50 years of business expertise and consistent growth, we are known for continuous innovation for our government customers, in both the US and abroad. Our exceptionally talented team is highly collaborative in spirit and practice, producing <i>Results that Matter</i>. Come work with the best! We offer opportunity, unique challenges, and clear-sighted commitment to the mission. SPA: Objective. Responsive. Trusted.</p><p></p><p><br>
The Joint, Office of the Secretary of Defense, Interagency Division (JOID) provides expert support services to a range of customers spanning across the Department of Defense, Federal Civilian, and international markets. JOID provides a diverse portfolio of analytical and programmatic capabilities to help our customers make informed decisions on their most challenging issues.</p><div></div><div><br>
SPA's NATO Allied Command Transformation Group, within JOID, provides capability development, portfolio management, program management, quality management, cost estimation analysis, standardization, reporting, software solutions and information management, and capability management support. We also provide an improved capability requirements capture process, including the generation, documentation and tracing of user requirements, with appropriate technical scrutiny, over the entire lifecycle of the requirements from capability definition through capability realization and capability usage.</div><p></p><p><br>
We have a near-term need for a Full Stack Developer to provide onsite support in Norfolk, VA.</p>
Responsibilities:
<div>
The tasks of the full stack developer will be as follows: Build containerized application tools following the 12-Factor App methodology; Test Driven Development (TDD), and Extreme Programming (XP), Develop products as part of a balanced agile team (Product Manager, Product Owner, UI/UX Designer, and Data Scientists as applicable); Design and implement REST APIs and microservices architecture; Develop full-stack solutions using modern JavaScript, Python, and/or Java frameworks; Perform front-end development (e.g., React, Angular) and back-end development (e.g., Node.js, Django/Flask, SpringBoot); Conduct database design and programming (e.g., MySQL, PostgreSQL, MongoDB); Deploy containerized applications using Docker, Kubernetes, or OpenShift; Work in a collaborative, pair programming environment as needed; Rapidly learn and apply new programming languages, frameworks, and tools; Support the creation of sustainable DevSecOps pipelines and agile delivery practices.</div>
Qualifications:
<div><b>
Required:</b></div><ul><li>
Minimum 4 years of experience in full-stack development using JavaScript, Python, or Java.</li><li>
Minimum 4 years of experience in front-end development (React, Angular, etc.) and/or back-end development (Node.js, Django/Flask, SpringBoot, etc.).</li><li>
Minimum 4 years of experience in database design/programming (MySQL, PostgreSQL, etc.).</li><li>
Experience in REST API design and development.</li><li>
Experience with Test Driven Development (TDD).</li><li>
Experience in Microservices Architecture and Cloud-Native Principles.</li><li>
Experience deploying containerized applications with Docker, Kubernetes, or OpenShift.</li><li>
Experience working in collaborative, agile teams.</li><li>
Test Driven Development + Automation Frameworks.</li><li>
Database Systems (SQL + NoSQL, streaming/Kafka, etc.).</li><li>
Experience delivering iterative releases in an Agile/DevSecOps environment.</li><li>
Fluent in English (oral and written) at SLP 3333 or equivalent.</li><li>
Active NATO SECRET or equivalent country clearance.</li><li>
4-year university degree in relevant field (computer science/systems engineering).</li></ul></div>";Norfolk, VA;Virginia;United States;36.84667;-76.28556;Rich Sawchak;Alexandria, VA;Aerospace & Defense;Aerospace & Defense;$500 million to $1 billion (USD);1001 to 5000 Employees;Company - Private;https://www.spa.com;1972.0
Operating systems, Ansible, Data structures, Java, Databases, Database management, JavaScript, Network protocols, VMWare, Puppet, Cybersecurity, Chef, Communication skills, Python, PowerShell;"706207BR
Sep. 30, 2025
By bringing together people that use their passion for purposeful innovation, at Lockheed Martin we keep people safe and solve the world's most complex challenges. Our people are some of the greatest minds in the industry and truly make Lockheed Martin a great place to work. With our employees as our priority, we provide diverse career opportunities designed to propel development and boost agility. Our flexible schedules, competitive pay, and comprehensive benefits enable our employees to live a healthy, fulfilling life at and outside of work. At Lockheed Martin, we place an emphasis on empowering our employees by fostering innovation, integrity, and exemplifying the epitome of corporate responsibility. Your Mission is Ours.
Lockheed Martin Rotary & Mission Systems is seeking a full-time Early Career Full Stack Engineer. In this role, you will:
The successful candidate will have experience and/or knowledge of:
Must be a US Citizen. This position will require a government security clearance. This position is located at a facility that requires special access.
This position requires a government security clearance, you must be a US Citizen for consideration.
Secret
By applying to this job, you are expressing interest in this position and could be considered for other career opportunities where similar skills and requirements have been identified as a match. Should this match be identified you may be contacted for this and future openings.
Onsite Full-time: The work associated with this position will be performed onsite at a designated Lockheed Martin facility.
Lockheed Martin supports a variety of alternate work schedules that provide additional flexibility to our employees. Schedules range from standard 40 hours over a five day work week while others may be condensed. These condensed schedules provide employees with additional time away from the office and are in addition to our Paid Time off benefits.
4x10 hour day, 3 days off per week
The annual base salary range for this position in California and New York (excluding most major metropolitan areas), Colorado, Hawaii, Illinois, Maryland, Minnesota, New Jersey, Vermont, Washington or Washington DC is $60,200 - $106,030. For states not referenced above, the salary range for this position will reflect the candidate's final work location. Please note that the salary information is a general guideline only. Lockheed Martin considers factors such as (but not limited to) scope and responsibilities of the position, candidate's work experience, education/ training, key skills as well as market and business considerations when extending an offer.
Medical, Dental, Vision, Life Insurance, Short-Term Disability, Long-Term Disability, 401(k) match, Flexible Spending Accounts, EAP, Education Assistance, Parental Leave, Paid time off, and Holidays. (Washington state applicants only) Non-represented full-time employees: accrue at least 10 hours per month of Paid Time Off (PTO) to be used for incidental absences and other reasons; receive at least 90 hours for holidays. Represented full time employees accrue 6.67 hours of Vacation per month; accrue up to 52 hours of sick leave annually; receive at least 96 hours for holidays. PTO, Vacation, sick leave, and holiday hours are prorated based on start date during the calendar year. This position is incentive plan eligible.
At Lockheed Martin, we use our passion for purposeful innovation to help keep people safe and solve the world's most complex challenges. Our people are some of the greatest minds in the industry and truly make Lockheed Martin a great place to work.
With our employees as our priority, we provide diverse career opportunities designed to propel, develop, and boost agility. Our flexible schedules, competitive pay, and comprehensive benefits enable our employees to live a healthy, fulfilling life at and outside of work. We place an emphasis on empowering our employees by fostering an inclusive environment built upon integrity and corporate responsibility.
If this sounds like a culture you connect with, you're invited to apply for this role. Or, if you are unsure whether your experience aligns with the requirements of this position, we encourage you to search on Lockheed Martin Jobs, and apply for roles that align with your qualifications.
4 yr and up College
RMS
Possible
Software Engineering
Full-Time
First
Job ID:
Date posted:
Description:
Be proficient in infrastructure, cybersecurity, software development, database management systems, and systems integration
Develop using agile processes and common technology stacks
Exercise judgment and problem-solving skills to independently complete assignments
Scripting/programming languages such as JavaScript, Python, and PowerShell
Orchestration tools such as Ansible, Chef, and Puppet
Virtualization platforms such as VMWare, Virtual Box, and Hyper-V
Basic Qualifications:
Bachelor's degree in Computer Science, Computer Engineering, Electrical Engineering, Information Technology, or Information Systems, with a preference for Computer Science.
Completion of relevant coursework in computer science principles, cybersecurity, data structures, algorithms, software engineering, operating systems, and databases.
Familiarity with programming languages, such as Python or Java.
Basic knowledge of computer networking fundamentals, including network protocols, network layers (OSI model) and architectures.
Must be a US Citizen; this position will require a government security clearance. This position is located at a facility that requires special access.
Desired Skills:
Proficient in infrastructure, cybersecurity, software development, database management systems, and systems integration
Experience with agile processes and common technology stacks
Excellent communication and problem-solving skills
Ability to work effectively in a team environment
Familiarity with scripting/programming languages such as JavaScript, Python, and PowerShell
Knowledge of orchestration tools such as Ansible, Chef, and Puppet
Conceptual understanding of virtualization platforms such as VMWare, Virtual Box, and Hyper-V
Security Clearance Statement:
Clearance Level:
Other Important Information You Should Know
Expression of Interest:
Ability to Work Remotely:
Work Schedules:
Schedule for this Position:
Pay Rate:
Benefits offered:
Lockheed Martin is an equal opportunity employer. Qualified candidates will be considered without regard to legally protected characteristics.
The application window will close in 90 days; applicants are encouraged to apply within 5 - 30 days of the requisition posting date in order to receive optimal consideration.
Experience Level:
Business Unit:
Relocation Available:
Career Area:
Type:
Shift:";;0;none;0.9;0.9;;;0;agile, ansible, chef, cybersecurity, full stack, hyper-v, java, javascript, networking, orchestration, powershell, puppet, python, safe, software engineering, system integration, virtualization, vmware;communication, flexibility, innovation, integrity, passion, problem solving, responsibility;"Architecture & Methods: agile, safe, software engineering, system integration; Backend Development: full stack; Data Engineering: orchestration; DevOps & Containers: ansible, chef, hyper-v, puppet, virtualization, vmware; Dynamic & Web: javascript, python; Enterprise & Managed: java; Networking: networking; Scripting & Shell: powershell; Security & Identity: cybersecurity";bachelor;Bachelor's;0.0;1;agile, ansible, chef, cybersecurity, full stack, hyper-v, java, javascript, networking, orchestration, powershell, puppet, python, safe, software engineering, system integration, virtualization, vmware;communication, flexibility, innovation, integrity, passion, problem solving, responsibility;;;18;Full Stack Engineer - Early Career;Colorado Springs, CO;404.0;Lockheed Martin;6;USD;;;;;4.1;2025-09-30T00:00:00;Full-time;;Bachelor's degree;"<div><b>Job ID:</b> 706207BR
<br>
<b>Date posted:</b> Sep. 30, 2025<br>
<br>
<b>Description:</b>By bringing together people that use their passion for purposeful innovation, at Lockheed Martin we keep people safe and solve the world's most complex challenges. Our people are some of the greatest minds in the industry and truly make Lockheed Martin a great place to work. With our employees as our priority, we provide diverse career opportunities designed to propel development and boost agility. Our flexible schedules, competitive pay, and comprehensive benefits enable our employees to live a healthy, fulfilling life at and outside of work. At Lockheed Martin, we place an emphasis on empowering our employees by fostering innovation, integrity, and exemplifying the epitome of corporate responsibility. Your Mission is Ours.<br>
<br>
Lockheed Martin Rotary &amp; Mission Systems is seeking a full-time Early Career Full Stack Engineer. In this role, you will:<br>
<ul><li>Be proficient in infrastructure, cybersecurity, software development, database management systems, and systems integration</li><li>Develop using agile processes and common technology stacks</li><li>Exercise judgment and problem-solving skills to independently complete assignments</li></ul><br>
The successful candidate will have experience and/or knowledge of:<br>
<ul><li>Scripting/programming languages such as JavaScript, Python, and PowerShell</li><li>Orchestration tools such as Ansible, Chef, and Puppet</li><li>Virtualization platforms such as VMWare, Virtual Box, and Hyper-V</li></ul><br>
Must be a US Citizen. This position will require a government security clearance. This position is located at a facility that requires special access.<br>
<b>Basic Qualifications:</b><br>
<ul><li>Bachelor's degree in Computer Science, Computer Engineering, Electrical Engineering, Information Technology, or Information Systems, with a preference for Computer Science.</li></ul><br>
<ul><li>Completion of relevant coursework in computer science principles, cybersecurity, data structures, algorithms, software engineering, operating systems, and databases.</li></ul><br>
<ul><li>Familiarity with programming languages, such as Python or Java.</li></ul><br>
<ul><li>Basic knowledge of computer networking fundamentals, including network protocols, network layers (OSI model) and architectures.</li></ul><br>
<ul><li>Must be a US Citizen; this position will require a government security clearance. This position is located at a facility that requires special access.</li></ul><b>
Desired Skills:</b><br>
<ul><li>Proficient in infrastructure, cybersecurity, software development, database management systems, and systems integration</li><li>Experience with agile processes and common technology stacks</li><li>Excellent communication and problem-solving skills</li><li>Ability to work effectively in a team environment</li><li>Familiarity with scripting/programming languages such as JavaScript, Python, and PowerShell</li><li>Knowledge of orchestration tools such as Ansible, Chef, and Puppet</li><li>Conceptual understanding of virtualization platforms such as VMWare, Virtual Box, and Hyper-V</li></ul><b>
Security Clearance Statement: </b>This position requires a government security clearance, you must be a US Citizen for consideration.<br>
<b>Clearance Level: </b>Secret<br>
<b>Other Important Information You Should Know</b><br>
<b>Expression of Interest: </b>By applying to this job, you are expressing interest in this position and could be considered for other career opportunities where similar skills and requirements have been identified as a match. Should this match be identified you may be contacted for this and future openings.<br>
<b>Ability to Work Remotely: </b>Onsite Full-time: The work associated with this position will be performed onsite at a designated Lockheed Martin facility.<br>
<b>Work Schedules: </b>Lockheed Martin supports a variety of alternate work schedules that provide additional flexibility to our employees. Schedules range from standard 40 hours over a five day work week while others may be condensed. These condensed schedules provide employees with additional time away from the office and are in addition to our Paid Time off benefits.<br>
<b>Schedule for this Position: </b>4x10 hour day, 3 days off per week<br>
<b>Pay Rate:</b> The annual base salary range for this position in California and New York (excluding most major metropolitan areas), Colorado, Hawaii, Illinois, Maryland, Minnesota, New Jersey, Vermont, Washington or Washington DC is $60,200 - $106,030. For states not referenced above, the salary range for this position will reflect the candidate's final work location. Please note that the salary information is a general guideline only. Lockheed Martin considers factors such as (but not limited to) scope and responsibilities of the position, candidate's work experience, education/ training, key skills as well as market and business considerations when extending an offer. <b>Benefits offered:</b> Medical, Dental, Vision, Life Insurance, Short-Term Disability, Long-Term Disability, 401(k) match, Flexible Spending Accounts, EAP, Education Assistance, Parental Leave, Paid time off, and Holidays. (Washington state applicants only) Non-represented full-time employees: accrue at least 10 hours per month of Paid Time Off (PTO) to be used for incidental absences and other reasons; receive at least 90 hours for holidays. Represented full time employees accrue 6.67 hours of Vacation per month; accrue up to 52 hours of sick leave annually; receive at least 96 hours for holidays. PTO, Vacation, sick leave, and holiday hours are prorated based on start date during the calendar year. This position is incentive plan eligible.<br>
<b>Lockheed Martin is an equal opportunity employer. Qualified candidates will be considered without regard to legally protected characteristics.</b><br>
<b>The application window will close in 90 days; applicants are encouraged to apply within 5 - 30 days of the requisition posting date in order to receive optimal consideration.</b><br>
At Lockheed Martin, we use our passion for purposeful innovation to help keep people safe and solve the world's most complex challenges. Our people are some of the greatest minds in the industry and truly make Lockheed Martin a great place to work.
<br>
<br>
With our employees as our priority, we provide diverse career opportunities designed to propel, develop, and boost agility. Our flexible schedules, competitive pay, and comprehensive benefits enable our employees to live a healthy, fulfilling life at and outside of work. We place an emphasis on empowering our employees by fostering an inclusive environment built upon integrity and corporate responsibility.<br>
<br>
If this sounds like a culture you connect with, you're invited to apply for this role. Or, if you are unsure whether your experience aligns with the requirements of this position, we encourage you to search on Lockheed Martin Jobs, and apply for roles that align with your qualifications.<br>
<b>Experience Level: </b>4 yr and up College<br>
<b>Business Unit: </b>RMS<br>
<b>Relocation Available: </b>Possible<br>
<b>Career Area: </b>Software Engineering<br>
<b>Type: </b>Full-Time<br>
<b>Shift: </b>First</div>";Colorado Springs, CO;Colorado;United States;38.83389;-104.82083;James D. Taiclet;Bethesda, MD;Aerospace & Defense;Aerospace & Defense;$10+ billion (USD);10000+ Employees;Company - Public;https://www.lockheedmartin.com;1995.0
C#, Test-driven development, SQL, Technical writing, Integration testing, Communication skills;"Compeer Financial is a member-owned cooperative located in Illinois, Minnesota and Wisconsin. We bring together team members with a variety of backgrounds and experiences to help provide financial services to support agriculture and rural communities. Join us in a culture that not only promotes meaningful work and professional development, but provides a flexible, hybrid work environment and excellent benefits, which empower you to thrive both personally and professionally.
Empowered to live. Inspired to work.
How we support you:
Hybrid model – up to 50% work from home
Flexible schedules including ample flexibility in the summer months
Up to 9% towards 401k (3% fixed Compeer contribution plus up to 6% match)
Benefits: medical, dental, vision, HSA/FSA, life & AD&D insurance, short-term and long-term disability, wellness program & EAP
Vacation, sick leave, holidays/floating holidays, parental leave, and volunteer paid time off
Learning and development programs
Mentorship programs
Cross-functional committee opportunities (i.e. Inclusion Council, emerging professional groups, etc.)
Professional membership/certification reimbursement and more!
Casual/seasonal & intern team members are not eligible for benefits except for state-mandated programs.
To learn more about Compeer Financial visit www.compeer.com/careers.
This position offers a hybrid work option up to 50% remote and is based out of the Lakeville, MN or Sun Prairie, WI office locations.
Where you will work:
This position plans, develops, tests, implements and supports all activities related to the development of software programs and applications into the organization's business systems. Ensures technology initiatives meet business requirements and goals, fulfills end-user requirements, and identifies and resolves systems issues.
The contributions you will make:
A typical day:
Application Development, Integration and Support
Develops, implements, and supports software programs and applications into the organization's business systems.
Performs code reviews.
Executes on technical specifications for new and/or enhanced processes.
Monitors applications and seeks to improve application availability, quality, and performance.
Creates and maintains all required technical documentation.
Performs daily management and operations of core Compeer business applications including enhancements, bug fixes, interfaces and other business requests.
Resolves technical issues including diagnosis of problem, recommendations for workarounds, and defect correction.
Prioritizes and coordinates multiple work tasks to meet the expectations of Compeer.
Process Development
Designs process flows and technical specifications for customized code, where appropriate, and for testing the interoperability of application modules under development.
Applies Software Development Life Cycle (SDLC) best practices in their daily work.
Software Testing
Applies test driven development (TDD) best practices in daily work.
Integrates TDD into their continuous integrations and continuous deployment pipelines (CICD).
Leverages automation wherever possible.
Tests the interoperability of new applications with existing systems software.
The skills and experience we prefer you have:
Bachelor's degree in computer science, information systems or business or related field; or an equivalent combination of education and experience sufficient to perform the essential functions of the job.
Intermediate-level experience including development of company-wide applications and linking cross-functional applications across business units and systems.
Knowledge of Microsoft .Net, JavaScript, C#, React, and MS SQL.
Knowledge of Software Development Life Cycle (SDLC) best practices.
Effective communication skills to clearly and concisely convey technical information to customers and to share ideas, solutions and feedback with team.
Effective interpersonal, analytical, organizational and planning skills.
Ability to apply a methodical and logical approach to problem solving.
Ability to coordinate tasks to meet established deadlines.
Ability to foster collaborative working relationships with business and technology partners and vendors.
Quick learner who thrives in a collaborative team environment.
Works independently to complete routine to moderately complex issues.
Fiserv Architect platform experience, preferred.
How we will take care of you:
Our job titles may span more than one career level (associate, senior, principal, etc.). The actual title and base pay offered is dependent upon many factors, such as: training, transferable skills, work experience, business needs and market demands. The base pay range is subject to change and may be modified in the future. This role is eligible for variable compensation and other benefits.
Compeer Financial is an equal opportunity employer and all qualified applicants will receive consideration for employment without regard to race, color, religion, sex, national origin, disability status, protected veteran status, or any other characteristic protected by law.
Must be authorized to work for any employer in the United States. Compeer is unable to sponsor or take over sponsorship of an employment visa at this time.
Click here to view federal employment laws applicable for applicants.";;0;none;0.9;0.9;;;0;c#, ci/cd, continuous deployment, dotnet, integration testing, javascript, react, requests, software engineering, sql, sql server, tdd;collaboration, communication, cross-functional collaboration, fast learner, flexibility, mentoring, organization, problem solving;"Architecture & Methods: software engineering, tdd; Backend Development: dotnet, requests; Databases & Storage: sql, sql server; DevOps & Containers: ci/cd, continuous deployment; Dynamic & Web: javascript; Enterprise & Managed: c#; Frontend Development: react; Testing, QA & Debugging: integration testing";bachelor;-;-;1;c#, ci/cd, continuous deployment, dotnet, integration testing, javascript, react, requests, software engineering, sql, sql server, tdd;collaboration, communication, cross-functional collaboration, fast learner, flexibility, mentoring, organization, problem solving;;;19;Full Stack Engineer;Sun Prairie, WI;1978940.0;Compeer Financial;14;USD;ANNUAL;73700.0;92550.0;111400.0;4.4;2025-09-23T00:00:00;;;Bachelor's degree;"<div><div><p><b>Empowered to live. Inspired to work.
</b><br>
Compeer Financial is a member-owned cooperative located in Illinois, Minnesota and Wisconsin. We bring together team members with a variety of backgrounds and experiences to help provide financial services to support agriculture and rural communities. Join us in a culture that not only promotes meaningful work and professional development, but provides a flexible, hybrid work environment and excellent benefits, which empower you to thrive both personally and professionally.</p>
<p><b>
How we support you:</b></p>
<ul>
<li>Hybrid model &ndash; up to 50% work from home</li>
<li>Flexible schedules including ample flexibility in the summer months</li>
<li>Up to 9% towards 401k (3% fixed Compeer contribution plus up to 6% match)</li>
<li>Benefits: medical, dental, vision, HSA/FSA, life &amp; AD&amp;D insurance, short-term and long-term disability, wellness program &amp; EAP</li>
<li>Vacation, sick leave, holidays/floating holidays, parental leave, and volunteer paid time off</li>
<li>Learning and development programs</li>
<li>Mentorship programs</li>
<li>Cross-functional committee opportunities (i.e. Inclusion Council, emerging professional groups, etc.)</li>
<li>Professional membership/certification reimbursement and more!</li>
</ul>
<p>Casual/seasonal &amp; intern team members are not eligible for benefits except for state-mandated programs.</p>
<p>
To learn more about Compeer Financial visit www.compeer.com/careers.</p></div><p><b>
Where you will work: </b>This position offers a hybrid work option up to 50% remote and is based out of the Lakeville, MN or Sun Prairie, WI office locations.</p><br>
<p><b>
The contributions you will make:</b> This position plans, develops, tests, implements and supports all activities related to the development of software programs and applications into the organization's business systems. Ensures technology initiatives meet business requirements and goals, fulfills end-user requirements, and identifies and resolves systems issues.</p>
<p><b>
A typical day:</b></p>
<p>
Application Development, Integration and Support</p>
<ul>
<li>Develops, implements, and supports software programs and applications into the organization's business systems.</li>
<li>Performs code reviews.</li>
<li>Executes on technical specifications for new and/or enhanced processes.</li>
<li>Monitors applications and seeks to improve application availability, quality, and performance.</li>
<li>Creates and maintains all required technical documentation.</li>
<li>Performs daily management and operations of core Compeer business applications including enhancements, bug fixes, interfaces and other business requests.</li>
<li>Resolves technical issues including diagnosis of problem, recommendations for workarounds, and defect correction.</li>
<li>Prioritizes and coordinates multiple work tasks to meet the expectations of Compeer.</li>
</ul>
<p>Process Development</p>
<ul>
<li>Designs process flows and technical specifications for customized code, where appropriate, and for testing the interoperability of application modules under development.</li>
<li>Applies Software Development Life Cycle (SDLC) best practices in their daily work.</li>
</ul>
<p>Software Testing</p>
<ul>
<li>Applies test driven development (TDD) best practices in daily work.</li>
<li>Integrates TDD into their continuous integrations and continuous deployment pipelines (CICD).</li>
<li>Leverages automation wherever possible.</li>
<li>Tests the interoperability of new applications with existing systems software.</li>
</ul>
<p><b>The skills and experience we prefer you have:</b></p>
<ul>
<li>Bachelor's degree in computer science, information systems or business or related field; or an equivalent combination of education and experience sufficient to perform the essential functions of the job.</li>
<li>Intermediate-level experience including development of company-wide applications and linking cross-functional applications across business units and systems.</li>
<li>Knowledge of Microsoft .Net, JavaScript, C#, React, and MS SQL.</li>
<li>Knowledge of Software Development Life Cycle (SDLC) best practices.</li>
<li>Effective communication skills to clearly and concisely convey technical information to customers and to share ideas, solutions and feedback with team.</li>
<li>Effective interpersonal, analytical, organizational and planning skills.</li>
<li>Ability to apply a methodical and logical approach to problem solving.</li>
<li>Ability to coordinate tasks to meet established deadlines.</li>
<li>Ability to foster collaborative working relationships with business and technology partners and vendors.</li>
<li>Quick learner who thrives in a collaborative team environment.</li>
<li>Works independently to complete routine to moderately complex issues.</li>
<li>Fiserv Architect platform experience, preferred.</li>
</ul>
<p><b>How we will take care of you:</b></p>
<p>
Our job titles may span more than one career level (associate, senior, principal, etc.). The actual title and base pay offered is dependent upon many factors, such as: training, transferable skills, work experience, business needs and market demands. The base pay range is subject to change and may be modified in the future. This role is eligible for variable compensation and other benefits.</p><div><p>
Compeer Financial is an equal opportunity employer and all qualified applicants will receive consideration for employment without regard to race, color, religion, sex, national origin, disability status, protected veteran status, or any other characteristic protected by law.</p>
<p>
Must be authorized to work for any employer in the United States. Compeer is unable to sponsor or take over sponsorship of an employment visa at this time.</p>
<p>
Click here to view federal employment laws applicable for applicants.</p></div></div>";Sun Prairie, WI;Wisconsin;United States;43.18361;-89.21361;Jase Wagner;Sun Prairie, WI;Banking & Lending;Financial Services;$10+ billion (USD);1001 to 5000 Employees;Company - Private;https://www.compeer.com;1916.0
Search engines, Computer science, Elasticsearch, Azure, Node.js, System design, Google Cloud Platform, MongoDB, AWS, PostgreSQL, Technical writing, Scalability, Software testing, Solr, Groovy, Python, Design patterns;"IT & Technology
409256
USA-IL-Chicago-300 South Riverside Plaza
Web Platform (5158227)
Ahold Delhaize USA, a division of global food retailer Ahold Delhaize, is part of the U.S. family of brands, which includes five leading omnichannel grocery brands - Food Lion, Giant Food, The GIANT Company, Hannaford and Stop & Shop. Our associates support the brands with a wide range of services, including Finance, Legal, Sustainability, Commercial, Digital and E-commerce, Technology and more.
The Senior Software Engineer is responsible to build resilient and scalable systems in a hybrid cloud environment. This person will be a part of a development team and will partner with various other technical groups to design, plan, and implement solutions that help achieve various consumer-facing development goals. Given strategic objectives, this role will independently deliver solutions that adhere to industry best practices and company standards. As a Full Stack Engineer, you should be comfortable with developing in front-end and back-end coding languages and development frameworks.
Applicants must be currently authorized to work in the United States on a full-time basis.
Salary Range: $ 122,560 - $187,560
#LI-Hybrid #LI-CW1
At Ahold Delhaize USA, we provide services to one of the largest portfolios of grocery companies in the nation, and we're actively seeking top talent. Our team shares a common motivation to drive change, take ownership and enable our brands to better care for their customers. We thrive on supporting great local grocery brands and their strategies.
We offer an experience where our associates are valued; Diversity, Equity, Inclusion and Belonging are infused in our business and our employees are representative of the communities that we serve. We believe in total wellness, which encompasses a blend of physical, financial and emotional wellness.
We believe in collaboration, curiosity, and continuous learning in all that we think, create and do. While building a culture where personal and professional growth are just as important as business growth, we invest in our people, empowering them to learn, grow and deliver at all levels of the business.
Category/Area of Expertise:
Job Requisition:
Address:
Store Code:
Primary Purpose
Our flexible/ hybrid work schedule includes 3 in-person days in our Chicago office and 2 remote days.
Duties & Responsibilities
Design front-end and server-side solutions
Write APIs for our consumer-facing flows, whether for web or mobile
Test software to ensure software responsiveness and efficiency
Troubleshoot, debug and upgrade software
Write technical documentation
Work with implementation teams to automate and ensure standard methodologies on infrastructure deployments
Deliver solutions and systems: consistent, optimized, resilient, documented, secure
Required Qualifications
Bachelor's Degree in Computer Science or equivalent professional experience
6+ years of experience building software solutions
Knowledgeable and experienced in multiple back-end languages (e.g, Kotlin, Java, Groovy) and JavaScript frameworks (e.g Vue.js, React, Node.js, Nuxt.js)
Experience with databases (e.g PostgreSQL, MongoDB, Cosmos DB).
Experience and deep understanding of software design patterns
Experience with CI/CD and deep understanding of deployment processes
Experience with public clouds e.g. AWS, GCP, Azure preferred
Preferred Qualifications
Understanding of search engines / information retrieval theory. Experience with Elasticsearch, Opensearch, Solr is a plus
Ability to grasp concepts quickly and implement learning fast
Passion for coding
Ability to effectively communicate your ideas and listen to others
Problem solving skills - not only technically, but also with competing visions from teammates and partners
Ability to lead by influence and drive projects independently";;0;none;0.9;0.9;;;0;api, aws, azure, ci/cd, design patterns, elasticsearch, frontend development, full stack, gcp, groovy, hybrid cloud, java, javascript, kotlin, mongodb, node.js, nuxt, postgresql, python, react, system design, vue;collaboration, continuous learning, curiosity, flexibility, ownership, passion, problem solving;"Architecture & Methods: design patterns, system design; Backend Development: full stack, node.js; Cloud Computing: aws, azure, gcp, hybrid cloud; Databases & Storage: elasticsearch, mongodb, postgresql; DevOps & Containers: ci/cd; Dynamic & Web: javascript, python; Enterprise & Managed: groovy, java, kotlin; Frontend Development: api, frontend development, nuxt, react, vue";bachelor;Bachelor's;6.0;1;api, aws, azure, ci/cd, design patterns, elasticsearch, frontend development, full stack, gcp, groovy, hybrid cloud, java, javascript, kotlin, mongodb, node.js, nuxt, postgresql, python, react, system design, vue;collaboration, continuous learning, curiosity, flexibility, ownership, passion, problem solving;;;20;Sr. Software Engineer, Full Stack;Chicago, IL;10314.0;Ahold Delhaize USA;292;USD;ANNUAL;122560.0;155060.0;187560.0;3.4;2025-09-19T00:00:00;;;Bachelor's degree;"<div><b>Category/Area of Expertise:</b> IT &amp; Technology<br>
<b>Job Requisition:</b> 409256<br>
<b>Address: </b>USA-IL-Chicago-300 South Riverside Plaza
<br>
<b>Store Code: </b>Web Platform (5158227)
<br>
<br>
Ahold Delhaize USA, a division of global food retailer Ahold Delhaize, is part of the U.S. family of brands, which includes five leading omnichannel grocery brands - Food Lion, Giant Food, The GIANT Company, Hannaford and Stop &amp; Shop. Our associates support the brands with a wide range of services, including Finance, Legal, Sustainability, Commercial, Digital and E-commerce, Technology and more.<br>
<br>
<b>Primary Purpose</b><br>
<br>
The Senior Software Engineer is responsible to build resilient and scalable systems in a hybrid cloud environment. This person will be a part of a development team and will partner with various other technical groups to design, plan, and implement solutions that help achieve various consumer-facing development goals. Given strategic objectives, this role will independently deliver solutions that adhere to industry best practices and company standards. As a Full Stack Engineer, you should be comfortable with developing in front-end and back-end coding languages and development frameworks.<br>
<br>
<b>Our flexible/ hybrid work schedule includes 3 in-person days in our Chicago office and 2 remote days.</b><br>
<br>
Applicants must be currently authorized to work in the United States on a full-time basis.<br>
<br>
<b>Duties &amp; Responsibilities</b><br>
<ul><li>
Design front-end and server-side solutions</li><li>
Write APIs for our consumer-facing flows, whether for web or mobile</li><li>
Test software to ensure software responsiveness and efficiency</li><li>
Troubleshoot, debug and upgrade software</li><li>
Write technical documentation</li><li>
Work with implementation teams to automate and ensure standard methodologies on infrastructure deployments</li><li>
Deliver solutions and systems: consistent, optimized, resilient, documented, secure</li></ul><br>
<b>
Required Qualifications</b><br>
<ul><li>
Bachelor's Degree in Computer Science or equivalent professional experience</li><li>
6+ years of experience building software solutions</li><li>
Knowledgeable and experienced in multiple back-end languages (e.g, Kotlin, Java, Groovy) and JavaScript frameworks (e.g Vue.js, React, Node.js, Nuxt.js)</li><li>
Experience with databases (e.g PostgreSQL, MongoDB, Cosmos DB).</li><li>
Experience and deep understanding of software design patterns</li><li>
Experience with CI/CD and deep understanding of deployment processes</li><li>
Experience with public clouds e.g. AWS, GCP, Azure preferred
</li></ul><br>
<b>Preferred Qualifications</b><br>
<ul><li>
Understanding of search engines / information retrieval theory. Experience with Elasticsearch, Opensearch, Solr is a plus</li><li>
Ability to grasp concepts quickly and implement learning fast</li><li>
Passion for coding</li><li>
Ability to effectively communicate your ideas and listen to others</li><li>
Problem solving skills - not only technically, but also with competing visions from teammates and partners</li><li>
Ability to lead by influence and drive projects independently</li></ul><br>
Salary Range: $ 122,560 - $187,560<br>
<br>
#LI-Hybrid #LI-CW1<br>
<br>
At Ahold Delhaize USA, we provide services to one of the largest portfolios of grocery companies in the nation, and we're actively seeking top talent. Our team shares a common motivation to drive change, take ownership and enable our brands to better care for their customers. We thrive on supporting great local grocery brands and their strategies.<br>
<br>
We offer an experience where our associates are valued; Diversity, Equity, Inclusion and Belonging are infused in our business and our employees are representative of the communities that we serve. We believe in total wellness, which encompasses a blend of physical, financial and emotional wellness.<br>
<br>
We believe in collaboration, curiosity, and continuous learning in all that we think, create and do. While building a culture where personal and professional growth are just as important as business growth, we invest in our people, empowering them to learn, grow and deliver at all levels of the business.</div>";Chicago, IL;Illinois;United States;41.85;-87.65;Frans Muller;Brussels, Belgium;General Merchandise & Superstores;Retail & Wholesale;$1 to $5 billion (USD);10000+ Employees;Company - Public;https://www.delhaize.be/;1867.0
