---------------------------------------------------------------------------------------------------------------------------------------------------------------------------------------------
      name:  <unnamed>
       log:  C:\Users\murcj\Projects\glassdoor-jobs-ai-skills\analysis\stata\output/comparative_run_14_Apr_2026_23-17-15/ai_skills_comparative_analysis.log
  log type:  text
 opened on:  14 Apr 2026, 23:17:15

. 
. 
. * ==============================================================================
. * 2. IMPORT DAT A APPEND
. * ==============================================================================
. display _n "=============================================================="

==============================================================

. display "2. IMPORT A APPEND DATASETU (US + DE + IN)"
2. IMPORT A APPEND DATASETU (US + DE + IN)

. display "=============================================================="
==============================================================

. 
. * 2.1 US
. import delimited "$datadir/us_relevant_ai_stata.csv", delimiter(";") clear varnames(1) encoding(utf8)
(75 vars, 18,464 obs)

. capture drop country

. gen country = "US"

. display "US import: " _N " pozorovani"
US import: 18464 pozorovani

. tempfile us_data

. save `us_data'
file C:\Users\murcj\AppData\Local\Temp\ST_6c14_000001.tmp saved

. 
. * 2.2 DE
. import delimited "$datadir/de/de_relevant_ai_stata.csv", delimiter(";") clear varnames(1) encoding(utf8)
(75 vars, 9,254 obs)

. capture drop country

. gen country = "DE"

. display "DE import: " _N " pozorovani"
DE import: 9254 pozorovani

. tempfile de_data

. save `de_data'
file C:\Users\murcj\AppData\Local\Temp\ST_6c14_000002.tmp saved

. 
. * 2.3 IN
. import delimited "$datadir/in_relevant_ai_stata.csv", delimiter(";") clear varnames(1) encoding(utf8)
(75 vars, 17,114 obs)

. capture drop country

. gen country = "IN"

. display "IN import: " _N " pozorovani"
IN import: 17114 pozorovani

. tempfile in_data

. save `in_data'
file C:\Users\murcj\AppData\Local\Temp\ST_6c14_000003.tmp saved

. 
. * 2.4 Append do sdruceneho datasetu
. use `us_data', clear

. append using `de_data', force
(note: variable skill_cluster was byte in the using data, but will be str1217 now)
(note: variable website was byte in the using data, but will be str127 now)
(note: variable job_title was str131, now str154 to accommodate using data's values)
(note: variable location was str32, now str34 to accommodate using data's values)
(note: variable company was str81, now str92 to accommodate using data's values)
(note: variable city was str32, now str34 to accommodate using data's values)
(note: variable ceo was str64, now str102 to accommodate using data's values)
(note: variable headquarters was str37, now str51 to accommodate using data's values)
(note: variable industry was str40, now str58 to accommodate using data's values)
(note: variable revenue was str32, now str40 to accommodate using data's values)
(note: variable size was str23, now str28 to accommodate using data's values)
(note: variable type was str30, now str42 to accommodate using data's values)

. append using `in_data', force
(note: variable skill_cluster was byte in the using data, but will be str1217 now)
(note: variable website was byte in the using data, but will be str127 now)
(note: variable skills was str576, now str622 to accommodate using data's values)
(note: variable skills_ai_det was str98, now str112 to accommodate using data's values)
(note: variable desc_ai_llm was str400, now str613 to accommodate using data's values)
(note: variable job_title was str154, now str186 to accommodate using data's values)

. 
. display _n "Pocet pozorovani celkem po spojeni (US+DE+IN): " _N

Pocet pozorovani celkem po spojeni (US+DE+IN): 44832

. tab country, missing

    country |      Freq.     Percent        Cum.
------------+-----------------------------------
         DE |      9,254       20.64       20.64
         IN |     17,114       38.17       58.82
         US |     18,464       41.18      100.00
------------+-----------------------------------
      Total |     44,832      100.00

. 
. * Country jako faktorova promenna (encode abecedne: DE=1, IN=2, US=3)
. encode country, generate(country_id)

. label variable country_id "Zeme povodu inzeratu (DE=1, IN=2, US=3)"

. * POZN: V regresich pouzivame ib3.country_id (baseline = US), protoze
. * USA jsou hlavni referencni trh pro komparativni kapitolu. Koeficienty
. * 1.country_id (DE) a 2.country_id (IN) tedy vyjadruji odchylku od US.
. 
. 
. * ==============================================================================
. * 3. CISTENI A PRIPRAVA DAT
. * ==============================================================================
. * Nasledujici kroky odpovidaji cisteni v ai_skills_analysis.do; komentare jsou
. * zkracene, detailni vysvetleni viz hlavni do-file.
. 
. display _n "=============================================================="

==============================================================

. display "3. CISTENI A PRIPRAVA DAT"
3. CISTENI A PRIPRAVA DAT

. display "=============================================================="
==============================================================

. 
. * --- 3.0 Confidence filter a vyrazeni starych inzeratu ---
. keep if desc_conf_llm >= 0.7
(6,384 observations deleted)

. display "Po filtru confidence >= 0.7: " _N
Po filtru confidence >= 0.7: 38448

. 
. gen date_format_discover = date(substr(discover_date, 1, 10), "YMD")

. format date_format_discover %td

. destring age_in_days, replace force
age_in_days already numeric; no replace

. gen real_post_date = date_format_discover - age_in_days

. format real_post_date %td

. gen post_year = year(real_post_date)

. drop if post_year <= 2023
(12 observations deleted)

. display "Po vyrazeni <= 2023: " _N
Po vyrazeni <= 2023: 38436

. 
. * --- 3.1 AI tier klasifikace ---
. replace desc_tier_llm = "missing" if desc_tier_llm == ""
(0 real changes made)

. replace desc_tier_llm = "applied_ai" if desc_tier_llm == "core_ai"
(90 real changes made)

. encode desc_tier_llm, generate(ai_tier_num)

. 
. * --- 3.2 has_ai + ai_level ---
. gen has_ai = (desc_tier_llm != "none" & desc_tier_llm != "missing")

. label variable has_ai "AI Job (desc_tier_llm in {ai_integration, applied_ai})"

. 
. gen ai_level = 0

. replace ai_level = 1 if desc_tier_llm == "ai_integration"
(3,370 real changes made)

. replace ai_level = 2 if desc_tier_llm == "applied_ai"
(2,359 real changes made)

. label define ailevel_lbl 0 "None" 1 "AI Integration" 2 "Applied/Core AI"

. label values ai_level ailevel_lbl

. label variable ai_level "Uroven AI pozadavku (0/1/2)"

. 
. * --- 3.3 Vzdelani (hybridni) ---
. gen education_hybrid = lower(edulevel_llm)
(4 missing values generated)

. replace education_hybrid = subinstr(education_hybrid, "'s", "", .)
(16,072 real changes made)

. replace education_hybrid = "highschool" if education_hybrid == "high school"
(361 real changes made)

. replace education_hybrid = "missing" if education_hybrid == "-" | education_hybrid == ""
(21,043 real changes made)

. replace education_hybrid = edu_level_det if education_hybrid == "missing" & edu_level_det != ""
(4,519 real changes made)

. replace education_hybrid = "missing" if education_hybrid == ""
(0 real changes made)

. replace education_hybrid = "master" if education_hybrid == "phd"
(40 real changes made)

. replace education_hybrid = "associate" if education_hybrid == "diploma"
(0 real changes made)

. * Bezpecnostni sit: jakakoli neznama hodnota -> missing
. replace education_hybrid = "missing" if !inlist(education_hybrid, "highschool", "associate", "bachelor", "master", "missing")
(0 real changes made)

. 
. * edu_ols: granularni pro OLS
. gen edu_ols = .
(38,436 missing values generated)

. replace edu_ols = 0 if education_hybrid == "missing"
(16,524 real changes made)

. replace edu_ols = 1 if education_hybrid == "highschool"
(460 real changes made)

. replace edu_ols = 2 if education_hybrid == "associate"
(1,174 real changes made)

. replace edu_ols = 3 if education_hybrid == "bachelor"
(19,153 real changes made)

. replace edu_ols = 4 if education_hybrid == "master"
(1,125 real changes made)

. label define edu_ols_lbl 0 "Missing" 1 "High School" 2 "Associate" 3 "Bachelor" 4 "Master+"

. label values edu_ols edu_ols_lbl

. label variable edu_ols "Vzdelani (granularni pro OLS)"

. 
. * edu_logit: 3-urovnova pro binarni logit
. gen edu_logit = .
(38,436 missing values generated)

. replace edu_logit = 0 if inlist(education_hybrid, "missing", "")
(16,524 real changes made)

. replace edu_logit = 1 if inlist(education_hybrid, "highschool", "associate")
(1,634 real changes made)

. replace edu_logit = 2 if inlist(education_hybrid, "bachelor", "master")
(20,278 real changes made)

. label define edu_logit_lbl 0 "Missing" 1 "HS / Associate" 2 "Bachelor or Higher"

. label values edu_logit edu_logit_lbl

. label variable edu_logit "Vzdelani (3 urovne pro binarni logit)"

. 
. * Deskriptivni 3-urovnova kategorie (nezavisla na edu_logit)
. gen edu_cat = edu_logit

. label values edu_cat edu_logit_lbl

. label variable edu_cat "Pozadovane vzdelani (3 urovne, deskriptivni)"

. 
. * --- 3.4 Zkusenosti ---
. destring experience_min_llm, replace force
experience_min_llm: contains nonnumeric characters; replaced as double
(7599 missing values generated)

. label variable experience_min_llm "Min. pozadovane roky zkusenosti"

. 
. gen exp_category = .
(38,436 missing values generated)

. replace exp_category = 0 if experience_min_llm == .
(7,599 real changes made)

. replace exp_category = 2 if experience_min_llm >= 0 & experience_min_llm <= 2
(7,951 real changes made)

. replace exp_category = 3 if experience_min_llm > 2 & experience_min_llm <= 5
(16,174 real changes made)

. replace exp_category = 4 if experience_min_llm > 5 & experience_min_llm < .
(6,712 real changes made)

. label define exp_lbl 0 "Missing" 2 "Junior (0-2)" 3 "Mid (3-5)" 4 "Senior+ (6+)"

. label values exp_category exp_lbl

. label variable exp_category "Kategorie seniority"

. 
. gen experience_sq = experience_min_llm^2
(7,599 missing values generated)

. label variable experience_sq "Zkusenosti na druhou (Mincer)"

. 
. * --- 3.5 Plat — prevod na USD a rocni bazi ---
. destring salary_min salary_mid salary_max, replace force
salary_min already numeric; no replace
salary_mid already numeric; no replace
salary_max already numeric; no replace

. 
. display _n "--- 3.5 Konverze men na USD (Sep-Oct 2025 prumer) ---"

--- 3.5 Konverze men na USD (Sep-Oct 2025 prumer) ---

. * Pevne kurzy: prumer za obdobi scrapingu (ECB / RBI).
. local eur_usd = 1.165

. local inr_usd = 88

. 
. * Vyrazeni radku s nestandardnimi / chybejicimi menami
. *   DE: COP + USD radky s null mzdou
. *   IN: 2 radky s prazdnou menou, ale nenulovou mzdou (neznama mena)
. drop if country == "DE" & !inlist(pay_currency, "EUR", "")
(2 observations deleted)

. drop if country == "IN" & pay_currency == "" & salary_mid != .
(2 observations deleted)

. 
. foreach var of varlist salary_min salary_mid salary_max {
  2.     replace `var' = `var' * `eur_usd' if pay_currency == "EUR"
  3.     replace `var' = `var' / `inr_usd' if pay_currency == "INR"
  4. }
(516 real changes made)
(10,049 real changes made)
(516 real changes made)
(10,049 real changes made)
(516 real changes made)
(10,049 real changes made)

. display "Vsechny platy nyni v USD."
Vsechny platy nyni v USD.

. 
. * Prepocet hodinovych mezd na rocni (country-specific)
. * US: 2080 h/rok (40h x 52w), DE: 1607 h (OECD 2024), IN: 1920 h (48h x 40w)
. foreach var of varlist salary_min salary_mid salary_max {
  2.     replace `var' = `var' * 2080 if pay_period == "HOURLY" & country == "US"
  3.     replace `var' = `var' * 1607 if pay_period == "HOURLY" & country == "DE"
  4.     replace `var' = `var' * 1920 if pay_period == "HOURLY" & country == "IN"
  5.     replace `var' = `var' * 12   if pay_period == "MONTHLY"
  6. }
(840 real changes made)
(21 real changes made)
(30 real changes made)
(1,584 real changes made)
(840 real changes made)
(21 real changes made)
(30 real changes made)
(1,584 real changes made)
(840 real changes made)
(21 real changes made)
(30 real changes made)
(1,584 real changes made)

. 
. * Outliers (vsechny platy uz v USD)
. * Dolni mez 3000 USD chyti near-zero / chyby (median IT v Indii ~ 6.8k USD)
. * Horni mez 500000 USD stejna jako v US-only analyze
. replace salary_mid = . if salary_mid < 3000 | salary_mid > 500000
(855 real changes made, 855 to missing)

. label variable salary_mid "Rocni plat - stredni hodnota (USD)"

. 
. gen ln_salary = ln(salary_mid)
(14,077 missing values generated)

. label variable ln_salary "Prirozeny logaritmus platu (USD)"

. 
. gen has_salary = (salary_mid != .)

. label variable has_salary "Ma uvedeny plat (1=ano)"

. 
. * --- 3.6 Velikost firmy (ordinalni) ---
. replace size = "Unknown" if size == ""
(3,336 real changes made)

. gen size_cat = .
(38,432 missing values generated)

. replace size_cat = 0 if inlist(size, "Unknown", "Unbekannt")
(7,693 real changes made)

. replace size_cat = 1 if inlist(size, "1 to 50 Employees", "1 bis 50 Mitarbeiter")
(6,469 real changes made)

. replace size_cat = 2 if inlist(size, "51 to 200 Employees", "51 bis 200 Mitarbeiter")
(4,802 real changes made)

. replace size_cat = 3 if inlist(size, "201 to 500 Employees", "201 bis 500 Mitarbeiter")
(2,783 real changes made)

. replace size_cat = 4 if inlist(size, "501 to 1000 Employees", "501 bis 1.000 Mitarbeiter")
(2,053 real changes made)

. replace size_cat = 5 if inlist(size, "1001 to 5000 Employees", "1.001 bis 5.000 Mitarbeiter")
(4,215 real changes made)

. replace size_cat = 6 if inlist(size, "5001 to 10000 Employees", "5.001 bis 10.000 Mitarbeiter")
(2,227 real changes made)

. replace size_cat = 7 if inlist(size, "10000+ Employees", "Mehr als 10.000 Mitarbeiter")
(8,190 real changes made)

. label define size_lbl 0 "Unknown" 1 "1-50" 2 "51-200" 3 "201-500" ///
>     4 "501-1000" 5 "1001-5000" 6 "5001-10000" 7 "10000+"

. label values size_cat size_lbl

. label variable size_cat "Velikost firmy (ordinalni)"

. 
. * --- 3.7 Typ firmy ---
. * POZN: Stata inlist() pojme max 10 stringu — proto rozdelujeme do vice radku.
. gen type_cat = .
(38,432 missing values generated)

. replace type_cat = 0 if inlist(type, "", "Unknown", "Contract", "Self-employed", "Private Practice / Firm", "Franchise")
(4,408 real changes made)

. replace type_cat = 0 if inlist(type, "Unbekannt", "Auftragsunternehmen", "Selbstständig", "Privatpraxis/Kanzlei")
(615 real changes made)

. replace type_cat = 1 if inlist(type, "Company - Private", "Subsidiary or Business Segment", "Privatunternehmen", "Tochtergesellschaft oder Geschäftsbereich")
(20,187 real changes made)

. replace type_cat = 2 if inlist(type, "Company - Public", "Aktiengesellschaft")
(12,218 real changes made)

. replace type_cat = 4 if inlist(type, "Nonprofit Organization", "Non-profit Organisation", "Government", "College / University", "School / School District", "Hospital")
(961 real changes made)

. replace type_cat = 4 if inlist(type, "Gemeinnützige Organisation", "Öffentlicher Dienst", "Hochschule/Universität", "Schule/Schulbezirk", "Krankenhaus")
(43 real changes made)

. label define type_lbl 0 "Unknown/Other" 1 "Private/Subsidiary" 2 "Public" ///
>     4 "Nonprofit/Gov/Edu"

. label values type_cat type_lbl

. label variable type_cat "Typ firmy"

. 
. * --- 3.7b Diagnostika: kontrola uplnosti size_cat a type_cat ---
. display _n "--- Diagnostika: size_cat missing po zemi ---"

--- Diagnostika: size_cat missing po zemi ---

. tab country if size_cat == ., missing
no observations

. display _n "--- Diagnostika: type_cat missing po zemi ---"

--- Diagnostika: type_cat missing po zemi ---

. tab country if type_cat == ., missing
no observations

. 
. * --- 3.8 NACE sektor ---
. replace sector_nace = "Unknown" if sector_nace == ""
(0 real changes made)

. replace sector_nace = "Other" if !inlist(sector_nace, "J", "C", "K", "M", "Q", "Unknown")
(3,663 real changes made)

. encode sector_nace, generate(sector_nace_num)

. label variable sector_nace_num "NACE sektor"

. 
. * --- 3.9 Remote prace ---
. gen is_remote = 0

. replace is_remote = 1 if strpos(lower(remote_work_types), "home") > 0
(7,831 real changes made)

. replace is_remote = 1 if strpos(lower(remote_work_types), "remote") > 0
(0 real changes made)

. label variable is_remote "Moznost remote prace (1=ano)"

. 
. * --- 3.10 Job family ---
. replace job_family = "Unknown" if job_family == ""
(0 real changes made)

. replace job_family = "Other" if inlist(job_family, "Frontend & Design", "QA & Testing", "Security", "Systems & Embedded")
(10,147 real changes made)

. encode job_family, generate(job_family_num)

. label variable job_family_num "Rodina pozice"

. 
. * --- 3.11 Lokalni trh (pomocna promenna, NEPOUZIVANA v regresich) ---
. * Region je US-specific; pro DE/IN pouzivame country code.
. * POZN: Tato promenna je perfektne kolinearni s country_id (DE/IN maji 1 uroven,
. * US ma 4 regiony jejichz soucet = country_id=US). Proto ji v regresich
. * NEPOUZIVAME — pouzivame pouze i.country_id jako unifikovany FE. Ponechavame
. * ji pro deskriptivni ucely (pripadne robustnostni spec pouze na US subvzorku).
. gen location_market = ""
(38,432 missing values generated)

. replace location_market = "US_" + region if country == "US"
variable location_market was str1 now str12
(17,848 real changes made)

. replace location_market = country if country != "US"
(20,584 real changes made)

. replace location_market = "Unknown" if location_market == "" | location_market == "US_"
(0 real changes made)

. encode location_market, generate(location_market_num)

. label variable location_market_num "Lokalni trh (US region + country, deskriptivne)"

. 
. * Zachovani puvodniho region kodu pro US-only robustnostni spec
. replace region = "Unknown" if region == ""
(0 real changes made)

. encode region, generate(region_num)

. label variable region_num "Census region (US-specific)"

. 
. * --- 3.12 Cistka cirkularnich / prilis ridkych clusteru ---
. * Stejne jako v hlavni analyze: tyto clustery maji < 50 obs v Applied AI
. * nebo jsou artefaktem datasetu — odstranujeme, aby je nevzal cluster_*.
. capture drop cluster_legacy__mainframe

. capture drop cluster_data_analysis__stats

. capture drop cluster_tools__editors

. 
. * --- 3.13 Skill count ---
. gen skill_count = 1 + length(hardskills) - length(subinstr(hardskills, ",", "", .))

. replace skill_count = 0 if hardskills == ""
(542 real changes made)

. label variable skill_count "Pocet pozadovanych hard skills"

. 
. * --- 3.14 Company ID (pro cluster SE) ---
. destring company_id, replace force
company_id already numeric; no replace

. label variable company_id "ID firmy (pro cluster SE)"

. 
. 
. * ==============================================================================
. * 4. CROSS-COUNTRY DESKRIPTIVNI STATISTIKA
. * ==============================================================================
. display _n "=============================================================="

==============================================================

. display "4. CROSS-COUNTRY DESKRIPTIVNI STATISTIKA"
4. CROSS-COUNTRY DESKRIPTIVNI STATISTIKA

. display "=============================================================="
==============================================================

. 
. * --- 4.1 Zakladni sample sizes ---
. display _n "--- 4.1 Sample sizes podle zeme ---"

--- 4.1 Sample sizes podle zeme ---

. tab country, missing

    country |      Freq.     Percent        Cum.
------------+-----------------------------------
         DE |      6,400       16.65       16.65
         IN |     14,184       36.91       53.56
         US |     17,848       46.44      100.00
------------+-----------------------------------
      Total |     38,432      100.00

. 
. * --- 4.2 Podil AI pozic podle zeme ---
. display _n "--- 4.2 Podil AI pozic podle zeme ---"

--- 4.2 Podil AI pozic podle zeme ---

. tab country has_ai, row chi2

+----------------+
| Key            |
|----------------|
|   frequency    |
| row percentage |
+----------------+

           | AI Job (desc_tier_llm
           |  in {ai_integration,
           |     applied_ai})
   country |         0          1 |     Total
-----------+----------------------+----------
        DE |     5,230      1,170 |     6,400 
           |     81.72      18.28 |    100.00 
-----------+----------------------+----------
        IN |    13,292        892 |    14,184 
           |     93.71       6.29 |    100.00 
-----------+----------------------+----------
        US |    14,181      3,667 |    17,848 
           |     79.45      20.55 |    100.00 
-----------+----------------------+----------
     Total |    32,703      5,729 |    38,432 
           |     85.09      14.91 |    100.00 

          Pearson chi2(2) =  1.3e+03   Pr = 0.000

. display _n "--- 4.2b AI tier distribuce podle zeme (sloupcova %) ---"

--- 4.2b AI tier distribuce podle zeme (sloupcova %) ---

. tab ai_level country, column chi2

+-------------------+
| Key               |
|-------------------|
|     frequency     |
| column percentage |
+-------------------+

      Uroven AI |
      pozadavku |             country
        (0/1/2) |        DE         IN         US |     Total
----------------+---------------------------------+----------
           None |     5,230     13,292     14,181 |    32,703 
                |     81.72      93.71      79.45 |     85.09 
----------------+---------------------------------+----------
 AI Integration |       622        394      2,354 |     3,370 
                |      9.72       2.78      13.19 |      8.77 
----------------+---------------------------------+----------
Applied/Core AI |       548        498      1,313 |     2,359 
                |      8.56       3.51       7.36 |      6.14 
----------------+---------------------------------+----------
          Total |     6,400     14,184     17,848 |    38,432 
                |    100.00     100.00     100.00 |    100.00 

          Pearson chi2(4) =  1.4e+03   Pr = 0.000

. 
. * --- 4.3 Mzdy podle zeme ---
. display _n "--- 4.3 Hrubý rocni plat (USD) podle zeme ---"

--- 4.3 Hrubý rocni plat (USD) podle zeme ---

. tabstat salary_mid, by(country) stat(count mean sd min p25 p50 p75 max)

Summary for variables: salary_mid
     by categories of: country 

country |         N      mean        sd       min       p25       p50       p75       max
--------+--------------------------------------------------------------------------------
     DE |       514  82055.64  25117.08     17475   66987.5   79103.5     93200    251640
     IN |      9199  8323.851  7352.054      3000  5113.636  6535.034  8446.625  122727.3
     US |     14642    124617  42148.67     17500     95000  117868.5    147734    450000
--------+--------------------------------------------------------------------------------
  Total |     24355   79794.3  65108.34      3000  7643.261     88374    125629    450000
-----------------------------------------------------------------------------------------

. 
. * --- 4.4 Pokryti mzdovych dat podle zeme ---
. display _n "--- 4.4 Pokryti mzdovych dat (%) podle zeme ---"

--- 4.4 Pokryti mzdovych dat (%) podle zeme ---

. tab country has_salary, row chi2

+----------------+
| Key            |
|----------------|
|   frequency    |
| row percentage |
+----------------+

           |    Ma uvedeny plat
           |        (1=ano)
   country |         0          1 |     Total
-----------+----------------------+----------
        DE |     5,886        514 |     6,400 
           |     91.97       8.03 |    100.00 
-----------+----------------------+----------
        IN |     4,985      9,199 |    14,184 
           |     35.15      64.85 |    100.00 
-----------+----------------------+----------
        US |     3,206     14,642 |    17,848 
           |     17.96      82.04 |    100.00 
-----------+----------------------+----------
     Total |    14,077     24,355 |    38,432 
           |     36.63      63.37 |    100.00 

          Pearson chi2(2) =  1.1e+04   Pr = 0.000

. 
. * --- 4.5 AI premia v hrubych cislech (deskriptivni, bez kontrol) ---
. display _n "--- 4.5 Plat (USD) podle zeme x AI tier ---"

--- 4.5 Plat (USD) podle zeme x AI tier ---

. foreach c in US DE IN {
  2.     display _n "Country = `c'"
  3.     tabstat salary_mid if country == "`c'", by(ai_level) stat(count mean p50 sd)
  4. }

Country = US

Summary for variables: salary_mid
     by categories of: ai_level (Uroven AI pozadavku (0/1/2))

       ai_level |         N      mean       p50        sd
----------------+----------------------------------------
           None |     11601  119523.5    114000  39080.27
 AI Integration |      1947  140424.3    135000   46553.9
Applied/Core AI |      1094  150497.5    148495   48356.8
----------------+----------------------------------------
          Total |     14642    124617  117868.5  42148.67
---------------------------------------------------------

Country = DE

Summary for variables: salary_mid
     by categories of: ai_level (Uroven AI pozadavku (0/1/2))

       ai_level |         N      mean       p50        sd
----------------+----------------------------------------
           None |       396  80389.47   78637.5  24753.56
 AI Integration |        72  84209.89  84171.25  23145.14
Applied/Core AI |        46  93027.31  91743.75  28518.22
----------------+----------------------------------------
          Total |       514  82055.64   79103.5  25117.08
---------------------------------------------------------

Country = IN

Summary for variables: salary_mid
     by categories of: ai_level (Uroven AI pozadavku (0/1/2))

       ai_level |         N      mean       p50        sd
----------------+----------------------------------------
           None |      8594  8117.854  6478.051  6836.019
 AI Integration |       262   10108.5  7096.591  9362.183
Applied/Core AI |       343  12121.99  7276.273  13953.97
----------------+----------------------------------------
          Total |      9199  8323.851  6535.034  7352.054
---------------------------------------------------------

. 
. * --- 4.6 Vzdelani podle zeme ---
. display _n "--- 4.6 Pozadovane vzdelani (3 urovne) podle zeme ---"

--- 4.6 Pozadovane vzdelani (3 urovne) podle zeme ---

. tab country edu_cat, row chi2

+----------------+
| Key            |
|----------------|
|   frequency    |
| row percentage |
+----------------+

           |  Pozadovane vzdelani (3 urovne,
           |          deskriptivni)
   country |   Missing  HS / Asso  Bachelor  |     Total
-----------+---------------------------------+----------
        DE |     3,592        678      2,130 |     6,400 
           |     56.13      10.59      33.28 |    100.00 
-----------+---------------------------------+----------
        IN |     6,566        243      7,375 |    14,184 
           |     46.29       1.71      52.00 |    100.00 
-----------+---------------------------------+----------
        US |     6,364        713     10,771 |    17,848 
           |     35.66       3.99      60.35 |    100.00 
-----------+---------------------------------+----------
     Total |    16,522      1,634     20,276 |    38,432 
           |     42.99       4.25      52.76 |    100.00 

          Pearson chi2(4) =  2.0e+03   Pr = 0.000

. display _n "Granularni vzdelani podle zeme:"

Granularni vzdelani podle zeme:

. tab country edu_ols, row

+----------------+
| Key            |
|----------------|
|   frequency    |
| row percentage |
+----------------+

           |             Vzdelani (granularni pro OLS)
   country |   Missing  High Scho  Associate   Bachelor    Master+ |     Total
-----------+-------------------------------------------------------+----------
        DE |     3,592         37        641      1,721        409 |     6,400 
           |     56.13       0.58      10.02      26.89       6.39 |    100.00 
-----------+-------------------------------------------------------+----------
        IN |     6,566         55        188      6,995        380 |    14,184 
           |     46.29       0.39       1.33      49.32       2.68 |    100.00 
-----------+-------------------------------------------------------+----------
        US |     6,364        368        345     10,435        336 |    17,848 
           |     35.66       2.06       1.93      58.47       1.88 |    100.00 
-----------+-------------------------------------------------------+----------
     Total |    16,522        460      1,174     19,151      1,125 |    38,432 
           |     42.99       1.20       3.05      49.83       2.93 |    100.00 

. 
. * --- 4.7 Seniorita podle zeme ---
. display _n "--- 4.7 Seniorita podle zeme ---"

--- 4.7 Seniorita podle zeme ---

. tab country exp_category, row chi2

+----------------+
| Key            |
|----------------|
|   frequency    |
| row percentage |
+----------------+

           |             Kategorie seniority
   country |   Missing  Junior (0  Mid (3-5)  Senior+ ( |     Total
-----------+--------------------------------------------+----------
        DE |     2,403        785      2,595        617 |     6,400 
           |     37.55      12.27      40.55       9.64 |    100.00 
-----------+--------------------------------------------+----------
        IN |     2,604      3,951      5,173      2,456 |    14,184 
           |     18.36      27.86      36.47      17.32 |    100.00 
-----------+--------------------------------------------+----------
        US |     2,591      3,213      8,406      3,638 |    17,848 
           |     14.52      18.00      47.10      20.38 |    100.00 
-----------+--------------------------------------------+----------
     Total |     7,598      7,949     16,174      6,711 |    38,432 
           |     19.77      20.68      42.08      17.46 |    100.00 

          Pearson chi2(6) =  2.4e+03   Pr = 0.000

. 
. * --- 4.8 Remote podle zeme ---
. display _n "--- 4.8 Remote podle zeme ---"

--- 4.8 Remote podle zeme ---

. tab country is_remote, row chi2

+----------------+
| Key            |
|----------------|
|   frequency    |
| row percentage |
+----------------+

           | Moznost remote prace
           |        (1=ano)
   country |         0          1 |     Total
-----------+----------------------+----------
        DE |     5,625        775 |     6,400 
           |     87.89      12.11 |    100.00 
-----------+----------------------+----------
        IN |    12,195      1,989 |    14,184 
           |     85.98      14.02 |    100.00 
-----------+----------------------+----------
        US |    12,781      5,067 |    17,848 
           |     71.61      28.39 |    100.00 
-----------+----------------------+----------
     Total |    30,601      7,831 |    38,432 
           |     79.62      20.38 |    100.00 

          Pearson chi2(2) =  1.3e+03   Pr = 0.000

. 
. * --- 4.9 Sektorova struktura podle zeme ---
. display _n "--- 4.9 NACE sektor podle zeme ---"

--- 4.9 NACE sektor podle zeme ---

. tab country sector_nace, row

+----------------+
| Key            |
|----------------|
|   frequency    |
| row percentage |
+----------------+

           |                                 sector_nace
   country |         C          J          K          M      Other          Q    Unknown |     Total
-----------+-----------------------------------------------------------------------------+----------
        DE |       616      1,965        156        277        588         54      2,744 |     6,400 
           |      9.63      30.70       2.44       4.33       9.19       0.84      42.88 |    100.00 
-----------+-----------------------------------------------------------------------------+----------
        IN |     1,046      5,793        745        484        794        103      5,219 |    14,184 
           |      7.37      40.84       5.25       3.41       5.60       0.73      36.79 |    100.00 
-----------+-----------------------------------------------------------------------------+----------
        US |     2,429      6,793      1,402        751      2,281        692      3,500 |    17,848 
           |     13.61      38.06       7.86       4.21      12.78       3.88      19.61 |    100.00 
-----------+-----------------------------------------------------------------------------+----------
     Total |     4,091     14,551      2,303      1,512      3,663        849     11,463 |    38,432 
           |     10.64      37.86       5.99       3.93       9.53       2.21      29.83 |    100.00 

. 
. * --- 4.10 Job family podle zeme ---
. display _n "--- 4.10 Job family podle zeme ---"

--- 4.10 Job family podle zeme ---

. tab country job_family, row

+----------------+
| Key            |
|----------------|
|   frequency    |
| row percentage |
+----------------+

           |                                  job_family
   country | Data & AI  DevOps ..  Managem..      Other  Softwar..  Softwar..  Sr+ Sof.. |     Total
-----------+-----------------------------------------------------------------------------+----------
        DE |       386        899        771      1,593      1,441        633        677 |     6,400 
           |      6.03      14.05      12.05      24.89      22.52       9.89      10.58 |    100.00 
-----------+-----------------------------------------------------------------------------+----------
        IN |       618      1,497        902      4,408      4,040      1,626      1,093 |    14,184 
           |      4.36      10.55       6.36      31.08      28.48      11.46       7.71 |    100.00 
-----------+-----------------------------------------------------------------------------+----------
        US |       944      1,497        786      8,078      3,284      2,039      1,220 |    17,848 
           |      5.29       8.39       4.40      45.26      18.40      11.42       6.84 |    100.00 
-----------+-----------------------------------------------------------------------------+----------
     Total |     1,948      3,893      2,459     14,079      8,765      4,298      2,990 |    38,432 
           |      5.07      10.13       6.40      36.63      22.81      11.18       7.78 |    100.00 

. 
. * --- 4.11 Skill clustery: prumerna frekvence podle zeme ---
. display _n "--- 4.11 Prumerna frekvence skill clusteru podle zeme ---"

--- 4.11 Prumerna frekvence skill clusteru podle zeme ---

. tabstat cluster_*, by(country) stat(mean) columns(statistics)

Summary for variables: cluster_architecture__methods cluster_bi__analytics cluster_backend_development cluster_certifications cluster_cloud_computing cluster_data_engineering cluster_data_s
> cience__ml cluster_databases__storage cluster_devops__containers cluster_dynamic__web cluster_enterprise__managed cluster_enterprise_platforms cluster_frontend_development cluster_generat
> ive_ai cluster_mobile__desktop cluster_networking cluster_os__embedded cluster_scripting__shell cluster_security__identity cluster_systems_programming cluster_testing_qa__debugging
     by categories of: country 

country |      mean
--------+----------
     DE |  .6321875
        |  .1773437
        |    .42875
        |  .0401562
        |  .3309375
        |  .1751563
        |     .1475
        |  .3184375
        |  .4495312
        |  .4671875
        |  .2745313
        |       .02
        |  .4854688
        |  .0676563
        |  .1114062
        |  .1809375
        |  .1609375
        |    .07875
        |    .16625
        |  .1254687
        |   .250625
--------+----------
     IN |  .7278624
        |  .2551466
        |  .5451918
        |  .0597152
        |    .39185
        |  .2705866
        |  .0888325
        |  .4347857
        |  .4309081
        |  .5305979
        |  .3009729
        |  .0311619
        |   .641991
        |  .0493514
        |  .1546813
        |  .2177101
        |  .1559504
        |  .0927806
        |  .2333615
        |  .0857304
        |  .5436407
--------+----------
     US |  .8139848
        |  .3435119
        |  .5474003
        |  .0579337
        |  .4322053
        |   .310567
        |  .1206298
        |  .4496302
        |  .4781488
        |  .5570372
        |  .3551658
        |  .0465038
        |  .6028126
        |  .0685791
        |   .165957
        |   .277398
        |  .2111721
        |  .1111049
        |  .3279359
        |   .158113
        |  .5511542
--------+----------
  Total |  .7519255
        |  .2832275
        |  .5268266
        |  .0556307
        |  .4004475
        |  .2732619
        |  .1133691
        |  .4223043
        |  .4559482
        |  .5323168
        |  .3217371
        |   .036428
        |  .5977311
        |  .0613291
        |  .1527113
        |  .2393058
        |  .1824261
        |   .098954
        |  .2661064
        |  .1259627
        |  .4983347
-------------------

. 
. * --- 4.12 Missingness platu: ne-MCAR diagnostika na sdruceneho vzorku ---
. display _n "--- 4.12 Missingness platu x observables ---"

--- 4.12 Missingness platu x observables ---

. display _n "has_salary x country:"

has_salary x country:

. tab has_salary country, chi2 column

+-------------------+
| Key               |
|-------------------|
|     frequency     |
| column percentage |
+-------------------+

Ma uvedeny |
      plat |             country
   (1=ano) |        DE         IN         US |     Total
-----------+---------------------------------+----------
         0 |     5,886      4,985      3,206 |    14,077 
           |     91.97      35.15      17.96 |     36.63 
-----------+---------------------------------+----------
         1 |       514      9,199     14,642 |    24,355 
           |      8.03      64.85      82.04 |     63.37 
-----------+---------------------------------+----------
     Total |     6,400     14,184     17,848 |    38,432 
           |    100.00     100.00     100.00 |    100.00 

          Pearson chi2(2) =  1.1e+04   Pr = 0.000

. display _n "has_salary x AI level:"

has_salary x AI level:

. tab has_salary ai_level, chi2 column

+-------------------+
| Key               |
|-------------------|
|     frequency     |
| column percentage |
+-------------------+

Ma uvedeny |
      plat |   Uroven AI pozadavku (0/1/2)
   (1=ano) |      None  AI Integr  Applied/C |     Total
-----------+---------------------------------+----------
         0 |    12,112      1,089        876 |    14,077 
           |     37.04      32.31      37.13 |     36.63 
-----------+---------------------------------+----------
         1 |    20,591      2,281      1,483 |    24,355 
           |     62.96      67.69      62.87 |     63.37 
-----------+---------------------------------+----------
     Total |    32,703      3,370      2,359 |    38,432 
           |    100.00     100.00     100.00 |    100.00 

          Pearson chi2(2) =  29.6228   Pr = 0.000

. 
. display _n "--- 4.12b Logit missingness has_salary ~ observables + country FE ---"

--- 4.12b Logit missingness has_salary ~ observables + country FE ---

. logit has_salary ///
>     i.ai_level ///
>     ib3.country_id ///
>     i.sector_nace_num ///
>     ib5.size_cat ///
>     ib1.type_cat ///
>     is_remote ///
>     i.job_family_num ///
>     ib2.edu_logit ///
>     ib3.exp_category, vce(robust)

Iteration 0:   log pseudolikelihood = -25247.823  
Iteration 1:   log pseudolikelihood = -18613.977  
Iteration 2:   log pseudolikelihood = -18596.435  
Iteration 3:   log pseudolikelihood = -18596.299  
Iteration 4:   log pseudolikelihood = -18596.299  

Logistic regression                             Number of obs     =     38,432
                                                Wald chi2(32)     =    6888.87
                                                Prob > chi2       =     0.0000
Log pseudolikelihood = -18596.299               Pseudo R2         =     0.2634

----------------------------------------------------------------------------------------
                       |               Robust
            has_salary |      Coef.   Std. Err.      z    P>|z|     [95% Conf. Interval]
-----------------------+----------------------------------------------------------------
              ai_level |
       AI Integration  |   .2243756   .0516509     4.34   0.000     .1231416    .3256096
      Applied/Core AI  |   .1916777   .0607095     3.16   0.002     .0726893    .3106662
                       |
            country_id |
                   DE  |  -4.136554   .0551494   -75.01   0.000    -4.244644   -4.028463
                   IN  |  -.9824032    .030326   -32.39   0.000    -1.041841   -.9229655
                       |
       sector_nace_num |
                    J  |  -.3276536    .046892    -6.99   0.000    -.4195603   -.2357469
                    K  |   .3567184   .0716029     4.98   0.000     .2163793    .4970575
                    M  |  -.0777292   .0766239    -1.01   0.310    -.2279092    .0724507
                Other  |   .1606327   .0643777     2.50   0.013     .0344547    .2868106
                    Q  |   .1018502   .1052046     0.97   0.333     -.104347    .3080474
              Unknown  |  -.2063717   .0586023    -3.52   0.000      -.32123   -.0915133
                       |
              size_cat |
              Unknown  |  -.0717774   .0604042    -1.19   0.235    -.1901673    .0466126
                 1-50  |  -.0891506   .0559677    -1.59   0.111    -.1988454    .0205441
               51-200  |  -.1387701    .054699    -2.54   0.011    -.2459782    -.031562
              201-500  |  -.0697619   .0611396    -1.14   0.254    -.1895933    .0500694
             501-1000  |  -.1637131   .0660457    -2.48   0.013    -.2931602    -.034266
           5001-10000  |   .0991785   .0671335     1.48   0.140    -.0324007    .2307576
               10000+  |   .0500326   .0504517     0.99   0.321    -.0488509    .1489162
                       |
              type_cat |
        Unknown/Other  |   .0339352   .0507831     0.67   0.504    -.0655979    .1334682
               Public  |    .110536   .0362749     3.05   0.002     .0394386    .1816334
    Nonprofit/Gov/Edu  |   .2200313   .1038433     2.12   0.034     .0165022    .4235604
                       |
             is_remote |  -.9679309   .0332436   -29.12   0.000    -1.033087   -.9027747
                       |
        job_family_num |
       DevOps & Cloud  |  -.2067124   .0756208    -2.73   0.006    -.3549266   -.0584983
           Management  |  -.2408269   .0823403    -2.92   0.003     -.402211   -.0794429
                Other  |  -.1734426   .0675671    -2.57   0.010    -.3058718   -.0410135
   Software Developer  |  -.1978559   .0694235    -2.85   0.004    -.3339235   -.0617884
    Software Engineer  |  -.0942153    .073952    -1.27   0.203    -.2391584    .0507279
Sr+ Software Engineer  |  -.1268477   .0778941    -1.63   0.103    -.2795173    .0258218
                       |
             edu_logit |
              Missing  |  -.0341434   .0274345    -1.24   0.213    -.0879141    .0196272
       HS / Associate  |  -.0514076   .0752815    -0.68   0.495    -.1989566    .0961413
                       |
          exp_category |
              Missing  |   -.285781   .0367111    -7.78   0.000    -.3577333   -.2138286
         Junior (0-2)  |  -.1288981   .0346487    -3.72   0.000    -.1968083   -.0609879
         Senior+ (6+)  |   .0481951   .0383648     1.26   0.209    -.0269986    .1233887
                       |
                 _cons |   2.193061   .0886122    24.75   0.000     2.019384    2.366738
----------------------------------------------------------------------------------------

. display _n "Wald test spolecne signifikance vsech observables krome ai_level:"

Wald test spolecne signifikance vsech observables krome ai_level:

. testparm ib3.country_id i.sector_nace_num ib5.size_cat ///
>     ib1.type_cat is_remote i.job_family_num i.edu_logit i.exp_category

 ( 1)  [has_salary]1.country_id = 0
 ( 2)  [has_salary]2.country_id = 0
 ( 3)  [has_salary]2.sector_nace_num = 0
 ( 4)  [has_salary]3.sector_nace_num = 0
 ( 5)  [has_salary]4.sector_nace_num = 0
 ( 6)  [has_salary]5.sector_nace_num = 0
 ( 7)  [has_salary]6.sector_nace_num = 0
 ( 8)  [has_salary]7.sector_nace_num = 0
 ( 9)  [has_salary]0.size_cat = 0
 (10)  [has_salary]1.size_cat = 0
 (11)  [has_salary]2.size_cat = 0
 (12)  [has_salary]3.size_cat = 0
 (13)  [has_salary]4.size_cat = 0
 (14)  [has_salary]6.size_cat = 0
 (15)  [has_salary]7.size_cat = 0
 (16)  [has_salary]0.type_cat = 0
 (17)  [has_salary]2.type_cat = 0
 (18)  [has_salary]4.type_cat = 0
 (19)  [has_salary]is_remote = 0
 (20)  [has_salary]2.job_family_num = 0
 (21)  [has_salary]3.job_family_num = 0
 (22)  [has_salary]4.job_family_num = 0
 (23)  [has_salary]5.job_family_num = 0
 (24)  [has_salary]6.job_family_num = 0
 (25)  [has_salary]7.job_family_num = 0
 (26)  [has_salary]0.edu_logit = 0
 (27)  [has_salary]1.edu_logit = 0
 (28)  [has_salary]0.exp_category = 0
 (29)  [has_salary]2.exp_category = 0
 (30)  [has_salary]4.exp_category = 0

           chi2( 30) = 6829.43
         Prob > chi2 =    0.0000

. 
. 
. * ==============================================================================
. * 5. CROSS-COUNTRY STATISTICKE TESTY
. * ==============================================================================
. display _n "=============================================================="

==============================================================

. display "5. STATISTICKE TESTY — HRUBE ROZDILY MEZI ZEMEMI"
5. STATISTICKE TESTY — HRUBE ROZDILY MEZI ZEMEMI

. display "=============================================================="
==============================================================

. 
. * --- 5.1 Chi-square: AI vs country ---
. display _n "--- 5.1 Chi-square: country x has_ai ---"

--- 5.1 Chi-square: country x has_ai ---

. tab country has_ai, chi2 expected

+--------------------+
| Key                |
|--------------------|
|     frequency      |
| expected frequency |
+--------------------+

           | AI Job (desc_tier_llm
           |  in {ai_integration,
           |     applied_ai})
   country |         0          1 |     Total
-----------+----------------------+----------
        DE |     5,230      1,170 |     6,400 
           |   5,446.0      954.0 |   6,400.0 
-----------+----------------------+----------
        IN |    13,292        892 |    14,184 
           |  12,069.6    2,114.4 |  14,184.0 
-----------+----------------------+----------
        US |    14,181      3,667 |    17,848 
           |  15,187.4    2,660.6 |  17,848.0 
-----------+----------------------+----------
     Total |    32,703      5,729 |    38,432 
           |  32,703.0    5,729.0 |  38,432.0 

          Pearson chi2(2) =  1.3e+03   Pr = 0.000

. 
. * --- 5.2 ANOVA: Log(salary) podle zeme ---
. display _n "--- 5.2 ANOVA: ln(salary) podle zeme ---"

--- 5.2 ANOVA: ln(salary) podle zeme ---

. oneway ln_salary country_id, tabulate bonferroni

Zeme povodu |
   inzeratu |   Summary of Prirozeny logaritmus
     (DE=1, |             platu (USD)
IN=2, US=3) |        Mean   Std. Dev.       Freq.
------------+------------------------------------
         DE |   11.269865   .30716835         514
         IN |   8.8553178   .50652571       9,199
         US |    11.67981   .32610071      14,642
------------+------------------------------------
      Total |   10.604334   1.4223323      24,355

                        Analysis of Variance
    Source              SS         df      MS            F     Prob > F
------------------------------------------------------------------------
Between groups      45303.5833      2   22651.7917   1.4e+05     0.0000
 Within groups      3965.26644  24352   .162831243
------------------------------------------------------------------------
    Total           49268.8498  24354   2.02302906

Bartlett's test for equal variances:  chi2(2) =  2.3e+03  Prob>chi2 = 0.000

                Comparison of Prirozeny logaritmus platu (USD)
                  by Zeme povodu inzeratu (DE=1, IN=2, US=3)
                                (Bonferroni)
Row Mean-|
Col Mean |         DE         IN
---------+----------------------
      IN |   -2.41455
         |      0.000
         |
      US |    .409945    2.82449
         |      0.000      0.000

. display _n "--- 5.2b Kruskal-Wallis (neparametricka kontrola) ---"

--- 5.2b Kruskal-Wallis (neparametricka kontrola) ---

. kwallis ln_salary, by(country_id)

Kruskal-Wallis equality-of-populations rank test

  +------------------------------+
  | countr~d |    Obs | Rank Sum |
  |----------+--------+----------|
  |       DE |    514 | 6.12e+06 |
  |       IN |  9,199 | 4.24e+07 |
  |       US | 14,642 | 2.48e+08 |
  +------------------------------+

chi-squared = 17396.533 with 2 d.f.
probability =     0.0001

chi-squared with ties = 17396.607 with 2 d.f.
probability =     0.0001

. 
. * --- 5.3 ANOVA: ln(salary) podle AI tier v kazde zemi zvlast ---
. display _n "--- 5.3 ANOVA ln(salary) podle AI tier — podle zeme ---"

--- 5.3 ANOVA ln(salary) podle AI tier — podle zeme ---

. foreach c in US DE IN {
  2.     display _n "Country = `c'"
  3.     oneway ln_salary ai_tier_num if country == "`c'", tabulate bonferroni
  4. }

Country = US

            |   Summary of Prirozeny logaritmus
            |             platu (USD)
ai_tier_num |        Mean   Std. Dev.       Freq.
------------+------------------------------------
  ai_integr |   11.798678   .33251116       1,947
  applied_a |   11.871951    .3181903       1,094
       none |   11.641741   .31437116      11,601
------------+------------------------------------
      Total |    11.67981   .32610071      14,642

                        Analysis of Variance
    Source              SS         df      MS            F     Prob > F
------------------------------------------------------------------------
Between groups      84.7116947      2   42.3558474    421.16     0.0000
 Within groups      1472.23677  14639    .10056949
------------------------------------------------------------------------
    Total           1556.94846  14641   .106341675

Bartlett's test for equal variances:  chi2(2) =  10.7952  Prob>chi2 = 0.005

        Comparison of Prirozeny logaritmus platu (USD) by ai_tier_num
                                (Bonferroni)
Row Mean-|
Col Mean |   ai_integ   applied_
---------+----------------------
applied_ |    .073273
         |      0.000
         |
    none |   -.156937    -.23021
         |      0.000      0.000

Country = DE

            |   Summary of Prirozeny logaritmus
            |             platu (USD)
ai_tier_num |        Mean   Std. Dev.       Freq.
------------+------------------------------------
  ai_integr |   11.302924   .28237183          72
  applied_a |   11.389279   .34076558          46
       none |   11.249983   .30450229         396
------------+------------------------------------
      Total |   11.269865   .30716835         514

                        Analysis of Variance
    Source              SS         df      MS            F     Prob > F
------------------------------------------------------------------------
Between groups      .891172126      2   .445586063      4.79     0.0087
 Within groups      47.5116063    511   .092977703
------------------------------------------------------------------------
    Total           48.4027784    513   .094352395

Bartlett's test for equal variances:  chi2(2) =   1.9850  Prob>chi2 = 0.371

        Comparison of Prirozeny logaritmus platu (USD) by ai_tier_num
                                (Bonferroni)
Row Mean-|
Col Mean |   ai_integ   applied_
---------+----------------------
applied_ |    .086355
         |      0.402
         |
    none |   -.052941   -.139296
         |      0.528      0.011

Country = IN

            |   Summary of Prirozeny logaritmus
            |             platu (USD)
ai_tier_num |        Mean   Std. Dev.       Freq.
------------+------------------------------------
  ai_integr |   8.9914437   .60089889         262
  applied_a |   9.0650717   .71473687         343
       none |   8.8427962   .49077015       8,594
------------+------------------------------------
      Total |   8.8553178   .50652571       9,199

                        Analysis of Variance
    Source              SS         df      MS            F     Prob > F
------------------------------------------------------------------------
Between groups      21.2932556      2   10.6466278     41.86     0.0000
 Within groups      2338.62194   9196   .254308606
------------------------------------------------------------------------
    Total           2359.91519   9198   .256568297

Bartlett's test for equal variances:  chi2(2) = 136.8457  Prob>chi2 = 0.000

        Comparison of Prirozeny logaritmus platu (USD) by ai_tier_num
                                (Bonferroni)
Row Mean-|
Col Mean |   ai_integ   applied_
---------+----------------------
applied_ |    .073628
         |      0.226
         |
    none |   -.148648   -.222275
         |      0.000      0.000

. 
. * --- 5.4 Chi-square: vzdelani x country ---
. display _n "--- 5.4 Chi-square: country x edu_cat ---"

--- 5.4 Chi-square: country x edu_cat ---

. tab country edu_cat, chi2 expected

+--------------------+
| Key                |
|--------------------|
|     frequency      |
| expected frequency |
+--------------------+

           |  Pozadovane vzdelani (3 urovne,
           |          deskriptivni)
   country |   Missing  HS / Asso  Bachelor  |     Total
-----------+---------------------------------+----------
        DE |     3,592        678      2,130 |     6,400 
           |   2,751.4      272.1    3,376.5 |   6,400.0 
-----------+---------------------------------+----------
        IN |     6,566        243      7,375 |    14,184 
           |   6,097.7      603.1    7,483.2 |  14,184.0 
-----------+---------------------------------+----------
        US |     6,364        713     10,771 |    17,848 
           |   7,672.9      758.8    9,416.3 |  17,848.0 
-----------+---------------------------------+----------
     Total |    16,522      1,634     20,276 |    38,432 
           |  16,522.0    1,634.0   20,276.0 |  38,432.0 

          Pearson chi2(4) =  2.0e+03   Pr = 0.000

. 
. 
. * ==============================================================================
. * 6. CROSS-COUNTRY OLS WAGE REGRESSION
. * ==============================================================================
. * Jadro komparativni analyzy: testujeme, zda AI premie se lisi mezi USA, DE a IN.
. * Baseline country = US (ib3.country_id). Koef. 1.country_id = DE vs US, 2.country_id = IN vs US.
. display _n "=============================================================="

==============================================================

. display "6. CROSS-COUNTRY OLS WAGE REGRESSION"
6. CROSS-COUNTRY OLS WAGE REGRESSION

. display "=============================================================="
==============================================================

. 
. * --- 6.1 Model FE-A: Zakladni pooled FE (Firemni profil + country) ---
. display _n "--- 6.1 Model FE-A: pooled OLS s country FE (firemni profil) ---"

--- 6.1 Model FE-A: pooled OLS s country FE (firemni profil) ---

. regress ln_salary ///
>     i.ai_level ///
>     ib3.country_id ///
>     i.sector_nace_num ///
>     is_remote ///
>     ib1.type_cat ///
>     ib5.size_cat ///
>     if ln_salary != ., vce(robust)

Linear regression                               Number of obs     =     24,355
                                                F(21, 24333)      =   13510.63
                                                Prob > F          =     0.0000
                                                R-squared         =     0.9246
                                                Root MSE          =     .39063

------------------------------------------------------------------------------------
                   |               Robust
         ln_salary |      Coef.   Std. Err.      t    P>|t|     [95% Conf. Interval]
-------------------+----------------------------------------------------------------
          ai_level |
   AI Integration  |   .1343252   .0084274    15.94   0.000     .1178069    .1508435
  Applied/Core AI  |    .202406   .0118883    17.03   0.000     .1791041    .2257079
                   |
        country_id |
               DE  |  -.4038959   .0141935   -28.46   0.000    -.4317161   -.3760757
               IN  |  -2.798018   .0061686  -453.59   0.000    -2.810109   -2.785927
                   |
   sector_nace_num |
                J  |   .0162883   .0068936     2.36   0.018     .0027764    .0298002
                K  |  -.0219582   .0085208    -2.58   0.010    -.0386594   -.0052569
                M  |  -.0041552   .0120598    -0.34   0.730    -.0277932    .0194828
            Other  |  -.0414803   .0092694    -4.47   0.000    -.0596489   -.0233116
                Q  |  -.0235486   .0132849    -1.77   0.076    -.0495879    .0024907
          Unknown  |   .0059748   .0101949     0.59   0.558    -.0140078    .0259574
                   |
         is_remote |   .1551805   .0071456    21.72   0.000     .1411748    .1691863
                   |
          type_cat |
    Unknown/Other  |   .0456565   .0121681     3.75   0.000     .0218062    .0695067
           Public  |   .0057701   .0063234     0.91   0.362    -.0066241    .0181644
Nonprofit/Gov/Edu  |  -.1083926   .0127069    -8.53   0.000    -.1332989   -.0834863
                   |
          size_cat |
          Unknown  |  -.0593567    .011588    -5.12   0.000    -.0820699   -.0366436
             1-50  |  -.0978508   .0104465    -9.37   0.000    -.1183265   -.0773751
           51-200  |  -.1002316   .0096547   -10.38   0.000    -.1191554   -.0813077
          201-500  |  -.0789814   .0106651    -7.41   0.000    -.0998858   -.0580771
         501-1000  |  -.0169702   .0127515    -1.33   0.183     -.041964    .0080236
       5001-10000  |  -.0027492   .0104633    -0.26   0.793    -.0232578    .0177595
           10000+  |   .0029312   .0078363     0.37   0.708    -.0124284    .0182907
                   |
             _cons |   11.65694   .0086506  1347.54   0.000     11.63998    11.67389
------------------------------------------------------------------------------------

. estimates store pooled_fe_a

. display _n "Model FE-A: R2 = " e(r2) ", Adj R2 = " e(r2_a) ", N = " e(N)

Model FE-A: R2 = .9246376, Adj R2 = .92457256, N = 24355

. 
. * --- 6.2 Model FE-B: + lidsky kapital ---
. display _n "--- 6.2 Model FE-B: FE-A + vzdelani + zkusenosti ---"

--- 6.2 Model FE-B: FE-A + vzdelani + zkusenosti ---

. regress ln_salary ///
>     i.ai_level ///
>     ib3.country_id ///
>     i.sector_nace_num ///
>     is_remote ///
>     ib1.type_cat ///
>     ib5.size_cat ///
>     ib3.edu_ols ///
>     ib3.exp_category ///
>     if ln_salary != ., vce(robust)

Linear regression                               Number of obs     =     24,355
                                                F(28, 24326)      =   11468.12
                                                Prob > F          =     0.0000
                                                R-squared         =     0.9305
                                                Root MSE          =      .3752

------------------------------------------------------------------------------------
                   |               Robust
         ln_salary |      Coef.   Std. Err.      t    P>|t|     [95% Conf. Interval]
-------------------+----------------------------------------------------------------
          ai_level |
   AI Integration  |    .119292   .0080312    14.85   0.000     .1035504    .1350336
  Applied/Core AI  |   .1865396   .0114174    16.34   0.000     .1641607    .2089184
                   |
        country_id |
               DE  |  -.3959417   .0136152   -29.08   0.000    -.4226284   -.3692551
               IN  |  -2.793961   .0060944  -458.45   0.000    -2.805907   -2.782016
                   |
   sector_nace_num |
                J  |   .0078304   .0068133     1.15   0.250    -.0055242    .0211849
                K  |  -.0342931   .0082761    -4.14   0.000    -.0505148   -.0180713
                M  |  -.0128119   .0119212    -1.07   0.283    -.0361782    .0105544
            Other  |  -.0480454   .0089633    -5.36   0.000     -.065614   -.0304768
                Q  |  -.0360219   .0121094    -2.97   0.003    -.0597571   -.0122867
          Unknown  |   .0055562   .0099608     0.56   0.577    -.0139677      .02508
                   |
         is_remote |   .1217902   .0069099    17.63   0.000     .1082464     .135334
                   |
          type_cat |
    Unknown/Other  |   .0456301   .0115244     3.96   0.000     .0230417    .0682185
           Public  |  -.0001173   .0061306    -0.02   0.985    -.0121337     .011899
Nonprofit/Gov/Edu  |  -.0715322   .0122609    -5.83   0.000    -.0955643   -.0475002
                   |
          size_cat |
          Unknown  |   -.030251    .011193    -2.70   0.007      -.05219    -.008312
             1-50  |  -.0715033   .0100909    -7.09   0.000     -.091282   -.0517245
           51-200  |  -.0836766   .0093271    -8.97   0.000    -.1019583   -.0653949
          201-500  |  -.0704864   .0103155    -6.83   0.000    -.0907054   -.0502675
         501-1000  |  -.0101219   .0121917    -0.83   0.406    -.0340184    .0137747
       5001-10000  |  -.0073056   .0103047    -0.71   0.478    -.0275035    .0128922
           10000+  |   .0061186   .0076334     0.80   0.423    -.0088435    .0210806
                   |
           edu_ols |
          Missing  |   .0270527   .0055194     4.90   0.000     .0162343    .0378711
      High School  |  -.0683729   .0153794    -4.45   0.000    -.0985175   -.0382282
        Associate  |  -.1116852   .0146271    -7.64   0.000    -.1403553   -.0830152
          Master+  |   .0844435   .0189022     4.47   0.000     .0473941     .121493
                   |
      exp_category |
          Missing  |   -.076917   .0072963   -10.54   0.000    -.0912181   -.0626158
     Junior (0-2)  |  -.1979791   .0063374   -31.24   0.000    -.2104007   -.1855575
     Senior+ (6+)  |   .1248516     .00705    17.71   0.000     .1110331    .1386701
                   |
             _cons |   11.67768    .008783  1329.57   0.000     11.66046     11.6949
------------------------------------------------------------------------------------

. estimates store pooled_fe_b

. display _n "Model FE-B: R2 = " e(r2) ", Adj R2 = " e(r2_a) ", N = " e(N)

Model FE-B: R2 = .93049295, Adj R2 = .93041295, N = 24355

. 
. * --- 6.3 Model FE-C: plny model s tech skills + job_family ---
. display _n "--- 6.3 Model FE-C: FE-B + cluster_* + job_family ---"

--- 6.3 Model FE-C: FE-B + cluster_* + job_family ---

. regress ln_salary ///
>     cluster_* ///
>     i.ai_level ///
>     ib3.country_id ///
>     i.sector_nace_num ///
>     is_remote ///
>     ib1.type_cat ///
>     ib5.size_cat ///
>     i.job_family_num ///
>     ib3.edu_ols ///
>     ib3.exp_category ///
>     if ln_salary != ., vce(robust)

Linear regression                               Number of obs     =     24,355
                                                F(55, 24299)      =    6277.13
                                                Prob > F          =     0.0000
                                                R-squared         =     0.9333
                                                Root MSE          =     .36768

-----------------------------------------------------------------------------------------------
                              |               Robust
                    ln_salary |      Coef.   Std. Err.      t    P>|t|     [95% Conf. Interval]
------------------------------+----------------------------------------------------------------
cluster_architecture__methods |    .004327   .0064842     0.67   0.505    -.0083824    .0170365
        cluster_bi__analytics |   -.024932   .0051525    -4.84   0.000    -.0350311   -.0148329
  cluster_backend_development |  -.0009922   .0057189    -0.17   0.862    -.0122015    .0102172
       cluster_certifications |   .0044804   .0108988     0.41   0.681     -.016882    .0258427
      cluster_cloud_computing |   .0292446   .0060232     4.86   0.000     .0174388    .0410504
     cluster_data_engineering |   .0177697   .0058593     3.03   0.002     .0062851    .0292544
     cluster_data_science__ml |  -.0009115   .0096442    -0.09   0.925    -.0198147    .0179917
   cluster_databases__storage |  -.0148264   .0056022    -2.65   0.008    -.0258071   -.0038456
   cluster_devops__containers |   .0362132   .0059104     6.13   0.000     .0246283     .047798
         cluster_dynamic__web |     .01458   .0055405     2.63   0.009     .0037202    .0254398
  cluster_enterprise__managed |  -.0014353   .0056684    -0.25   0.800    -.0125457    .0096751
 cluster_enterprise_platforms |  -.0077667   .0115195    -0.67   0.500    -.0303456    .0148121
 cluster_frontend_development |   .0017693   .0055469     0.32   0.750     -.009103    .0126417
        cluster_generative_ai |  -.0042569   .0122564    -0.35   0.728    -.0282802    .0197663
      cluster_mobile__desktop |  -.0153038   .0064874    -2.36   0.018    -.0280196   -.0025881
           cluster_networking |   .0167572   .0055566     3.02   0.003      .005866    .0276484
         cluster_os__embedded |   .0013098   .0065044     0.20   0.840    -.0114393     .014059
     cluster_scripting__shell |  -.0045949   .0081316    -0.57   0.572    -.0205334    .0113436
   cluster_security__identity |   .0213787   .0056046     3.81   0.000     .0103934    .0323639
  cluster_systems_programming |   .0753634   .0074702    10.09   0.000     .0607214    .0900055
cluster_testing_qa__debugging |   .0027852    .005085     0.55   0.584    -.0071818    .0127521
                              |
                     ai_level |
              AI Integration  |   .0983703   .0087696    11.22   0.000     .0811813    .1155593
             Applied/Core AI  |   .1330034   .0140718     9.45   0.000     .1054218     .160585
                              |
                   country_id |
                          DE  |  -.4152328   .0140074   -29.64   0.000    -.4426881   -.3877774
                          IN  |  -2.798389   .0061214  -457.15   0.000    -2.810387    -2.78639
                              |
              sector_nace_num |
                           J  |   .0072473    .006849     1.06   0.290    -.0061771    .0206717
                           K  |  -.0288655   .0084702    -3.41   0.001    -.0454677   -.0122633
                           M  |   .0015875   .0118861     0.13   0.894      -.02171     .024885
                       Other  |  -.0414229   .0089502    -4.63   0.000    -.0589658     -.02388
                           Q  |  -.0228719   .0117646    -1.94   0.052    -.0459311    .0001874
                     Unknown  |   .0167509   .0098402     1.70   0.089    -.0025364    .0360382
                              |
                    is_remote |   .1060681   .0068641    15.45   0.000      .092614    .1195223
                              |
                     type_cat |
               Unknown/Other  |   .0436125   .0112441     3.88   0.000     .0215734    .0656516
                      Public  |  -.0065895   .0059925    -1.10   0.272    -.0183352    .0051562
           Nonprofit/Gov/Edu  |  -.0468309   .0118409    -3.96   0.000    -.0700398   -.0236219
                              |
                     size_cat |
                     Unknown  |  -.0025795   .0110174    -0.23   0.815    -.0241743    .0190152
                        1-50  |  -.0434464    .009981    -4.35   0.000    -.0630098    -.023883
                      51-200  |  -.0606762   .0091584    -6.63   0.000    -.0786273   -.0427252
                     201-500  |  -.0523424   .0101348    -5.16   0.000    -.0722071   -.0324776
                    501-1000  |  -.0002649    .011942    -0.02   0.982     -.023672    .0231422
                  5001-10000  |  -.0034951   .0101137    -0.35   0.730    -.0233185    .0163284
                      10000+  |   .0109077   .0075066     1.45   0.146    -.0038057     .025621
                              |
               job_family_num |
              DevOps & Cloud  |    .004781   .0157402     0.30   0.761    -.0260708    .0356329
                  Management  |   .0135815   .0187597     0.72   0.469    -.0231886    .0503516
                       Other  |  -.0857281   .0138632    -6.18   0.000    -.1129008   -.0585554
          Software Developer  |  -.1038664   .0144328    -7.20   0.000    -.1321556   -.0755773
           Software Engineer  |   .0057076   .0148736     0.38   0.701    -.0234455    .0348607
       Sr+ Software Engineer  |   .0698548    .016178     4.32   0.000      .038145    .1015646
                              |
                      edu_ols |
                     Missing  |   .0287283   .0054549     5.27   0.000     .0180364    .0394202
                 High School  |  -.0516599   .0146004    -3.54   0.000    -.0802776   -.0230422
                   Associate  |  -.0961719   .0141787    -6.78   0.000     -.123963   -.0683808
                     Master+  |   .0851719   .0185317     4.60   0.000     .0488486    .1214952
                              |
                 exp_category |
                     Missing  |  -.0601614   .0072342    -8.32   0.000     -.074341   -.0459819
                Junior (0-2)  |  -.1773403   .0063328   -28.00   0.000     -.189753   -.1649275
                Senior+ (6+)  |   .1054833   .0069697    15.13   0.000     .0918223    .1191443
                              |
                        _cons |   11.66354   .0168595   691.81   0.000      11.6305    11.69659
-----------------------------------------------------------------------------------------------

. estimates store pooled_fe_c

. display _n "Model FE-C: R2 = " e(r2) ", Adj R2 = " e(r2_a) ", N = " e(N)

Model FE-C: R2 = .93332488, Adj R2 = .93317397, N = 24355

. 
. * --- 6.3b VIF diagnostika Model FE-C ---
. display _n "--- 6.3b VIF diagnostika Model FE-C ---"

--- 6.3b VIF diagnostika Model FE-C ---

. quietly regress ln_salary ///
>     cluster_* ///
>     i.ai_level ///
>     ib3.country_id ///
>     i.sector_nace_num ///
>     is_remote ///
>     ib1.type_cat ///
>     ib5.size_cat ///
>     i.job_family_num ///
>     ib3.edu_ols ///
>     ib3.exp_category ///
>     if ln_salary != .

. vif

    Variable |       VIF       1/VIF  
-------------+----------------------
cluster_ar~s |      1.22    0.816902
cluster_bi~s |      1.11    0.899910
cluster_ba~t |      1.51    0.662623
cluster_ce~s |      1.11    0.897851
cluster_cl~g |      1.56    0.641669
cluster_da~g |      1.25    0.798862
cluster_da~l |      1.49    0.671379
cluster_da~e |      1.39    0.721217
cluster_de~s |      1.53    0.651485
cluster_dy~b |      1.32    0.758274
cluster_en~d |      1.26    0.793619
cluster_en~s |      1.03    0.972019
cluster_fr~t |      1.41    0.709403
cluster_ge~i |      1.39    0.719729
cluster_mo~p |      1.13    0.884188
cluster_ne~g |      1.16    0.865024
cluster_os~d |      1.38    0.724074
cluster_sc~l |      1.40    0.712606
cluster_se~y |      1.24    0.803309
cluster_sy~g |      1.22    0.821728
cluster_te~g |      1.14    0.879375
    ai_level |
          1  |      1.33    0.750539
          2  |      1.76    0.566617
  country_id |
          1  |      1.09    0.919932
          2  |      1.31    0.765568
sector_nac~m |
          2  |      2.86    0.349648
          3  |      1.58    0.632443
          4  |      1.33    0.753191
          5  |      1.89    0.529369
          6  |      1.28    0.780151
          7  |      3.98    0.251337
   is_remote |      1.13    0.886251
    type_cat |
          0  |      1.81    0.552730
          2  |      1.80    0.555763
          4  |      1.23    0.810924
    size_cat |
          0  |      3.28    0.305030
          1  |      2.68    0.372567
          2  |      1.98    0.506241
          3  |      1.59    0.629573
          4  |      1.40    0.715540
          6  |      1.47    0.681103
          7  |      2.69    0.372373
job_family~m |
          2  |      3.27    0.305405
          3  |      2.21    0.452022
          4  |      6.81    0.146874
          5  |      5.13    0.194755
          6  |      3.44    0.290851
          7  |      2.61    0.382707
     edu_ols |
          0  |      1.20    0.834709
          1  |      1.03    0.968777
          2  |      1.05    0.949230
          4  |      1.05    0.950140
exp_category |
          0  |      1.23    0.815560
          2  |      1.27    0.790433
          4  |      1.26    0.793942
-------------+----------------------
    Mean VIF |      1.79

. 
. * --- 6.4 Porovnani pooled modelu A / B / C ---
. display _n "--- 6.4 Porovnani pooled modelu FE-A / FE-B / FE-C ---"

--- 6.4 Porovnani pooled modelu FE-A / FE-B / FE-C ---

. estimates table pooled_fe_a pooled_fe_b pooled_fe_c, star stats(N r2 r2_a)

--------------------------------------------------------------
    Variable |  pooled_fe_a     pooled_fe_b     pooled_fe_c   
-------------+------------------------------------------------
    ai_level |
AI Integr..  |  .13432522***      .119292***    .09837032***  
Applied/C..  |  .20240598***    .18653956***    .13300342***  
             |
  country_id |
         DE  | -.40389588***   -.39594173***   -.41523277***  
         IN  | -2.7980181***   -2.7939614***   -2.7983887***  
             |
sector_nac~m |
          J  |  .01628828*      .00783038       .00724729     
          K  | -.02195817**    -.03429306***   -.02886552***  
          M  |  -.0041552      -.01281188       .00158752     
      Other  | -.04148028***    -.0480454***    -.0414229***  
          Q  | -.02354859      -.03602191**     -.0228719     
    Unknown  |  .00597483       .00555616        .0167509     
             |
   is_remote |  .15518054***    .12179024***    .10606815***  
             |
    type_cat |
Unknown/O~r  |  .04565646***     .0456301***    .04361251***  
             |
    type_cat |
     Public  |  .00577013      -.00011735      -.00658952     
Nonprofit~u  | -.10839258***   -.07153221***   -.04683087***  
             |
    size_cat |
    Unknown  | -.05935671***   -.03025104**    -.00257952     
       1-50  | -.09785081***   -.07150327***    -.0434464***  
     51-200  | -.10023157***   -.08367659***   -.06067624***  
    201-500  | -.07898144***   -.07048641***   -.05234238***  
   501-1000  | -.01697017      -.01012187      -.00026491     
             |
    size_cat |
 5001-10000  | -.00274916      -.00730564      -.00349508     
     10000+  |  .00293115       .00611857       .01090765     
             |
     edu_ols |
    Missing  |                  .02705267***    .02872832***  
High School  |                 -.06837286***    -.0516599***  
  Associate  |                 -.11168523***   -.09617188***  
             |
     edu_ols |
    Master+  |                  .08444353***    .08517187***  
             |
exp_category |
    Missing  |                 -.07691697***   -.06016145***  
Junior (..)  |                 -.19797908***   -.17734027***  
             |
exp_category |
Senior+ ..)  |                  .12485161***    .10548331***  
             |
cluster_ar~s |                                  .00432704     
cluster_bi~s |                                   -.024932***  
cluster_ba~t |                                 -.00099217     
cluster_ce~s |                                  .00448037     
cluster_cl~g |                                   .0292446***  
cluster_da~g |                                  .01776972**   
cluster_da~l |                                  -.0009115     
cluster_da~e |                                 -.01482636**   
cluster_de~s |                                  .03621318***  
cluster_dy~b |                                  .01458003**   
cluster_en~d |                                  -.0014353     
cluster_en~s |                                 -.00776674     
cluster_fr~t |                                  .00176934     
cluster_ge~i |                                 -.00425692     
cluster_mo~p |                                 -.01530385*    
cluster_ne~g |                                   .0167572**   
cluster_os~d |                                  .00130985     
cluster_sc~l |                                  -.0045949     
cluster_se~y |                                  .02137865***  
cluster_sy~g |                                  .07536343***  
cluster_te~g |                                  .00278517     
             |
job_family~m |
DevOps & ..  |                                  .00478101     
 Management  |                                   .0135815     
      Other  |                                 -.08572812***  
Software ..  |                                 -.10386644***  
Software ..  |                                   .0057076     
Sr+ Softw..  |                                  .06985476***  
             |
       _cons |  11.656936***     11.67768***    11.663542***  
-------------+------------------------------------------------
           N |      24355           24355           24355     
          r2 |   .9246376       .93049295       .93332488     
        r2_a |  .92457256       .93041295       .93317397     
--------------------------------------------------------------
                      legend: * p<0.05; ** p<0.01; *** p<0.001

. 
. * --- 6.5 Interakcni model: country x ai_level ---
. * Klicovy test homogenity AI premie napric zememi.
. * Baseline: country = US (ib3), ai_level = 0 (None).
. display _n "--- 6.5 Interakcni model: country x ai_level (FE-C specifikace) ---"

--- 6.5 Interakcni model: country x ai_level (FE-C specifikace) ---

. regress ln_salary ///
>     cluster_* ///
>     ib3.country_id##i.ai_level ///
>     i.sector_nace_num ///
>     is_remote ///
>     ib1.type_cat ///
>     ib5.size_cat ///
>     i.job_family_num ///
>     ib3.edu_ols ///
>     ib3.exp_category ///
>     if ln_salary != ., vce(robust)

Linear regression                               Number of obs     =     24,355
                                                F(59, 24295)      =    5877.74
                                                Prob > F          =     0.0000
                                                R-squared         =     0.9333
                                                Root MSE          =     .36765

-----------------------------------------------------------------------------------------------
                              |               Robust
                    ln_salary |      Coef.   Std. Err.      t    P>|t|     [95% Conf. Interval]
------------------------------+----------------------------------------------------------------
cluster_architecture__methods |   .0044636   .0064835     0.69   0.491    -.0082444    .0171716
        cluster_bi__analytics |  -.0249162   .0051572    -4.83   0.000    -.0350246   -.0148077
  cluster_backend_development |  -.0010461   .0057168    -0.18   0.855    -.0122514    .0101593
       cluster_certifications |   .0043731   .0109004     0.40   0.688    -.0169923    .0257384
      cluster_cloud_computing |   .0292986    .006021     4.87   0.000     .0174971    .0411001
     cluster_data_engineering |   .0176474   .0058615     3.01   0.003     .0061585    .0291362
     cluster_data_science__ml |  -.0019744   .0096335    -0.20   0.838    -.0208566    .0169079
   cluster_databases__storage |  -.0147604   .0056001    -2.64   0.008     -.025737   -.0037838
   cluster_devops__containers |   .0360736   .0059099     6.10   0.000     .0244899    .0476574
         cluster_dynamic__web |   .0147901   .0055354     2.67   0.008     .0039404    .0256399
  cluster_enterprise__managed |  -.0015249   .0056697    -0.27   0.788    -.0126378     .009588
 cluster_enterprise_platforms |  -.0083193   .0115144    -0.72   0.470    -.0308882    .0142496
 cluster_frontend_development |     .00213   .0055489     0.38   0.701    -.0087463    .0130062
        cluster_generative_ai |  -.0008541   .0124571    -0.07   0.945    -.0252708    .0235625
      cluster_mobile__desktop |   -.015371   .0064873    -2.37   0.018    -.0280866   -.0026555
           cluster_networking |   .0165564   .0055548     2.98   0.003     .0056687    .0274441
         cluster_os__embedded |    .001311   .0065054     0.20   0.840      -.01144     .014062
     cluster_scripting__shell |  -.0045897   .0081346    -0.56   0.573    -.0205339    .0113546
   cluster_security__identity |    .021577   .0056049     3.85   0.000     .0105911    .0325628
  cluster_systems_programming |   .0753578   .0074723    10.08   0.000     .0607116    .0900041
cluster_testing_qa__debugging |    .002923   .0050882     0.57   0.566    -.0070502    .0128962
                              |
                   country_id |
                          DE  |  -.3897989   .0157048   -24.82   0.000    -.4205812   -.3590166
                          IN  |  -2.796039   .0061471  -454.85   0.000    -2.808088   -2.783991
                              |
                     ai_level |
              AI Integration  |   .1048184   .0084823    12.36   0.000     .0881926    .1214441
             Applied/Core AI  |   .1382966   .0126047    10.97   0.000     .1135907    .1630025
                              |
          country_id#ai_level |
           DE#AI Integration  |  -.1207065    .036142    -3.34   0.001    -.1915471   -.0498659
          DE#Applied/Core AI  |  -.0964242    .048281    -2.00   0.046     -.191058   -.0017904
           IN#AI Integration  |  -.0273656   .0367408    -0.74   0.456    -.0993798    .0446487
          IN#Applied/Core AI  |  -.0157823   .0397042    -0.40   0.691     -.093605    .0620405
                              |
              sector_nace_num |
                           J  |   .0068905   .0068535     1.01   0.315    -.0065428    .0203238
                           K  |  -.0291741   .0084755    -3.44   0.001    -.0457866   -.0125616
                           M  |   .0009715   .0118876     0.08   0.935    -.0223289    .0242719
                       Other  |  -.0419753   .0089514    -4.69   0.000    -.0595207   -.0244299
                           Q  |  -.0233019   .0117674    -1.98   0.048    -.0463666   -.0002371
                     Unknown  |   .0160916   .0098463     1.63   0.102    -.0032077    .0353909
                              |
                    is_remote |   .1061126   .0068649    15.46   0.000     .0926569    .1195683
                              |
                     type_cat |
               Unknown/Other  |   .0436228   .0112374     3.88   0.000     .0215968    .0656487
                      Public  |  -.0063298   .0059944    -1.06   0.291    -.0180792    .0054196
           Nonprofit/Gov/Edu  |  -.0464499   .0118277    -3.93   0.000    -.0696329    -.023267
                              |
                     size_cat |
                     Unknown  |  -.0018426    .011021    -0.17   0.867    -.0234445    .0197593
                        1-50  |  -.0427187   .0099779    -4.28   0.000     -.062276   -.0231614
                      51-200  |  -.0604609    .009161    -6.60   0.000    -.0784171   -.0425047
                     201-500  |   -.052055   .0101393    -5.13   0.000    -.0719287   -.0321814
                    501-1000  |  -.0001982   .0119449    -0.02   0.987    -.0236109    .0232145
                  5001-10000  |  -.0036214    .010123    -0.36   0.721     -.023463    .0162203
                      10000+  |   .0108173   .0075067     1.44   0.150    -.0038962    .0255308
                              |
               job_family_num |
              DevOps & Cloud  |   .0028954   .0157123     0.18   0.854    -.0279016    .0336925
                  Management  |   .0118739   .0187636     0.63   0.527    -.0249039    .0486516
                       Other  |  -.0874057   .0138418    -6.31   0.000    -.1145366   -.0602748
          Software Developer  |  -.1058082    .014423    -7.34   0.000    -.1340782   -.0775381
           Software Engineer  |   .0036423   .0148752     0.24   0.807     -.025514    .0327985
       Sr+ Software Engineer  |    .068194    .016129     4.23   0.000     .0365802    .0998077
                              |
                      edu_ols |
                     Missing  |   .0282255    .005454     5.18   0.000     .0175353    .0389158
                 High School  |  -.0513324   .0146363    -3.51   0.000    -.0800206   -.0226443
                   Associate  |  -.0979327   .0141605    -6.92   0.000    -.1256882   -.0701772
                     Master+  |   .0887602   .0185228     4.79   0.000     .0524543    .1250661
                              |
                 exp_category |
                     Missing  |  -.0600291   .0072307    -8.30   0.000    -.0742017   -.0458566
                Junior (0-2)  |  -.1772956   .0063318   -28.00   0.000    -.1897063   -.1648848
                Senior+ (6+)  |   .1055446   .0069683    15.15   0.000     .0918862    .1192029
                              |
                        _cons |   11.66362   .0168697   691.39   0.000     11.63055    11.69668
-----------------------------------------------------------------------------------------------

. estimates store pooled_interaction

. display _n "--- 6.5b Wald F-test homogenity AI premie (country x ai_level) ---"

--- 6.5b Wald F-test homogenity AI premie (country x ai_level) ---

. testparm ib3.country_id#i.ai_level

 ( 1)  1.country_id#1.ai_level = 0
 ( 2)  1.country_id#2.ai_level = 0
 ( 3)  2.country_id#1.ai_level = 0
 ( 4)  2.country_id#2.ai_level = 0

       F(  4, 24295) =    3.48
            Prob > F =    0.0075

. 
. * --- 6.5c Marginalni efekty ai_level podle zeme ---
. display _n "--- 6.5c Marginalni efekty ai_level podle zeme ---"

--- 6.5c Marginalni efekty ai_level podle zeme ---

. margins country_id, dydx(ai_level)

Average marginal effects                        Number of obs     =     24,355
Model VCE    : Robust

Expression   : Linear prediction, predict()
dy/dx w.r.t. : 1.ai_level 2.ai_level

------------------------------------------------------------------------------
             |            Delta-method
             |      dy/dx   Std. Err.      t    P>|t|     [95% Conf. Interval]
-------------+----------------------------------------------------------------
0.ai_level   |  (base outcome)
-------------+----------------------------------------------------------------
1.ai_level   |
  country_id |
         DE  |  -.0158881   .0356531    -0.45   0.656    -.0857704    .0539942
         IN  |   .0774528   .0365797     2.12   0.034     .0057544    .1491512
         US  |   .1048184   .0084823    12.36   0.000     .0881926    .1214441
-------------+----------------------------------------------------------------
2.ai_level   |
  country_id |
         DE  |   .0418724   .0486732     0.86   0.390    -.0535302    .1372749
         IN  |   .1225143   .0403963     3.03   0.002     .0433351    .2016936
         US  |   .1382966   .0126047    10.97   0.000     .1135907    .1630025
------------------------------------------------------------------------------
Note: dy/dx for factor levels is the discrete change from the base level.

. 
. * --- 6.6 Per-country OLS (Model C specifikace zvlast na kazdem vzorku) ---
. * V US specifikaci pridavame i.region_num (4 regiony). V DE/IN nelze
. * (jen 1 uroven), proto tam vynechavame geografickou kontrolu. Slouzi
. * k vizualni kontrole, zda AI koeficienty odpovidaji interakcnimu modelu.
. display _n "--- 6.6 Per-country OLS (Model C, separately) ---"

--- 6.6 Per-country OLS (Model C, separately) ---

. * US (vcetne region FE)
. display _n "=========== Country = US ==========="

=========== Country = US ===========

. capture noisily regress ln_salary ///
>     cluster_* ///
>     i.ai_level ///
>     i.sector_nace_num ///
>     i.region_num ///
>     is_remote ///
>     ib1.type_cat ///
>     ib5.size_cat ///
>     i.job_family_num ///
>     ib3.edu_ols ///
>     ib3.exp_category ///
>     if country == "US" & ln_salary != ., vce(robust)

Linear regression                               Number of obs     =     14,642
                                                F(57, 14584)      =     186.30
                                                Prob > F          =     0.0000
                                                R-squared         =     0.3795
                                                Root MSE          =     .25738

-----------------------------------------------------------------------------------------------
                              |               Robust
                    ln_salary |      Coef.   Std. Err.      t    P>|t|     [95% Conf. Interval]
------------------------------+----------------------------------------------------------------
cluster_architecture__methods |   .0181435   .0063594     2.85   0.004     .0056784    .0306087
        cluster_bi__analytics |  -.0241552   .0046469    -5.20   0.000    -.0332638   -.0150466
  cluster_backend_development |   -.009291   .0053372    -1.74   0.082    -.0197526    .0011707
       cluster_certifications |  -.0149762   .0086415    -1.73   0.083    -.0319146    .0019621
      cluster_cloud_computing |   .0266915   .0053454     4.99   0.000     .0162139    .0371691
     cluster_data_engineering |   .0146523   .0051154     2.86   0.004     .0046255    .0246792
     cluster_data_science__ml |   .0176866   .0085392     2.07   0.038     .0009487    .0344246
   cluster_databases__storage |  -.0358509   .0050733    -7.07   0.000    -.0457953   -.0259066
   cluster_devops__containers |   .0252312   .0051617     4.89   0.000     .0151136    .0353488
         cluster_dynamic__web |   .0264943   .0049974     5.30   0.000     .0166988    .0362898
  cluster_enterprise__managed |  -.0173385   .0049994    -3.47   0.001    -.0271379   -.0075391
 cluster_enterprise_platforms |  -.0122002   .0097751    -1.25   0.212    -.0313605    .0069602
 cluster_frontend_development |   .0003916   .0051055     0.08   0.939    -.0096159    .0103991
        cluster_generative_ai |   .0237636   .0104485     2.27   0.023     .0032831    .0442441
      cluster_mobile__desktop |  -.0053899   .0062546    -0.86   0.389    -.0176497    .0068698
           cluster_networking |   .0118252    .005041     2.35   0.019     .0019443    .0217062
         cluster_os__embedded |   .0038399   .0057934     0.66   0.507    -.0075158    .0151957
     cluster_scripting__shell |  -.0147222   .0073212    -2.01   0.044    -.0290726   -.0003718
   cluster_security__identity |   .0240394   .0049347     4.87   0.000     .0143668    .0337119
  cluster_systems_programming |   .0736697   .0065144    11.31   0.000     .0609006    .0864388
cluster_testing_qa__debugging |  -.0180178   .0045576    -3.95   0.000    -.0269513   -.0090843
                              |
                     ai_level |
              AI Integration  |   .0747486    .007684     9.73   0.000      .059687    .0898103
             Applied/Core AI  |   .0963915   .0110802     8.70   0.000      .074673    .1181101
                              |
              sector_nace_num |
                           J  |   .0415602   .0064577     6.44   0.000     .0289024    .0542181
                           K  |   .0112499   .0082555     1.36   0.173    -.0049319    .0274316
                           M  |   .0623301   .0119368     5.22   0.000     .0389325    .0857276
                       Other  |   -.042876   .0081901    -5.24   0.000    -.0589297   -.0268223
                           Q  |   .0028712   .0111567     0.26   0.797    -.0189974    .0247397
                     Unknown  |   .0133085   .0092536     1.44   0.150    -.0048298    .0314468
                              |
                   region_num |
                   Northeast  |   .0984128    .007814    12.59   0.000     .0830963    .1137292
                       South  |   .0546399    .006448     8.47   0.000     .0420009    .0672789
                     Unknown  |   .1648607   .0091014    18.11   0.000     .1470208    .1827006
                        West  |   .2237813   .0069616    32.14   0.000     .2101357     .237427
                              |
                    is_remote |   .0346184   .0064477     5.37   0.000     .0219801    .0472568
                              |
                     type_cat |
               Unknown/Other  |  -.0406956   .0103905    -3.92   0.000    -.0610623    -.020329
                      Public  |   .0085873   .0059152     1.45   0.147    -.0030072    .0201818
           Nonprofit/Gov/Edu  |  -.0377189   .0113092    -3.34   0.001    -.0598864   -.0155514
                              |
                     size_cat |
                     Unknown  |  -.0460425   .0096586    -4.77   0.000    -.0649745   -.0271104
                        1-50  |  -.0590471    .008926    -6.62   0.000    -.0765432    -.041551
                      51-200  |  -.0460867   .0084577    -5.45   0.000     -.062665   -.0295085
                     201-500  |  -.0512542   .0091012    -5.63   0.000    -.0690938   -.0334147
                    501-1000  |  -.0215065   .0097354    -2.21   0.027    -.0405891   -.0024239
                  5001-10000  |   .0317397   .0106507     2.98   0.003      .010863    .0526164
                      10000+  |   .0695789   .0073935     9.41   0.000     .0550868    .0840711
                              |
               job_family_num |
              DevOps & Cloud  |   .0700724   .0127857     5.48   0.000     .0450108    .0951341
                  Management  |   .0939394   .0136697     6.87   0.000      .067145    .1207338
                       Other  |  -.0410513   .0110708    -3.71   0.000    -.0627515   -.0193511
          Software Developer  |  -.0557507    .011566    -4.82   0.000    -.0784214   -.0330799
           Software Engineer  |   .0708142   .0122479     5.78   0.000     .0468067    .0948217
       Sr+ Software Engineer  |   .1723071   .0123125    13.99   0.000     .1481731    .1964412
                              |
                      edu_ols |
                     Missing  |   .0331013   .0050934     6.50   0.000     .0231176    .0430851
                 High School  |  -.0350214   .0149532    -2.34   0.019    -.0643316   -.0057112
                   Associate  |  -.0760874   .0158791    -4.79   0.000    -.1072125   -.0449624
                     Master+  |   .0837796   .0135332     6.19   0.000     .0572528    .1103064
                              |
                 exp_category |
                     Missing  |  -.0040359   .0073497    -0.55   0.583    -.0184423    .0103706
                Junior (0-2)  |  -.1757871   .0061165   -28.74   0.000    -.1877763   -.1637979
                Senior+ (6+)  |   .1202045   .0055418    21.69   0.000     .1093418    .1310671
                              |
                        _cons |    11.4962   .0147646   778.63   0.000     11.46725    11.52514
-----------------------------------------------------------------------------------------------

. if _rc == 0 {
.     estimates store ols_US
. }

. 
. * DE a IN (bez region FE)
. foreach c in DE IN {
  2.     display _n "=========== Country = `c' ==========="
  3.     capture noisily regress ln_salary ///
>         cluster_* ///
>         i.ai_level ///
>         i.sector_nace_num ///
>         is_remote ///
>         ib1.type_cat ///
>         ib5.size_cat ///
>         i.job_family_num ///
>         ib3.edu_ols ///
>         ib3.exp_category ///
>         if country == "`c'" & ln_salary != ., vce(robust)
  4.     if _rc == 0 {
  5.         estimates store ols_`c'
  6.     }
  7.     else {
  8.         display as error "Model pro `c' selhal (return code: " _rc ") — pravdepodobne maly N."
  9.     }
 10. }

=========== Country = DE ===========

Linear regression                               Number of obs     =        514
                                                F(53, 460)        =       4.98
                                                Prob > F          =     0.0000
                                                R-squared         =     0.3150
                                                Root MSE          =     .26848

-----------------------------------------------------------------------------------------------
                              |               Robust
                    ln_salary |      Coef.   Std. Err.      t    P>|t|     [95% Conf. Interval]
------------------------------+----------------------------------------------------------------
cluster_architecture__methods |  -.0185044   .0330497    -0.56   0.576    -.0834516    .0464427
        cluster_bi__analytics |    .106979   .0368142     2.91   0.004     .0346342    .1793238
  cluster_backend_development |   .0122695   .0386896     0.32   0.751    -.0637608    .0882999
       cluster_certifications |  -.0268882   .0542805    -0.50   0.621    -.1335567    .0797802
      cluster_cloud_computing |   -.013659   .0321552    -0.42   0.671    -.0768483    .0495304
     cluster_data_engineering |    .052261   .0387146     1.35   0.178    -.0238185    .1283404
     cluster_data_science__ml |   -.084789   .0583184    -1.45   0.147    -.1993926    .0298145
   cluster_databases__storage |  -.0196493   .0268121    -0.73   0.464    -.0723387    .0330401
   cluster_devops__containers |   .0475399    .032726     1.45   0.147    -.0167711    .1118509
         cluster_dynamic__web |   .0132215   .0328439     0.40   0.687    -.0513212    .0777641
  cluster_enterprise__managed |  -.0606716   .0319293    -1.90   0.058    -.1234171    .0020738
 cluster_enterprise_platforms |   .0636428   .0988238     0.64   0.520    -.1305593    .2578449
 cluster_frontend_development |  -.0325136   .0365826    -0.89   0.375    -.1044033    .0393761
        cluster_generative_ai |   .0322155   .0619745     0.52   0.603    -.0895728    .1540038
      cluster_mobile__desktop |  -.0294588    .038928    -0.76   0.450    -.1059575      .04704
           cluster_networking |   .0072262   .0332957     0.22   0.828    -.0582044    .0726568
         cluster_os__embedded |  -.0608796   .0388403    -1.57   0.118     -.137206    .0154468
     cluster_scripting__shell |   .1253985   .0414357     3.03   0.003     .0439717    .2068254
   cluster_security__identity |   .0077749   .0327006     0.24   0.812    -.0564862     .072036
  cluster_systems_programming |  -.0210024   .0408628    -0.51   0.608    -.1013032    .0592985
cluster_testing_qa__debugging |  -.0621015   .0368026    -1.69   0.092    -.1344237    .0102206
                              |
                     ai_level |
              AI Integration  |   .0227096   .0415331     0.55   0.585    -.0589084    .1043277
             Applied/Core AI  |   .1433316   .0736361     1.95   0.052    -.0013733    .2880364
                              |
              sector_nace_num |
                           J  |   -.220075   .0771439    -2.85   0.005    -.3716732   -.0684768
                           K  |  -.2186957   .1172451    -1.87   0.063     -.449098    .0117066
                           M  |  -.3352253   .1237876    -2.71   0.007    -.5784845    -.091966
                       Other  |  -.2592305   .0694876    -3.73   0.000    -.3957829    -.122678
                           Q  |  -.3412659   .0838585    -4.07   0.000    -.5060592   -.1764726
                     Unknown  |   -.272913   .0801814    -3.40   0.001    -.4304802   -.1153458
                              |
                    is_remote |   .0482823   .0380371     1.27   0.205    -.0264657    .1230303
                              |
                     type_cat |
               Unknown/Other  |   .0062829   .0411643     0.15   0.879    -.0746104    .0871763
                      Public  |   .0719512   .0408645     1.76   0.079    -.0083531    .1522555
           Nonprofit/Gov/Edu  |   .1187747    .082798     1.43   0.152    -.0439346     .281484
                              |
                     size_cat |
                     Unknown  |   .0228024   .0668709     0.34   0.733    -.1086078    .1542127
                        1-50  |   .0159752   .0658719     0.24   0.808     -.113472    .1454224
                      51-200  |  -.0328632    .078472    -0.42   0.676    -.1870713    .1213449
                     201-500  |  -.1099017    .096235    -1.14   0.254    -.2990164     .079213
                    501-1000  |   .0622766    .084183     0.74   0.460    -.1031543    .2277074
                  5001-10000  |  -.1325261   .0808812    -1.64   0.102    -.2914687    .0264164
                      10000+  |  -.0406695   .0863605    -0.47   0.638    -.2103795    .1290404
                              |
               job_family_num |
              DevOps & Cloud  |   .0897078   .0743136     1.21   0.228    -.0563285    .2357441
                  Management  |   .2550583   .0767409     3.32   0.001     .1042522    .4058644
                       Other  |    .090835   .0828564     1.10   0.274    -.0719889     .253659
          Software Developer  |   .0906613   .0765751     1.18   0.237    -.0598191    .2411417
           Software Engineer  |   .1609076   .0771106     2.09   0.037     .0093749    .3124403
       Sr+ Software Engineer  |   .1982419   .0792168     2.50   0.013     .0425701    .3539136
                              |
                      edu_ols |
                     Missing  |  -.0206643   .0333514    -0.62   0.536    -.0862043    .0448758
                 High School  |  -.5197809   .1265473    -4.11   0.000    -.7684635   -.2710984
                   Associate  |  -.0007899   .0443275    -0.02   0.986    -.0878994    .0863195
                     Master+  |   .0098492   .0690313     0.14   0.887    -.1258066     .145505
                              |
                 exp_category |
                     Missing  |  -.0848463   .0284477    -2.98   0.003    -.1407498   -.0289427
                Junior (0-2)  |  -.2470815    .042177    -5.86   0.000     -.329965    -.164198
                Senior+ (6+)  |   .1002181   .0454617     2.20   0.028     .0108797    .1895564
                              |
                        _cons |   11.45003    .115092    99.49   0.000     11.22386     11.6762
-----------------------------------------------------------------------------------------------

=========== Country = IN ===========

Linear regression                               Number of obs     =      9,199
                                                F(53, 9145)       =      25.00
                                                Prob > F          =     0.0000
                                                R-squared         =     0.1483
                                                Root MSE          =     .46882

-----------------------------------------------------------------------------------------------
                              |               Robust
                    ln_salary |      Coef.   Std. Err.      t    P>|t|     [95% Conf. Interval]
------------------------------+----------------------------------------------------------------
cluster_architecture__methods |  -.0113701   .0120401    -0.94   0.345    -.0349713    .0122312
        cluster_bi__analytics |  -.0094699   .0116265    -0.81   0.415    -.0322604    .0133206
  cluster_backend_development |   .0039337   .0118247     0.33   0.739    -.0192453    .0271126
       cluster_certifications |    .047367   .0233941     2.02   0.043     .0015094    .0932246
      cluster_cloud_computing |   .0456567   .0132757     3.44   0.001     .0196334    .0716801
     cluster_data_engineering |   .0276159   .0125366     2.20   0.028     .0030414    .0521905
     cluster_data_science__ml |  -.0356339   .0208498    -1.71   0.087    -.0765043    .0052364
   cluster_databases__storage |   .0193991   .0117086     1.66   0.098    -.0035525    .0423506
   cluster_devops__containers |    .045982   .0129567     3.55   0.000      .020584      .07138
         cluster_dynamic__web |  -.0274296   .0113457    -2.42   0.016    -.0496696   -.0051896
  cluster_enterprise__managed |   .0382485     .01213     3.15   0.002     .0144709     .062026
 cluster_enterprise_platforms |  -.0002977   .0296519    -0.01   0.992     -.058422    .0578266
 cluster_frontend_development |   -.000076   .0118196    -0.01   0.995     -.023245    .0230931
        cluster_generative_ai |  -.0985669   .0364027    -2.71   0.007    -.1699244   -.0272094
      cluster_mobile__desktop |  -.0509678    .013307    -3.83   0.000    -.0770524   -.0248832
           cluster_networking |   .0091706   .0124557     0.74   0.462    -.0152454    .0335866
         cluster_os__embedded |   .0163523   .0148053     1.10   0.269    -.0126693    .0453739
     cluster_scripting__shell |   .0267831   .0183802     1.46   0.145    -.0092462    .0628125
   cluster_security__identity |   .0307437   .0126286     2.43   0.015     .0059888    .0554985
  cluster_systems_programming |   .0164342   .0191682     0.86   0.391    -.0211397    .0540081
cluster_testing_qa__debugging |   .0315596   .0108063     2.92   0.004     .0103767    .0527424
                              |
                     ai_level |
              AI Integration  |   .0996509   .0419858     2.37   0.018     .0173493    .1819525
             Applied/Core AI  |   .1426653   .0482414     2.96   0.003     .0481015    .2372292
                              |
              sector_nace_num |
                           J  |  -.0830951   .0158273    -5.25   0.000    -.1141202   -.0520699
                           K  |  -.0663967   .0203761    -3.26   0.001    -.1063385   -.0264549
                           M  |  -.0427719    .024414    -1.75   0.080    -.0906288    .0050849
                       Other  |  -.0175089   .0251601    -0.70   0.487    -.0668283    .0318105
                           Q  |  -.0625184   .0422258    -1.48   0.139    -.1452905    .0202537
                     Unknown  |  -.0781469   .0228843    -3.41   0.001    -.1230053   -.0332885
                              |
                    is_remote |   .2008993    .020883     9.62   0.000     .1599639    .2418347
                              |
                     type_cat |
               Unknown/Other  |   .0795179    .022921     3.47   0.001     .0345876    .1244481
                      Public  |  -.0222678   .0129031    -1.73   0.084    -.0475607    .0030251
           Nonprofit/Gov/Edu  |  -.0395978   .0700287    -0.57   0.572    -.1768697    .0976742
                              |
                     size_cat |
                     Unknown  |   .0903517   .0304221     2.97   0.003     .0307177    .1499858
                        1-50  |   .0444335   .0239855     1.85   0.064    -.0025835    .0914506
                      51-200  |  -.0546662   .0213132    -2.56   0.010    -.0964449   -.0128876
                     201-500  |  -.0129355   .0263044    -0.49   0.623     -.064498    .0386271
                    501-1000  |   .0389882   .0328204     1.19   0.235    -.0253471    .1033235
                  5001-10000  |  -.0797201   .0211618    -3.77   0.000    -.1212019   -.0382383
                      10000+  |  -.0831889   .0163931    -5.07   0.000     -.115323   -.0510547
                              |
               job_family_num |
              DevOps & Cloud  |  -.1433859   .0351499    -4.08   0.000    -.2122876   -.0744842
                  Management  |  -.1159083   .0390635    -2.97   0.003    -.1924815   -.0393351
                       Other  |  -.1923445   .0327386    -5.88   0.000    -.2565195   -.1281695
          Software Developer  |  -.2071186   .0326437    -6.34   0.000    -.2711076   -.1431297
           Software Engineer  |  -.1155344   .0340507    -3.39   0.001    -.1822813   -.0487874
       Sr+ Software Engineer  |  -.1088958   .0367639    -2.96   0.003    -.1809613   -.0368303
                              |
                      edu_ols |
                     Missing  |   .0180341   .0104574     1.72   0.085    -.0024647     .038533
                 High School  |  -.1406136   .0666705    -2.11   0.035    -.2713028   -.0099245
                   Associate  |  -.1553419   .0361197    -4.30   0.000    -.2261446   -.0845391
                     Master+  |   .1215256   .0369368     3.29   0.001     .0491212      .19393
                              |
                 exp_category |
                     Missing  |  -.1105981   .0140006    -7.90   0.000    -.1380424   -.0831539
                Junior (0-2)  |  -.2091267    .012901   -16.21   0.000    -.2344156   -.1838378
                Senior+ (6+)  |   .1111889   .0161334     6.89   0.000     .0795638     .142814
                              |
                        _cons |   9.031517   .0395916   228.12   0.000     8.953909    9.109125
-----------------------------------------------------------------------------------------------

. 
. display _n "--- 6.6b Per-country porovnani AI koeficientu ---"

--- 6.6b Per-country porovnani AI koeficientu ---

. capture estimates table ols_US ols_DE ols_IN, ///
>     keep(1.ai_level 2.ai_level) star stats(N r2)

. 
. * --- 6.7 Robustnostni kontrola: Clusterovane SE na urovni firmy ---
. display _n "--- 6.7 Model FE-C s clusterovanymi SE (company_id) ---"

--- 6.7 Model FE-C s clusterovanymi SE (company_id) ---

. regress ln_salary ///
>     cluster_* ///
>     i.ai_level ///
>     ib3.country_id ///
>     i.sector_nace_num ///
>     is_remote ///
>     ib1.type_cat ///
>     ib5.size_cat ///
>     i.job_family_num ///
>     ib3.edu_ols ///
>     ib3.exp_category ///
>     if ln_salary != ., vce(cluster company_id)

Linear regression                               Number of obs     =     22,288
                                                F(55, 9768)       =    2580.38
                                                Prob > F          =     0.0000
                                                R-squared         =     0.9409
                                                Root MSE          =     .34259

                                          (Std. Err. adjusted for 9,769 clusters in company_id)
-----------------------------------------------------------------------------------------------
                              |               Robust
                    ln_salary |      Coef.   Std. Err.      t    P>|t|     [95% Conf. Interval]
------------------------------+----------------------------------------------------------------
cluster_architecture__methods |   .0077949   .0069017     1.13   0.259    -.0057339    .0213237
        cluster_bi__analytics |  -.0253266   .0055764    -4.54   0.000    -.0362575   -.0143957
  cluster_backend_development |  -.0027012   .0071425    -0.38   0.705     -.016702    .0112996
       cluster_certifications |   -.005881   .0107803    -0.55   0.585    -.0270127    .0152507
      cluster_cloud_computing |   .0297427   .0071595     4.15   0.000     .0157087    .0437768
     cluster_data_engineering |   .0112653    .006241     1.81   0.071    -.0009684     .023499
     cluster_data_science__ml |   -.005779   .0120069    -0.48   0.630    -.0293151    .0177571
   cluster_databases__storage |  -.0174104   .0060314    -2.89   0.004    -.0292332   -.0055876
   cluster_devops__containers |   .0255934   .0063818     4.01   0.000     .0130838     .038103
         cluster_dynamic__web |   .0188475   .0060319     3.12   0.002     .0070237    .0306712
  cluster_enterprise__managed |  -.0124354    .006444    -1.93   0.054    -.0250669    .0001962
 cluster_enterprise_platforms |  -.0056756   .0128639    -0.44   0.659    -.0308914    .0195403
 cluster_frontend_development |   .0054169   .0064311     0.84   0.400    -.0071893    .0180231
        cluster_generative_ai |   .0042332   .0190467     0.22   0.824    -.0331022    .0415687
      cluster_mobile__desktop |  -.0093995   .0086884    -1.08   0.279    -.0264306    .0076316
           cluster_networking |   .0163679   .0078806     2.08   0.038     .0009202    .0318156
         cluster_os__embedded |   .0083739   .0074734     1.12   0.263    -.0062755    .0230233
     cluster_scripting__shell |  -.0102931   .0086824    -1.19   0.236    -.0273124    .0067263
   cluster_security__identity |   .0212785   .0065808     3.23   0.001     .0083787    .0341783
  cluster_systems_programming |   .0709779   .0102625     6.92   0.000     .0508612    .0910946
cluster_testing_qa__debugging |   .0013974   .0057241     0.24   0.807    -.0098229    .0126177
                              |
                     ai_level |
              AI Integration  |   .1044435   .0104028    10.04   0.000     .0840517    .1248352
             Applied/Core AI  |   .1264526   .0150956     8.38   0.000     .0968621    .1560432
                              |
                   country_id |
                          DE  |    -.40135   .0188708   -21.27   0.000    -.4383406   -.3643594
                          IN  |  -2.828627   .0137124  -206.28   0.000    -2.855506   -2.801747
                              |
              sector_nace_num |
                           J  |   .0136851   .0166564     0.82   0.411    -.0189648     .046335
                           K  |  -.0227744   .0148553    -1.53   0.125    -.0518939     .006345
                           M  |   .0093835   .0257165     0.36   0.715    -.0410262    .0597933
                       Other  |  -.0377563   .0184699    -2.04   0.041    -.0739612   -.0015514
                           Q  |  -.0189068   .0216292    -0.87   0.382    -.0613045    .0234909
                     Unknown  |   .0208531   .0199534     1.05   0.296    -.0182597    .0599659
                              |
                    is_remote |   .1033302   .0103177    10.01   0.000     .0831055     .123555
                              |
                     type_cat |
               Unknown/Other  |   .0093672   .0285385     0.33   0.743    -.0465742    .0653087
                      Public  |  -.0031022   .0129444    -0.24   0.811    -.0284759    .0222716
           Nonprofit/Gov/Edu  |  -.0574051   .0281905    -2.04   0.042    -.1126642   -.0021459
                              |
                     size_cat |
                     Unknown  |  -.0239422   .0213244    -1.12   0.262    -.0657423     .017858
                        1-50  |  -.0492963   .0190174    -2.59   0.010    -.0865743   -.0120183
                      51-200  |  -.0634964    .014932    -4.25   0.000    -.0927661   -.0342267
                     201-500  |   -.056023   .0161101    -3.48   0.001    -.0876022   -.0244439
                    501-1000  |  -.0033197   .0212565    -0.16   0.876    -.0449868    .0383473
                  5001-10000  |  -.0023686   .0246728    -0.10   0.924    -.0507324    .0459952
                      10000+  |   .0122573   .0162148     0.76   0.450     -.019527    .0440416
                              |
               job_family_num |
              DevOps & Cloud  |  -.0000412    .016342    -0.00   0.998    -.0320748    .0319925
                  Management  |  -.0052191   .0203392    -0.26   0.797    -.0450882      .03465
                       Other  |  -.0854924   .0150032    -5.70   0.000    -.1149017   -.0560831
          Software Developer  |  -.1049999    .016137    -6.51   0.000    -.1366318   -.0733681
           Software Engineer  |   .0050356   .0162669     0.31   0.757    -.0268508    .0369221
       Sr+ Software Engineer  |   .0606759   .0182261     3.33   0.001     .0249489    .0964028
                              |
                      edu_ols |
                     Missing  |    .036259   .0074174     4.89   0.000     .0217194    .0507986
                 High School  |  -.0505959    .020344    -2.49   0.013    -.0904744   -.0107175
                   Associate  |  -.0988092   .0210428    -4.70   0.000    -.1400574    -.057561
                     Master+  |   .0686422   .0201258     3.41   0.001     .0291913     .108093
                              |
                 exp_category |
                     Missing  |  -.0399379   .0098871    -4.04   0.000    -.0593187   -.0205571
                Junior (0-2)  |  -.1465422   .0075808   -19.33   0.000    -.1614022   -.1316822
                Senior+ (6+)  |   .0992856   .0082452    12.04   0.000     .0831232    .1154479
                              |
                        _cons |   11.66963   .0228479   510.75   0.000     11.62484    11.71441
-----------------------------------------------------------------------------------------------

. estimates store pooled_fe_c_cluster

. 
. display _n "--- 6.7b Porovnani robust vs cluster SE ---"

--- 6.7b Porovnani robust vs cluster SE ---

. estimates table pooled_fe_c pooled_fe_c_cluster, star stats(N r2 r2_a)

----------------------------------------------
    Variable |  pooled_fe_c    pooled_fe_c~r  
-------------+--------------------------------
cluster_ar~s |  .00432704       .00779491     
cluster_bi~s |   -.024932***   -.02532664***  
cluster_ba~t | -.00099217      -.00270121     
cluster_ce~s |  .00448037      -.00588104     
cluster_cl~g |   .0292446***    .02974274***  
cluster_da~g |  .01776972**     .01126529     
cluster_da~l |  -.0009115      -.00577896     
cluster_da~e | -.01482636**    -.01741039**   
cluster_de~s |  .03621318***    .02559339***  
cluster_dy~b |  .01458003**     .01884745**   
cluster_en~d |  -.0014353      -.01243538     
cluster_en~s | -.00776674      -.00567556     
cluster_fr~t |  .00176934       .00541692     
cluster_ge~i | -.00425692       .00423322     
cluster_mo~p | -.01530385*     -.00939952     
cluster_ne~g |   .0167572**     .01636793*    
cluster_os~d |  .00130985       .00837392     
cluster_sc~l |  -.0045949      -.01029306     
cluster_se~y |  .02137865***    .02127847**   
cluster_sy~g |  .07536343***    .07097792***  
cluster_te~g |  .00278517       .00139738     
             |
    ai_level |
AI Integr..  |  .09837032***    .10444346***  
Applied/C..  |  .13300342***    .12645262***  
             |
  country_id |
         DE  | -.41523277***   -.40134999***  
         IN  | -2.7983887***   -2.8286266***  
             |
sector_nac~m |
          J  |  .00724729       .01368509     
          K  | -.02886552***   -.02277445     
          M  |  .00158752       .00938355     
      Other  |  -.0414229***    -.0377563*    
          Q  |  -.0228719      -.01890683     
    Unknown  |   .0167509       .02085307     
             |
   is_remote |  .10606815***    .10333024***  
             |
    type_cat |
Unknown/O~r  |  .04361251***     .0093672     
             |
    type_cat |
     Public  | -.00658952      -.00310215     
Nonprofit~u  | -.04683087***   -.05740508*    
             |
    size_cat |
    Unknown  | -.00257952      -.02394215     
       1-50  |  -.0434464***   -.04929631**   
     51-200  | -.06067624***    -.0634964***  
    201-500  | -.05234238***   -.05602304***  
   501-1000  | -.00026491      -.00331975     
             |
    size_cat |
 5001-10000  | -.00349508      -.00236858     
     10000+  |  .01090765        .0122573     
             |
job_family~m |
DevOps & ..  |  .00478101      -.00004116     
 Management  |   .0135815      -.00521907     
      Other  | -.08572812***   -.08549244***  
Software ..  | -.10386644***   -.10499995***  
Software ..  |   .0057076       .00503565     
Sr+ Softw..  |  .06985476***    .06067587***  
             |
     edu_ols |
    Missing  |  .02872832***    .03625902***  
High School  |  -.0516599***   -.05059595*    
  Associate  | -.09617188***   -.09880919***  
             |
     edu_ols |
    Master+  |  .08517187***    .06864216***  
             |
exp_category |
    Missing  | -.06016145***   -.03993789***  
Junior (..)  | -.17734027***    -.1465422***  
             |
exp_category |
Senior+ ..)  |  .10548331***    .09928557***  
             |
       _cons |  11.663542***    11.669626***  
-------------+--------------------------------
           N |      24355           22288     
          r2 |  .93332488       .94085114     
        r2_a |  .93317397       .94070481     
----------------------------------------------
      legend: * p<0.05; ** p<0.01; *** p<0.001

. 
. * --- 6.8 Robustnostni kontrola: Model FE-C bez cirkularnich clusteru ---
. * cluster_generative_ai a cluster_data_science__ml primo implikuji AI pozadavek.
. display _n "--- 6.8 Model FE-C bez GenAI a DS/ML clusteru ---"

--- 6.8 Model FE-C bez GenAI a DS/ML clusteru ---

. rename cluster_generative_ai _excl_genai_ols

. rename cluster_data_science__ml _excl_dsml_ols

. 
. regress ln_salary ///
>     cluster_* ///
>     i.ai_level ///
>     ib3.country_id ///
>     i.sector_nace_num ///
>     is_remote ///
>     ib1.type_cat ///
>     ib5.size_cat ///
>     i.job_family_num ///
>     ib3.edu_ols ///
>     ib3.exp_category ///
>     if ln_salary != ., vce(robust)

Linear regression                               Number of obs     =     24,355
                                                F(53, 24301)      =    6514.00
                                                Prob > F          =     0.0000
                                                R-squared         =     0.9333
                                                Root MSE          =     .36767

-----------------------------------------------------------------------------------------------
                              |               Robust
                    ln_salary |      Coef.   Std. Err.      t    P>|t|     [95% Conf. Interval]
------------------------------+----------------------------------------------------------------
cluster_architecture__methods |   .0043344   .0064832     0.67   0.504     -.008373    .0170419
        cluster_bi__analytics |  -.0249023   .0051566    -4.83   0.000    -.0350094   -.0147951
  cluster_backend_development |  -.0010407   .0057195    -0.18   0.856    -.0122513    .0101699
       cluster_certifications |   .0044526   .0108981     0.41   0.683    -.0169083    .0258134
      cluster_cloud_computing |   .0291894   .0060215     4.85   0.000      .017387    .0409919
     cluster_data_engineering |   .0177405   .0058596     3.03   0.002     .0062553    .0292258
   cluster_databases__storage |  -.0148328   .0056015    -2.65   0.008    -.0258121   -.0038534
   cluster_devops__containers |   .0361786   .0059126     6.12   0.000     .0245895    .0477676
         cluster_dynamic__web |   .0145371   .0055413     2.62   0.009     .0036759    .0253984
  cluster_enterprise__managed |  -.0013859   .0056675    -0.24   0.807    -.0124946    .0097229
 cluster_enterprise_platforms |  -.0077646   .0115013    -0.68   0.500    -.0303079    .0147787
 cluster_frontend_development |   .0017518   .0055467     0.32   0.752      -.00912    .0126237
      cluster_mobile__desktop |  -.0153123   .0064871    -2.36   0.018    -.0280274   -.0025972
           cluster_networking |   .0167401   .0055556     3.01   0.003     .0058507    .0276294
         cluster_os__embedded |   .0013598   .0064972     0.21   0.834    -.0113751    .0140948
     cluster_scripting__shell |  -.0045465   .0081321    -0.56   0.576    -.0204858    .0113928
   cluster_security__identity |   .0213579   .0056068     3.81   0.000     .0103683    .0323475
  cluster_systems_programming |   .0753645    .007467    10.09   0.000     .0607287    .0900003
cluster_testing_qa__debugging |   .0027767   .0050851     0.55   0.585    -.0071904    .0127438
                              |
                     ai_level |
              AI Integration  |   .0969543   .0079773    12.15   0.000     .0813183    .1125902
             Applied/Core AI  |   .1307728   .0118101    11.07   0.000     .1076242    .1539214
                              |
                   country_id |
                          DE  |  -.4153301   .0140038   -29.66   0.000    -.4427784   -.3878819
                          IN  |  -2.798525   .0061145  -457.69   0.000     -2.81051    -2.78654
                              |
              sector_nace_num |
                           J  |   .0071889   .0068462     1.05   0.294      -.00623    .0206079
                           K  |  -.0288947   .0084686    -3.41   0.001    -.0454937   -.0122957
                           M  |    .001508   .0118973     0.13   0.899    -.0218115    .0248274
                       Other  |  -.0414576   .0089447    -4.63   0.000    -.0589898   -.0239253
                           Q  |  -.0228155   .0117625    -1.94   0.052    -.0458707    .0002397
                     Unknown  |   .0167592   .0098356     1.70   0.088    -.0025193    .0360376
                              |
                    is_remote |   .1060433   .0068598    15.46   0.000     .0925977    .1194889
                              |
                     type_cat |
               Unknown/Other  |   .0435819   .0112412     3.88   0.000     .0215486    .0656153
                      Public  |  -.0065945   .0059926    -1.10   0.271    -.0183404    .0051513
           Nonprofit/Gov/Edu  |  -.0468679   .0118399    -3.96   0.000    -.0700748    -.023661
                              |
                     size_cat |
                     Unknown  |  -.0026011   .0110177    -0.24   0.813    -.0241964    .0189942
                        1-50  |   -.043441   .0099781    -4.35   0.000    -.0629987   -.0238833
                      51-200  |  -.0606835   .0091588    -6.63   0.000    -.0786352   -.0427317
                     201-500  |  -.0523231   .0101377    -5.16   0.000    -.0721937   -.0324525
                    501-1000  |  -.0002357    .011943    -0.02   0.984    -.0236446    .0231733
                  5001-10000  |  -.0034756   .0101149    -0.34   0.731    -.0233014    .0163503
                      10000+  |   .0108992   .0075061     1.45   0.147    -.0038133    .0256117
                              |
               job_family_num |
              DevOps & Cloud  |   .0052319   .0157091     0.33   0.739    -.0255588    .0360227
                  Management  |   .0139061   .0187133     0.74   0.457     -.022773    .0505853
                       Other  |  -.0853353   .0138114    -6.18   0.000    -.1124065   -.0582642
          Software Developer  |   -.103457   .0144071    -7.18   0.000    -.1316957   -.0752183
           Software Engineer  |   .0060964    .014817     0.41   0.681    -.0229458    .0351385
       Sr+ Software Engineer  |   .0702174   .0161506     4.35   0.000     .0385612    .1018736
                              |
                      edu_ols |
                     Missing  |   .0287502   .0054514     5.27   0.000     .0180652    .0394352
                 High School  |  -.0516672   .0145937    -3.54   0.000    -.0802718   -.0230626
                   Associate  |  -.0961878   .0141789    -6.78   0.000    -.1239793   -.0683963
                     Master+  |   .0847506   .0186249     4.55   0.000     .0482446    .1212567
                              |
                 exp_category |
                     Missing  |  -.0601581   .0072339    -8.32   0.000     -.074337   -.0459793
                Junior (0-2)  |   -.177342   .0063315   -28.01   0.000    -.1897521    -.164932
                Senior+ (6+)  |   .1054616   .0069683    15.13   0.000     .0918033    .1191198
                              |
                        _cons |   11.66325   .0167834   694.93   0.000     11.63035    11.69614
-----------------------------------------------------------------------------------------------

. estimates store pooled_fe_c_nocirc

. 
. rename _excl_genai_ols cluster_generative_ai

. rename _excl_dsml_ols cluster_data_science__ml

. 
. display _n "--- 6.8b Porovnani Model FE-C vs FE-C-nocirc ---"

--- 6.8b Porovnani Model FE-C vs FE-C-nocirc ---

. estimates table pooled_fe_c pooled_fe_c_nocirc, ///
>     keep(1.ai_level 2.ai_level 1.country_id 2.country_id) star stats(N r2 r2_a)

----------------------------------------------
    Variable |  pooled_fe_c    pooled_fe_c~c  
-------------+--------------------------------
    ai_level |
AI Integr..  |  .09837032***    .09695427***  
Applied/C..  |  .13300342***    .13077281***  
             |
  country_id |
         DE  | -.41523277***   -.41533014***  
         IN  | -2.7983887***   -2.7985249***  
-------------+--------------------------------
           N |      24355           24355     
          r2 |  .93332488       .93332448     
        r2_a |  .93317397       .93317906     
----------------------------------------------
      legend: * p<0.05; ** p<0.01; *** p<0.001

. 
. * --- 6.9 Heckmanova korekce na sdruceni vzorku (robustnost) ---
. * Vzhledem k obrovsky odlisnemu pokryti mzdovych dat napric zememi (US ~82 %,
. * IN ~65 %, DE ~8 %) je Heckmanova korekce zvlast relevantni. Identifikace je,
. * stejne jako v hlavni analyze, jen z funkcionalni formy probit modelu.
. display _n "--- 6.9 Heckman MLE (Model FE-C specifikace) ---"

--- 6.9 Heckman MLE (Model FE-C specifikace) ---

. heckman ln_salary ///
>     cluster_* ///
>     i.ai_level ///
>     ib3.country_id ///
>     i.sector_nace_num ///
>     is_remote ///
>     ib1.type_cat ///
>     ib5.size_cat ///
>     i.job_family_num ///
>     ib3.edu_ols ///
>     ib3.exp_category, ///
>     select(has_salary = ///
>         i.ai_level ///
>         ib3.country_id ///
>         i.sector_nace_num ///
>         is_remote ///
>         ib1.type_cat ///
>         ib5.size_cat ///
>         i.job_family_num ///
>         ib2.edu_logit ///
>         ib3.exp_category) ///
>     vce(robust)

Iteration 0:   log pseudolikelihood = -29782.128  
Iteration 1:   log pseudolikelihood = -29104.022  
Iteration 2:   log pseudolikelihood = -28531.952  
Iteration 3:   log pseudolikelihood = -28524.736  
Iteration 4:   log pseudolikelihood = -28524.716  
Iteration 5:   log pseudolikelihood = -28524.716  

Heckman selection model                         Number of obs     =     38,432
(regression model with sample selection)              Selected    =     24,355
                                                      Nonselected =     14,077

                                                Wald chi2(55)     =  308177.29
Log pseudolikelihood = -28524.72                Prob > chi2       =     0.0000

-----------------------------------------------------------------------------------------------
                              |               Robust
                              |      Coef.   Std. Err.      z    P>|z|     [95% Conf. Interval]
------------------------------+----------------------------------------------------------------
ln_salary                     |
cluster_architecture__methods |   .0037757   .0062055     0.61   0.543    -.0083869    .0159383
        cluster_bi__analytics |  -.0200743   .0050502    -3.97   0.000    -.0299726   -.0101761
  cluster_backend_development |   -.003996   .0055736    -0.72   0.473    -.0149201    .0069281
       cluster_certifications |    .005063   .0101127     0.50   0.617    -.0147576    .0248835
      cluster_cloud_computing |   .0297091   .0058239     5.10   0.000     .0182945    .0411238
     cluster_data_engineering |   .0189447   .0056256     3.37   0.001     .0079187    .0299707
     cluster_data_science__ml |  -.0051654   .0096052    -0.54   0.591    -.0239912    .0136603
   cluster_databases__storage |  -.0125331    .005373    -2.33   0.020     -.023064   -.0020022
   cluster_devops__containers |   .0374478   .0056991     6.57   0.000     .0262779    .0486177
         cluster_dynamic__web |   .0113843   .0053312     2.14   0.033     .0009353    .0218333
  cluster_enterprise__managed |  -.0012698   .0054353    -0.23   0.815    -.0119227    .0093832
 cluster_enterprise_platforms |  -.0039727   .0112298    -0.35   0.724    -.0259828    .0180374
 cluster_frontend_development |   .0003931   .0054353     0.07   0.942    -.0102599     .011046
        cluster_generative_ai |  -.0091191   .0119314    -0.76   0.445    -.0325042     .014266
      cluster_mobile__desktop |  -.0152724   .0062911    -2.43   0.015    -.0276028    -.002942
           cluster_networking |    .011936   .0055043     2.17   0.030     .0011478    .0227242
         cluster_os__embedded |   .0033231   .0062908     0.53   0.597    -.0090066    .0156527
     cluster_scripting__shell |   .0009867   .0079999     0.12   0.902    -.0146928    .0166661
   cluster_security__identity |   .0237889   .0054553     4.36   0.000     .0130967     .034481
  cluster_systems_programming |   .0655605   .0073636     8.90   0.000     .0511281    .0799929
cluster_testing_qa__debugging |   .0036852    .004923     0.75   0.454    -.0059637    .0133341
                              |
                     ai_level |
              AI Integration  |    .116878   .0096998    12.05   0.000     .0978668    .1358892
             Applied/Core AI  |   .1515897   .0149479    10.14   0.000     .1222924    .1808869
                              |
                   country_id |
                          DE  |  -.9846403   .0201174   -48.94   0.000     -1.02407   -.9452109
                          IN  |  -2.907895   .0063934  -454.83   0.000    -2.920426   -2.895364
                              |
              sector_nace_num |
                           J  |  -.0248846   .0078931    -3.15   0.002    -.0403548   -.0094143
                           K  |   -.002972   .0098489    -0.30   0.763    -.0222755    .0163314
                           M  |  -.0035747   .0133506    -0.27   0.789    -.0297415    .0225921
                       Other  |  -.0305995    .010286    -2.97   0.003    -.0507596   -.0104393
                           Q  |  -.0120454   .0141067    -0.85   0.393     -.039694    .0156032
                     Unknown  |  -.0052124   .0108744    -0.48   0.632    -.0265258     .016101
                              |
                    is_remote |   .0065633   .0079362     0.83   0.408    -.0089913    .0221179
                              |
                     type_cat |
               Unknown/Other  |   .0339507   .0119432     2.84   0.004     .0105424     .057359
                      Public  |   .0045142   .0068101     0.66   0.507    -.0088333    .0178617
           Nonprofit/Gov/Edu  |  -.0390324   .0136187    -2.87   0.004    -.0657245   -.0123402
                              |
                     size_cat |
                     Unknown  |  -.0133818   .0121394    -1.10   0.270    -.0371746    .0104111
                        1-50  |  -.0503292   .0110704    -4.55   0.000    -.0720267   -.0286317
                      51-200  |  -.0726167   .0104674    -6.94   0.000    -.0931325    -.052101
                     201-500  |   -.058675   .0115298    -5.09   0.000    -.0812729   -.0360771
                    501-1000  |  -.0173675    .013349    -1.30   0.193    -.0435311    .0087961
                  5001-10000  |   .0040455   .0116434     0.35   0.728    -.0187751    .0268662
                      10000+  |   .0140533   .0086982     1.62   0.106    -.0029948    .0311014
                              |
               job_family_num |
              DevOps & Cloud  |  -.0102978   .0170273    -0.60   0.545    -.0436706     .023075
                  Management  |  -.0077475   .0199516    -0.39   0.698    -.0468518    .0313569
                       Other  |   -.096131   .0149862    -6.41   0.000    -.1255034   -.0667587
          Software Developer  |  -.1151149   .0156352    -7.36   0.000    -.1457593   -.0844704
           Software Engineer  |   .0075019   .0161312     0.47   0.642    -.0241147    .0391184
       Sr+ Software Engineer  |   .0659412   .0175111     3.77   0.000     .0316201    .1002623
                              |
                      edu_ols |
                     Missing  |   .0247035   .0059977     4.12   0.000     .0129483    .0364588
                 High School  |  -.0635535   .0166232    -3.82   0.000    -.0961343   -.0309726
                   Associate  |  -.0907024   .0164583    -5.51   0.000      -.12296   -.0584448
                     Master+  |   .0778634   .0174998     4.45   0.000     .0435645    .1121623
                              |
                 exp_category |
                     Missing  |  -.0895664   .0080889   -11.07   0.000    -.1054204   -.0737124
                Junior (0-2)  |  -.1890341   .0071032   -26.61   0.000    -.2029561   -.1751121
                Senior+ (6+)  |   .1064793   .0077251    13.78   0.000     .0913384    .1216202
                              |
                        _cons |   11.61125   .0182532   636.12   0.000     11.57547    11.64702
------------------------------+----------------------------------------------------------------
has_salary                    |
                     ai_level |
              AI Integration  |   .1685153     .02778     6.07   0.000     .1140674    .2229631
             Applied/Core AI  |   .1590893   .0341842     4.65   0.000     .0920896     .226089
                              |
                   country_id |
                          DE  |  -2.275097   .0289423   -78.61   0.000    -2.331823   -2.218371
                          IN  |  -.3881577   .0199676   -19.44   0.000    -.4272935   -.3490219
                              |
              sector_nace_num |
                           J  |  -.1226209    .024281    -5.05   0.000    -.1702108   -.0750311
                           K  |   .1718931   .0351812     4.89   0.000     .1029393    .2408469
                           M  |  -.0085233   .0403974    -0.21   0.833    -.0877007    .0706541
                       Other  |   .1257222   .0323566     3.89   0.000     .0623043      .18914
                           Q  |   .0515606   .0511552     1.01   0.313    -.0487017    .1518229
                     Unknown  |  -.0529812   .0309012    -1.71   0.086    -.1135465    .0075841
                              |
                    is_remote |  -.4750656   .0198961   -23.88   0.000    -.5140612     -.43607
                              |
                     type_cat |
               Unknown/Other  |   .0895385   .0286088     3.13   0.002     .0334662    .1456108
                      Public  |   .0593533   .0195332     3.04   0.002     .0210689    .0976376
           Nonprofit/Gov/Edu  |   .0866614   .0475117     1.82   0.068    -.0064599    .1797827
                              |
                     size_cat |
                     Unknown  |   .0377056   .0326017     1.16   0.247    -.0261926    .1016038
                        1-50  |  -.0081282   .0303652    -0.27   0.789    -.0676428    .0513865
                      51-200  |   -.065771   .0295954    -2.22   0.026    -.1237769   -.0077651
                     201-500  |  -.0277033   .0329968    -0.84   0.401    -.0923759    .0369693
                    501-1000  |  -.0658934   .0363694    -1.81   0.070    -.1371761    .0053893
                  5001-10000  |   .0523737   .0354536     1.48   0.140     -.017114    .1218614
                      10000+  |   .0545962   .0270375     2.02   0.043     .0016036    .1075888
                              |
               job_family_num |
              DevOps & Cloud  |  -.1308709   .0425513    -3.08   0.002    -.2142699   -.0474719
                  Management  |  -.1175912   .0471051    -2.50   0.013    -.2099155   -.0252668
                       Other  |  -.1053114   .0380624    -2.77   0.006    -.1799123   -.0307104
          Software Developer  |  -.1354063   .0393391    -3.44   0.001    -.2125095    -.058303
           Software Engineer  |  -.0602085   .0414008    -1.45   0.146    -.1413526    .0209357
       Sr+ Software Engineer  |  -.0617182   .0445762    -1.38   0.166     -.149086    .0256496
                              |
                    edu_logit |
                     Missing  |   -.007691   .0154871    -0.50   0.619     -.038045    .0226631
              HS / Associate  |  -.0399182   .0379346    -1.05   0.293    -.1142686    .0344323
                              |
                 exp_category |
                     Missing  |  -.1443534   .0206203    -7.00   0.000    -.1847685   -.1039383
                Junior (0-2)  |  -.0845369    .019339    -4.37   0.000    -.1224405   -.0466332
                Senior+ (6+)  |    .078542   .0215164     3.65   0.000     .0363707    .1207133
                              |
                        _cons |   1.053279   .0482419    21.83   0.000     .9587265    1.147831
------------------------------+----------------------------------------------------------------
                      /athrho |   1.196436   .0332393    35.99   0.000     1.131288    1.261584
                     /lnsigma |  -.8219116   .0118615   -69.29   0.000    -.8451596   -.7986635
------------------------------+----------------------------------------------------------------
                          rho |   .8325643    .010199                      .8114596    .8515002
                        sigma |   .4395905   .0052142                      .4294888    .4499299
                       lambda |   .3659874   .0083071                      .3497058    .3822689
-----------------------------------------------------------------------------------------------
Wald test of indep. eqns. (rho = 0): chi2(1) =  1295.61   Prob > chi2 = 0.0000

. estimates store pooled_heckman

. 
. display _n "--- 6.9b Porovnani OLS FE-C vs Heckman (AI a country koef.) ---"

--- 6.9b Porovnani OLS FE-C vs Heckman (AI a country koef.) ---

. * POZN: Heckman uklada koeficienty pod rovnici 'ln_salary:', proto pouzivame
. * equation-qualified names. OLS je bez rovnice, proto keep() musi byt oddelene.
. estimates table pooled_fe_c pooled_heckman, ///
>     keep(1.ai_level 2.ai_level 1.country_id 2.country_id ///
>          ln_salary:1.ai_level ln_salary:2.ai_level ///
>          ln_salary:1.country_id ln_salary:2.country_id) star

----------------------------------------------
    Variable |  pooled_fe_c    pooled_heck~n  
-------------+--------------------------------
_            |
    ai_level |
AI Integr..  |  .09837032***                  
Applied/C..  |  .13300342***                  
             |
  country_id |
         DE  | -.41523277***                  
         IN  | -2.7983887***                  
-------------+--------------------------------
ln_salary    |
    ai_level |
AI Integr..  |                  .11687801***  
Applied/C..  |                  .15158966***  
             |
  country_id |
         DE  |                  -.9846403***  
         IN  |                 -2.9078949***  
----------------------------------------------
      legend: * p<0.05; ** p<0.01; *** p<0.001

. 
. 
. * ==============================================================================
. * 6A. BINARNI LOGIT: P(has_ai) S COUNTRY FE
. * ==============================================================================
. display _n "=============================================================="

==============================================================

. display "6A. BINARNI LOGIT — P(has_ai) s country FE"
6A. BINARNI LOGIT — P(has_ai) s country FE

. display "=============================================================="
==============================================================

. 
. * --- Vyrazeni cirkularnich clusteru pro logit/mlogit ---
. rename cluster_generative_ai _excl_genai_logit

. rename cluster_data_science__ml _excl_dsml_logit

. 
. * --- 6A.1 Logit M1: firemni profil + country ---
. display _n "--- 6A.1a Logit M1: profil firmy + country FE ---"

--- 6A.1a Logit M1: profil firmy + country FE ---

. logit has_ai ///
>     ib3.country_id ///
>     i.sector_nace_num ///
>     ib1.type_cat ///
>     ib5.size_cat, or vce(robust)

Iteration 0:   log pseudolikelihood = -16183.326  
Iteration 1:   log pseudolikelihood = -15387.487  
Iteration 2:   log pseudolikelihood =  -15340.19  
Iteration 3:   log pseudolikelihood = -15340.106  
Iteration 4:   log pseudolikelihood = -15340.106  

Logistic regression                             Number of obs     =     38,432
                                                Wald chi2(18)     =    1363.35
                                                Prob > chi2       =     0.0000
Log pseudolikelihood = -15340.106               Pseudo R2         =     0.0521

------------------------------------------------------------------------------------
                   |               Robust
            has_ai | Odds Ratio   Std. Err.      z    P>|z|     [95% Conf. Interval]
-------------------+----------------------------------------------------------------
        country_id |
               DE  |    .838463   .0327863    -4.51   0.000     .7766037    .9052497
               IN  |   .2445565   .0099668   -34.56   0.000     .2257817    .2648925
                   |
   sector_nace_num |
                J  |   1.745133     .09659    10.06   0.000     1.565727    1.945095
                K  |   1.405208   .1070972     4.46   0.000     1.210227    1.631603
                M  |   1.604908   .1384644     5.48   0.000     1.355228    1.900588
            Other  |   1.115123   .0793065     1.53   0.125     .9700325    1.281916
                Q  |   1.933477     .19316     6.60   0.000      1.58965    2.351671
          Unknown  |   1.762613   .1185294     8.43   0.000     1.544959    2.010932
                   |
          type_cat |
    Unknown/Other  |    1.01003   .0540306     0.19   0.852     .9094945    1.121679
           Public  |   1.012565   .0397877     0.32   0.751     .9375098    1.093629
Nonprofit/Gov/Edu  |    .958538    .090655    -0.45   0.654     .7963534    1.153753
                   |
          size_cat |
          Unknown  |    .789084   .0493872    -3.78   0.000     .6979885    .8920686
             1-50  |   .7441107   .0462102    -4.76   0.000     .6588354    .8404235
           51-200  |   .9723294    .058415    -0.47   0.640     .8643219    1.093834
          201-500  |   .9716548    .065398    -0.43   0.669     .8515717    1.108671
         501-1000  |    .935597   .0696333    -0.89   0.371     .8086056    1.082532
       5001-10000  |   .9079674   .0683344    -1.28   0.200     .7834443    1.052283
           10000+  |   1.030877     .05681     0.55   0.581     .9253335    1.148458
                   |
             _cons |   .1860536   .0120323   -26.00   0.000     .1639041    .2111963
------------------------------------------------------------------------------------
Note: _cons estimates baseline odds.

. estimates store clogit_m1

. display _n "--- 6A.1b AME Logit M1 ---"

--- 6A.1b AME Logit M1 ---

. margins, dydx(*)

Average marginal effects                        Number of obs     =     38,432
Model VCE    : Robust

Expression   : Pr(has_ai), predict()
dy/dx w.r.t. : 1.country_id 2.country_id 2.sector_nace_num 3.sector_nace_num 4.sector_nace_num 5.sector_nace_num 6.sector_nace_num 7.sector_nace_num 0.type_cat 2.type_cat 4.type_cat
               0.size_cat 1.size_cat 2.size_cat 3.size_cat 4.size_cat 6.size_cat 7.size_cat

------------------------------------------------------------------------------------
                   |            Delta-method
                   |      dy/dx   Std. Err.      z    P>|z|     [95% Conf. Interval]
-------------------+----------------------------------------------------------------
        country_id |
               DE  |  -.0275464   .0059664    -4.62   0.000    -.0392403   -.0158526
               IN  |   -.148413   .0038294   -38.76   0.000    -.1559184   -.1409076
                   |
   sector_nace_num |
                J  |    .061101   .0054234    11.27   0.000     .0504714    .0717307
                K  |   .0345585   .0080034     4.32   0.000     .0188722    .0502448
                M  |   .0504017   .0098429     5.12   0.000       .03111    .0696935
            Other  |   .0101687   .0066476     1.53   0.126    -.0028604    .0231977
                Q  |   .0749549   .0129106     5.81   0.000     .0496505    .1002593
          Unknown  |   .0624113   .0071126     8.77   0.000     .0484709    .0763518
                   |
          type_cat |
    Unknown/Other  |   .0012153   .0065273     0.19   0.852    -.0115779    .0140085
           Public  |   .0015218   .0047936     0.32   0.751    -.0078736    .0109171
Nonprofit/Gov/Edu  |  -.0050704   .0111872    -0.45   0.650    -.0269969     .016856
                   |
          size_cat |
          Unknown  |  -.0285848   .0076169    -3.75   0.000    -.0435136    -.013656
             1-50  |  -.0350004   .0074315    -4.71   0.000    -.0495659   -.0204349
           51-200  |  -.0036159   .0077444    -0.47   0.641    -.0187946    .0115628
          201-500  |  -.0037046   .0086569    -0.43   0.669    -.0206718    .0132627
         501-1000  |  -.0084766   .0094106    -0.90   0.368    -.0269211    .0099679
       5001-10000  |  -.0121792   .0093895    -1.30   0.195    -.0305823    .0062239
           10000+  |   .0039895   .0072209     0.55   0.581    -.0101632    .0181422
------------------------------------------------------------------------------------
Note: dy/dx for factor levels is the discrete change from the base level.

. 
. * --- 6A.2 Logit M2: role + lidsky kapital + country ---
. display _n "--- 6A.2a Logit M2: role + HC + country FE ---"

--- 6A.2a Logit M2: role + HC + country FE ---

. logit has_ai ///
>     ib3.country_id ///
>     cluster_* ///
>     i.job_family_num ///
>     ib2.edu_logit ///
>     ib3.exp_category, or vce(robust)

Iteration 0:   log pseudolikelihood = -16183.326  
Iteration 1:   log pseudolikelihood = -13606.753  
Iteration 2:   log pseudolikelihood = -13091.191  
Iteration 3:   log pseudolikelihood = -13058.087  
Iteration 4:   log pseudolikelihood = -13058.011  
Iteration 5:   log pseudolikelihood = -13058.011  

Logistic regression                             Number of obs     =     38,432
                                                Wald chi2(32)     =    4753.00
                                                Prob > chi2       =     0.0000
Log pseudolikelihood = -13058.011               Pseudo R2         =     0.1931

-----------------------------------------------------------------------------------------------
                              |               Robust
                       has_ai | Odds Ratio   Std. Err.      z    P>|z|     [95% Conf. Interval]
------------------------------+----------------------------------------------------------------
                   country_id |
                          DE  |   .9123487   .0418003    -2.00   0.045     .8339924    .9980668
                          IN  |   .2262397   .0096112   -34.98   0.000      .208165    .2458838
                              |
cluster_architecture__methods |   1.038018    .045986     0.84   0.400     .9516892    1.132178
        cluster_bi__analytics |   1.278231   .0462035     6.79   0.000     1.190808    1.372074
  cluster_backend_development |   1.240839   .0498665     5.37   0.000     1.146852    1.342528
       cluster_certifications |   .6831158   .0551455    -4.72   0.000     .5831495    .8002189
      cluster_cloud_computing |   1.638083   .0633222    12.77   0.000     1.518559    1.767015
     cluster_data_engineering |   1.403342    .052739     9.02   0.000     1.303691    1.510611
   cluster_databases__storage |   .7526467   .0280976    -7.61   0.000      .699543    .8097817
   cluster_devops__containers |   1.222808   .0479009     5.13   0.000     1.132437     1.32039
         cluster_dynamic__web |   2.312325   .0907724    21.35   0.000     2.141086    2.497258
  cluster_enterprise__managed |   .6221327   .0236245   -12.50   0.000     .5775105    .6702026
 cluster_enterprise_platforms |   1.269236   .0985962     3.07   0.002     1.089983    1.477968
 cluster_frontend_development |   1.425281   .0581291     8.69   0.000     1.315784    1.543889
      cluster_mobile__desktop |   .8729191    .045064    -2.63   0.008     .7889168    .9658658
           cluster_networking |   .9905503   .0393939    -0.24   0.811     .9162723     1.07085
         cluster_os__embedded |   .7101324   .0359004    -6.77   0.000     .6431424       .7841
     cluster_scripting__shell |   .6047325   .0406009    -7.49   0.000     .5301696    .6897818
   cluster_security__identity |   1.030621   .0413195     0.75   0.452     .9527366    1.114873
  cluster_systems_programming |   1.311939   .0634888     5.61   0.000     1.193223    1.442468
cluster_testing_qa__debugging |   .9609601   .0333477    -1.15   0.251      .897773    1.028594
                              |
               job_family_num |
              DevOps & Cloud  |   .1227433   .0103365   -24.91   0.000     .1040678    .1447702
                  Management  |   .3138881   .0254519   -14.29   0.000     .2677654    .3679554
                       Other  |    .113566   .0076714   -32.20   0.000     .0994832    .1296424
          Software Developer  |   .1007794   .0071762   -32.23   0.000     .0876517    .1158734
           Software Engineer  |   .2109531   .0156635   -20.96   0.000     .1823826    .2439992
       Sr+ Software Engineer  |   .2107656   .0162947   -20.14   0.000     .1811306    .2452492
                              |
                    edu_logit |
                     Missing  |   1.065677    .036728     1.85   0.065     .9960694     1.14015
              HS / Associate  |   .4569218   .0512932    -6.98   0.000     .3666803     .569372
                              |
                 exp_category |
                     Missing  |   .8635572   .0407435    -3.11   0.002     .7872823    .9472218
                Junior (0-2)  |   .9206156   .0437438    -1.74   0.082     .8387506    1.010471
                Senior+ (6+)  |   .9597059   .0428841    -0.92   0.357       .87923    1.047548
                              |
                        _cons |   .5882387   .0481249    -6.49   0.000     .5010895    .6905449
-----------------------------------------------------------------------------------------------
Note: _cons estimates baseline odds.

. estimates store clogit_m2

. display _n "--- 6A.2b AME Logit M2 ---"

--- 6A.2b AME Logit M2 ---

. margins, dydx(*)

Average marginal effects                        Number of obs     =     38,432
Model VCE    : Robust

Expression   : Pr(has_ai), predict()
dy/dx w.r.t. : 1.country_id 2.country_id cluster_architecture__methods cluster_bi__analytics cluster_backend_development cluster_certifications cluster_cloud_computing
               cluster_data_engineering cluster_databases__storage cluster_devops__containers cluster_dynamic__web cluster_enterprise__managed cluster_enterprise_platforms
               cluster_frontend_development cluster_mobile__desktop cluster_networking cluster_os__embedded cluster_scripting__shell cluster_security__identity cluster_systems_programming
               cluster_testing_qa__debugging 2.job_family_num 3.job_family_num 4.job_family_num 5.job_family_num 6.job_family_num 7.job_family_num 0.edu_logit 1.edu_logit 0.exp_category
               2.exp_category 4.exp_category

-----------------------------------------------------------------------------------------------
                              |            Delta-method
                              |      dy/dx   Std. Err.      z    P>|z|     [95% Conf. Interval]
------------------------------+----------------------------------------------------------------
                   country_id |
                          DE  |  -.0119805   .0059196    -2.02   0.043    -.0235826   -.0003783
                          IN  |   -.134376   .0035243   -38.13   0.000    -.1412835   -.1274686
                              |
cluster_architecture__methods |   .0038315   .0045502     0.84   0.400    -.0050867    .0127497
        cluster_bi__analytics |   .0252071    .003713     6.79   0.000     .0179298    .0324844
  cluster_backend_development |   .0221584   .0041216     5.38   0.000     .0140801    .0302366
       cluster_certifications |  -.0391327   .0082837    -4.72   0.000    -.0553684    -.022897
      cluster_cloud_computing |   .0506783   .0039567    12.81   0.000     .0429232    .0584333
     cluster_data_engineering |   .0347958   .0038508     9.04   0.000     .0272484    .0423432
   cluster_databases__storage |  -.0291792   .0038218    -7.63   0.000    -.0366698   -.0216886
   cluster_devops__containers |   .0206553   .0040199     5.14   0.000     .0127764    .0285341
         cluster_dynamic__web |   .0860769   .0039843    21.60   0.000     .0782678    .0938859
  cluster_enterprise__managed |   -.048735   .0038696   -12.59   0.000    -.0563192   -.0411507
 cluster_enterprise_platforms |   .0244819   .0079747     3.07   0.002     .0088518    .0401121
 cluster_frontend_development |   .0363887   .0041775     8.71   0.000      .028201    .0445764
      cluster_mobile__desktop |  -.0139563   .0053007    -2.63   0.008    -.0243455   -.0035671
           cluster_networking |   -.000975   .0040838    -0.24   0.811    -.0089791    .0070292
         cluster_os__embedded |  -.0351498   .0051863    -6.78   0.000    -.0453148   -.0249848
     cluster_scripting__shell |  -.0516479   .0068746    -7.51   0.000    -.0651218   -.0381739
   cluster_security__identity |   .0030972   .0041171     0.75   0.452    -.0049722    .0111665
  cluster_systems_programming |   .0278799   .0049683     5.61   0.000     .0181422    .0376176
cluster_testing_qa__debugging |  -.0040892   .0035629    -1.15   0.251    -.0110723    .0028939
                              |
               job_family_num |
              DevOps & Cloud  |  -.3241085   .0132173   -24.52   0.000     -.350014   -.2982031
                  Management  |  -.2093015   .0146356   -14.30   0.000    -.2379867   -.1806163
                       Other  |  -.3311617   .0123738   -26.76   0.000    -.3554139   -.3069094
          Software Developer  |   -.341326   .0123834   -27.56   0.000    -.3655969   -.3170551
           Software Engineer  |  -.2647033   .0132401   -19.99   0.000    -.2906534   -.2387533
       Sr+ Software Engineer  |  -.2648161    .013437   -19.71   0.000     -.291152   -.2384801
                              |
                    edu_logit |
                     Missing  |   .0066516   .0036094     1.84   0.065    -.0004227    .0137259
              HS / Associate  |  -.0650108   .0075155    -8.65   0.000    -.0797409   -.0502807
                              |
                 exp_category |
                     Missing  |  -.0148921   .0047107    -3.16   0.002    -.0241248   -.0056594
                Junior (0-2)  |  -.0085383   .0048596    -1.76   0.079    -.0180629    .0009862
                Senior+ (6+)  |  -.0042917   .0046406    -0.92   0.355    -.0133871    .0048037
-----------------------------------------------------------------------------------------------
Note: dy/dx for factor levels is the discrete change from the base level.

. 
. * --- 6A.3 Logit M3: kompletni ---
. display _n "--- 6A.3a Logit M3: kompletni ---"

--- 6A.3a Logit M3: kompletni ---

. logit has_ai ///
>     ib3.country_id ///
>     i.sector_nace_num ///
>     ib1.type_cat ///
>     ib5.size_cat ///
>     cluster_* ///
>     i.job_family_num ///
>     ib2.edu_logit ///
>     ib3.exp_category, or vce(robust)

Iteration 0:   log pseudolikelihood = -16183.326  
Iteration 1:   log pseudolikelihood = -13551.584  
Iteration 2:   log pseudolikelihood = -13026.198  
Iteration 3:   log pseudolikelihood = -12993.139  
Iteration 4:   log pseudolikelihood = -12993.058  
Iteration 5:   log pseudolikelihood = -12993.058  

Logistic regression                             Number of obs     =     38,432
                                                Wald chi2(48)     =    4820.47
                                                Prob > chi2       =     0.0000
Log pseudolikelihood = -12993.058               Pseudo R2         =     0.1971

-----------------------------------------------------------------------------------------------
                              |               Robust
                       has_ai | Odds Ratio   Std. Err.      z    P>|z|     [95% Conf. Interval]
------------------------------+----------------------------------------------------------------
                   country_id |
                          DE  |   .8806034   .0412813    -2.71   0.007     .8032992    .9653467
                          IN  |   .2137354   .0093813   -35.15   0.000     .1961171    .2329365
                              |
              sector_nace_num |
                           J  |   1.538867   .0937728     7.07   0.000     1.365626    1.734084
                           K  |    1.13493   .1001316     1.43   0.151     .9547069    1.349174
                           M  |   1.521885   .1427604     4.48   0.000     1.266295    1.829063
                       Other  |   .9830129   .0773845    -0.22   0.828     .8424636     1.14701
                           Q  |   1.597486    .180614     4.14   0.000     1.279967     1.99377
                     Unknown  |    1.61423   .1211753     6.38   0.000     1.393376     1.87009
                              |
                     type_cat |
               Unknown/Other  |   .9803912   .0587435    -0.33   0.741     .8717597     1.10256
                      Public  |   .9883296   .0432702    -0.27   0.789     .9070583    1.076883
           Nonprofit/Gov/Edu  |   1.173901   .1300515     1.45   0.148     .9447792    1.458587
                              |
                     size_cat |
                     Unknown  |   .9118043   .0650696    -1.29   0.196     .7927877    1.048688
                        1-50  |   .8382297   .0587605    -2.52   0.012     .7306227    .9616852
                      51-200  |   .9830311   .0661914    -0.25   0.799     .8614945    1.121714
                     201-500  |   1.011329   .0755002     0.15   0.880     .8736682    1.170681
                    501-1000  |   .8783174   .0744354    -1.53   0.126     .7438993    1.037024
                  5001-10000  |   .9078746   .0758917    -1.16   0.248     .7706757    1.069498
                      10000+  |   1.168618   .0725402     2.51   0.012      1.03475    1.319804
                              |
cluster_architecture__methods |   1.046827   .0464362     1.03   0.302     .9596578    1.141914
        cluster_bi__analytics |   1.306176   .0477471     7.31   0.000     1.215867    1.403192
  cluster_backend_development |   1.232686   .0496705     5.19   0.000     1.139079    1.333986
       cluster_certifications |   .6845401   .0552463    -4.70   0.000     .5843889    .8018549
      cluster_cloud_computing |   1.618225   .0628033    12.40   0.000     1.499697    1.746119
     cluster_data_engineering |   1.396657   .0526642     8.86   0.000     1.297159    1.503787
   cluster_databases__storage |   .7572143   .0283875    -7.42   0.000     .7035708    .8149478
   cluster_devops__containers |   1.234002   .0484942     5.35   0.000     1.142524    1.332805
         cluster_dynamic__web |   2.309554   .0908888    21.27   0.000     2.138112    2.494743
  cluster_enterprise__managed |   .6151201   .0235454   -12.70   0.000     .5706605    .6630435
 cluster_enterprise_platforms |   1.273342   .0992672     3.10   0.002     1.092917    1.483553
 cluster_frontend_development |   1.420666   .0580009     8.60   0.000     1.311416    1.539018
      cluster_mobile__desktop |   .8737566   .0451092    -2.61   0.009     .7896701     .966797
           cluster_networking |   .9704578   .0390319    -0.75   0.456     .8968942    1.050055
         cluster_os__embedded |   .7130722   .0361016    -6.68   0.000     .6457116    .7874598
     cluster_scripting__shell |   .6059227   .0407869    -7.44   0.000     .5310308    .6913766
   cluster_security__identity |   1.025683    .041313     0.63   0.529     .9478249    1.109937
  cluster_systems_programming |   1.322039   .0647953     5.70   0.000     1.200951    1.455335
cluster_testing_qa__debugging |   .9607859   .0334028    -1.15   0.250     .8974982    1.028536
                              |
               job_family_num |
              DevOps & Cloud  |   .1224873   .0103405   -24.87   0.000     .1038082    .1445274
                  Management  |   .3116256   .0253083   -14.36   0.000     .2657686     .365395
                       Other  |   .1143442   .0077391   -32.04   0.000     .1001389    .1305646
          Software Developer  |   .1013555   .0072514   -32.00   0.000     .0880944    .1166128
           Software Engineer  |   .2141605   .0159665   -20.67   0.000     .1850457     .247856
       Sr+ Software Engineer  |   .2128806   .0164958   -19.96   0.000      .182885     .247796
                              |
                    edu_logit |
                     Missing  |   1.043404   .0365684     1.21   0.225     .9741377    1.117596
              HS / Associate  |   .4473514   .0505695    -7.12   0.000     .3584488    .5583036
                              |
                 exp_category |
                     Missing  |   .8629244   .0408375    -3.12   0.002     .7864843     .946794
                Junior (0-2)  |   .9196803   .0438517    -1.76   0.079     .8376264    1.009772
                Senior+ (6+)  |   .9477663    .042543    -1.20   0.232     .8679463    1.034927
                              |
                        _cons |   .4425514    .046642    -7.73   0.000     .3599588     .544095
-----------------------------------------------------------------------------------------------
Note: _cons estimates baseline odds.

. estimates store clogit_m3

. display _n "--- 6A.3b AME Logit M3 ---"

--- 6A.3b AME Logit M3 ---

. margins, dydx(*)

Average marginal effects                        Number of obs     =     38,432
Model VCE    : Robust

Expression   : Pr(has_ai), predict()
dy/dx w.r.t. : 1.country_id 2.country_id 2.sector_nace_num 3.sector_nace_num 4.sector_nace_num 5.sector_nace_num 6.sector_nace_num 7.sector_nace_num 0.type_cat 2.type_cat 4.type_cat
               0.size_cat 1.size_cat 2.size_cat 3.size_cat 4.size_cat 6.size_cat 7.size_cat cluster_architecture__methods cluster_bi__analytics cluster_backend_development
               cluster_certifications cluster_cloud_computing cluster_data_engineering cluster_databases__storage cluster_devops__containers cluster_dynamic__web
               cluster_enterprise__managed cluster_enterprise_platforms cluster_frontend_development cluster_mobile__desktop cluster_networking cluster_os__embedded
               cluster_scripting__shell cluster_security__identity cluster_systems_programming cluster_testing_qa__debugging 2.job_family_num 3.job_family_num 4.job_family_num
               5.job_family_num 6.job_family_num 7.job_family_num 0.edu_logit 1.edu_logit 0.exp_category 2.exp_category 4.exp_category

-----------------------------------------------------------------------------------------------
                              |            Delta-method
                              |      dy/dx   Std. Err.      z    P>|z|     [95% Conf. Interval]
------------------------------+----------------------------------------------------------------
                   country_id |
                          DE  |  -.0166044   .0060355    -2.75   0.006    -.0284338    -.004775
                          IN  |  -.1392502   .0036573   -38.07   0.000    -.1464183   -.1320821
                              |
              sector_nace_num |
                           J  |   .0414619   .0054596     7.59   0.000     .0307613    .0521625
                           K  |   .0111835   .0078776     1.42   0.156    -.0042562    .0266232
                           M  |   .0402723   .0093939     4.29   0.000     .0218605     .058684
                       Other  |  -.0014528   .0066742    -0.22   0.828     -.014534    .0116284
                           Q  |   .0455186   .0118054     3.86   0.000     .0223805    .0686567
                     Unknown  |   .0466636   .0071188     6.55   0.000      .032711    .0606161
                              |
                     type_cat |
               Unknown/Other  |  -.0020152   .0060781    -0.33   0.740    -.0139281    .0098977
                      Public  |  -.0011971   .0044613    -0.27   0.788     -.009941    .0075469
           Nonprofit/Gov/Edu  |    .017084   .0122334     1.40   0.163    -.0068929     .041061
                              |
                     size_cat |
                     Unknown  |  -.0093414   .0072373    -1.29   0.197    -.0235263    .0048435
                        1-50  |  -.0174662    .006972    -2.51   0.012    -.0311311   -.0038012
                      51-200  |  -.0017655   .0069476    -0.25   0.799    -.0153825    .0118516
                     201-500  |   .0011706   .0077607     0.15   0.880    -.0140402    .0163813
                    501-1000  |      -.013   .0083948    -1.55   0.121    -.0294534    .0034535
                  5001-10000  |  -.0097674   .0083763    -1.17   0.244    -.0261846    .0066498
                      10000+  |   .0167932   .0066502     2.53   0.012      .003759    .0298274
                              |
cluster_architecture__methods |    .004676   .0045336     1.03   0.302    -.0042097    .0135617
        cluster_bi__analytics |   .0272921   .0037349     7.31   0.000     .0199718    .0346124
  cluster_backend_development |   .0213752   .0041124     5.20   0.000     .0133151    .0294353
       cluster_certifications |  -.0387263   .0082403    -4.70   0.000     -.054877   -.0225756
      cluster_cloud_computing |   .0491813    .003954    12.44   0.000     .0414316     .056931
     cluster_data_engineering |   .0341358    .003845     8.88   0.000     .0265998    .0416718
   cluster_databases__storage |  -.0284166   .0038191    -7.44   0.000     -.035902   -.0209313
   cluster_devops__containers |   .0214842   .0040125     5.35   0.000     .0136199    .0293486
         cluster_dynamic__web |   .0855285   .0039762    21.51   0.000     .0777354    .0933216
  cluster_enterprise__managed |  -.0496521   .0038813   -12.79   0.000    -.0572594   -.0420449
 cluster_enterprise_platforms |   .0246908   .0079628     3.10   0.002     .0090841    .0402975
 cluster_frontend_development |   .0358773   .0041609     8.62   0.000     .0277221    .0440325
      cluster_mobile__desktop |  -.0137893   .0052752    -2.61   0.009    -.0241284   -.0034501
           cluster_networking |   -.003064   .0041098    -0.75   0.456     -.011119    .0049909
         cluster_os__embedded |  -.0345538    .005169    -6.68   0.000    -.0446849   -.0244227
     cluster_scripting__shell |  -.0511914   .0068582    -7.46   0.000    -.0646332   -.0377497
   cluster_security__identity |   .0025911   .0041158     0.63   0.529    -.0054757    .0106579
  cluster_systems_programming |   .0285255   .0050074     5.70   0.000     .0187112    .0383399
cluster_testing_qa__debugging |  -.0040875   .0035518    -1.15   0.250     -.011049     .002874
                              |
               job_family_num |
              DevOps & Cloud  |  -.3214666   .0131495   -24.45   0.000    -.3472391   -.2956941
                  Management  |  -.2085614   .0145298   -14.35   0.000    -.2370393   -.1800834
                       Other  |  -.3276746   .0123135   -26.61   0.000    -.3518085   -.3035406
          Software Developer  |  -.3379067   .0123367   -27.39   0.000    -.3620862   -.3137272
           Software Engineer  |   -.260458   .0132008   -19.73   0.000    -.2863311   -.2345849
       Sr+ Software Engineer  |  -.2612158   .0133794   -19.52   0.000    -.2874388   -.2349927
                              |
                    edu_logit |
                     Missing  |   .0044183   .0036485     1.21   0.226    -.0027326    .0115692
              HS / Associate  |  -.0665231    .007507    -8.86   0.000    -.0812365   -.0518097
                              |
                 exp_category |
                     Missing  |  -.0149121   .0047083    -3.17   0.002    -.0241402   -.0056841
                Junior (0-2)  |    -.00861   .0048579    -1.77   0.076    -.0181314    .0009114
                Senior+ (6+)  |  -.0055595   .0046229    -1.20   0.229    -.0146203    .0035012
-----------------------------------------------------------------------------------------------
Note: dy/dx for factor levels is the discrete change from the base level.

. 
. * --- 6A.3c AME pro country dummy (klicove pro komparativni interpretaci) ---
. display _n "--- 6A.3c Country AME (oproti US, plny model) ---"

--- 6A.3c Country AME (oproti US, plny model) ---

. margins, dydx(country_id)

Average marginal effects                        Number of obs     =     38,432
Model VCE    : Robust

Expression   : Pr(has_ai), predict()
dy/dx w.r.t. : 1.country_id 2.country_id

------------------------------------------------------------------------------
             |            Delta-method
             |      dy/dx   Std. Err.      z    P>|z|     [95% Conf. Interval]
-------------+----------------------------------------------------------------
  country_id |
         DE  |  -.0166044   .0060355    -2.75   0.006    -.0284338    -.004775
         IN  |  -.1392502   .0036573   -38.07   0.000    -.1464183   -.1320821
------------------------------------------------------------------------------
Note: dy/dx for factor levels is the discrete change from the base level.

. 
. * --- 6A.4 Porovnani logit modelu ---
. display _n "--- 6A.4 Porovnani Logit M1 / M2 / M3 ---"

--- 6A.4 Porovnani Logit M1 / M2 / M3 ---

. estimates table clogit_m1 clogit_m2 clogit_m3, star stats(N ll chi2 r2_p)

--------------------------------------------------------------
    Variable |   clogit_m1       clogit_m2       clogit_m3    
-------------+------------------------------------------------
  country_id |
         DE  |  -.1761848***   -.09173305*     -.12714797**   
         IN  | -1.4083089***   -1.4861603***   -1.5430164***  
             |
sector_nac~m |
          J  |  .55683058***                    .43104615***  
          K  |  .34018539***                    .12657097     
          M  |  .47306649***                    .41994947***  
      Other  |    .108965                      -.01713309     
          Q  |  .65932016***                    .46843099***  
    Unknown  |  .56679763***                    .47885816***  
             |
    type_cat |
Unknown/O~r  |  .00997998                       -.0198036     
             |
    type_cat |
     Public  |  .01248664                      -.01173907     
Nonprofit~u  | -.04234603                       .16033209     
             |
    size_cat |
    Unknown  | -.23688247***                   -.09232984     
       1-50  | -.29556549***                    -.1764631*    
     51-200  | -.02806065                      -.01711448     
    201-500  | -.02875472                        .0112653     
   501-1000  |  -.0665705                       -.1297472     
             |
    size_cat |
 5001-10000  | -.09654682                        -.096649     
     10000+  |  .03040946                       .15582152*    
             |
cluster_ar~s |                  .03731308       .04576362     
cluster_bi~s |                  .24547747***    .26710367***  
cluster_ba~t |                  .21578753***    .20919579***  
cluster_ce~s |                 -.38109088***   -.37900807***  
cluster_cl~g |                   .4935269***    .48132961***  
cluster_da~g |                  .33885653***    .33408185***  
cluster_da~e |                 -.28415931***   -.27810903***  
cluster_de~s |                  .20114974***    .21026278***  
cluster_dy~b |                  .83825333***    .83705448***  
cluster_en~d |                 -.47460192***   -.48593774***  
cluster_en~s |                   .2384154**     .24164509**   
cluster_fr~t |                  .35436864***     .3511258***  
cluster_mo~p |                 -.13591241**    -.13495341**   
cluster_ne~g |                 -.00949458      -.02998738     
cluster_os~d |                  -.3423039***   -.33817262***  
cluster_sc~l |                 -.50296914***   -.50100289***  
cluster_se~y |                  .03016164       .02535895     
cluster_sy~g |                  .27150647***    .27917505***  
cluster_te~g |                 -.03982241      -.04000372     
             |
job_family~m |
DevOps & ..  |                 -2.0976603***   -2.0997483***  
 Management  |                 -1.1587189***   -1.1659528***  
      Other  |                 -2.1753708***   -2.1685423***  
Software ..  |                 -2.2948209***   -2.2891212***  
Software ..  |                 -1.5561194***   -1.5410297***  
Sr+ Softw..  |                 -1.5570087***   -1.5470237***  
             |
   edu_logit |
    Missing  |                  .06361065       .04248868     
HS / Asso..  |                 -.78324311***   -.80441096***  
             |
exp_category |
    Missing  |                 -.14669519**    -.14742815**   
Junior (..)  |                  -.0827127      -.08372915     
             |
exp_category |
Senior+ ..)  |                 -.04112842      -.05364731     
             |
       _cons | -1.6817207***   -.53062245***   -.81519856***  
-------------+------------------------------------------------
           N |      38432           38432           38432     
          ll | -15340.106      -13058.011      -12993.058     
        chi2 |  1363.3508       4752.9965       4820.4681     
        r2_p |  .05210424       .19311948       .19713303     
--------------------------------------------------------------
                      legend: * p<0.05; ** p<0.01; *** p<0.001

. 
. 
. * ==============================================================================
. * 6B. MULTINOMIALNI LOGIT: P(ai_level) S COUNTRY FE
. * ==============================================================================
. display _n "=============================================================="

==============================================================

. display "6B. MULTINOMIALNI LOGIT — P(ai_level) s country FE"
6B. MULTINOMIALNI LOGIT — P(ai_level) s country FE

. display "=============================================================="
==============================================================

. * POZN: edu_logit zde neni zahrnuta (stejne jako v hlavni analyze) — HS/Assoc
. * × Applied AI ma < 50 obs na nekterych zemich. Vzdelani je kontrolovano
. * v binarnim logitu (§6A) a v OLS (§6).
. 
. * --- 6B.1 Mlogit M1: firemni profil + country ---
. display _n "--- 6B.1a Mlogit M1: profil firmy + country FE ---"

--- 6B.1a Mlogit M1: profil firmy + country FE ---

. mlogit ai_level ///
>     ib3.country_id ///
>     i.sector_nace_num ///
>     ib1.type_cat ///
>     ib5.size_cat, baseoutcome(0) rrr vce(robust)

Iteration 0:   log pseudolikelihood = -20064.691  
Iteration 1:   log pseudolikelihood = -19204.153  
Iteration 2:   log pseudolikelihood = -19133.979  
Iteration 3:   log pseudolikelihood = -19133.522  
Iteration 4:   log pseudolikelihood = -19133.521  

Multinomial logistic regression                 Number of obs     =     38,432
                                                Wald chi2(36)     =    1459.72
                                                Prob > chi2       =     0.0000
Log pseudolikelihood = -19133.521               Pseudo R2         =     0.0464

------------------------------------------------------------------------------------
                   |               Robust
          ai_level |        RRR   Std. Err.      z    P>|z|     [95% Conf. Interval]
-------------------+----------------------------------------------------------------
None               |  (base outcome)
-------------------+----------------------------------------------------------------
AI_Integration     |
        country_id |
               DE  |   .6916513   .0347545    -7.34   0.000     .6267806    .7632361
               IN  |   .1705707   .0098348   -30.67   0.000     .1523441     .190978
                   |
   sector_nace_num |
                J  |   1.860541   .1333553     8.66   0.000     1.616698    2.141162
                K  |   1.577926   .1508862     4.77   0.000     1.308254    1.903185
                M  |   1.827429   .1976933     5.57   0.000      1.47828    2.259043
            Other  |   1.279506   .1148805     2.75   0.006     1.073043    1.525694
                Q  |   2.210104   .2667866     6.57   0.000     1.744465    2.800034
          Unknown  |   1.937661   .1665741     7.69   0.000     1.637204    2.293257
                   |
          type_cat |
    Unknown/Other  |   .9735223   .0662209    -0.39   0.693     .8520117    1.112362
           Public  |   1.068142   .0519188     1.36   0.175     .9710794    1.174905
Nonprofit/Gov/Edu  |   1.004453    .112566     0.04   0.968     .8063769    1.251184
                   |
          size_cat |
          Unknown  |   .7770527   .0597898    -3.28   0.001     .6682752    .9035364
             1-50  |   .7007117   .0549591    -4.53   0.000      .600865    .8171502
           51-200  |   .9620454    .071896    -0.52   0.605     .8309659    1.113802
          201-500  |   1.035407   .0846584     0.43   0.670     .8820922    1.215369
         501-1000  |    .952774   .0871309    -0.53   0.597     .7964303    1.139809
       5001-10000  |   .7992299   .0761795    -2.35   0.019     .6630381    .9633963
           10000+  |   .8963446   .0611418    -1.60   0.109     .7841742     1.02456
                   |
             _cons |   .1129237   .0093761   -26.27   0.000     .0959641    .1328804
-------------------+----------------------------------------------------------------
Applied_Core_AI    |
        country_id |
               DE  |   1.099257   .0617645     1.68   0.092     .9846286    1.227231
               IN  |    .373356   .0209232   -17.58   0.000     .3345192    .4167018
                   |
   sector_nace_num |
                J  |   1.608348    .127751     5.98   0.000     1.376478    1.879277
                K  |     1.1938   .1355869     1.56   0.119     .9555549    1.491446
                M  |   1.334279   .1711666     2.25   0.025     1.037651    1.715703
            Other  |    .914058      .0978    -0.84   0.401     .7411381    1.127323
                Q  |   1.596757   .2444945     3.06   0.002     1.182778     2.15563
          Unknown  |   1.561877   .1520455     4.58   0.000     1.290578    1.890208
                   |
          type_cat |
    Unknown/Other  |   1.061745   .0812197     0.78   0.433     .9139159    1.233485
           Public  |   .9368713   .0548614    -1.11   0.265     .8352861    1.050811
Nonprofit/Gov/Edu  |   .8729531   .1333831    -0.89   0.374     .6470403    1.177743
                   |
          size_cat |
          Unknown  |   .8089151   .0762484    -2.25   0.024     .6724633    .9730547
             1-50  |   .8122557   .0737131    -2.29   0.022     .6799004    .9703764
           51-200  |   .9931423   .0888676    -0.08   0.939     .8333835    1.183527
          201-500  |   .8737867   .0912108    -1.29   0.196     .7121184    1.072158
         501-1000  |   .9114672   .1034857    -0.82   0.414     .7296217    1.138635
       5001-10000  |   1.085234   .1187112     0.75   0.455     .8758148    1.344727
           10000+  |   1.254696   .1042993     2.73   0.006     1.066057    1.476714
                   |
             _cons |   .0712327   .0066829   -28.16   0.000     .0592681    .0856126
------------------------------------------------------------------------------------
Note: _cons estimates baseline relative risk for each outcome.

. estimates store cmlogit_m1

. display _n "--- 6B.1b AME Mlogit M1: P(AI Integration) ---"

--- 6B.1b AME Mlogit M1: P(AI Integration) ---

. margins, dydx(*) predict(outcome(1))

Average marginal effects                        Number of obs     =     38,432
Model VCE    : Robust

Expression   : Pr(ai_level==AI_Integration), predict(outcome(1))
dy/dx w.r.t. : 1.country_id 2.country_id 2.sector_nace_num 3.sector_nace_num 4.sector_nace_num 5.sector_nace_num 6.sector_nace_num 7.sector_nace_num 0.type_cat 2.type_cat 4.type_cat
               0.size_cat 1.size_cat 2.size_cat 3.size_cat 4.size_cat 6.size_cat 7.size_cat

------------------------------------------------------------------------------------
                   |            Delta-method
                   |      dy/dx   Std. Err.      z    P>|z|     [95% Conf. Interval]
-------------------+----------------------------------------------------------------
        country_id |
               DE  |   -.037954   .0046995    -8.08   0.000    -.0471648   -.0287431
               IN  |  -.1066585    .003059   -34.87   0.000     -.112654    -.100663
                   |
   sector_nace_num |
                J  |   .0388415   .0041509     9.36   0.000     .0307058    .0469771
                K  |   .0277998   .0062441     4.45   0.000     .0155617     .040038
                M  |   .0386762   .0078874     4.90   0.000     .0232172    .0541352
            Other  |   .0144949   .0051713     2.80   0.005     .0043594    .0246304
                Q  |   .0541281   .0101141     5.35   0.000     .0343048    .0739515
          Unknown  |   .0424899   .0055488     7.66   0.000     .0316145    .0533653
                   |
          type_cat |
    Unknown/Other  |  -.0024096   .0050513    -0.48   0.633    -.0123099    .0074907
           Public  |   .0055812   .0038151     1.46   0.143    -.0018963    .0130587
Nonprofit/Gov/Edu  |   .0011629   .0085908     0.14   0.892    -.0156747    .0180006
                   |
          size_cat |
          Unknown  |  -.0186167   .0061096    -3.05   0.002    -.0305914    -.006642
             1-50  |  -.0257815    .006009    -4.29   0.000    -.0375589   -.0140041
           51-200  |  -.0032405   .0063252    -0.51   0.608    -.0156376    .0091566
          201-500  |   .0040015   .0071541     0.56   0.576    -.0100203    .0180233
         501-1000  |  -.0034648    .007692    -0.45   0.652    -.0185408    .0116112
       5001-10000  |  -.0183035   .0072643    -2.52   0.012    -.0325414   -.0040657
           10000+  |  -.0107556   .0056161    -1.92   0.055    -.0217629    .0002518
------------------------------------------------------------------------------------
Note: dy/dx for factor levels is the discrete change from the base level.

. display _n "--- 6B.1c AME Mlogit M1: P(Applied/Core AI) ---"

--- 6B.1c AME Mlogit M1: P(Applied/Core AI) ---

. margins, dydx(*) predict(outcome(2))

Average marginal effects                        Number of obs     =     38,432
Model VCE    : Robust

Expression   : Pr(ai_level==Applied_Core_AI), predict(outcome(2))
dy/dx w.r.t. : 1.country_id 2.country_id 2.sector_nace_num 3.sector_nace_num 4.sector_nace_num 5.sector_nace_num 6.sector_nace_num 7.sector_nace_num 0.type_cat 2.type_cat 4.type_cat
               0.size_cat 1.size_cat 2.size_cat 3.size_cat 4.size_cat 6.size_cat 7.size_cat

------------------------------------------------------------------------------------
                   |            Delta-method
                   |      dy/dx   Std. Err.      z    P>|z|     [95% Conf. Interval]
-------------------+----------------------------------------------------------------
        country_id |
               DE  |   .0104676   .0042449     2.47   0.014     .0021477    .0187874
               IN  |  -.0419296   .0026059   -16.09   0.000     -.047037   -.0368222
                   |
   sector_nace_num |
                J  |    .022272    .003816     5.84   0.000     .0147926    .0297513
                K  |   .0064647   .0054242     1.19   0.233    -.0041665    .0170959
                M  |   .0114028   .0065668     1.74   0.082    -.0014679    .0242736
            Other  |  -.0046102     .00448    -1.03   0.303    -.0133908    .0041705
                Q  |   .0204105   .0089336     2.28   0.022      .002901      .03792
          Unknown  |   .0201201   .0049493     4.07   0.000     .0104197    .0298206
                   |
          type_cat |
    Unknown/Other  |    .003747   .0046128     0.81   0.417    -.0052939    .0127879
           Public  |  -.0040902   .0032547    -1.26   0.209    -.0104693    .0022889
Nonprofit/Gov/Edu  |   -.007468   .0078973    -0.95   0.344    -.0229464    .0080105
                   |
          size_cat |
          Unknown  |  -.0098677   .0051086    -1.93   0.053    -.0198803     .000145
             1-50  |  -.0091558   .0049529    -1.85   0.065    -.0188632    .0005516
           51-200  |  -.0001204   .0051791    -0.02   0.981    -.0102713    .0100304
          201-500  |  -.0076469   .0056374    -1.36   0.175     -.018696    .0034023
         501-1000  |  -.0048645   .0062627    -0.78   0.437    -.0171392    .0074102
       5001-10000  |   .0065598     .00674     0.97   0.330    -.0066504      .01977
           10000+  |   .0154994   .0052949     2.93   0.003     .0051216    .0258773
------------------------------------------------------------------------------------
Note: dy/dx for factor levels is the discrete change from the base level.

. 
. * --- 6B.2 Mlogit M2: role + country ---
. display _n "--- 6B.2a Mlogit M2: role + country FE ---"

--- 6B.2a Mlogit M2: role + country FE ---

. mlogit ai_level ///
>     ib3.country_id ///
>     cluster_* ///
>     i.job_family_num ///
>     ib3.exp_category, baseoutcome(0) rrr vce(robust)

Iteration 0:   log pseudolikelihood = -20064.691  
Iteration 1:   log pseudolikelihood = -19027.098  
Iteration 2:   log pseudolikelihood = -17494.377  
Iteration 3:   log pseudolikelihood = -16475.477  
Iteration 4:   log pseudolikelihood = -16372.372  
Iteration 5:   log pseudolikelihood = -16371.754  
Iteration 6:   log pseudolikelihood = -16371.754  

Multinomial logistic regression                 Number of obs     =     38,432
                                                Wald chi2(60)     =    5734.24
                                                Prob > chi2       =     0.0000
Log pseudolikelihood = -16371.754               Pseudo R2         =     0.1841

-----------------------------------------------------------------------------------------------
                              |               Robust
                     ai_level |        RRR   Std. Err.      z    P>|z|     [95% Conf. Interval]
------------------------------+----------------------------------------------------------------
None                          |  (base outcome)
------------------------------+----------------------------------------------------------------
AI_Integration                |
                   country_id |
                          DE  |   .8298442   .0454982    -3.40   0.001     .7452937    .9239867
                          IN  |   .1690393   .0096709   -31.07   0.000     .1511088    .1890975
                              |
cluster_architecture__methods |   1.096471   .0590186     1.71   0.087     .9866893    1.218467
        cluster_bi__analytics |   1.246249   .0534456     5.13   0.000      1.14578    1.355529
  cluster_backend_development |   1.368678   .0650875     6.60   0.000     1.246873    1.502381
       cluster_certifications |   .7229769   .0678339    -3.46   0.001     .6015334    .8689386
      cluster_cloud_computing |   1.625775   .0746653    10.58   0.000     1.485827    1.778905
     cluster_data_engineering |   1.127001   .0515074     2.62   0.009     1.030438    1.232613
   cluster_databases__storage |   .7954645   .0349568    -5.21   0.000     .7298181    .8670157
   cluster_devops__containers |   1.162991   .0532869     3.30   0.001     1.063103    1.272265
         cluster_dynamic__web |   1.819944   .0822197    13.25   0.000     1.665725    1.988441
  cluster_enterprise__managed |   .6234683   .0279335   -10.55   0.000     .5710545    .6806928
 cluster_enterprise_platforms |    1.56346   .1299109     5.38   0.000     1.328492    1.839987
 cluster_frontend_development |   1.770832   .0867115    11.67   0.000     1.608782    1.949206
      cluster_mobile__desktop |   .9312044   .0554957    -1.20   0.232      .828547    1.046581
           cluster_networking |   .9570501   .0450006    -0.93   0.350     .8727927    1.049442
         cluster_os__embedded |   .7316189   .0442478    -5.17   0.000     .6498376    .8236922
     cluster_scripting__shell |   .7034639   .0552282    -4.48   0.000     .6031355    .8204814
   cluster_security__identity |   1.066913   .0500122     1.38   0.167     .9732589    1.169579
  cluster_systems_programming |   .9533753   .0598629    -0.76   0.447     .8429787     1.07823
cluster_testing_qa__debugging |   1.025829    .042126     0.62   0.535     .9464992    1.111808
                              |
               job_family_num |
              DevOps & Cloud  |   .2470277   .0266085   -12.98   0.000     .2000132    .3050933
                  Management  |   .5314809   .0566445    -5.93   0.000     .4312884     .654949
                       Other  |    .264173   .0230734   -15.24   0.000     .2226091    .3134975
          Software Developer  |   .2199785   .0202898   -16.42   0.000     .1835985    .2635672
           Software Engineer  |   .3897234   .0376112    -9.76   0.000      .322559     .470873
       Sr+ Software Engineer  |   .4120884   .0404799    -9.02   0.000     .3399194    .4995797
                              |
                 exp_category |
                     Missing  |   .7667461   .0440122    -4.63   0.000     .6851591    .8580482
                Junior (0-2)  |   .8690457   .0491182    -2.48   0.013     .7779165    .9708502
                Senior+ (6+)  |   .8890015   .0473623    -2.21   0.027     .8008552    .9868496
                              |
                        _cons |   .1990566   .0206603   -15.55   0.000     .1624162    .2439629
------------------------------+----------------------------------------------------------------
Applied_Core_AI               |
                   country_id |
                          DE  |   1.031638   .0684603     0.47   0.639     .9058182    1.174935
                          IN  |   .3428768   .0210025   -17.47   0.000     .3040877    .3866139
                              |
cluster_architecture__methods |   .9650762   .0637705    -0.54   0.591     .8478436    1.098519
        cluster_bi__analytics |   1.312496   .0707942     5.04   0.000     1.180824     1.45885
  cluster_backend_development |   1.081091     .06416     1.31   0.189     .9623774    1.214447
       cluster_certifications |   .5728196   .0717939    -4.45   0.000     .4480569    .7323228
      cluster_cloud_computing |    1.66008   .0963166     8.74   0.000      1.48164    1.860009
     cluster_data_engineering |   2.012481   .1137152    12.38   0.000     1.801501    2.248168
   cluster_databases__storage |   .6602243   .0380468    -7.20   0.000     .5897111     .739169
   cluster_devops__containers |   1.305952   .0773513     4.51   0.000     1.162815    1.466708
         cluster_dynamic__web |   3.589819   .2331561    19.68   0.000     3.160731    4.077157
  cluster_enterprise__managed |   .5854165   .0331734    -9.45   0.000     .5238784    .6541833
 cluster_enterprise_platforms |   .9068437   .1056827    -0.84   0.401     .7216627    1.139543
 cluster_frontend_development |   1.079506   .0644587     1.28   0.200     .9602817    1.213532
      cluster_mobile__desktop |   .7413869   .0649262    -3.42   0.001     .6244559    .8802134
           cluster_networking |   1.025719   .0615324     0.42   0.672     .9119382    1.153697
         cluster_os__embedded |   .6757111   .0523919    -5.06   0.000     .5804467    .7866106
     cluster_scripting__shell |   .4728048   .0496592    -7.13   0.000     .3848392    .5808773
   cluster_security__identity |   .9656619   .0583672    -0.58   0.563     .8577805    1.087111
  cluster_systems_programming |    2.07897   .1368982    11.11   0.000     1.827247    2.365369
cluster_testing_qa__debugging |    .877139   .0458041    -2.51   0.012     .7918059    .9716684
                              |
               job_family_num |
              DevOps & Cloud  |   .0784841   .0089813   -22.24   0.000     .0627155    .0982173
                  Management  |   .2604993   .0264669   -13.24   0.000     .2134636    .3178991
                       Other  |   .0484174   .0045173   -32.45   0.000      .040326    .0581325
          Software Developer  |    .051341   .0050532   -30.17   0.000     .0423337    .0622649
           Software Engineer  |   .1497535   .0140069   -20.30   0.000     .1246699    .1798841
       Sr+ Software Engineer  |   .1420965   .0144335   -19.21   0.000     .1164454    .1733982
                              |
                 exp_category |
                     Missing  |   1.083658   .0747207     1.17   0.244     .9466724    1.240465
                Junior (0-2)  |   .9856908    .070759    -0.20   0.841     .8563202    1.134606
                Senior+ (6+)  |   1.113281   .0741584     1.61   0.107     .9770214    1.268544
                              |
                        _cons |   .2635382    .029215   -12.03   0.000     .2120714    .3274953
-----------------------------------------------------------------------------------------------
Note: _cons estimates baseline relative risk for each outcome.

. estimates store cmlogit_m2

. display _n "--- 6B.2b AME Mlogit M2: P(AI Integration) ---"

--- 6B.2b AME Mlogit M2: P(AI Integration) ---

. margins, dydx(*) predict(outcome(1))

Average marginal effects                        Number of obs     =     38,432
Model VCE    : Robust

Expression   : Pr(ai_level==AI_Integration), predict(outcome(1))
dy/dx w.r.t. : 1.country_id 2.country_id cluster_architecture__methods cluster_bi__analytics cluster_backend_development cluster_certifications cluster_cloud_computing
               cluster_data_engineering cluster_databases__storage cluster_devops__containers cluster_dynamic__web cluster_enterprise__managed cluster_enterprise_platforms
               cluster_frontend_development cluster_mobile__desktop cluster_networking cluster_os__embedded cluster_scripting__shell cluster_security__identity cluster_systems_programming
               cluster_testing_qa__debugging 2.job_family_num 3.job_family_num 4.job_family_num 5.job_family_num 6.job_family_num 7.job_family_num 0.exp_category 2.exp_category
               4.exp_category

-----------------------------------------------------------------------------------------------
                              |            Delta-method
                              |      dy/dx   Std. Err.      z    P>|z|     [95% Conf. Interval]
------------------------------+----------------------------------------------------------------
                   country_id |
                          DE  |  -.0187648   .0051506    -3.64   0.000    -.0288598   -.0086698
                          IN  |  -.0988169   .0028869   -34.23   0.000    -.1044751   -.0931587
                              |
cluster_architecture__methods |   .0071374   .0039454     1.81   0.070    -.0005954    .0148703
        cluster_bi__analytics |   .0137992   .0031334     4.40   0.000     .0076579    .0199405
  cluster_backend_development |   .0225032   .0034643     6.50   0.000     .0157133    .0292931
       cluster_certifications |  -.0189034   .0068711    -2.75   0.006    -.0323705   -.0054362
      cluster_cloud_computing |   .0313175   .0033635     9.31   0.000     .0247252    .0379099
     cluster_data_engineering |   .0024533   .0033361     0.74   0.462    -.0040853     .008992
   cluster_databases__storage |  -.0131331    .003215    -4.08   0.000    -.0194343   -.0068318
   cluster_devops__containers |   .0087302   .0033414     2.61   0.009     .0021813    .0152792
         cluster_dynamic__web |   .0326156   .0032923     9.91   0.000     .0261629    .0390684
  cluster_enterprise__managed |  -.0300558   .0032593    -9.22   0.000     -.036444   -.0236677
 cluster_enterprise_platforms |   .0339517   .0059491     5.71   0.000     .0222916    .0456118
 cluster_frontend_development |   .0415721   .0035806    11.61   0.000     .0345542      .04859
      cluster_mobile__desktop |  -.0025381   .0043977    -0.58   0.564    -.0111575    .0060813
           cluster_networking |  -.0034794    .003436    -1.01   0.311    -.0102138    .0032551
         cluster_os__embedded |  -.0195339   .0044405    -4.40   0.000    -.0282371   -.0108307
     cluster_scripting__shell |  -.0191738   .0057514    -3.33   0.001    -.0304464   -.0079012
   cluster_security__identity |   .0051104   .0034188     1.49   0.135    -.0015903    .0118111
  cluster_systems_programming |  -.0102197   .0045631    -2.24   0.025    -.0191633   -.0012761
cluster_testing_qa__debugging |   .0030843   .0029979     1.03   0.304    -.0027916    .0089601
                              |
               job_family_num |
              DevOps & Cloud  |  -.0789028   .0101892    -7.74   0.000    -.0988733   -.0589323
                  Management  |   -.028627   .0115193    -2.49   0.013    -.0512045   -.0060496
                       Other  |  -.0723896   .0094733    -7.64   0.000    -.0909569   -.0538223
          Software Developer  |  -.0844088     .00952    -8.87   0.000    -.1030677   -.0657499
           Software Engineer  |  -.0496144   .0101943    -4.87   0.000    -.0695948    -.029634
       Sr+ Software Engineer  |  -.0441625   .0103839    -4.25   0.000    -.0645146   -.0238104
                              |
                 exp_category |
                     Missing  |  -.0198215   .0039041    -5.08   0.000    -.0274734   -.0121696
                Junior (0-2)  |  -.0104565   .0041177    -2.54   0.011     -.018527    -.002386
                Senior+ (6+)  |  -.0099125   .0038983    -2.54   0.011     -.017553   -.0022719
-----------------------------------------------------------------------------------------------
Note: dy/dx for factor levels is the discrete change from the base level.

. display _n "--- 6B.2c AME Mlogit M2: P(Applied/Core AI) ---"

--- 6B.2c AME Mlogit M2: P(Applied/Core AI) ---

. margins, dydx(*) predict(outcome(2))

Average marginal effects                        Number of obs     =     38,432
Model VCE    : Robust

Expression   : Pr(ai_level==Applied_Core_AI), predict(outcome(2))
dy/dx w.r.t. : 1.country_id 2.country_id cluster_architecture__methods cluster_bi__analytics cluster_backend_development cluster_certifications cluster_cloud_computing
               cluster_data_engineering cluster_databases__storage cluster_devops__containers cluster_dynamic__web cluster_enterprise__managed cluster_enterprise_platforms
               cluster_frontend_development cluster_mobile__desktop cluster_networking cluster_os__embedded cluster_scripting__shell cluster_security__identity cluster_systems_programming
               cluster_testing_qa__debugging 2.job_family_num 3.job_family_num 4.job_family_num 5.job_family_num 6.job_family_num 7.job_family_num 0.exp_category 2.exp_category
               4.exp_category

-----------------------------------------------------------------------------------------------
                              |            Delta-method
                              |      dy/dx   Std. Err.      z    P>|z|     [95% Conf. Interval]
------------------------------+----------------------------------------------------------------
                   country_id |
                          DE  |   .0040987   .0037453     1.09   0.274    -.0032419    .0114394
                          IN  |  -.0343952   .0024443   -14.07   0.000     -.039186   -.0296044
                              |
cluster_architecture__methods |  -.0025182   .0030872    -0.82   0.415     -.008569    .0035325
        cluster_bi__analytics |   .0108143   .0025183     4.29   0.000     .0058784    .0157501
  cluster_backend_development |   .0008097   .0027545     0.29   0.769     -.004589    .0062083
       cluster_certifications |   -.023316   .0058534    -3.98   0.000    -.0347885   -.0118435
      cluster_cloud_computing |   .0194659   .0027156     7.17   0.000     .0141435    .0247884
     cluster_data_engineering |   .0318939    .002674    11.93   0.000     .0266528    .0371349
   cluster_databases__storage |  -.0174911   .0026707    -6.55   0.000    -.0227256   -.0122566
   cluster_devops__containers |   .0112103   .0027541     4.07   0.000     .0058123    .0166084
         cluster_dynamic__web |   .0548111   .0030565    17.93   0.000     .0488205    .0608017
  cluster_enterprise__managed |  -.0209369   .0026359    -7.94   0.000    -.0261032   -.0157706
 cluster_enterprise_platforms |  -.0086959   .0053342    -1.63   0.103    -.0191508     .001759
 cluster_frontend_development |  -.0016135   .0027653    -0.58   0.560    -.0070333    .0038063
      cluster_mobile__desktop |  -.0134623   .0041126    -3.27   0.001    -.0215228   -.0054018
           cluster_networking |   .0015989   .0027948     0.57   0.567    -.0038788    .0070766
         cluster_os__embedded |   -.015633   .0036322    -4.30   0.000    -.0227521    -.008514
     cluster_scripting__shell |  -.0321166    .004914    -6.54   0.000    -.0417478   -.0224854
   cluster_security__identity |  -.0022399   .0028104    -0.80   0.425    -.0077482    .0032684
  cluster_systems_programming |   .0349558   .0030944    11.30   0.000     .0288908    .0410207
cluster_testing_qa__debugging |   -.006416   .0024332    -2.64   0.008     -.011185    -.001647
                              |
               job_family_num |
              DevOps & Cloud  |  -.2206395   .0118516   -18.62   0.000    -.2438682   -.1974108
                  Management  |  -.1543312   .0131183   -11.76   0.000    -.1800425   -.1286199
                       Other  |  -.2363732    .011432   -20.68   0.000    -.2587795   -.2139669
          Software Developer  |  -.2341998   .0114386   -20.47   0.000     -.256619   -.2117806
           Software Engineer  |  -.1916577   .0119733   -16.01   0.000     -.215125   -.1681904
       Sr+ Software Engineer  |  -.1954585   .0121175   -16.13   0.000    -.2192084   -.1717086
                              |
                 exp_category |
                     Missing  |    .006185   .0033007     1.87   0.061    -.0002842    .0126542
                Junior (0-2)  |   .0006107   .0032562     0.19   0.851    -.0057714    .0069928
                Senior+ (6+)  |   .0062148   .0031822     1.95   0.051    -.0000221    .0124517
-----------------------------------------------------------------------------------------------
Note: dy/dx for factor levels is the discrete change from the base level.

. 
. * --- 6B.3 Mlogit M3: kompletni ---
. display _n "--- 6B.3a Mlogit M3: kompletni ---"

--- 6B.3a Mlogit M3: kompletni ---

. mlogit ai_level ///
>     ib3.country_id ///
>     i.sector_nace_num ///
>     ib1.type_cat ///
>     ib5.size_cat ///
>     cluster_* ///
>     i.job_family_num ///
>     ib3.exp_category, baseoutcome(0) rrr vce(robust)

Iteration 0:   log pseudolikelihood = -20064.691  
Iteration 1:   log pseudolikelihood = -18951.264  
Iteration 2:   log pseudolikelihood = -17362.005  
Iteration 3:   log pseudolikelihood = -16361.477  
Iteration 4:   log pseudolikelihood = -16285.223  
Iteration 5:   log pseudolikelihood = -16284.945  
Iteration 6:   log pseudolikelihood = -16284.945  

Multinomial logistic regression                 Number of obs     =     38,432
                                                Wald chi2(92)     =    5850.86
                                                Prob > chi2       =     0.0000
Log pseudolikelihood = -16284.945               Pseudo R2         =     0.1884

-----------------------------------------------------------------------------------------------
                              |               Robust
                     ai_level |        RRR   Std. Err.      z    P>|z|     [95% Conf. Interval]
------------------------------+----------------------------------------------------------------
None                          |  (base outcome)
------------------------------+----------------------------------------------------------------
AI_Integration                |
                   country_id |
                          DE  |   .7948532   .0447883    -4.07   0.000     .7117435    .8876676
                          IN  |     .16165   .0095478   -30.85   0.000     .1439793    .1814895
                              |
              sector_nace_num |
                           J  |   1.570276   .1168528     6.06   0.000     1.357168    1.816848
                           K  |   1.233469     .12496     2.07   0.038     1.011335    1.504394
                           M  |   1.603338   .1804988     4.19   0.000     1.285877    1.999175
                       Other  |    1.04692   .0977395     0.49   0.623     .8718586    1.257132
                           Q  |   1.671741   .2128825     4.04   0.000     1.302493    2.145668
                     Unknown  |   1.706734   .1537756     5.93   0.000     1.430451    2.036378
                              |
                     type_cat |
               Unknown/Other  |   .9521205   .0686446    -0.68   0.496      .826653    1.096631
                      Public  |   1.053763   .0536858     1.03   0.304      .953624    1.164418
           Nonprofit/Gov/Edu  |   1.189259   .1403174     1.47   0.142     .9437254    1.498675
                              |
                     size_cat |
                     Unknown  |   .8649561   .0709008    -1.77   0.077     .7365813    1.015705
                        1-50  |   .7676444   .0633311    -3.21   0.001     .6530335    .9023702
                      51-200  |   .9543307   .0746428    -0.60   0.550     .8186953    1.112437
                     201-500  |   1.076317   .0916405     0.86   0.388     .9108917    1.271785
                    501-1000  |   .9193044   .0883646    -0.88   0.381      .761449    1.109885
                  5001-10000  |   .8034918   .0797106    -2.21   0.027     .6615122    .9759444
                      10000+  |    1.01336    .072697     0.18   0.853     .8804399    1.166347
                              |
cluster_architecture__methods |   1.110233   .0599424     1.94   0.053     .9987503    1.234159
        cluster_bi__analytics |   1.269886   .0550766     5.51   0.000     1.166398    1.382555
  cluster_backend_development |   1.356811   .0646812     6.40   0.000      1.23578    1.489695
       cluster_certifications |   .7270814   .0681774    -3.40   0.001     .6050162    .8737737
      cluster_cloud_computing |   1.603258    .073835    10.25   0.000     1.464883    1.754704
     cluster_data_engineering |   1.119329   .0513388     2.46   0.014     1.023097    1.224613
   cluster_databases__storage |   .7980173   .0351851    -5.12   0.000     .7319514    .8700462
   cluster_devops__containers |   1.168038   .0536077     3.38   0.001     1.067556    1.277978
         cluster_dynamic__web |   1.813193   .0821031    13.14   0.000     1.659208    1.981469
  cluster_enterprise__managed |   .6194414   .0278868   -10.64   0.000     .5671262    .6765825
 cluster_enterprise_platforms |   1.571481   .1308878     5.43   0.000     1.334791    1.850143
 cluster_frontend_development |   1.764549   .0865462    11.58   0.000      1.60282    1.942597
      cluster_mobile__desktop |    .933924   .0555437    -1.15   0.250     .8311658    1.049386
           cluster_networking |    .946649   .0450049    -1.15   0.249     .8624258    1.039097
         cluster_os__embedded |   .7384272   .0446006    -5.02   0.000     .6559874    .8312273
     cluster_scripting__shell |   .7040248    .055296    -4.47   0.000     .6035765    .8211899
   cluster_security__identity |   1.061326   .0499785     1.26   0.206     .9677549    1.163945
  cluster_systems_programming |   .9730651   .0617242    -0.43   0.667      .859306    1.101884
cluster_testing_qa__debugging |   1.026909   .0422492     0.65   0.519     .9473526    1.113146
                              |
               job_family_num |
              DevOps & Cloud  |   .2464451   .0266602   -12.95   0.000     .1993601    .3046508
                  Management  |    .532166   .0568651    -5.90   0.000     .4316097    .6561498
                       Other  |   .2663086   .0233242   -15.11   0.000     .2243025    .3161814
          Software Developer  |    .222554   .0206453   -16.20   0.000     .1855553      .26693
           Software Engineer  |   .3971393   .0384844    -9.53   0.000     .3284414    .4802062
       Sr+ Software Engineer  |    .415139   .0409219    -8.92   0.000     .3422056    .5036165
                              |
                 exp_category |
                     Missing  |   .7641024   .0439904    -4.67   0.000     .6825693    .8553745
                Junior (0-2)  |   .8703782   .0493923    -2.45   0.014     .7787606    .9727742
                Senior+ (6+)  |   .8786961    .047029    -2.42   0.016     .7911908    .9758794
                              |
                        _cons |   .1476244   .0195294   -14.46   0.000     .1139073    .1913219
------------------------------+----------------------------------------------------------------
Applied_Core_AI               |
                   country_id |
                          DE  |    .992501   .0674871    -0.11   0.912      .868664    1.133992
                          IN  |    .314056   .0198286   -18.34   0.000     .2775011    .3554263
                              |
              sector_nace_num |
                           J  |   1.537793   .1386337     4.77   0.000     1.288727    1.834994
                           K  |   .9787725   .1314534    -0.16   0.873     .7522492    1.273508
                           M  |   1.360605   .1921865     2.18   0.029     1.031571    1.794589
                       Other  |   .8637974   .1054519    -1.20   0.230     .6799824    1.097302
                           Q  |   1.352714   .2380403     1.72   0.086     .9581161    1.909827
                     Unknown  |   1.493765   .1676293     3.58   0.000     1.198839    1.861245
                              |
                     type_cat |
               Unknown/Other  |    1.03721   .0919656     0.41   0.680     .8717536    1.234069
                      Public  |    .910276   .0603108    -1.42   0.156     .7994223    1.036501
           Nonprofit/Gov/Edu  |     1.0045   .1789196     0.03   0.980     .7084928    1.424178
                              |
                     size_cat |
                     Unknown  |   1.020007   .1113161     0.18   0.856      .823587    1.263273
                        1-50  |   1.026326   .1072802     0.25   0.804     .8362006    1.259679
                      51-200  |   1.066162   .1081999     0.63   0.528     .8738539    1.300792
                     201-500  |   .9148606   .1062794    -0.77   0.444     .7285692    1.148786
                    501-1000  |    .796927   .1032008    -1.75   0.080     .6182858    1.027183
                  5001-10000  |   1.109069   .1389143     0.83   0.409     .8676464    1.417667
                      10000+  |   1.467916   .1386178     4.06   0.000      1.21989     1.76637
                              |
cluster_architecture__methods |   .9734846   .0642414    -0.41   0.684     .8553764    1.107901
        cluster_bi__analytics |   1.364873   .0742949     5.71   0.000     1.226756    1.518539
  cluster_backend_development |   1.073872   .0639091     1.20   0.231     .9556419    1.206729
       cluster_certifications |   .5715323   .0720325    -4.44   0.000     .4464373    .7316798
      cluster_cloud_computing |   1.646032    .095955     8.55   0.000      1.46831    1.845266
     cluster_data_engineering |   2.020641   .1144733    12.42   0.000     1.808285    2.257935
   cluster_databases__storage |   .6670141   .0386451    -6.99   0.000     .5954134    .7472251
   cluster_devops__containers |   1.325257   .0787655     4.74   0.000     1.179532    1.488985
         cluster_dynamic__web |   3.574974   .2324747    19.59   0.000     3.147173    4.060926
  cluster_enterprise__managed |   .5781316    .033178    -9.55   0.000     .5166278    .6469574
 cluster_enterprise_platforms |   .9083587    .106558    -0.82   0.413     .7217793    1.143169
 cluster_frontend_development |   1.074607   .0642985     1.20   0.229     .9556928    1.208316
      cluster_mobile__desktop |   .7381327   .0647046    -3.46   0.001     .6216103    .8764975
           cluster_networking |   .9959988   .0606544    -0.07   0.948     .8839389    1.122265
         cluster_os__embedded |    .673959   .0524933    -5.07   0.000     .5785423    .7851125
     cluster_scripting__shell |   .4768934   .0503926    -7.01   0.000     .3876825    .5866329
   cluster_security__identity |   .9659303   .0585972    -0.57   0.568     .8576469    1.087885
  cluster_systems_programming |   2.056691   .1369681    10.83   0.000     1.805021    2.343452
cluster_testing_qa__debugging |    .879245   .0459277    -2.46   0.014      .793683    .9740309
                              |
               job_family_num |
              DevOps & Cloud  |   .0775451   .0088732   -22.35   0.000     .0619662    .0970407
                  Management  |   .2537581   .0259584   -13.41   0.000     .2076566    .3100946
                       Other  |   .0483168   .0045148   -32.43   0.000      .040231    .0580277
          Software Developer  |   .0506594   .0050124   -30.14   0.000     .0417292    .0615008
           Software Engineer  |    .150775   .0141548   -20.15   0.000     .1254348    .1812344
       Sr+ Software Engineer  |   .1425731   .0144774   -19.18   0.000     .1168431     .173969
                              |
                 exp_category |
                     Missing  |   1.078758   .0746384     1.10   0.273     .9419554     1.23543
                Junior (0-2)  |   .9801279   .0705504    -0.28   0.780     .8511626    1.128634
                Senior+ (6+)  |   1.100565   .0736073     1.43   0.152     .9653533    1.254716
                              |
                        _cons |   .1903606   .0282015   -11.20   0.000      .142388    .2544959
-----------------------------------------------------------------------------------------------
Note: _cons estimates baseline relative risk for each outcome.

. estimates store cmlogit_m3

. display _n "--- 6B.3b AME Mlogit M3: P(AI Integration) ---"

--- 6B.3b AME Mlogit M3: P(AI Integration) ---

. margins, dydx(*) predict(outcome(1))

Average marginal effects                        Number of obs     =     38,432
Model VCE    : Robust

Expression   : Pr(ai_level==AI_Integration), predict(outcome(1))
dy/dx w.r.t. : 1.country_id 2.country_id 2.sector_nace_num 3.sector_nace_num 4.sector_nace_num 5.sector_nace_num 6.sector_nace_num 7.sector_nace_num 0.type_cat 2.type_cat 4.type_cat
               0.size_cat 1.size_cat 2.size_cat 3.size_cat 4.size_cat 6.size_cat 7.size_cat cluster_architecture__methods cluster_bi__analytics cluster_backend_development
               cluster_certifications cluster_cloud_computing cluster_data_engineering cluster_databases__storage cluster_devops__containers cluster_dynamic__web
               cluster_enterprise__managed cluster_enterprise_platforms cluster_frontend_development cluster_mobile__desktop cluster_networking cluster_os__embedded
               cluster_scripting__shell cluster_security__identity cluster_systems_programming cluster_testing_qa__debugging 2.job_family_num 3.job_family_num 4.job_family_num
               5.job_family_num 6.job_family_num 7.job_family_num 0.exp_category 2.exp_category 4.exp_category

-----------------------------------------------------------------------------------------------
                              |            Delta-method
                              |      dy/dx   Std. Err.      z    P>|z|     [95% Conf. Interval]
------------------------------+----------------------------------------------------------------
                   country_id |
                          DE  |  -.0224528   .0052529    -4.27   0.000    -.0327483   -.0121572
                          IN  |   -.101076   .0030317   -33.34   0.000    -.1070181    -.095134
                              |
              sector_nace_num |
                           J  |   .0267162   .0045167     5.91   0.000     .0178636    .0355688
                           K  |   .0131903   .0062946     2.10   0.036     .0008531    .0255276
                           M  |   .0295677   .0080396     3.68   0.000     .0138103     .045325
                       Other  |   .0035969   .0054279     0.66   0.508    -.0070417    .0142354
                           Q  |   .0329738   .0094256     3.50   0.000        .0145    .0514476
                     Unknown  |   .0336445   .0059465     5.66   0.000     .0219896    .0452993
                              |
                     type_cat |
               Unknown/Other  |   -.003834   .0050247    -0.76   0.445    -.0136822    .0060143
                      Public  |     .00475   .0037496     1.27   0.205    -.0025992    .0120991
           Nonprofit/Gov/Edu  |   .0133458   .0093783     1.42   0.155    -.0050353    .0317269
                              |
                     size_cat |
                     Unknown  |  -.0110222   .0060592    -1.82   0.069     -.022898    .0008537
                        1-50  |  -.0191851   .0058729    -3.27   0.001    -.0306958   -.0076745
                      51-200  |  -.0042056   .0059489    -0.71   0.480    -.0158652     .007454
                     201-500  |   .0067708    .006822     0.99   0.321    -.0065999    .0201416
                    501-1000  |  -.0045263    .007213    -0.63   0.530    -.0186635    .0096109
                  5001-10000  |  -.0168188   .0068978    -2.44   0.015    -.0303382   -.0032994
                      10000+  |  -.0028877   .0054999    -0.53   0.600    -.0136673    .0078919
                              |
cluster_architecture__methods |   .0079547   .0039433     2.02   0.044      .000226    .0156833
        cluster_bi__analytics |   .0147592   .0031558     4.68   0.000     .0085739    .0209445
  cluster_backend_development |    .021839   .0034597     6.31   0.000     .0150581      .02862
       cluster_certifications |  -.0183628   .0068475    -2.68   0.007    -.0317837   -.0049419
      cluster_cloud_computing |   .0302247   .0033598     9.00   0.000     .0236395    .0368099
     cluster_data_engineering |   .0018582   .0033359     0.56   0.578    -.0046801    .0083965
   cluster_databases__storage |  -.0129176   .0032143    -4.02   0.000    -.0192175   -.0066178
   cluster_devops__containers |   .0088668   .0033346     2.66   0.008     .0023311    .0154025
         cluster_dynamic__web |   .0321818   .0032892     9.78   0.000     .0257351    .0386286
  cluster_enterprise__managed |  -.0302785   .0032628    -9.28   0.000    -.0366735   -.0238835
 cluster_enterprise_platforms |   .0342014   .0059408     5.76   0.000     .0225577    .0458452
 cluster_frontend_development |   .0412016   .0035729    11.53   0.000     .0341988    .0482044
      cluster_mobile__desktop |  -.0022543   .0043729    -0.52   0.606    -.0108249    .0063164
           cluster_networking |  -.0040047   .0034623    -1.16   0.247    -.0107907    .0027812
         cluster_os__embedded |  -.0187334    .004418    -4.24   0.000    -.0273925   -.0100742
     cluster_scripting__shell |  -.0190779   .0057346    -3.33   0.001    -.0303175   -.0078383
   cluster_security__identity |   .0047053   .0034213     1.38   0.169    -.0020003    .0114109
  cluster_systems_programming |  -.0086264   .0045904    -1.88   0.060    -.0176234    .0003707
cluster_testing_qa__debugging |   .0031376   .0029924     1.05   0.294    -.0027274    .0090027
                              |
               job_family_num |
              DevOps & Cloud  |  -.0779261   .0101233    -7.70   0.000    -.0977674   -.0580847
                  Management  |  -.0276333   .0114469    -2.41   0.016    -.0500688   -.0051979
                       Other  |  -.0707681   .0094046    -7.52   0.000    -.0892007   -.0523355
          Software Developer  |   -.082511   .0094726    -8.71   0.000    -.1010768   -.0639451
           Software Engineer  |  -.0473758   .0101458    -4.67   0.000    -.0672613   -.0274904
       Sr+ Software Engineer  |  -.0428898   .0103183    -4.16   0.000    -.0631133   -.0226662
                              |
                 exp_category |
                     Missing  |  -.0199795   .0039049    -5.12   0.000    -.0276331    -.012326
                Junior (0-2)  |  -.0102749   .0041326    -2.49   0.013    -.0183745   -.0021752
                Senior+ (6+)  |  -.0106325   .0038868    -2.74   0.006    -.0182505   -.0030145
-----------------------------------------------------------------------------------------------
Note: dy/dx for factor levels is the discrete change from the base level.

. display _n "--- 6B.3c AME Mlogit M3: P(Applied/Core AI) ---"

--- 6B.3c AME Mlogit M3: P(Applied/Core AI) ---

. margins, dydx(*) predict(outcome(2))

Average marginal effects                        Number of obs     =     38,432
Model VCE    : Robust

Expression   : Pr(ai_level==Applied_Core_AI), predict(outcome(2))
dy/dx w.r.t. : 1.country_id 2.country_id 2.sector_nace_num 3.sector_nace_num 4.sector_nace_num 5.sector_nace_num 6.sector_nace_num 7.sector_nace_num 0.type_cat 2.type_cat 4.type_cat
               0.size_cat 1.size_cat 2.size_cat 3.size_cat 4.size_cat 6.size_cat 7.size_cat cluster_architecture__methods cluster_bi__analytics cluster_backend_development
               cluster_certifications cluster_cloud_computing cluster_data_engineering cluster_databases__storage cluster_devops__containers cluster_dynamic__web
               cluster_enterprise__managed cluster_enterprise_platforms cluster_frontend_development cluster_mobile__desktop cluster_networking cluster_os__embedded
               cluster_scripting__shell cluster_security__identity cluster_systems_programming cluster_testing_qa__debugging 2.job_family_num 3.job_family_num 4.job_family_num
               5.job_family_num 6.job_family_num 7.job_family_num 0.exp_category 2.exp_category 4.exp_category

-----------------------------------------------------------------------------------------------
                              |            Delta-method
                              |      dy/dx   Std. Err.      z    P>|z|     [95% Conf. Interval]
------------------------------+----------------------------------------------------------------
                   country_id |
                          DE  |   .0024692   .0038498     0.64   0.521    -.0050763    .0100146
                          IN  |  -.0375132   .0025203   -14.88   0.000     -.042453   -.0325734
                              |
              sector_nace_num |
                           J  |   .0159019   .0037768     4.21   0.000     .0084994    .0233043
                           K  |  -.0022599   .0052012    -0.43   0.664     -.012454    .0079343
                           M  |   .0096813   .0062899     1.54   0.124    -.0026467    .0220093
                       Other  |  -.0058774   .0046047    -1.28   0.202    -.0149025    .0031478
                           Q  |   .0089955   .0078538     1.15   0.252    -.0063977    .0243886
                     Unknown  |   .0135695   .0048794     2.78   0.005      .004006     .023133
                              |
                     type_cat |
               Unknown/Other  |    .002222   .0042927     0.52   0.605    -.0061916    .0106355
                      Public  |  -.0048358   .0030046    -1.61   0.108    -.0107247    .0010532
           Nonprofit/Gov/Edu  |  -.0014654   .0082432    -0.18   0.859    -.0176217    .0146909
                              |
                     size_cat |
                     Unknown  |   .0021825   .0047879     0.46   0.649    -.0072016    .0115666
                        1-50  |   .0034569   .0046165     0.75   0.454    -.0055913    .0125051
                      51-200  |   .0033207   .0044937     0.74   0.460    -.0054867    .0121281
                     201-500  |  -.0044695   .0048515    -0.92   0.357    -.0139782    .0050393
                    501-1000  |  -.0085912   .0051055    -1.68   0.092    -.0185978    .0014154
                  5001-10000  |   .0067155   .0057636     1.17   0.244    -.0045809     .018012
                      10000+  |   .0190049   .0045797     4.15   0.000     .0100287     .027981
                              |
cluster_architecture__methods |  -.0022209   .0030691    -0.72   0.469    -.0082361    .0037944
        cluster_bi__analytics |   .0124141   .0025281     4.91   0.000     .0074591    .0173691
  cluster_backend_development |   .0005478   .0027496     0.20   0.842    -.0048413    .0059369
       cluster_certifications |  -.0233443   .0058629    -3.98   0.000    -.0348355   -.0118532
      cluster_cloud_computing |   .0190708   .0027161     7.02   0.000     .0137474    .0243943
     cluster_data_engineering |    .031994   .0026679    11.99   0.000      .026765     .037223
   cluster_databases__storage |  -.0169443   .0026732    -6.34   0.000    -.0221836   -.0117049
   cluster_devops__containers |   .0117979   .0027499     4.29   0.000     .0064082    .0171875
         cluster_dynamic__web |   .0543591   .0030466    17.84   0.000     .0483878    .0603303
  cluster_enterprise__managed |  -.0213358   .0026574    -8.03   0.000    -.0265442   -.0161274
 cluster_enterprise_platforms |  -.0086588   .0053454    -1.62   0.105    -.0191355    .0018179
 cluster_frontend_development |    -.00183   .0027587    -0.66   0.507     -.007237     .003577
      cluster_mobile__desktop |  -.0136296   .0040976    -3.33   0.001    -.0216607   -.0055986
           cluster_networking |   .0003146   .0028249     0.11   0.911    -.0052222    .0058514
         cluster_os__embedded |  -.0157461   .0036311    -4.34   0.000    -.0228629   -.0086293
     cluster_scripting__shell |  -.0315487   .0049191    -6.41   0.000      -.04119   -.0219074
   cluster_security__identity |  -.0021735   .0028071    -0.77   0.439    -.0076753    .0033284
  cluster_systems_programming |   .0341087   .0031101    10.97   0.000      .028013    .0402043
cluster_testing_qa__debugging |  -.0062861   .0024228    -2.59   0.009    -.0110347   -.0015375
                              |
               job_family_num |
              DevOps & Cloud  |  -.2200284   .0117824   -18.67   0.000    -.2431215   -.1969354
                  Management  |   -.155685   .0130204   -11.96   0.000    -.1812044   -.1301655
                       Other  |  -.2354576    .011366   -20.72   0.000    -.2577346   -.2131806
          Software Developer  |  -.2335878   .0113672   -20.55   0.000    -.2558672   -.2113084
           Software Engineer  |  -.1903602   .0119098   -15.98   0.000    -.2137029   -.1670175
       Sr+ Software Engineer  |  -.1942628   .0120369   -16.14   0.000    -.2178547   -.1706709
                              |
                 exp_category |
                     Missing  |   .0060018   .0032982     1.82   0.069    -.0004626    .0124661
                Junior (0-2)  |   .0003493   .0032502     0.11   0.914     -.006021    .0067196
                Senior+ (6+)  |   .0057539   .0031725     1.81   0.070     -.000464    .0119718
-----------------------------------------------------------------------------------------------
Note: dy/dx for factor levels is the discrete change from the base level.

. 
. * --- 6B.3d Country AME (klicove cislo pro diplomku) ---
. display _n "--- 6B.3d Country AME: P(AI Integration) ---"

--- 6B.3d Country AME: P(AI Integration) ---

. margins, dydx(country_id) predict(outcome(1))

Average marginal effects                        Number of obs     =     38,432
Model VCE    : Robust

Expression   : Pr(ai_level==AI_Integration), predict(outcome(1))
dy/dx w.r.t. : 1.country_id 2.country_id

------------------------------------------------------------------------------
             |            Delta-method
             |      dy/dx   Std. Err.      z    P>|z|     [95% Conf. Interval]
-------------+----------------------------------------------------------------
  country_id |
         DE  |  -.0224528   .0052529    -4.27   0.000    -.0327483   -.0121572
         IN  |   -.101076   .0030317   -33.34   0.000    -.1070181    -.095134
------------------------------------------------------------------------------
Note: dy/dx for factor levels is the discrete change from the base level.

. display _n "--- 6B.3e Country AME: P(Applied/Core AI) ---"

--- 6B.3e Country AME: P(Applied/Core AI) ---

. margins, dydx(country_id) predict(outcome(2))

Average marginal effects                        Number of obs     =     38,432
Model VCE    : Robust

Expression   : Pr(ai_level==Applied_Core_AI), predict(outcome(2))
dy/dx w.r.t. : 1.country_id 2.country_id

------------------------------------------------------------------------------
             |            Delta-method
             |      dy/dx   Std. Err.      z    P>|z|     [95% Conf. Interval]
-------------+----------------------------------------------------------------
  country_id |
         DE  |   .0024692   .0038498     0.64   0.521    -.0050763    .0100146
         IN  |  -.0375132   .0025203   -14.88   0.000     -.042453   -.0325734
------------------------------------------------------------------------------
Note: dy/dx for factor levels is the discrete change from the base level.

. 
. * --- 6B.4 Porovnani mlogit modelu ---
. display _n "--- 6B.4 Porovnani Mlogit M1 / M2 / M3 ---"

--- 6B.4 Porovnani Mlogit M1 / M2 / M3 ---

. estimates table cmlogit_m1 cmlogit_m2 cmlogit_m3, star stats(N ll chi2)

--------------------------------------------------------------
    Variable |  cmlogit_m1      cmlogit_m2      cmlogit_m3    
-------------+------------------------------------------------
None         |
  country_id |
         DE  |  (omitted)       (omitted)       (omitted)     
         IN  |  (omitted)       (omitted)       (omitted)     
             |
sector_nac~m |
          J  |  (omitted)                       (omitted)     
          K  |  (omitted)                       (omitted)     
          M  |  (omitted)                       (omitted)     
      Other  |  (omitted)                       (omitted)     
          Q  |  (omitted)                       (omitted)     
    Unknown  |  (omitted)                       (omitted)     
             |
    type_cat |
Unknown/O~r  |  (omitted)                       (omitted)     
             |
    type_cat |
     Public  |  (omitted)                       (omitted)     
Nonprofit~u  |  (omitted)                       (omitted)     
             |
    size_cat |
    Unknown  |  (omitted)                       (omitted)     
       1-50  |  (omitted)                       (omitted)     
     51-200  |  (omitted)                       (omitted)     
    201-500  |  (omitted)                       (omitted)     
   501-1000  |  (omitted)                       (omitted)     
             |
    size_cat |
 5001-10000  |  (omitted)                       (omitted)     
     10000+  |  (omitted)                       (omitted)     
             |
cluster_ar~s |                  (omitted)       (omitted)     
cluster_bi~s |                  (omitted)       (omitted)     
cluster_ba~t |                  (omitted)       (omitted)     
cluster_ce~s |                  (omitted)       (omitted)     
cluster_cl~g |                  (omitted)       (omitted)     
cluster_da~g |                  (omitted)       (omitted)     
cluster_da~e |                  (omitted)       (omitted)     
cluster_de~s |                  (omitted)       (omitted)     
cluster_dy~b |                  (omitted)       (omitted)     
cluster_en~d |                  (omitted)       (omitted)     
cluster_en~s |                  (omitted)       (omitted)     
cluster_fr~t |                  (omitted)       (omitted)     
cluster_mo~p |                  (omitted)       (omitted)     
cluster_ne~g |                  (omitted)       (omitted)     
cluster_os~d |                  (omitted)       (omitted)     
cluster_sc~l |                  (omitted)       (omitted)     
cluster_se~y |                  (omitted)       (omitted)     
cluster_sy~g |                  (omitted)       (omitted)     
cluster_te~g |                  (omitted)       (omitted)     
             |
job_family~m |
DevOps & ..  |                  (omitted)       (omitted)     
 Management  |                  (omitted)       (omitted)     
      Other  |                  (omitted)       (omitted)     
Software ..  |                  (omitted)       (omitted)     
Software ..  |                  (omitted)       (omitted)     
Sr+ Softw..  |                  (omitted)       (omitted)     
             |
exp_category |
    Missing  |                  (omitted)       (omitted)     
Junior (..)  |                  (omitted)       (omitted)     
             |
exp_category |
Senior+ ..)  |                  (omitted)       (omitted)     
             |
       _cons |  (omitted)       (omitted)       (omitted)     
-------------+------------------------------------------------
AI_Integra~n |
  country_id |
         DE  | -.36867329***   -.18651726***   -.22959782***  
         IN  | -1.7686052***    -1.777624***   -1.8223215***  
             |
sector_nac~m |
          J  |  .62086731***                     .4512517***  
          K  |  .45611104***                     .2098306*    
          M  |  .60291029***                     .4720877***  
      Other  |  .24647372**                     .04585245     
          Q  |  .79303978***                    .51386573***  
    Unknown  |  .66148145***                    .53458137***  
             |
    type_cat |
Unknown/O~r  |  -.0268345                      -.04906369     
             |
    type_cat |
     Public  |  .06592029                       .05236799     
Nonprofit~u  |  .00444317                       .17333068     
             |
    size_cat |
    Unknown  | -.25224708**                    -.14507649     
       1-50  | -.35565873***                   -.26442866**   
     51-200  | -.03869364                      -.04674505     
    201-500  |  .03479463                       .07354521     
   501-1000  | -.04837757                      -.08413802     
             |
    size_cat |
 5001-10000  | -.22410663*                     -.21878825*    
     10000+  | -.10943037                       .01327148     
             |
cluster_ar~s |                  .09209687       .10456968     
cluster_bi~s |                  .22013862***    .23892693***  
cluster_ba~t |                   .3138451***    .30513683***  
cluster_ce~s |                   -.324378***   -.31871691***  
cluster_cl~g |                   .4859848***    .47203801***  
cluster_da~g |                     .11956**     .11272974*    
cluster_da~e |                 -.22882905***   -.22562506***  
cluster_de~s |                   .1509955***    .15532514***  
cluster_dy~b |                  .59880576***    .59508952***  
cluster_en~d |                 -.47245738***   -.47893714***  
cluster_en~s |                  .44690158***    .45201872***  
cluster_fr~t |                  .57144972***    .56789502***  
cluster_mo~p |                 -.07127652      -.06836021     
cluster_ne~g |                 -.04389952      -.05482688     
cluster_os~d |                 -.31249558***   -.30323283***  
cluster_sc~l |                 -.35173872***    -.3509417***  
cluster_se~y |                  .06476947       .05951945     
cluster_sy~g |                 -.04774662      -.02730428     
cluster_te~g |                  .02550125       .02655318     
             |
job_family~m |
DevOps & ..  |                 -1.3982549***    -1.400616***  
 Management  |                 -.63208802***   -.63079987***  
      Other  |                 -1.3311509***   -1.3230993***  
Software ..  |                 -1.5142255***   -1.5025856***  
Software ..  |                 -.94231809***   -.92346816***  
Sr+ Softw..  |                 -.88651743***   -.87914185***  
             |
exp_category |
    Missing  |                 -.26559959***   -.26905351***  
Junior (..)  |                  -.1403596*     -.13882741*    
             |
exp_category |
Senior+ ..)  |                  -.1176564*     -.12931617*    
             |
       _cons | -2.1810433***   -1.6141663***   -1.9130841***  
-------------+------------------------------------------------
Applied_Co~I |
  country_id |
         DE  |  .09463467        .0311481      -.00752727     
         IN  | -.98522278***    -1.070384***   -1.1581839***  
             |
sector_nac~m |
          J  |   .4752076***                    .43034815***  
          K  |  .17714164                      -.02145603     
          M  |  .28839114*                      .30792962*    
      Other  | -.08986122                      -.14641705     
          Q  |   .4679746**                     .30211307     
    Unknown  |  .44588844***                    .40129967***  
             |
    type_cat |
Unknown/O~r  |  .05991353                       .03653426     
             |
    type_cat |
     Public  | -.06520934                      -.09400745     
Nonprofit~u  | -.13587346                       .00448966     
             |
    size_cat |
    Unknown  | -.21206135*                      .01980983     
       1-50  | -.20794012*                      .02598522     
     51-200  | -.00688136                       .06406551     
    201-500  | -.13491902                      -.08898356     
   501-1000  | -.09269963                      -.22699217     
             |
    size_cat |
 5001-10000  |  .08179529                       .10352062     
     10000+  |  .22689295**                     .38384384***  
             |
cluster_ar~s |                 -.03554824      -.02687328     
cluster_bi~s |                   .2719305***     .3110611***  
cluster_ba~t |                  .07797029        .0712708     
cluster_ce~s |                  -.5571845***   -.55943428***  
cluster_cl~g |                  .50686556***    .49836761***  
cluster_da~g |                  .69936817***    .70341489***  
cluster_da~e |                 -.41517563***   -.40494407***  
cluster_de~s |                  .26693227***    .28160625***  
cluster_dy~b |                  1.2781017***    1.2739578***  
cluster_en~d |                 -.53543166***   -.54795375***  
cluster_en~s |                 -.09778518      -.09611595     
cluster_fr~t |                  .07650344       .07195463     
cluster_mo~p |                 -.29923271***   -.30363162***  
cluster_ne~g |                  .02539424      -.00400926     
cluster_os~d |                 -.39198964***   -.39458593***  
cluster_sc~l |                 -.74907262***   -.74046237***  
cluster_se~y |                 -.03494148      -.03466356     
cluster_sy~g |                  .73187242***    .72109851***  
cluster_te~g |                 -.13108985*     -.12869165*    
             |
job_family~m |
DevOps & ..  |                 -2.5448594***    -2.556896***  
 Management  |                 -1.3451551***   -1.3713738***  
      Other  |                 -3.0278951***    -3.029976***  
Software ..  |                  -2.969265***   -2.9826301***  
Software ..  |                 -1.8987644***   -1.8919667***  
Sr+ Softw..  |                 -1.9512489***   -1.9479006***  
             |
exp_category |
    Missing  |                  .08034193        .0758108     
Junior (..)  |                 -.01441254      -.02007225     
             |
exp_category |
Senior+ ..)  |                  .10731134       .09582387     
             |
       _cons | -2.6418038***   -1.3335569***    -1.658835***  
-------------+------------------------------------------------
Statistics   |                                                
           N |      38432           38432           38432     
          ll | -19133.521      -16371.754      -16284.945     
        chi2 |  1459.7249       5734.2377       5850.8601     
--------------------------------------------------------------
                      legend: * p<0.05; ** p<0.01; *** p<0.001

. 
. * --- 6B.5 Mediacni varianty M3 ---
. display _n "--- 6B.5a Mlogit M3a: M3 bez job_family ---"

--- 6B.5a Mlogit M3a: M3 bez job_family ---

. mlogit ai_level ///
>     ib3.country_id ///
>     i.sector_nace_num ///
>     ib1.type_cat ///
>     ib5.size_cat ///
>     cluster_* ///
>     ib3.exp_category, baseoutcome(0) rrr vce(robust)

Iteration 0:   log pseudolikelihood = -20064.691  
Iteration 1:   log pseudolikelihood = -17693.893  
Iteration 2:   log pseudolikelihood = -17207.218  
Iteration 3:   log pseudolikelihood = -17201.351  
Iteration 4:   log pseudolikelihood =  -17201.34  
Iteration 5:   log pseudolikelihood =  -17201.34  

Multinomial logistic regression                 Number of obs     =     38,432
                                                Wald chi2(80)     =    4699.33
                                                Prob > chi2       =     0.0000
Log pseudolikelihood =  -17201.34               Pseudo R2         =     0.1427

-----------------------------------------------------------------------------------------------
                              |               Robust
                     ai_level |        RRR   Std. Err.      z    P>|z|     [95% Conf. Interval]
------------------------------+----------------------------------------------------------------
None                          |  (base outcome)
------------------------------+----------------------------------------------------------------
AI_Integration                |
                   country_id |
                          DE  |   .8780126   .0485687    -2.35   0.019     .7877985    .9785576
                          IN  |   .1678666   .0098973   -30.27   0.000     .1495472    .1884302
                              |
              sector_nace_num |
                           J  |    1.58053   .1172687     6.17   0.000     1.366618    1.827925
                           K  |   1.256337   .1250919     2.29   0.022     1.033601    1.527071
                           M  |   1.563149   .1745856     4.00   0.000      1.25583    1.945672
                       Other  |   1.036179     .09617     0.38   0.702      .863839    1.242901
                           Q  |   1.674784   .2113571     4.09   0.000     1.307788    2.144767
                     Unknown  |    1.68556   .1511304     5.82   0.000     1.413917    2.009391
                              |
                     type_cat |
               Unknown/Other  |   .9523042    .068219    -0.68   0.495     .8275596    1.095852
                      Public  |   1.057109   .0535365     1.10   0.273     .9572187    1.167423
           Nonprofit/Gov/Edu  |   1.184104   .1359176     1.47   0.141       .94555    1.482843
                              |
                     size_cat |
                     Unknown  |   .7987826   .0647246    -2.77   0.006     .6814854     .936269
                        1-50  |   .7133607     .05814    -4.14   0.000     .6080439    .8369191
                      51-200  |   .9053333   .0699842    -1.29   0.198     .7780524    1.053436
                     201-500  |   1.037196   .0876615     0.43   0.666      .878859     1.22406
                    501-1000  |   .9119815   .0866103    -0.97   0.332     .7570908    1.098561
                  5001-10000  |   .7941418   .0783749    -2.34   0.020     .6544732    .9636166
                      10000+  |   1.005183   .0715143     0.07   0.942     .8743509    1.155591
                              |
cluster_architecture__methods |   1.102754   .0589294     1.83   0.067     .9930969    1.224518
        cluster_bi__analytics |    1.35145   .0570753     7.13   0.000     1.244089    1.468076
  cluster_backend_development |   1.302162   .0607206     5.66   0.000     1.188428     1.42678
       cluster_certifications |   .7582611    .069786    -3.01   0.003     .6331099    .9081517
      cluster_cloud_computing |    1.72893   .0781473    12.11   0.000     1.582353    1.889085
     cluster_data_engineering |   1.276328   .0560697     5.55   0.000     1.171032    1.391093
   cluster_databases__storage |   .8374507   .0358233    -4.15   0.000      .770101    .9106904
   cluster_devops__containers |   1.132558   .0512358     2.75   0.006     1.036461    1.237565
         cluster_dynamic__web |   1.819089   .0811963    13.40   0.000      1.66671      1.9854
  cluster_enterprise__managed |   .5959126   .0266116   -11.59   0.000     .5459722     .650421
 cluster_enterprise_platforms |   1.694248    .137323     6.50   0.000     1.445389    1.985953
 cluster_frontend_development |   1.669961   .0807336    10.61   0.000     1.518991    1.835935
      cluster_mobile__desktop |   .9142346   .0539278    -1.52   0.128      .814419    1.026284
           cluster_networking |   .9160232   .0431762    -1.86   0.063     .8351907    1.004679
         cluster_os__embedded |   .6989636   .0415067    -6.03   0.000     .6221677    .7852386
     cluster_scripting__shell |   .6349127   .0482948    -5.97   0.000     .5469746    .7369887
   cluster_security__identity |   .9842121   .0459515    -0.34   0.733     .8981466    1.078525
  cluster_systems_programming |   1.035086   .0642344     0.56   0.578     .9165441     1.16896
cluster_testing_qa__debugging |   .9984013   .0406818    -0.04   0.969     .9217673    1.081406
                              |
                 exp_category |
                     Missing  |   .7186127   .0409601    -5.80   0.000     .6426543    .8035491
                Junior (0-2)  |   .8217119   .0457508    -3.53   0.000     .7367615    .9164574
                Senior+ (6+)  |    .952369   .0489605    -0.95   0.342     .8610842    1.053331
                              |
                        _cons |   .0487224   .0052255   -28.17   0.000     .0394854    .0601203
------------------------------+----------------------------------------------------------------
Applied_Core_AI               |
                   country_id |
                          DE  |   1.299913   .0825596     4.13   0.000     1.147766     1.47223
                          IN  |   .3784518   .0222128   -16.55   0.000     .3373263    .4245911
                              |
              sector_nace_num |
                           J  |   1.520449   .1298109     4.91   0.000     1.286172    1.797399
                           K  |   1.063048   .1319862     0.49   0.622     .8334303    1.355928
                           M  |   1.232181    .165279     1.56   0.120     .9473238    1.602695
                       Other  |   .8460975    .095853    -1.48   0.140     .6776247    1.056457
                           Q  |    1.32548   .2127127     1.76   0.079     .9677705    1.815406
                     Unknown  |   1.481312   .1555335     3.74   0.000     1.205794    1.819786
                              |
                     type_cat |
               Unknown/Other  |   1.038572   .0859956     0.46   0.648     .8829898    1.221568
                      Public  |    .901484   .0564798    -1.66   0.098     .7973124    1.019266
           Nonprofit/Gov/Edu  |   1.054332   .1669316     0.33   0.738     .7730497    1.437963
                              |
                     size_cat |
                     Unknown  |   .8779775   .0892802    -1.28   0.201     .7193264     1.07162
                        1-50  |   .8865382   .0864069    -1.24   0.217     .7323769     1.07315
                      51-200  |   .9555939   .0907148    -0.48   0.632     .7933568    1.151008
                     201-500  |   .8539829   .0949575    -1.42   0.156     .6867535    1.061934
                    501-1000  |   .8227199   .0991108    -1.62   0.105     .6496959    1.041823
                  5001-10000  |   1.080102   .1268616     0.66   0.512     .8580021    1.359694
                      10000+  |   1.447324   .1286894     4.16   0.000     1.215853    1.722863
                              |
cluster_architecture__methods |   .9065769   .0553569    -1.61   0.108     .8043204    1.021834
        cluster_bi__analytics |      1.718   .0835789    11.12   0.000     1.561756    1.889876
  cluster_backend_development |   .8873105   .0499611    -2.12   0.034     .7945983    .9908401
       cluster_certifications |   .6385694    .074909    -3.82   0.000     .5074061    .8036381
      cluster_cloud_computing |   2.117536   .1177911    13.49   0.000      1.89881    2.361458
     cluster_data_engineering |   3.107455   .1566397    22.49   0.000     2.815126    3.430141
   cluster_databases__storage |   .8714147   .0456741    -2.63   0.009     .7863398     .965694
   cluster_devops__containers |   1.234113    .069374     3.74   0.000     1.105365    1.377857
         cluster_dynamic__web |   4.123279   .2551231    22.90   0.000     3.652377    4.654894
  cluster_enterprise__managed |   .5276047   .0287389   -11.74   0.000       .47418    .5870485
 cluster_enterprise_platforms |   1.104148   .1149238     0.95   0.341     .9003908    1.354015
 cluster_frontend_development |   .8245271   .0467146    -3.41   0.001     .7378687    .9213631
      cluster_mobile__desktop |   .6494215   .0558512    -5.02   0.000     .5486837    .7686545
           cluster_networking |   .8707802   .0509606    -2.36   0.018     .7764146     .976615
         cluster_os__embedded |   .5912772   .0431591    -7.20   0.000     .5124593    .6822176
     cluster_scripting__shell |   .3520452   .0349239   -10.52   0.000     .2898389    .4276024
   cluster_security__identity |   .7569308   .0440411    -4.79   0.000     .6753518    .8483641
  cluster_systems_programming |   2.083668   .1325855    11.54   0.000     1.839357    2.360431
cluster_testing_qa__debugging |   .7820451   .0384228    -5.00   0.000     .7102501    .8610974
                              |
                 exp_category |
                     Missing  |   .9925266   .0636287    -0.12   0.907     .8753334     1.12541
                Junior (0-2)  |     .90405   .0599541    -1.52   0.128     .7938585    1.029537
                Senior+ (6+)  |   1.202177   .0742932     2.98   0.003     1.065038    1.356975
                              |
                        _cons |   .0213774   .0026716   -30.77   0.000     .0167331    .0273107
-----------------------------------------------------------------------------------------------
Note: _cons estimates baseline relative risk for each outcome.

. estimates store cmlogit_m3a

. 
. display _n "--- 6B.5b Mlogit M3b: M3 bez job_family a seniority ---"

--- 6B.5b Mlogit M3b: M3 bez job_family a seniority ---

. mlogit ai_level ///
>     ib3.country_id ///
>     i.sector_nace_num ///
>     ib1.type_cat ///
>     ib5.size_cat ///
>     cluster_*, baseoutcome(0) rrr vce(robust)

Iteration 0:   log pseudolikelihood = -20064.691  
Iteration 1:   log pseudolikelihood = -17716.144  
Iteration 2:   log pseudolikelihood =  -17234.04  
Iteration 3:   log pseudolikelihood = -17228.359  
Iteration 4:   log pseudolikelihood = -17228.349  
Iteration 5:   log pseudolikelihood = -17228.349  

Multinomial logistic regression                 Number of obs     =     38,432
                                                Wald chi2(74)     =    4668.96
                                                Prob > chi2       =     0.0000
Log pseudolikelihood = -17228.349               Pseudo R2         =     0.1414

-----------------------------------------------------------------------------------------------
                              |               Robust
                     ai_level |        RRR   Std. Err.      z    P>|z|     [95% Conf. Interval]
------------------------------+----------------------------------------------------------------
None                          |  (base outcome)
------------------------------+----------------------------------------------------------------
AI_Integration                |
                   country_id |
                          DE  |    .849426   .0463422    -2.99   0.003     .7632846     .945289
                          IN  |   .1642002   .0096424   -30.77   0.000     .1463485    .1842294
                              |
              sector_nace_num |
                           J  |   1.588207   .1177841     6.24   0.000     1.373348    1.836681
                           K  |   1.273005   .1265747     2.43   0.015     1.047599     1.54691
                           M  |    1.56535   .1745781     4.02   0.000     1.257997    1.947794
                       Other  |    1.04497   .0969864     0.47   0.636     .8711675    1.253448
                           Q  |   1.707459   .2153153     4.24   0.000     1.333556    2.186196
                     Unknown  |   1.674253   .1499291     5.76   0.000     1.404741    1.995474
                              |
                     type_cat |
               Unknown/Other  |   .9495659    .067898    -0.72   0.469     .8253926     1.09242
                      Public  |    1.05916   .0535621     1.14   0.256     .9592156    1.169519
           Nonprofit/Gov/Edu  |   1.164462   .1332079     1.33   0.183     .9305772    1.457128
                              |
                     size_cat |
                     Unknown  |   .7795773   .0629442    -3.08   0.002     .6654753    .9132432
                        1-50  |   .7001803   .0568716    -4.39   0.000     .5971338    .8210094
                      51-200  |   .8986935   .0694318    -1.38   0.167     .7724119    1.045621
                     201-500  |   1.026574   .0867244     0.31   0.756      .869924    1.211433
                    501-1000  |   .9052141   .0859463    -1.05   0.294     .7515074    1.090359
                  5001-10000  |   .7883757   .0778189    -2.41   0.016     .6497001     .956651
                      10000+  |   .9963045   .0708161    -0.05   0.958     .8667417    1.145235
                              |
cluster_architecture__methods |   1.125678   .0600656     2.22   0.027     1.013898    1.249781
        cluster_bi__analytics |   1.356846   .0572405     7.23   0.000     1.249169    1.473803
  cluster_backend_development |   1.316379   .0611473     5.92   0.000     1.201826     1.44185
       cluster_certifications |   .7698434    .070981    -2.84   0.005     .6425693    .9223268
      cluster_cloud_computing |   1.756967   .0792649    12.49   0.000     1.608281    1.919399
     cluster_data_engineering |   1.284411   .0564767     5.69   0.000     1.178355    1.400014
   cluster_databases__storage |   .8382374   .0358217    -4.13   0.000     .7708881    .9114707
   cluster_devops__containers |   1.146729   .0517705     3.03   0.002     1.049621    1.252822
         cluster_dynamic__web |   1.811688   .0805812    13.36   0.000      1.66044    1.976712
  cluster_enterprise__managed |   .5910421   .0263875   -11.78   0.000     .5415216     .645091
 cluster_enterprise_platforms |   1.695621   .1371755     6.53   0.000     1.446994    1.986968
 cluster_frontend_development |   1.677218    .081075    10.70   0.000     1.525609    1.843893
      cluster_mobile__desktop |    .911962   .0537439    -1.56   0.118     .8124817    1.023623
           cluster_networking |   .9138945   .0430715    -1.91   0.056     .8332575    1.002335
         cluster_os__embedded |   .6966278   .0413543    -6.09   0.000     .6201124    .7825844
     cluster_scripting__shell |   .6339033    .048173    -6.00   0.000      .546181    .7357147
   cluster_security__identity |   .9946948   .0463328    -0.11   0.909     .9079061     1.08978
  cluster_systems_programming |   1.034621   .0640941     0.55   0.583     .9163262    1.168188
cluster_testing_qa__debugging |   1.009074   .0411607     0.22   0.825     .9315412     1.09306
                        _cons |   .0429593   .0045055   -30.01   0.000     .0349771    .0527631
------------------------------+----------------------------------------------------------------
Applied_Core_AI               |
                   country_id |
                          DE  |   1.283154   .0802391     3.99   0.000     1.135144    1.450463
                          IN  |   .3751923   .0219684   -16.74   0.000     .3345138    .4208176
                              |
              sector_nace_num |
                           J  |   1.535597    .131209     5.02   0.000     1.298812     1.81555
                           K  |   1.069634   .1329524     0.54   0.588     .8383655      1.3647
                           M  |   1.237705   .1662714     1.59   0.112      .951192    1.610521
                       Other  |   .8462203   .0960758    -1.47   0.141     .6773951    1.057121
                           Q  |   1.339041   .2152112     1.82   0.069     .9772112    1.834845
                     Unknown  |   1.490806   .1566062     3.80   0.000     1.213401    1.831632
                              |
                     type_cat |
               Unknown/Other  |   1.035064   .0858478     0.42   0.678     .8797695    1.217771
                      Public  |   .9046711   .0567043    -1.60   0.110     .8000883    1.022924
           Nonprofit/Gov/Edu  |   1.039927    .164543     0.25   0.805     .7626426    1.418028
                              |
                     size_cat |
                     Unknown  |   .8629903   .0877232    -1.45   0.147     .7071003    1.053248
                        1-50  |   .8726123    .085025    -1.40   0.162     .7209124    1.056234
                      51-200  |   .9451262   .0896786    -0.59   0.552     .7847355    1.138299
                     201-500  |   .8533943   .0947245    -1.43   0.153     .6865444    1.060794
                    501-1000  |   .8190856   .0988066    -1.65   0.098     .6466191    1.037552
                  5001-10000  |   1.086061   .1278068     0.70   0.483     .8623537    1.367801
                      10000+  |   1.446021   .1286248     4.15   0.000     1.214673    1.721431
                              |
cluster_architecture__methods |   .9151778   .0558081    -1.45   0.146     .8120797    1.031365
        cluster_bi__analytics |   1.716425    .083547    11.10   0.000     1.560244    1.888239
  cluster_backend_development |   .8934244   .0501219    -2.01   0.045     .8003955    .9972659
       cluster_certifications |   .6556475    .076936    -3.60   0.000     .5209397    .8251889
      cluster_cloud_computing |   2.146161   .1189359    13.78   0.000     1.925265    2.392402
     cluster_data_engineering |   3.120707   .1569305    22.63   0.000       2.8278    3.443953
   cluster_databases__storage |   .8688748   .0454959    -2.68   0.007     .7841275    .9627815
   cluster_devops__containers |   1.248139   .0701178     3.95   0.000     1.118006    1.393419
         cluster_dynamic__web |   4.057237   .2504816    22.68   0.000     3.594841    4.579109
  cluster_enterprise__managed |   .5287628   .0287741   -11.71   0.000       .47527    .5882764
 cluster_enterprise_platforms |   1.111445   .1156972     1.02   0.310     .9063193    1.362997
 cluster_frontend_development |   .8247287    .046744    -3.40   0.001     .7380175    .9216277
      cluster_mobile__desktop |   .6479279   .0556371    -5.05   0.000     .5475637     .766688
           cluster_networking |   .8700089   .0508922    -2.38   0.017     .7757676    .9756987
         cluster_os__embedded |   .5888345   .0428834    -7.27   0.000     .5105077     .679179
     cluster_scripting__shell |   .3489658    .034649   -10.60   0.000     .2872543    .4239349
   cluster_security__identity |   .7663249   .0444474    -4.59   0.000     .6839788    .8585849
  cluster_systems_programming |    2.08472   .1326574    11.54   0.000     1.840277    2.361633
cluster_testing_qa__debugging |   .7862816   .0384993    -4.91   0.000      .714332    .8654782
                        _cons |   .0214265   .0026153   -31.49   0.000     .0168677    .0272173
-----------------------------------------------------------------------------------------------
Note: _cons estimates baseline relative risk for each outcome.

. estimates store cmlogit_m3b

. 
. display _n "--- 6B.5c Porovnani Mlogit M3 / M3a / M3b ---"

--- 6B.5c Porovnani Mlogit M3 / M3a / M3b ---

. estimates table cmlogit_m3 cmlogit_m3a cmlogit_m3b, star stats(N ll chi2)

--------------------------------------------------------------
    Variable |  cmlogit_m3      cmlogit_m3a     cmlogit_m3b   
-------------+------------------------------------------------
None         |
  country_id |
         DE  |  (omitted)       (omitted)       (omitted)     
         IN  |  (omitted)       (omitted)       (omitted)     
             |
sector_nac~m |
          J  |  (omitted)       (omitted)       (omitted)     
          K  |  (omitted)       (omitted)       (omitted)     
          M  |  (omitted)       (omitted)       (omitted)     
      Other  |  (omitted)       (omitted)       (omitted)     
          Q  |  (omitted)       (omitted)       (omitted)     
    Unknown  |  (omitted)       (omitted)       (omitted)     
             |
    type_cat |
Unknown/O~r  |  (omitted)       (omitted)       (omitted)     
             |
    type_cat |
     Public  |  (omitted)       (omitted)       (omitted)     
Nonprofit~u  |  (omitted)       (omitted)       (omitted)     
             |
    size_cat |
    Unknown  |  (omitted)       (omitted)       (omitted)     
       1-50  |  (omitted)       (omitted)       (omitted)     
     51-200  |  (omitted)       (omitted)       (omitted)     
    201-500  |  (omitted)       (omitted)       (omitted)     
   501-1000  |  (omitted)       (omitted)       (omitted)     
             |
    size_cat |
 5001-10000  |  (omitted)       (omitted)       (omitted)     
     10000+  |  (omitted)       (omitted)       (omitted)     
             |
cluster_ar~s |  (omitted)       (omitted)       (omitted)     
cluster_bi~s |  (omitted)       (omitted)       (omitted)     
cluster_ba~t |  (omitted)       (omitted)       (omitted)     
cluster_ce~s |  (omitted)       (omitted)       (omitted)     
cluster_cl~g |  (omitted)       (omitted)       (omitted)     
cluster_da~g |  (omitted)       (omitted)       (omitted)     
cluster_da~e |  (omitted)       (omitted)       (omitted)     
cluster_de~s |  (omitted)       (omitted)       (omitted)     
cluster_dy~b |  (omitted)       (omitted)       (omitted)     
cluster_en~d |  (omitted)       (omitted)       (omitted)     
cluster_en~s |  (omitted)       (omitted)       (omitted)     
cluster_fr~t |  (omitted)       (omitted)       (omitted)     
cluster_mo~p |  (omitted)       (omitted)       (omitted)     
cluster_ne~g |  (omitted)       (omitted)       (omitted)     
cluster_os~d |  (omitted)       (omitted)       (omitted)     
cluster_sc~l |  (omitted)       (omitted)       (omitted)     
cluster_se~y |  (omitted)       (omitted)       (omitted)     
cluster_sy~g |  (omitted)       (omitted)       (omitted)     
cluster_te~g |  (omitted)       (omitted)       (omitted)     
             |
job_family~m |
          2  |  (omitted)                                     
          3  |  (omitted)                                     
          4  |  (omitted)                                     
          5  |  (omitted)                                     
          6  |  (omitted)                                     
          7  |  (omitted)                                     
             |
exp_category |
          0  |  (omitted)       (omitted)                     
          2  |  (omitted)       (omitted)                     
             |
exp_category |
          4  |  (omitted)       (omitted)                     
             |
       _cons |  (omitted)       (omitted)       (omitted)     
-------------+------------------------------------------------
AI_Integra~n |
  country_id |
         DE  | -.22959782***   -.13009428*     -.16319444**   
         IN  | -1.8223215***   -1.7845855***   -1.8066691***  
             |
sector_nac~m |
          J  |   .4512517***    .45776024***    .46260593***  
          K  |   .2098306*      .22820046*      .24138023*    
          M  |   .4720877***    .44670228***    .44810913***  
      Other  |  .04585245       .03553967       .04398836     
          Q  |  .51386573***    .51568407***    .53500629***  
    Unknown  |  .53458137***    .52209759***    .51536718***  
             |
    type_cat |
Unknown/O~r  | -.04906369      -.04887081      -.05175036     
             |
    type_cat |
     Public  |  .05236799       .05553755       .05747659     
Nonprofit~u  |  .17333068       .16898626       .15225875     
             |
    size_cat |
    Unknown  | -.14507649      -.22466643**     -.2490034**   
       1-50  | -.26442866**    -.33776804***   -.35641738***  
     51-200  | -.04674505      -.09945208      -.10681326     
    201-500  |  .07354521       .03652105       .02622723     
   501-1000  | -.08413802      -.09213554       -.0995838     
             |
    size_cat |
 5001-10000  | -.21878825*     -.23049322*     -.23778051*    
     10000+  |  .01327148       .00516927      -.00370236     
             |
cluster_ar~s |  .10456968       .09781025       .11838544*    
cluster_bi~s |  .23892693***    .30117787***    .30516257***  
cluster_ba~t |  .30513683***    .26402582***    .27488468***  
cluster_ce~s | -.31871691***   -.27672754**    -.26156814**   
cluster_cl~g |  .47203801***    .54750284***    .56358893***  
cluster_da~g |  .11272974*      .24398741***    .25030054***  
cluster_da~e | -.22562506***   -.17739293***   -.17645396***  
cluster_de~s |  .15532514***    .12447912**     .13691377**   
cluster_dy~b |  .59508952***    .59833584***    .59425879***  
cluster_en~d | -.47893714***   -.51766131***   -.52586808***  
cluster_en~s |  .45201872***    .52723876***     .5280492***  
cluster_fr~t |  .56789502***    .51280024***    .51713624***  
cluster_mo~p | -.06836021      -.08966809      -.09215699     
cluster_ne~g | -.05482688      -.08771353      -.09004014     
cluster_os~d | -.30323283***    -.3581566***   -.36150398***  
cluster_sc~l |  -.3509417***   -.45426784***   -.45585888***  
cluster_se~y |  .05951945      -.01591389      -.00531932     
cluster_sy~g | -.02730428       .03448455       .03403561     
cluster_te~g |  .02655318      -.00160001        .0090333     
             |
job_family~m |
          2  |  -1.400616***                                  
          3  | -.63079987***                                  
          4  | -1.3230993***                                  
          5  | -1.5025856***                                  
          6  | -.92346816***                                  
          7  | -.87914185***                                  
             |
exp_category |
          0  | -.26905351***   -.33043267***                  
          2  | -.13882741*     -.19636538***                  
             |
exp_category |
          4  | -.12931617*     -.04880273                     
             |
       _cons | -1.9130841***   -3.0216168***    -3.147502***  
-------------+------------------------------------------------
Applied_Co~I |
  country_id |
         DE  | -.00752727       .26229764***    .24932103***  
         IN  | -1.1581839***   -.97166658***   -.98031648***  
             |
sector_nac~m |
          J  |  .43034815***    .41900554***    .42891928***  
          K  | -.02145603       .06114036       .06731672     
          M  |  .30792962*      .20878598       .21325917     
      Other  | -.14641705      -.16712062      -.16697561     
          Q  |  .30211307       .28177437       .29195369     
    Unknown  |  .40129967***    .39292846***     .3993172***  
             |
    type_cat |
Unknown/O~r  |  .03653426       .03784679        .0344634     
             |
    type_cat |
     Public  | -.09400745      -.10371293      -.10018382     
Nonprofit~u  |  .00448966       .05290763       .03915063     
             |
    size_cat |
    Unknown  |  .01980983      -.13013426      -.14735184     
       1-50  |  .02598522      -.12043105      -.13626395     
     51-200  |  .06406551      -.04542221      -.05643679     
    201-500  | -.08898356      -.15784417      -.15853356     
   501-1000  | -.22699217      -.19513945      -.19956668     
             |
    size_cat |
 5001-10000  |  .10352062       .07705556       .08255728     
     10000+  |  .38384384***    .36971649***    .36881547***  
             |
cluster_ar~s | -.02687328      -.09807937      -.08863695     
cluster_bi~s |   .3110611***    .54116109***     .5402436***  
cluster_ba~t |   .0712708      -.11956031*     -.11269359*    
cluster_ce~s | -.55943428***   -.44852496***   -.42213193***  
cluster_cl~g |  .49836761***    .75025318***    .76368065***  
cluster_da~g |  .70341489***    1.1338041***    1.1380596***  
cluster_da~e | -.40494407***   -.13763726**    -.14055624**   
cluster_de~s |  .28160625***    .21035253***    .22165372***  
cluster_dy~b |  1.2739578***    1.4166487***    1.4005021***  
cluster_en~d | -.54795375***   -.63940802***   -.63721532***  
cluster_en~s | -.09611595       .09907396       .10566122     
cluster_fr~t |  .07195463      -.19294524***    -.1927008***  
cluster_mo~p | -.30363162***   -.43167337***   -.43397593***  
cluster_ne~g | -.00400926      -.13836566*     -.13925186*    
cluster_os~d | -.39458593***   -.52547028***   -.52961004***  
cluster_sc~l | -.74046237***   -1.0439957***   -1.0527813***  
cluster_se~y | -.03466356      -.27848351***   -.26614906***  
cluster_sy~g |  .72109851***    .73412999***    .73463464***  
cluster_te~g | -.12869165*     -.24584287***   -.24044023***  
             |
job_family~m |
          2  |  -2.556896***                                  
          3  | -1.3713738***                                  
          4  |  -3.029976***                                  
          5  | -2.9826301***                                  
          6  | -1.8919667***                                  
          7  | -1.9479006***                                  
             |
exp_category |
          0  |   .0758108      -.00750143                     
          2  | -.02007225      -.10087062                     
             |
exp_category |
          4  |  .09582387       .18413428**                   
             |
       _cons |  -1.658835***   -3.8454215***   -3.8431289***  
-------------+------------------------------------------------
Statistics   |                                                
           N |      38432           38432           38432     
          ll | -16284.945       -17201.34      -17228.349     
        chi2 |  5850.8601       4699.3286       4668.9637     
--------------------------------------------------------------
                      legend: * p<0.05; ** p<0.01; *** p<0.001

. 
. * Vratit vyrazene clustery pro dalsi analyzu / export
. rename _excl_genai_logit cluster_generative_ai

. rename _excl_dsml_logit cluster_data_science__ml

. 
. 
. * ==============================================================================
. * 7. EXPORTY TABULEK A GRAFU
. * ==============================================================================
. display _n "=============================================================="

==============================================================

. display "7. EXPORTY"
7. EXPORTY

. display "=============================================================="
==============================================================

. 
. capture ssc install estout

. capture ssc install coefplot

. 
. * --- 7.1 Tabulka 5: Pooled OLS s country FE + interakce (hlavni komparativni tabulka) ---
. esttab pooled_fe_a pooled_fe_b pooled_fe_c pooled_interaction using "$outdir/Tabulka_5_Cross_Country_OLS.rtf", replace ///
>     label b(3) se(3) star(* 0.05 ** 0.01 *** 0.001) ///
>     drop(_cons) ///
>     order(1.ai_level 2.ai_level 1.country_id 2.country_id ///
>           1.country_id#1.ai_level 1.country_id#2.ai_level ///
>           2.country_id#1.ai_level 2.country_id#2.ai_level ///
>           is_remote ///
>           0.edu_ols 1.edu_ols 2.edu_ols 4.edu_ols ///
>           0.exp_category 2.exp_category 4.exp_category ///
>           cluster_*) ///
>     refcat(1.ai_level "{it:AI uroven (ref: None)}" ///
>            1.country_id "{it:Zeme (ref: US)}" ///
>            0.edu_ols "{it:Vzdelani (ref: Bachelor)}" ///
>            0.exp_category "{it:Zkusenosti (ref: Mid 3-5 let)}" ///
>            cluster_architecture__methods "{it:Skill clustery}", nolabel) ///
>     indicate("NACE sektor = *.sector_nace_num" ///
>              "Typ firmy = *.type_cat" ///
>              "Velikost firmy = *.size_cat" ///
>              "Job family = *.job_family_num") ///
>     stats(N r2 r2_a, fmt(0 3 3) labels("N" "R2" "Adj. R2")) ///
>     mtitles("FE-A" "FE-B" "FE-C" "Interakce") ///
>     title("Tabulka 5: Cross-country OLS pro ln(plat) — US/DE/IN") ///
>     addnotes("Robustni standardni chyby v zavorkach." ///
>              "Zavisla promenna: ln(rocni plat v USD, po konverzi EUR 1.165, INR /88)." ///
>              "Referencni zeme: US. Zaporne koeficienty 1.country_id (DE) a 2.country_id (IN) = nizsi prumery nez US.")
(note: file ./output/comparative_run_14_Apr_2026_23-17-15/Tabulka_5_Cross_Country_OLS.rtf not found)
(output written to ./output/comparative_run_14_Apr_2026_23-17-15/Tabulka_5_Cross_Country_OLS.rtf)

. 
. * --- 7.2 Tabulka 5b: Country x AI AME (z interakcniho modelu) ---
. estimates restore pooled_interaction
(results pooled_interaction are active now)

. quietly margins country_id, dydx(ai_level) post

. estimates store ame_country_ai

. esttab ame_country_ai using "$outdir/Tabulka_5b_Country_AI_AME.rtf", replace ///
>     label b(3) se(3) star(* 0.05 ** 0.01 *** 0.001) ///
>     mtitles("AME ai_level podle zeme") ///
>     title("Tabulka 5b: AI mzdova premie podle zeme (marginalni efekty ai_level)")
(note: file ./output/comparative_run_14_Apr_2026_23-17-15/Tabulka_5b_Country_AI_AME.rtf not found)
(output written to ./output/comparative_run_14_Apr_2026_23-17-15/Tabulka_5b_Country_AI_AME.rtf)

. 
. * --- 7.3 Tabulka 6: Binarni logit — AME ---
. foreach m in clogit_m1 clogit_m2 clogit_m3 {
  2.     estimates restore `m'
  3.     local n = e(N)
  4.     local ll = e(ll)
  5.     local r2_p = e(r2_p)
  6.     quietly margins, dydx(*) post
  7.     estadd scalar ll = `ll'
  8.     estadd scalar r2_p = `r2_p'
  9.     estimates store ame_`m'
 10. }
(results clogit_m1 are active now)

added scalar:
                 e(ll) =  -15340.106

added scalar:
               e(r2_p) =  .05210424
(results clogit_m2 are active now)

added scalar:
                 e(ll) =  -13058.011

added scalar:
               e(r2_p) =  .19311948
(results clogit_m3 are active now)

added scalar:
                 e(ll) =  -12993.058

added scalar:
               e(r2_p) =  .19713303

. esttab ame_clogit_m1 ame_clogit_m2 ame_clogit_m3 using "$outdir/Tabulka_6_Binarni_logit_country.rtf", replace ///
>     label b(3) se(3) star(* 0.05 ** 0.01 *** 0.001) ///
>     stats(N ll r2_p, fmt(0 3 3) labels("N" "Log-likelihood" "Pseudo R2")) ///
>     mtitles("M1 (Firma)" "M2 (Role)" "M3 (Kompletni)") ///
>     title("Tabulka 6: Binarni logit s country FE — AME determinantu P(AI)")
(note: file ./output/comparative_run_14_Apr_2026_23-17-15/Tabulka_6_Binarni_logit_country.rtf not found)
(output written to ./output/comparative_run_14_Apr_2026_23-17-15/Tabulka_6_Binarni_logit_country.rtf)

. 
. * --- 7.4 Tabulka 7: Mlogit — AME M3 pro obe kategorie ---
. foreach m in cmlogit_m3 cmlogit_m3a cmlogit_m3b {
  2.     estimates restore `m'
  3.     local n = e(N)
  4.     local ll = e(ll)
  5.     local r2_p = e(r2_p)
  6.     quietly margins, dydx(*) predict(outcome(1)) post
  7.     estadd scalar ll = `ll'
  8.     estadd scalar r2_p = `r2_p'
  9.     estimates store ame_`m'_1
 10. 
.     estimates restore `m'
 11.     local n = e(N)
 12.     local ll = e(ll)
 13.     local r2_p = e(r2_p)
 14.     quietly margins, dydx(*) predict(outcome(2)) post
 15.     estadd scalar ll = `ll'
 16.     estadd scalar r2_p = `r2_p'
 17.     estimates store ame_`m'_2
 18. }
(results cmlogit_m3 are active now)

added scalar:
                 e(ll) =  -16284.945

added scalar:
               e(r2_p) =  .18837798
(results cmlogit_m3 are active now)

added scalar:
                 e(ll) =  -16284.945

added scalar:
               e(r2_p) =  .18837798
(results cmlogit_m3a are active now)

added scalar:
                 e(ll) =  -17201.34

added scalar:
               e(r2_p) =  .14270597
(results cmlogit_m3a are active now)

added scalar:
                 e(ll) =  -17201.34

added scalar:
               e(r2_p) =  .14270597
(results cmlogit_m3b are active now)

added scalar:
                 e(ll) =  -17228.349

added scalar:
               e(r2_p) =  .14135989
(results cmlogit_m3b are active now)

added scalar:
                 e(ll) =  -17228.349

added scalar:
               e(r2_p) =  .14135989

. esttab ame_cmlogit_m3_1 ame_cmlogit_m3_2 ///
>        ame_cmlogit_m3a_1 ame_cmlogit_m3a_2 ///
>        ame_cmlogit_m3b_1 ame_cmlogit_m3b_2 ///
>        using "$outdir/Tabulka_7_Mlogit_country.rtf", replace ///
>     label b(3) se(3) star(* 0.05 ** 0.01 *** 0.001) ///
>     stats(N ll r2_p, fmt(0 3 3) labels("N" "Log-likelihood" "Pseudo R2")) ///
>     mtitles("M3: AI Integ" "M3: App AI" "M3a: AI Integ" "M3a: App AI" "M3b: AI Integ" "M3b: App AI") ///
>     title("Tabulka 7: Multinomialni logit s country FE — AME")
(note: file ./output/comparative_run_14_Apr_2026_23-17-15/Tabulka_7_Mlogit_country.rtf not found)
(output written to ./output/comparative_run_14_Apr_2026_23-17-15/Tabulka_7_Mlogit_country.rtf)

. 
. * --- 7.5 Graf 13: Penetrace AI pozadavku podle zeme (vstup do externiho grafu) ---
. preserve

. contract country ai_level

. export delimited "$outdir/Graf_13_Penetrace_AI.csv", replace
(note: file ./output/comparative_run_14_Apr_2026_23-17-15/Graf_13_Penetrace_AI.csv not found)
file ./output/comparative_run_14_Apr_2026_23-17-15/Graf_13_Penetrace_AI.csv saved

. restore

. 
. * --- 7.6 Graf 9: Distribuce ln(plat) podle zeme + AI ---
. preserve

. collapse (mean) ln_salary (count) n=ln_salary if ln_salary != ., by(country ai_level)

. export delimited "$outdir/Graf_9_ln_salary_country_ai.csv", replace
(note: file ./output/comparative_run_14_Apr_2026_23-17-15/Graf_9_ln_salary_country_ai.csv not found)
file ./output/comparative_run_14_Apr_2026_23-17-15/Graf_9_ln_salary_country_ai.csv saved

. restore

. 
. * --- 7.7 Graf 10: Forest plot interakcnich koeficientu country x AI ---
. estimates restore pooled_interaction
(results pooled_interaction are active now)

. coefplot, keep(*.country_id#*.ai_level) ///
>     xline(0, lpattern(dash) lcolor(red)) ///
>     title("Interakce Country x AI level (OLS ln(plat)) — baseline US", size(medium)) ///
>     xtitle("Koeficient (oproti US x None)", size(small)) ///
>     msymbol(O) msize(small) mcolor(navy) ciopts(lcolor(navy) lwidth(thin)) ///
>     graphregion(color(white)) bgcolor(white) plotregion(fcolor(white) lcolor(white))

. graph export "$outdir/Graf_10_country_ai_interaction.png", replace
(note: file ./output/comparative_run_14_Apr_2026_23-17-15/Graf_10_country_ai_interaction.png not found)
(file ./output/comparative_run_14_Apr_2026_23-17-15/Graf_10_country_ai_interaction.png written in PNG format)

. 
. * --- 7.8 Summary statistics podle zeme ---
. display _n "--- 7.8 Summary statistics pro tabulku ---"

--- 7.8 Summary statistics pro tabulku ---

. tabstat salary_mid ln_salary experience_min_llm edu_ols exp_category ///
>     skill_count has_ai is_remote, by(country) stat(count mean sd)

Summary statistics: N, mean, sd
  by categories of: country 

country |  salary~d  ln_sal~y  experi~m   edu_ols  exp_ca~y  skill_~t    has_ai  is_rem~e
--------+--------------------------------------------------------------------------------
     DE |       514       514      3997      6400      6400      6400      6400      6400
        |  82055.64  11.26986  4.132224  1.268438  1.847344  10.44562  .1828125  .1210938
        |  25117.08  .3071683  2.260299  1.496823  1.506658  7.789534  .3865429  .3262617
--------+--------------------------------------------------------------------------------
     IN |      9199      9199     11580     14184     14184     14184     14184     14184
        |  8323.851  8.855318  3.949931  1.617033  2.343838  15.87049  .0628878  .1402284
        |  7352.054  .5065257  2.829846   1.51966  1.293661  10.49221  .2427695  .3472361
--------+--------------------------------------------------------------------------------
     US |     14642     14642     15257     17848     17848     17848     17848     17848
        |    124617  11.67981  4.520433  1.888559  2.588301  16.78737  .2054572  .2838974
        |  42148.67  .3261007  2.625669  1.447254  1.233278  10.30623  .4040466  .4509003
--------+--------------------------------------------------------------------------------
  Total |     24355     24355     30834     38432     38432     38432     38432     38432
        |   79794.3  10.60433  4.255852   1.68508  2.374688   15.3929  .1490685  .2037625
        |  65108.34  1.422332  2.674398  1.499287  1.330332  10.25284  .3561606  .4027997
-----------------------------------------------------------------------------------------

. 
. * Ulozeni zpracovaneho datasetu
. save "$outdir/ai_skills_comparative_processed.dta", replace
(note: file ./output/comparative_run_14_Apr_2026_23-17-15/ai_skills_comparative_processed.dta not found)
file ./output/comparative_run_14_Apr_2026_23-17-15/ai_skills_comparative_processed.dta saved

. 
. 
. * ==============================================================================
. * 8. ZAVER
. * ==============================================================================
. display _n "=============================================================="

==============================================================

. display "CROSS-COUNTRY ANALYZA DOKONCENA"
CROSS-COUNTRY ANALYZA DOKONCENA

. display "=============================================================="
==============================================================

. display "Vystupy ulozeny do: $outdir"
Vystupy ulozeny do: ./output/comparative_run_14_Apr_2026_23-17-15

. display "Log: $outdir/ai_skills_comparative_analysis.log"
Log: ./output/comparative_run_14_Apr_2026_23-17-15/ai_skills_comparative_analysis.log

. 
. display _n "--- Finalni shrnuti klicovych estimaci ---"

--- Finalni shrnuti klicovych estimaci ---

. estimates table pooled_fe_a pooled_fe_b pooled_fe_c pooled_interaction, ///
>     keep(1.ai_level 2.ai_level 1.country_id 2.country_id ///
>          1.country_id#1.ai_level 1.country_id#2.ai_level ///
>          2.country_id#1.ai_level 2.country_id#2.ai_level) ///
>     star stats(N r2 r2_a)

------------------------------------------------------------------------------
    Variable |  pooled_fe_a     pooled_fe_b     pooled_fe_c    pooled_inte~n  
-------------+----------------------------------------------------------------
    ai_level |
AI Integr..  |  .13432522***      .119292***    .09837032***    .10481836***  
Applied/C..  |  .20240598***    .18653956***    .13300342***    .13829659***  
             |
  country_id |
         DE  | -.40389588***   -.39594173***   -.41523277***   -.38979892***  
         IN  | -2.7980181***   -2.7939614***   -2.7983887***   -2.7960394***  
             |
  country_id#|
    ai_level |
         DE #|
AI Integr..  |                                                 -.12070651***  
         DE #|
Applied/C..  |                                                 -.09642422*    
         IN #|
AI Integr..  |                                                 -.02736556     
         IN #|
Applied/C..  |                                                 -.01578227     
-------------+----------------------------------------------------------------
           N |      24355           24355           24355           24355     
          r2 |   .9246376       .93049295       .93332488       .93334954     
        r2_a |  .92457256       .93041295       .93317397       .93318768     
------------------------------------------------------------------------------
                                      legend: * p<0.05; ** p<0.01; *** p<0.001

. 
. display _n "--- Finalni shrnuti mlogit (M3) ---"

--- Finalni shrnuti mlogit (M3) ---

. estimates table cmlogit_m3, star stats(N ll r2_p)

------------------------------
    Variable |  cmlogit_m3    
-------------+----------------
None         |
  country_id |
         DE  |  (omitted)     
         IN  |  (omitted)     
             |
sector_nac~m |
          J  |  (omitted)     
          K  |  (omitted)     
          M  |  (omitted)     
      Other  |  (omitted)     
          Q  |  (omitted)     
    Unknown  |  (omitted)     
             |
    type_cat |
Unknown/O~r  |  (omitted)     
             |
    type_cat |
     Public  |  (omitted)     
Nonprofit~u  |  (omitted)     
             |
    size_cat |
    Unknown  |  (omitted)     
       1-50  |  (omitted)     
     51-200  |  (omitted)     
    201-500  |  (omitted)     
   501-1000  |  (omitted)     
             |
    size_cat |
 5001-10000  |  (omitted)     
     10000+  |  (omitted)     
             |
cluster_ar~s |  (omitted)     
cluster_bi~s |  (omitted)     
cluster_ba~t |  (omitted)     
cluster_ce~s |  (omitted)     
cluster_cl~g |  (omitted)     
cluster_da~g |  (omitted)     
cluster_da~e |  (omitted)     
cluster_de~s |  (omitted)     
cluster_dy~b |  (omitted)     
cluster_en~d |  (omitted)     
cluster_en~s |  (omitted)     
cluster_fr~t |  (omitted)     
cluster_mo~p |  (omitted)     
cluster_ne~g |  (omitted)     
cluster_os~d |  (omitted)     
cluster_sc~l |  (omitted)     
cluster_se~y |  (omitted)     
cluster_sy~g |  (omitted)     
cluster_te~g |  (omitted)     
             |
job_family~m |
DevOps & ..  |  (omitted)     
 Management  |  (omitted)     
      Other  |  (omitted)     
Software ..  |  (omitted)     
Software ..  |  (omitted)     
Sr+ Softw..  |  (omitted)     
             |
exp_category |
    Missing  |  (omitted)     
Junior (..)  |  (omitted)     
             |
exp_category |
Senior+ ..)  |  (omitted)     
             |
       _cons |  (omitted)     
-------------+----------------
AI_Integra~n |
  country_id |
         DE  | -.22959782***  
         IN  | -1.8223215***  
             |
sector_nac~m |
          J  |   .4512517***  
          K  |   .2098306*    
          M  |   .4720877***  
      Other  |  .04585245     
          Q  |  .51386573***  
    Unknown  |  .53458137***  
             |
    type_cat |
Unknown/O~r  | -.04906369     
             |
    type_cat |
     Public  |  .05236799     
Nonprofit~u  |  .17333068     
             |
    size_cat |
    Unknown  | -.14507649     
       1-50  | -.26442866**   
     51-200  | -.04674505     
    201-500  |  .07354521     
   501-1000  | -.08413802     
             |
    size_cat |
 5001-10000  | -.21878825*    
     10000+  |  .01327148     
             |
cluster_ar~s |  .10456968     
cluster_bi~s |  .23892693***  
cluster_ba~t |  .30513683***  
cluster_ce~s | -.31871691***  
cluster_cl~g |  .47203801***  
cluster_da~g |  .11272974*    
cluster_da~e | -.22562506***  
cluster_de~s |  .15532514***  
cluster_dy~b |  .59508952***  
cluster_en~d | -.47893714***  
cluster_en~s |  .45201872***  
cluster_fr~t |  .56789502***  
cluster_mo~p | -.06836021     
cluster_ne~g | -.05482688     
cluster_os~d | -.30323283***  
cluster_sc~l |  -.3509417***  
cluster_se~y |  .05951945     
cluster_sy~g | -.02730428     
cluster_te~g |  .02655318     
             |
job_family~m |
DevOps & ..  |  -1.400616***  
 Management  | -.63079987***  
      Other  | -1.3230993***  
Software ..  | -1.5025856***  
Software ..  | -.92346816***  
Sr+ Softw..  | -.87914185***  
             |
exp_category |
    Missing  | -.26905351***  
Junior (..)  | -.13882741*    
             |
exp_category |
Senior+ ..)  | -.12931617*    
             |
       _cons | -1.9130841***  
-------------+----------------
Applied_Co~I |
  country_id |
         DE  | -.00752727     
         IN  | -1.1581839***  
             |
sector_nac~m |
          J  |  .43034815***  
          K  | -.02145603     
          M  |  .30792962*    
      Other  | -.14641705     
          Q  |  .30211307     
    Unknown  |  .40129967***  
             |
    type_cat |
Unknown/O~r  |  .03653426     
             |
    type_cat |
     Public  | -.09400745     
Nonprofit~u  |  .00448966     
             |
    size_cat |
    Unknown  |  .01980983     
       1-50  |  .02598522     
     51-200  |  .06406551     
    201-500  | -.08898356     
   501-1000  | -.22699217     
             |
    size_cat |
 5001-10000  |  .10352062     
     10000+  |  .38384384***  
             |
cluster_ar~s | -.02687328     
cluster_bi~s |   .3110611***  
cluster_ba~t |   .0712708     
cluster_ce~s | -.55943428***  
cluster_cl~g |  .49836761***  
cluster_da~g |  .70341489***  
cluster_da~e | -.40494407***  
cluster_de~s |  .28160625***  
cluster_dy~b |  1.2739578***  
cluster_en~d | -.54795375***  
cluster_en~s | -.09611595     
cluster_fr~t |  .07195463     
cluster_mo~p | -.30363162***  
cluster_ne~g | -.00400926     
cluster_os~d | -.39458593***  
cluster_sc~l | -.74046237***  
cluster_se~y | -.03466356     
cluster_sy~g |  .72109851***  
cluster_te~g | -.12869165*    
             |
job_family~m |
DevOps & ..  |  -2.556896***  
 Management  | -1.3713738***  
      Other  |  -3.029976***  
Software ..  | -2.9826301***  
Software ..  | -1.8919667***  
Sr+ Softw..  | -1.9479006***  
             |
exp_category |
    Missing  |   .0758108     
Junior (..)  | -.02007225     
             |
exp_category |
Senior+ ..)  |  .09582387     
             |
       _cons |  -1.658835***  
-------------+----------------
Statistics   |                
           N |      38432     
          ll | -16284.945     
        r2_p |  .18837798     
------------------------------
legend: * p<0.05; ** p<0.01; *** p<0.001

. 
. log close
      name:  <unnamed>
       log:  C:\Users\murcj\Projects\glassdoor-jobs-ai-skills\analysis\stata\output/comparative_run_14_Apr_2026_23-17-15/ai_skills_comparative_analysis.log
  log type:  text
 closed on:  14 Apr 2026, 23:28:30
---------------------------------------------------------------------------------------------------------------------------------------------------------------------------------------------
