---------------------------------------------------------------------------------------------------------------------------------------------------------------------------------------------
      name:  <unnamed>
       log:  C:\Users\murcj\Projects\glassdoor-jobs-ai-skills\analysis\stata\output/thesis_final_run_15_Apr_2026_17-45-38/ai_skills_thesis_final.log
  log type:  text
 opened on:  15 Apr 2026, 17:45:38

. 
. 
. * ==============================================================================
. * 2. IMPORT A APPEND TREMI DATASETU (US + DE + IN)
. * ==============================================================================
. display _n "=============================================================="

==============================================================

. display "2. IMPORT A APPEND DATASETU"
2. IMPORT A APPEND DATASETU

. display "=============================================================="
==============================================================

. 
. import delimited "$datadir/us_relevant_ai_stata.csv", delimiter(";") clear varnames(1) encoding(utf8)
(75 vars, 18,464 obs)

. capture drop country

. gen country = "US"

. display "US import: " _N " pozorovani"
US import: 18464 pozorovani

. tempfile us_data

. save `us_data'
file C:\Users\murcj\AppData\Local\Temp\ST_165c_000001.tmp saved

. 
. import delimited "$datadir/de/de_relevant_ai_stata.csv", delimiter(";") clear varnames(1) encoding(utf8)
(75 vars, 9,254 obs)

. capture drop country

. gen country = "DE"

. display "DE import: " _N " pozorovani"
DE import: 9254 pozorovani

. tempfile de_data

. save `de_data'
file C:\Users\murcj\AppData\Local\Temp\ST_165c_000002.tmp saved

. 
. import delimited "$datadir/in_relevant_ai_stata.csv", delimiter(";") clear varnames(1) encoding(utf8)
(75 vars, 17,114 obs)

. capture drop country

. gen country = "IN"

. display "IN import: " _N " pozorovani"
IN import: 17114 pozorovani

. tempfile in_data

. save `in_data'
file C:\Users\murcj\AppData\Local\Temp\ST_165c_000003.tmp saved

. 
. use `us_data', clear

. append using `de_data', force
(note: variable skill_cluster was byte in the using data, but will be str1217 now)
(note: variable website was byte in the using data, but will be str127 now)
(note: variable job_title was str131, now str154 to accommodate using data's values)
(note: variable location was str32, now str34 to accommodate using data's values)
(note: variable company was str81, now str92 to accommodate using data's values)
(note: variable city was str32, now str34 to accommodate using data's values)
(note: variable ceo was str64, now str102 to accommodate using data's values)
(note: variable headquarters was str37, now str51 to accommodate using data's values)
(note: variable industry was str40, now str58 to accommodate using data's values)
(note: variable revenue was str32, now str40 to accommodate using data's values)
(note: variable size was str23, now str28 to accommodate using data's values)
(note: variable type was str30, now str42 to accommodate using data's values)

. append using `in_data', force
(note: variable skill_cluster was byte in the using data, but will be str1217 now)
(note: variable website was byte in the using data, but will be str127 now)
(note: variable skills was str576, now str622 to accommodate using data's values)
(note: variable skills_ai_det was str98, now str112 to accommodate using data's values)
(note: variable desc_ai_llm was str400, now str613 to accommodate using data's values)
(note: variable job_title was str154, now str186 to accommodate using data's values)

. 
. display _n "Pocet pozorovani celkem po spojeni (US+DE+IN): " _N

Pocet pozorovani celkem po spojeni (US+DE+IN): 44832

. tab country, missing

    country |      Freq.     Percent        Cum.
------------+-----------------------------------
         DE |      9,254       20.64       20.64
         IN |     17,114       38.17       58.82
         US |     18,464       41.18      100.00
------------+-----------------------------------
      Total |     44,832      100.00

. 
. encode country, generate(country_id)

. label variable country_id "Zeme povodu inzeratu (DE=1, IN=2, US=3)"

. * POZN: V regresich pouzivame ib3.country_id (baseline = US).
. 
. 
. * ==============================================================================
. * 3. CISTENI A PRIPRAVA DAT (vcetne GenAI override)
. * ==============================================================================
. display _n "=============================================================="

==============================================================

. display "3. CISTENI A PRIPRAVA DAT"
3. CISTENI A PRIPRAVA DAT

. display "=============================================================="
==============================================================

. 
. * --- 3.0 Confidence filter a vyrazeni starych inzeratu ---
. keep if desc_conf_llm >= 0.7
(6,384 observations deleted)

. display "Po filtru confidence >= 0.7: " _N
Po filtru confidence >= 0.7: 38448

. 
. gen date_format_discover = date(substr(discover_date, 1, 10), "YMD")

. format date_format_discover %td

. destring age_in_days, replace force
age_in_days already numeric; no replace

. gen real_post_date = date_format_discover - age_in_days

. format real_post_date %td

. gen post_year = year(real_post_date)

. drop if post_year <= 2023
(12 observations deleted)

. display "Po vyrazeni <= 2023: " _N
Po vyrazeni <= 2023: 38436

. 
. * --- 3.1 AI tier klasifikace ---
. replace desc_tier_llm = "missing" if desc_tier_llm == ""
(0 real changes made)

. replace desc_tier_llm = "applied_ai" if desc_tier_llm == "core_ai"
(90 real changes made)

. 
. * --- 3.2 has_ai + ai_level ---
. gen has_ai = (desc_tier_llm != "none" & desc_tier_llm != "missing")

. label variable has_ai "AI Job (1=AI Integration nebo Applied/Core AI)"

. 
. gen ai_level = 0

. replace ai_level = 1 if desc_tier_llm == "ai_integration"
(3,370 real changes made)

. replace ai_level = 2 if desc_tier_llm == "applied_ai"
(2,359 real changes made)

. label define ailevel_lbl 0 "None" 1 "AI Integration" 2 "Applied/Core AI"

. label values ai_level ailevel_lbl

. label variable ai_level "Uroven AI pozadavku (0/1/2)"

. 
. * --- 3.2b GenAI skill cluster -> AI Integration tier override ---
. * Pokud inzerat ma cluster_generative_ai == 1 a je v None tieru, prirad do AI Integration.
. * Pravidlo NEPONIZUJE inzeraty, ktere uz jsou v Applied/Core AI.
. * Dusledek: cluster_generative_ai je mechanicky vazan na ai_level>=1 a musi byt
. * vyrazen z RHS regresnich modelu, kde ai_level/has_ai je LHS (cirkularita).
. display _n "--- 3.2b GenAI -> AI Integration override ---"

--- 3.2b GenAI -> AI Integration override ---

. display "Pred override: inzeraty s cluster_generative_ai==1 podle ai_level:"
Pred override: inzeraty s cluster_generative_ai==1 podle ai_level:

. tab ai_level if cluster_generative_ai == 1, missing

      Uroven AI |
      pozadavku |
        (0/1/2) |      Freq.     Percent        Cum.
----------------+-----------------------------------
           None |        324       13.75       13.75
 AI Integration |      1,047       44.42       58.17
Applied/Core AI |        986       41.83      100.00
----------------+-----------------------------------
          Total |      2,357      100.00

. 
. count if cluster_generative_ai == 1 & ai_level == 0
  324

. local n_genai_override = r(N)

. replace ai_level = 1 if cluster_generative_ai == 1 & ai_level == 0
(324 real changes made)

. replace has_ai = 1 if ai_level >= 1
(324 real changes made)

. replace desc_tier_llm = "ai_integration" if ai_level == 1 & desc_tier_llm == "none"
(324 real changes made)

. 
. display "Pocet inzeratu presunutych z None -> AI Integration: `n_genai_override'"
Pocet inzeratu presunutych z None -> AI Integration: 324

. display _n "Po override: inzeraty s cluster_generative_ai==1 podle ai_level:"

Po override: inzeraty s cluster_generative_ai==1 podle ai_level:

. tab ai_level if cluster_generative_ai == 1, missing

      Uroven AI |
      pozadavku |
        (0/1/2) |      Freq.     Percent        Cum.
----------------+-----------------------------------
 AI Integration |      1,371       58.17       58.17
Applied/Core AI |        986       41.83      100.00
----------------+-----------------------------------
          Total |      2,357      100.00

. 
. * --- 3.2c Diagnosticke crosstaby (dokumentace rozhodnuti, ML override neprovadime) ---
. display _n "--- 3.2c Crosstab: cluster_data_science__ml x ai_level (ML NENI overridnut) ---"

--- 3.2c Crosstab: cluster_data_science__ml x ai_level (ML NENI overridnut) ---

. tab cluster_data_science__ml ai_level, row col

+-------------------+
| Key               |
|-------------------|
|     frequency     |
|  row percentage   |
| column percentage |
+-------------------+

cluster_da |
ta_science |   Uroven AI pozadavku (0/1/2)
      __ml |      None  AI Integr  Applied/C |     Total
-----------+---------------------------------+----------
         0 |    30,733      2,712        633 |    34,078 
           |     90.18       7.96       1.86 |    100.00 
           |     94.90      73.42      26.83 |     88.66 
-----------+---------------------------------+----------
         1 |     1,650        982      1,726 |     4,358 
           |     37.86      22.53      39.61 |    100.00 
           |      5.10      26.58      73.17 |     11.34 
-----------+---------------------------------+----------
     Total |    32,383      3,694      2,359 |    38,436 
           |     84.25       9.61       6.14 |    100.00 
           |    100.00     100.00     100.00 |    100.00 

. display _n "--- 3.2c Crosstab: cluster_generative_ai x ai_level (post-override, kontrola) ---"

--- 3.2c Crosstab: cluster_generative_ai x ai_level (post-override, kontrola) ---

. tab cluster_generative_ai ai_level, row col

+-------------------+
| Key               |
|-------------------|
|     frequency     |
|  row percentage   |
| column percentage |
+-------------------+

cluster_ge |
nerative_a |   Uroven AI pozadavku (0/1/2)
         i |      None  AI Integr  Applied/C |     Total
-----------+---------------------------------+----------
         0 |    32,383      2,323      1,373 |    36,079 
           |     89.76       6.44       3.81 |    100.00 
           |    100.00      62.89      58.20 |     93.87 
-----------+---------------------------------+----------
         1 |         0      1,371        986 |     2,357 
           |      0.00      58.17      41.83 |    100.00 
           |      0.00      37.11      41.80 |      6.13 
-----------+---------------------------------+----------
     Total |    32,383      3,694      2,359 |    38,436 
           |     84.25       9.61       6.14 |    100.00 
           |    100.00     100.00     100.00 |    100.00 

. 
. preserve

.     contract cluster_generative_ai ai_level

.     export delimited "$outdir/Crosstab_GenAI_Tier.csv", replace delimiter(";")
(note: file ./output/thesis_final_run_15_Apr_2026_17-45-38/Crosstab_GenAI_Tier.csv not found)
file ./output/thesis_final_run_15_Apr_2026_17-45-38/Crosstab_GenAI_Tier.csv saved

. restore

. preserve

.     contract cluster_data_science__ml ai_level

.     export delimited "$outdir/Crosstab_ML_Tier.csv", replace delimiter(";")
(note: file ./output/thesis_final_run_15_Apr_2026_17-45-38/Crosstab_ML_Tier.csv not found)
file ./output/thesis_final_run_15_Apr_2026_17-45-38/Crosstab_ML_Tier.csv saved

. restore

. 
. * --- 3.3 Vzdelani: edu_bin (Bc.+ ano/ne) ---
. gen education_hybrid = lower(edulevel_llm)
(4 missing values generated)

. replace education_hybrid = subinstr(education_hybrid, "'s", "", .)
(16,072 real changes made)

. replace education_hybrid = "highschool" if education_hybrid == "high school"
(361 real changes made)

. replace education_hybrid = "missing" if education_hybrid == "-" | education_hybrid == ""
(21,043 real changes made)

. replace education_hybrid = edu_level_det if education_hybrid == "missing" & edu_level_det != ""
(4,519 real changes made)

. replace education_hybrid = "missing" if education_hybrid == ""
(0 real changes made)

. replace education_hybrid = "master" if education_hybrid == "phd"
(40 real changes made)

. replace education_hybrid = "associate" if education_hybrid == "diploma"
(0 real changes made)

. replace education_hybrid = "missing" if !inlist(education_hybrid, "highschool", "associate", "bachelor", "master", "missing")
(0 real changes made)

. 
. gen edu_bin = inlist(education_hybrid, "bachelor", "master")

. label define edu_bin_lbl 0 "Nizsi/neuvedeno" 1 "Bc.+"

. label values edu_bin edu_bin_lbl

. label variable edu_bin "Bakalar+ explicitne pozadovan"

. 
. * edu_missing: dummy odliseni "nepozaduje se" vs. "neuvedeno"
. gen edu_missing = (education_hybrid == "missing")

. label define edu_miss_lbl 0 "Vzdelani uvedeno" 1 "Neuvedeno"

. label values edu_missing edu_miss_lbl

. label variable edu_missing "Vzdelani v inzeratu neuvedeno"

. 
. display _n "--- 3.3 edu_bin + edu_missing rozdeleni po zemich ---"

--- 3.3 edu_bin + edu_missing rozdeleni po zemich ---

. tab edu_bin country, col

+-------------------+
| Key               |
|-------------------|
|     frequency     |
| column percentage |
+-------------------+

       Bakalar+ |
     explicitne |             country
      pozadovan |        DE         IN         US |     Total
----------------+---------------------------------+----------
Nizsi/neuvedeno |     4,272      6,809      7,077 |    18,158 
                |     66.73      48.00      39.65 |     47.24 
----------------+---------------------------------+----------
           Bc.+ |     2,130      7,377     10,771 |    20,278 
                |     33.27      52.00      60.35 |     52.76 
----------------+---------------------------------+----------
          Total |     6,402     14,186     17,848 |    38,436 
                |    100.00     100.00     100.00 |    100.00 

. tab edu_missing country, col

+-------------------+
| Key               |
|-------------------|
|     frequency     |
| column percentage |
+-------------------+

      Vzdelani v |
        inzeratu |             country
       neuvedeno |        DE         IN         US |     Total
-----------------+---------------------------------+----------
Vzdelani uvedeno |     2,808      7,620     11,484 |    21,912 
                 |     43.86      53.71      64.34 |     57.01 
-----------------+---------------------------------+----------
       Neuvedeno |     3,594      6,566      6,364 |    16,524 
                 |     56.14      46.29      35.66 |     42.99 
-----------------+---------------------------------+----------
           Total |     6,402     14,186     17,848 |    38,436 
                 |    100.00     100.00     100.00 |    100.00 

. 
. * --- 3.4 Zkusenosti: exp_bin (>=1 rok ano/ne) ---
. destring experience_min_llm, replace force
experience_min_llm: contains nonnumeric characters; replaced as double
(7599 missing values generated)

. gen exp_missing = missing(experience_min_llm)

. gen exp_bin = (experience_min_llm >= 1) if !missing(experience_min_llm)
(7,599 missing values generated)

. replace exp_bin = 0 if missing(exp_bin)
(7,599 real changes made)

. label define exp_bin_lbl 0 "< 1 rok / neuvedeno" 1 ">= 1 rok praxe"

. label values exp_bin exp_bin_lbl

. label variable exp_bin "Praxe >=1 rok explicitne pozadovana"

. 
. label define exp_miss_lbl 0 "Praxe uvedena" 1 "Neuvedeno"

. label values exp_missing exp_miss_lbl

. label variable exp_missing "Praxe v inzeratu neuvedena"

. 
. display _n "--- 3.4 exp_bin + exp_missing rozdeleni po zemich ---"

--- 3.4 exp_bin + exp_missing rozdeleni po zemich ---

. tab exp_bin country, col

+-------------------+
| Key               |
|-------------------|
|     frequency     |
| column percentage |
+-------------------+

      Praxe >=1 rok |
         explicitne |             country
         pozadovana |        DE         IN         US |     Total
--------------------+---------------------------------+----------
< 1 rok / neuvedeno |     2,722      3,487      3,407 |     9,616 
                    |     42.52      24.58      19.09 |     25.02 
--------------------+---------------------------------+----------
     >= 1 rok praxe |     3,680     10,699     14,441 |    28,820 
                    |     57.48      75.42      80.91 |     74.98 
--------------------+---------------------------------+----------
              Total |     6,402     14,186     17,848 |    38,436 
                    |    100.00     100.00     100.00 |    100.00 

. tab exp_missing country, col

+-------------------+
| Key               |
|-------------------|
|     frequency     |
| column percentage |
+-------------------+

      Praxe v |
     inzeratu |             country
    neuvedena |        DE         IN         US |     Total
--------------+---------------------------------+----------
Praxe uvedena |     3,999     11,581     15,257 |    30,837 
              |     62.46      81.64      85.48 |     80.23 
--------------+---------------------------------+----------
    Neuvedeno |     2,403      2,605      2,591 |     7,599 
              |     37.54      18.36      14.52 |     19.77 
--------------+---------------------------------+----------
        Total |     6,402     14,186     17,848 |    38,436 
              |    100.00     100.00     100.00 |    100.00 

. 
. * --- 3.5 Plat — prevod na USD a rocni bazi ---
. destring salary_min salary_mid salary_max, replace force
salary_min already numeric; no replace
salary_mid already numeric; no replace
salary_max already numeric; no replace

. 
. * Pevne kurzy (prumer Sep-Oct 2025)
. local eur_usd = 1.165

. local inr_usd = 88

. 
. drop if country == "DE" & !inlist(pay_currency, "EUR", "")
(2 observations deleted)

. drop if country == "IN" & pay_currency == "" & salary_mid != .
(2 observations deleted)

. 
. foreach var of varlist salary_min salary_mid salary_max {
  2.     replace `var' = `var' * `eur_usd' if pay_currency == "EUR"
  3.     replace `var' = `var' / `inr_usd' if pay_currency == "INR"
  4. }
(516 real changes made)
(10,049 real changes made)
(516 real changes made)
(10,049 real changes made)
(516 real changes made)
(10,049 real changes made)

. 
. * US: 2080 h/rok, DE: 1607 h (OECD 2024), IN: 1920 h
. foreach var of varlist salary_min salary_mid salary_max {
  2.     replace `var' = `var' * 2080 if pay_period == "HOURLY" & country == "US"
  3.     replace `var' = `var' * 1607 if pay_period == "HOURLY" & country == "DE"
  4.     replace `var' = `var' * 1920 if pay_period == "HOURLY" & country == "IN"
  5.     replace `var' = `var' * 12   if pay_period == "MONTHLY"
  6. }
(840 real changes made)
(21 real changes made)
(30 real changes made)
(1,584 real changes made)
(840 real changes made)
(21 real changes made)
(30 real changes made)
(1,584 real changes made)
(840 real changes made)
(21 real changes made)
(30 real changes made)
(1,584 real changes made)

. 
. replace salary_mid = . if salary_mid < 3000 | salary_mid > 500000
(855 real changes made, 855 to missing)

. label variable salary_mid "Rocni plat - stredni hodnota (USD)"

. 
. gen ln_salary = ln(salary_mid)
(14,077 missing values generated)

. label variable ln_salary "Prirozeny logaritmus platu (USD)"

. 
. gen has_salary = (salary_mid != .)

. label variable has_salary "Ma uvedeny plat (1=ano)"

. 
. * --- 3.6 Velikost firmy ---
. replace size = "Unknown" if size == ""
(3,336 real changes made)

. gen size_cat = .
(38,432 missing values generated)

. replace size_cat = 0 if inlist(size, "Unknown", "Unbekannt")
(7,693 real changes made)

. replace size_cat = 1 if inlist(size, "1 to 50 Employees", "1 bis 50 Mitarbeiter")
(6,469 real changes made)

. replace size_cat = 2 if inlist(size, "51 to 200 Employees", "51 bis 200 Mitarbeiter")
(4,802 real changes made)

. replace size_cat = 3 if inlist(size, "201 to 500 Employees", "201 bis 500 Mitarbeiter")
(2,783 real changes made)

. replace size_cat = 4 if inlist(size, "501 to 1000 Employees", "501 bis 1.000 Mitarbeiter")
(2,053 real changes made)

. replace size_cat = 5 if inlist(size, "1001 to 5000 Employees", "1.001 bis 5.000 Mitarbeiter")
(4,215 real changes made)

. replace size_cat = 6 if inlist(size, "5001 to 10000 Employees", "5.001 bis 10.000 Mitarbeiter")
(2,227 real changes made)

. replace size_cat = 7 if inlist(size, "10000+ Employees", "Mehr als 10.000 Mitarbeiter")
(8,190 real changes made)

. label define size_lbl 0 "Unknown" 1 "1-50" 2 "51-200" 3 "201-500" ///
>     4 "501-1000" 5 "1001-5000" 6 "5001-10000" 7 "10000+"

. label values size_cat size_lbl

. label variable size_cat "Velikost firmy (ordinalni)"

. 
. * --- 3.7 Typ firmy ---
. gen type_cat = .
(38,432 missing values generated)

. replace type_cat = 0 if inlist(type, "", "Unknown", "Contract", "Self-employed", "Private Practice / Firm", "Franchise")
(4,408 real changes made)

. replace type_cat = 0 if inlist(type, "Unbekannt", "Auftragsunternehmen", "Selbstständig", "Privatpraxis/Kanzlei")
(615 real changes made)

. replace type_cat = 1 if inlist(type, "Company - Private", "Subsidiary or Business Segment", "Privatunternehmen", "Tochtergesellschaft oder Geschäftsbereich")
(20,187 real changes made)

. replace type_cat = 2 if inlist(type, "Company - Public", "Aktiengesellschaft")
(12,218 real changes made)

. replace type_cat = 4 if inlist(type, "Nonprofit Organization", "Non-profit Organisation", "Government", "College / University", "School / School District", "Hospital")
(961 real changes made)

. replace type_cat = 4 if inlist(type, "Gemeinnützige Organisation", "Öffentlicher Dienst", "Hochschule/Universität", "Schule/Schulbezirk", "Krankenhaus")
(43 real changes made)

. label define type_lbl 0 "Unknown/Other" 1 "Private/Subsidiary" 2 "Public" 4 "Nonprofit/Gov/Edu"

. label values type_cat type_lbl

. label variable type_cat "Typ firmy"

. 
. * --- 3.8 NACE sektor ---
. replace sector_nace = "Unknown" if sector_nace == ""
(0 real changes made)

. replace sector_nace = "Other" if !inlist(sector_nace, "J", "C", "K", "M", "Q", "Unknown")
(3,663 real changes made)

. encode sector_nace, generate(sector_nace_num)

. label variable sector_nace_num "NACE sektor"

. 
. * --- 3.9 Remote prace ---
. gen is_remote = 0

. replace is_remote = 1 if strpos(lower(remote_work_types), "home") > 0
(7,831 real changes made)

. replace is_remote = 1 if strpos(lower(remote_work_types), "remote") > 0
(0 real changes made)

. label variable is_remote "Moznost remote prace (1=ano)"

. 
. * --- 3.10 Job family ---
. replace job_family = "Unknown" if job_family == ""
(0 real changes made)

. replace job_family = "Other" if inlist(job_family, "Frontend & Design", "QA & Testing", "Security", "Systems & Embedded")
(10,147 real changes made)

. encode job_family, generate(job_family_num)

. label variable job_family_num "Rodina pozice"

. 
. * --- 3.11 Region (jen pro US) ---
. replace region = "Unknown" if region == ""
(0 real changes made)

. encode region, generate(region_num)

. label variable region_num "Census region (US-specific)"

. 
. * --- 3.12 Vyrazeni ridkych skill clusteru (konzistentne s hlavni analyzou) ---
. capture drop cluster_legacy__mainframe

. capture drop cluster_data_analysis__stats

. capture drop cluster_tools__editors

. 
. * --- 3.13 Company ID + firm_cluster pro clustered SE ---
. destring company_id, replace force
company_id already numeric; no replace

. label variable company_id "ID firmy"

. 
. * firm_cluster: unikatni per (zeme, firma). Inzeraty bez company_id
. * dostanou kazdy svuj vlastni cluster id (cili tam se clustering neaplikuje).
. egen firm_cluster = group(country company_id) if !missing(company_id)
(3324 missing values generated)

. quietly sum firm_cluster

. local max_fc = r(max)

. if missing(`max_fc') local max_fc = 0

. replace firm_cluster = _n + `max_fc' if missing(firm_cluster)
(3,324 real changes made)

. label variable firm_cluster "Firm cluster ID (per-country company_id)"

. 
. * --- 3.14 Baseline job family = Software Engineer (nejcastejsi, neutralni) ---
. quietly levelsof job_family_num if job_family == "Software Engineer", local(_sw_list)

. local sw_base : word 1 of `_sw_list'

. display "Baseline job_family_num (Software Engineer) = `sw_base'"
Baseline job_family_num (Software Engineer) = 6

. 
. 
. * ==============================================================================
. * 4. TABULKA 1 — VYSKYT AI POZADAVKU PO ZEMICH (DESKRIPCE)
. * ==============================================================================
. display _n "=============================================================="

==============================================================

. display "4. TABULKA 1 — VYSKYT AI PO ZEMICH"
4. TABULKA 1 — VYSKYT AI PO ZEMICH

. display "=============================================================="
==============================================================

. 
. display _n "--- Sloupcova % (v ramci zeme soucet = 100%) ---"

--- Sloupcova % (v ramci zeme soucet = 100%) ---

. tab ai_level country, column

+-------------------+
| Key               |
|-------------------|
|     frequency     |
| column percentage |
+-------------------+

      Uroven AI |
      pozadavku |             country
        (0/1/2) |        DE         IN         US |     Total
----------------+---------------------------------+----------
           None |     5,202     13,140     14,037 |    32,379 
                |     81.28      92.64      78.65 |     84.25 
----------------+---------------------------------+----------
 AI Integration |       650        546      2,498 |     3,694 
                |     10.16       3.85      14.00 |      9.61 
----------------+---------------------------------+----------
Applied/Core AI |       548        498      1,313 |     2,359 
                |      8.56       3.51       7.36 |      6.14 
----------------+---------------------------------+----------
          Total |     6,400     14,184     17,848 |    38,432 
                |    100.00     100.00     100.00 |    100.00 

. display _n "--- Absolutni pocty ---"

--- Absolutni pocty ---

. tab ai_level country

      Uroven AI |
      pozadavku |             country
        (0/1/2) |        DE         IN         US |     Total
----------------+---------------------------------+----------
           None |     5,202     13,140     14,037 |    32,379 
 AI Integration |       650        546      2,498 |     3,694 
Applied/Core AI |       548        498      1,313 |     2,359 
----------------+---------------------------------+----------
          Total |     6,400     14,184     17,848 |    38,432 

. 
. preserve

.     contract ai_level country

.     bysort country: egen country_total = total(_freq)

.     gen pct_col = 100 * _freq / country_total

.     keep country ai_level _freq pct_col

.     reshape wide _freq pct_col, i(ai_level) j(country) string
(note: j = DE IN US)

Data                               long   ->   wide
-----------------------------------------------------------------------------
Number of obs.                        9   ->       3
Number of variables                   4   ->       7
j variable (3 values)           country   ->   (dropped)
xij variables:
                                  _freq   ->   _freqDE _freqIN _freqUS
                                pct_col   ->   pct_colDE pct_colIN pct_colUS
-----------------------------------------------------------------------------

.     order ai_level _freqUS pct_colUS _freqDE pct_colDE _freqIN pct_colIN

.     export delimited "$outdir/Tabulka_1_Vyskyt_AI.csv", replace delimiter(";")
(note: file ./output/thesis_final_run_15_Apr_2026_17-45-38/Tabulka_1_Vyskyt_AI.csv not found)
file ./output/thesis_final_run_15_Apr_2026_17-45-38/Tabulka_1_Vyskyt_AI.csv saved

. restore

. 
. 
. * ==============================================================================
. * 5. PRIPRAVA PRO LOGIT/MLOGIT — vyrazeni cluster_generative_ai z RHS
. * ==============================================================================
. * cluster_generative_ai je po §3.2b override mechanicky vazan na ai_level>=1
. * (vsechny inzeraty s tim clusterem maji ai_level v {1,2}). Proto ho v logit/
. * mlogit modelech vyrazujeme z RHS. cluster_data_science__ml zustava jako bezny
. * skill cluster (override se neprovadi).
. rename cluster_generative_ai _excl_genai

. 
. 
. * ==============================================================================
. * 6. TABULKA 2 — BINARNI LOGIT P(AI) ~ JOB FAMILY + CONTROLS (AME, per zeme)
. * ==============================================================================
. display _n "=============================================================="

==============================================================

. display "6. TABULKA 2 — BINARNI LOGIT, JOB FAMILY"
6. TABULKA 2 — BINARNI LOGIT, JOB FAMILY

. display "=============================================================="
==============================================================

. 
. foreach c in US DE IN {
  2.     display _n "=========== Zeme = `c' (Tabulka 2) ==========="
  3.     capture noisily logit has_ai ///
>         ib`sw_base'.job_family_num ///
>         edu_bin edu_missing ///
>         exp_bin exp_missing ///
>         i.sector_nace_num ///
>         ib1.type_cat ///
>         ib5.size_cat ///
>         is_remote ///
>         if country == "`c'", vce(cluster firm_cluster)
  4.     if _rc == 0 {
  5.         quietly margins, dydx(*) post
  6.         estimates store ame_t2_`c'
  7.     }
  8.     else {
  9.         display as error "Logit Tabulka 2 pro `c' selhal (rc=" _rc ")"
 10.     }
 11. }

=========== Zeme = US (Tabulka 2) ===========

Iteration 0:   log pseudolikelihood = -9255.7972  
Iteration 1:   log pseudolikelihood = -8635.9997  
Iteration 2:   log pseudolikelihood = -8596.0566  
Iteration 3:   log pseudolikelihood = -8595.8786  
Iteration 4:   log pseudolikelihood = -8595.8786  

Logistic regression                             Number of obs     =     17,848
                                                Wald chi2(27)     =     978.10
                                                Prob > chi2       =     0.0000
Log pseudolikelihood = -8595.8786               Pseudo R2         =     0.0713

                                 (Std. Err. adjusted for 8,810 clusters in firm_cluster)
----------------------------------------------------------------------------------------
                       |               Robust
                has_ai |      Coef.   Std. Err.      z    P>|z|     [95% Conf. Interval]
-----------------------+----------------------------------------------------------------
        job_family_num |
            Data & AI  |   1.177155   .0907797    12.97   0.000     .9992301     1.35508
       DevOps & Cloud  |  -.5583712   .0878608    -6.36   0.000    -.7305752   -.3861672
           Management  |   .0672592   .1033815     0.65   0.515    -.1353648    .2698832
                Other  |  -.7373705   .0664123   -11.10   0.000    -.8675362   -.6072049
   Software Developer  |  -.6329381   .0801286    -7.90   0.000    -.7899873   -.4758888
Sr+ Software Engineer  |   .1199306   .0865233     1.39   0.166     -.049652    .2895131
                       |
               edu_bin |   .6149539   .1443548     4.26   0.000     .3320238    .8978841
           edu_missing |   .9794816   .1520339     6.44   0.000     .6815007    1.277462
               exp_bin |   .2052022   .1132167     1.81   0.070    -.0166983    .4271028
           exp_missing |  -.0482487     .12752    -0.38   0.705    -.2981833    .2016858
                       |
       sector_nace_num |
                    J  |   .3653998   .1020084     3.58   0.000     .1654669    .5653326
                    K  |   .1108784   .1223626     0.91   0.365     -.128948    .3507047
                    M  |   .4221921   .1811633     2.33   0.020     .0671185    .7772658
                Other  |   .0734231   .1241664     0.59   0.554    -.1699386    .3167848
                    Q  |   .3048447   .1580011     1.93   0.054    -.0048317    .6145211
              Unknown  |   .5503185   .1256078     4.38   0.000     .3041316    .7965053
                       |
              type_cat |
        Unknown/Other  |  -.0156774   .1064519    -0.15   0.883    -.2243194    .1929645
               Public  |  -.0496772    .076819    -0.65   0.518    -.2002396    .1008852
    Nonprofit/Gov/Edu  |   .0211076   .1843063     0.11   0.909    -.3401262    .3823414
                       |
              size_cat |
              Unknown  |  -.3520611   .1301332    -2.71   0.007    -.6071174   -.0970048
                 1-50  |  -.4763154   .1164381    -4.09   0.000    -.7045299   -.2481009
               51-200  |  -.1350296    .113452    -1.19   0.234    -.3573914    .0873322
              201-500  |  -.1221126   .1267687    -0.96   0.335    -.3705747    .1263495
             501-1000  |  -.0819552    .135522    -0.60   0.545    -.3475735    .1836631
           5001-10000  |  -.2627172   .1400911    -1.88   0.061    -.5372908    .0118564
               10000+  |   .1404287   .1103088     1.27   0.203    -.0757725    .3566299
                       |
             is_remote |     .30269   .0561991     5.39   0.000     .1925418    .4128382
                 _cons |  -2.073684    .225511    -9.20   0.000    -2.515678   -1.631691
----------------------------------------------------------------------------------------

=========== Zeme = DE (Tabulka 2) ===========

Iteration 0:   log pseudolikelihood = -3085.5617  
Iteration 1:   log pseudolikelihood = -2574.1779  
Iteration 2:   log pseudolikelihood = -2532.2745  
Iteration 3:   log pseudolikelihood = -2519.8176  
Iteration 4:   log pseudolikelihood = -2519.8129  
Iteration 5:   log pseudolikelihood = -2519.8129  

Logistic regression                             Number of obs     =      6,400
                                                Wald chi2(27)     =     704.95
                                                Prob > chi2       =     0.0000
Log pseudolikelihood = -2519.8129               Pseudo R2         =     0.1834

                                 (Std. Err. adjusted for 3,260 clusters in firm_cluster)
----------------------------------------------------------------------------------------
                       |               Robust
                has_ai |      Coef.   Std. Err.      z    P>|z|     [95% Conf. Interval]
-----------------------+----------------------------------------------------------------
        job_family_num |
            Data & AI  |   3.003649   .1893332    15.86   0.000     2.632562    3.374735
       DevOps & Cloud  |  -.1390988   .1621138    -0.86   0.391     -.456836    .1786384
           Management  |   .4181454   .1546127     2.70   0.007     .1151101    .7211806
                Other  |  -.5548424   .1533677    -3.62   0.000    -.8554376   -.2542472
   Software Developer  |  -.1339446   .1489154    -0.90   0.368    -.4258134    .1579243
Sr+ Software Engineer  |   .5328542   .1625301     3.28   0.001     .2143009    .8514074
                       |
               edu_bin |   1.647227   .2293918     7.18   0.000     1.197627    2.096827
           edu_missing |   1.244148   .2253168     5.52   0.000     .8025356    1.685761
               exp_bin |   .3307398   .2045541     1.62   0.106    -.0701789    .7316584
           exp_missing |   .0235099   .2087942     0.11   0.910    -.3857192     .432739
                       |
       sector_nace_num |
                    J  |   1.044293   .1772836     5.89   0.000     .6968232    1.391762
                    K  |  -.2713907   .3477778    -0.78   0.435    -.9530227    .4102413
                    M  |   .8031651   .2748218     2.92   0.003     .2645243    1.341806
                Other  |   .3129423   .2408953     1.30   0.194    -.1592039    .7850885
                    Q  |   1.411254   .4050122     3.48   0.000     .6174442    2.205063
              Unknown  |    .750089   .1938099     3.87   0.000     .3702285    1.129949
                       |
              type_cat |
        Unknown/Other  |  -.0672954   .1370777    -0.49   0.623    -.3359629     .201372
               Public  |   .1440971    .110151     1.31   0.191     -.071795    .3599891
    Nonprofit/Gov/Edu  |   .3738854   .4270346     0.88   0.381     -.463087    1.210858
                       |
              size_cat |
              Unknown  |   .1118081   .1855792     0.60   0.547    -.2519205    .4755366
                 1-50  |   .3284099   .1978976     1.66   0.097    -.0594622    .7162819
               51-200  |   .2083241    .200336     1.04   0.298    -.1843274    .6009755
              201-500  |   .1511342   .2222398     0.68   0.496    -.2844478    .5867162
             501-1000  |   .0611748   .2479111     0.25   0.805     -.424722    .5470715
           5001-10000  |   .1987347   .2282616     0.87   0.384    -.2486498    .6461192
               10000+  |   .3634609   .1793618     2.03   0.043     .0119181    .7150036
                       |
             is_remote |   .4931084   .1264597     3.90   0.000     .2452521    .7409648
                 _cons |  -4.305195   .3844001   -11.20   0.000    -5.058606   -3.551785
----------------------------------------------------------------------------------------

=========== Zeme = IN (Tabulka 2) ===========

Iteration 0:   log pseudolikelihood = -3728.4532  
Iteration 1:   log pseudolikelihood = -3266.1843  
Iteration 2:   log pseudolikelihood = -3190.6245  
Iteration 3:   log pseudolikelihood = -3189.4862  
Iteration 4:   log pseudolikelihood = -3189.4839  
Iteration 5:   log pseudolikelihood = -3189.4839  

Logistic regression                             Number of obs     =     14,184
                                                Wald chi2(27)     =     988.54
                                                Prob > chi2       =     0.0000
Log pseudolikelihood = -3189.4839               Pseudo R2         =     0.1446

                                 (Std. Err. adjusted for 6,807 clusters in firm_cluster)
----------------------------------------------------------------------------------------
                       |               Robust
                has_ai |      Coef.   Std. Err.      z    P>|z|     [95% Conf. Interval]
-----------------------+----------------------------------------------------------------
        job_family_num |
            Data & AI  |   2.047322   .1335648    15.33   0.000      1.78554    2.309104
       DevOps & Cloud  |   -.891916   .1753959    -5.09   0.000    -1.235686   -.5481463
           Management  |   .2437292   .1471908     1.66   0.098    -.0447595    .5322179
                Other  |  -.9334093   .1330143    -7.02   0.000    -1.194112   -.6727062
   Software Developer  |    -1.0228    .138115    -7.41   0.000      -1.2935   -.7520997
Sr+ Software Engineer  |  -.1015113   .1548795    -0.66   0.512    -.4050696     .202047
                       |
               edu_bin |   1.249673     .47619     2.62   0.009     .3163581    2.182989
           edu_missing |    .836666   .4791847     1.75   0.081    -.1025188    1.775851
               exp_bin |    .141261   .1630849     0.87   0.386    -.1783796    .4609016
           exp_missing |   .1417236   .1796951     0.79   0.430    -.2104723    .4939195
                       |
       sector_nace_num |
                    J  |   .2372844   .1940538     1.22   0.221     -.143054    .6176228
                    K  |   .3069922    .246508     1.25   0.213    -.1761545     .790139
                    M  |    .188116   .2988145     0.63   0.529    -.3975497    .7737817
                Other  |  -.1805472   .2396305    -0.75   0.451    -.6502143      .28912
                    Q  |   .9632542   .3266988     2.95   0.003     .3229363    1.603572
              Unknown  |   .0245889    .236783     0.10   0.917    -.4394972     .488675
                       |
              type_cat |
        Unknown/Other  |   .0953017   .1505347     0.63   0.527     -.199741    .3903444
               Public  |   .0443647   .1296182     0.34   0.732    -.2096824    .2984117
    Nonprofit/Gov/Edu  |   1.385437   .7040511     1.97   0.049     .0055222    2.765352
                       |
              size_cat |
              Unknown  |   .4220333     .24024     1.76   0.079    -.0488284     .892895
                 1-50  |   .2080545   .2121045     0.98   0.327    -.2076628    .6237717
               51-200  |   .2439894   .1984306     1.23   0.219    -.1449274    .6329062
              201-500  |   .2512152   .2224701     1.13   0.259    -.1848181    .6872486
             501-1000  |  -.0576177   .2926831    -0.20   0.844     -.631266    .5160307
           5001-10000  |   .2995822   .2059414     1.45   0.146    -.1040556    .7032199
               10000+  |   .1196326   .1950336     0.61   0.540    -.2626261    .5018914
                       |
             is_remote |    .518562   .1025381     5.06   0.000      .317591     .719533
                 _cons |  -3.910326   .5555693    -7.04   0.000    -4.999222   -2.821431
----------------------------------------------------------------------------------------

. 
. esttab ame_t2_US ame_t2_DE ame_t2_IN using "$outdir/Tabulka_2_Logit_JobFamily.rtf", replace ///
>     label b(3) se(3) star(* 0.05 ** 0.01 *** 0.001) ///
>     keep(*.job_family_num edu_bin edu_missing exp_bin exp_missing) ///
>     order(*.job_family_num edu_bin edu_missing exp_bin exp_missing) ///
>     stats(N, fmt(0) labels("N")) ///
>     mtitles("USA" "Nemecko" "Indie") ///
>     title("Tabulka 2: Binarni logit P(AI pozadavek = ano), AME podle zeme — job family") ///
>     addnotes("Zavisla promenna: has_ai (1=AI Integration nebo Applied/Core AI, 0=None)." ///
>              "Prumerne marginalni efekty (AME) z logitu, SE clusterovane na firmu." ///
>              "Kontroly (neukazovane v tabulce): NACE sektor, typ firmy, velikost firmy, remote." ///
>              "Referencni job family: Software Engineer." ///
>              "edu_missing a exp_missing: dummy pro inzeraty bez uvedeneho vzdelani/praxe.")
(note: file ./output/thesis_final_run_15_Apr_2026_17-45-38/Tabulka_2_Logit_JobFamily.rtf not found)
(output written to ./output/thesis_final_run_15_Apr_2026_17-45-38/Tabulka_2_Logit_JobFamily.rtf)

. 
. 
. * ==============================================================================
. * 7. TABULKA 3 — BINARNI LOGIT P(AI) ~ SKILL CLUSTERY + CONTROLS (AME, per zeme)
. * ==============================================================================
. display _n "=============================================================="

==============================================================

. display "7. TABULKA 3 — BINARNI LOGIT, SKILL CLUSTERY"
7. TABULKA 3 — BINARNI LOGIT, SKILL CLUSTERY

. display "=============================================================="
==============================================================

. 
. foreach c in US DE IN {
  2.     display _n "=========== Zeme = `c' (Tabulka 3) ==========="
  3.     capture noisily logit has_ai ///
>         cluster_* ///
>         edu_bin edu_missing ///
>         exp_bin exp_missing ///
>         i.sector_nace_num ///
>         ib1.type_cat ///
>         ib5.size_cat ///
>         is_remote ///
>         if country == "`c'", vce(cluster firm_cluster)
  4.     if _rc == 0 {
  5.         quietly margins, dydx(*) post
  6.         estimates store ame_t3_`c'
  7.     }
  8.     else {
  9.         display as error "Logit Tabulka 3 pro `c' selhal (rc=" _rc ")"
 10.     }
 11. }

=========== Zeme = US (Tabulka 3) ===========

Iteration 0:   log pseudolikelihood = -9255.7972  
Iteration 1:   log pseudolikelihood = -7069.1574  
Iteration 2:   log pseudolikelihood = -6918.6941  
Iteration 3:   log pseudolikelihood = -6911.5897  
Iteration 4:   log pseudolikelihood = -6911.5761  
Iteration 5:   log pseudolikelihood = -6911.5761  

Logistic regression                             Number of obs     =     17,848
                                                Wald chi2(41)     =    1894.46
                                                Prob > chi2       =     0.0000
Log pseudolikelihood = -6911.5761               Pseudo R2         =     0.2533

                                        (Std. Err. adjusted for 8,810 clusters in firm_cluster)
-----------------------------------------------------------------------------------------------
                              |               Robust
                       has_ai |      Coef.   Std. Err.      z    P>|z|     [95% Conf. Interval]
------------------------------+----------------------------------------------------------------
cluster_architecture__methods |   .0348044   .0682802     0.51   0.610    -.0990223    .1686311
        cluster_bi__analytics |   .2083103   .0546746     3.81   0.000       .10115    .3154706
  cluster_backend_development |   .1814869   .0586506     3.09   0.002     .0665338      .29644
       cluster_certifications |  -.2363569   .1087831    -2.17   0.030    -.4495678   -.0231459
      cluster_cloud_computing |   .4900667   .0606935     8.07   0.000     .3711096    .6090237
     cluster_data_engineering |   .2387502   .0535429     4.46   0.000     .1338081    .3436924
     cluster_data_science__ml |   2.962056   .0875851    33.82   0.000     2.790392    3.133719
   cluster_databases__storage |  -.1580937    .053559    -2.95   0.003    -.2630675   -.0531199
   cluster_devops__containers |   .0641368   .0574943     1.12   0.265    -.0485499    .1768236
         cluster_dynamic__web |   .5717693   .0577299     9.90   0.000     .4586208    .6849179
  cluster_enterprise__managed |   -.514893   .0559924    -9.20   0.000     -.624636     -.40515
 cluster_enterprise_platforms |   .3704985   .1063528     3.48   0.000     .1620509    .5789462
 cluster_frontend_development |   .3173097   .0570185     5.57   0.000     .2055554    .4290639
      cluster_mobile__desktop |  -.0741847   .0764072    -0.97   0.332    -.2239401    .0755707
           cluster_networking |  -.0183058   .0614365    -0.30   0.766    -.1387192    .1021075
         cluster_os__embedded |  -.2854313   .0721796    -3.95   0.000    -.4269006   -.1439619
     cluster_scripting__shell |  -.4279695   .0930308    -4.60   0.000    -.6103066   -.2456324
   cluster_security__identity |  -.0805015   .0611683    -1.32   0.188    -.2003891    .0393861
  cluster_systems_programming |   .2390754   .0735158     3.25   0.001     .0949871    .3831638
cluster_testing_qa__debugging |  -.0224313   .0489535    -0.46   0.647    -.1183783    .0735157
                      edu_bin |   .5737342   .1656894     3.46   0.001     .2489891    .8984794
                  edu_missing |   .9767444   .1731378     5.64   0.000     .6374005    1.316088
                      exp_bin |   .1534807    .125691     1.22   0.222    -.0928692    .3998306
                  exp_missing |  -.1008937   .1388413    -0.73   0.467    -.3730177    .1712304
                              |
              sector_nace_num |
                           J  |   .4463029   .1118598     3.99   0.000     .2270616    .6655441
                           K  |   .3097267    .131064     2.36   0.018     .0528459    .5666074
                           M  |   .4559518   .1989829     2.29   0.022     .0659525    .8459512
                       Other  |   .1299427   .1353646     0.96   0.337     -.135367    .3952524
                           Q  |   .3615646   .1737013     2.08   0.037     .0211163    .7020129
                     Unknown  |    .620795   .1407367     4.41   0.000     .3449561    .8966338
                              |
                     type_cat |
               Unknown/Other  |   .0279974   .1163245     0.24   0.810    -.1999944    .2559891
                      Public  |   -.041139   .0870532    -0.47   0.637    -.2117601    .1294822
           Nonprofit/Gov/Edu  |   .1521756   .1978507     0.77   0.442    -.2356046    .5399558
                              |
                     size_cat |
                     Unknown  |  -.4077094   .1449543    -2.81   0.005    -.6918147   -.1236041
                        1-50  |  -.5912667   .1315932    -4.49   0.000    -.8491845   -.3333488
                      51-200  |  -.2523727   .1264167    -2.00   0.046    -.5001449   -.0046006
                     201-500  |   -.136848   .1401455    -0.98   0.329    -.4115281    .1378321
                    501-1000  |  -.2010476   .1666717    -1.21   0.228    -.5277182    .1256229
                  5001-10000  |  -.2917494   .1645115    -1.77   0.076    -.6141859    .0306872
                      10000+  |   .0825604     .12513     0.66   0.509    -.1626899    .3278107
                              |
                    is_remote |   .2752024   .0658571     4.18   0.000     .1461249      .40428
                        _cons |  -3.644364    .266737   -13.66   0.000    -4.167159   -3.121569
-----------------------------------------------------------------------------------------------

=========== Zeme = DE (Tabulka 3) ===========

Iteration 0:   log pseudolikelihood = -3085.5617  
Iteration 1:   log pseudolikelihood = -2386.9446  
Iteration 2:   log pseudolikelihood = -2289.3444  
Iteration 3:   log pseudolikelihood = -2285.7352  
Iteration 4:   log pseudolikelihood = -2285.7178  
Iteration 5:   log pseudolikelihood = -2285.7178  

Logistic regression                             Number of obs     =      6,400
                                                Wald chi2(41)     =     820.77
                                                Prob > chi2       =     0.0000
Log pseudolikelihood = -2285.7178               Pseudo R2         =     0.2592

                                        (Std. Err. adjusted for 3,260 clusters in firm_cluster)
-----------------------------------------------------------------------------------------------
                              |               Robust
                       has_ai |      Coef.   Std. Err.      z    P>|z|     [95% Conf. Interval]
------------------------------+----------------------------------------------------------------
cluster_architecture__methods |  -.0136475   .0990172    -0.14   0.890    -.2077177    .1804227
        cluster_bi__analytics |   .4133562   .1080936     3.82   0.000     .2014966    .6252158
  cluster_backend_development |   .2283272    .104191     2.19   0.028     .0241167    .4325378
       cluster_certifications |  -.4744838   .2368878    -2.00   0.045    -.9387754   -.0101922
      cluster_cloud_computing |   .4611577   .1070691     4.31   0.000     .2513061    .6710092
     cluster_data_engineering |   .6112413   .1091236     5.60   0.000      .397363    .8251195
     cluster_data_science__ml |   1.973081    .120042    16.44   0.000     1.737803    2.208359
   cluster_databases__storage |  -.0077461   .1010574    -0.08   0.939    -.2058149    .1903228
   cluster_devops__containers |    .220499   .0995146     2.22   0.027     .0254539    .4155441
         cluster_dynamic__web |   .8021392    .095918     8.36   0.000     .6141432    .9901351
  cluster_enterprise__managed |  -.4175088   .1035358    -4.03   0.000    -.6204353   -.2145822
 cluster_enterprise_platforms |    .148086   .2949076     0.50   0.616    -.4299222    .7260943
 cluster_frontend_development |   .3246106   .1029572     3.15   0.002     .1228182     .526403
      cluster_mobile__desktop |  -.0732995   .1594905    -0.46   0.646    -.3858952    .2392962
           cluster_networking |  -.4057539   .1354177    -3.00   0.003    -.6711677   -.1403401
         cluster_os__embedded |   -.620437   .1709188    -3.63   0.000    -.9554317   -.2854423
     cluster_scripting__shell |   -.773328   .1995528    -3.88   0.000    -1.164444   -.3822116
   cluster_security__identity |  -.2698175   .1273004    -2.12   0.034    -.5193216   -.0203133
  cluster_systems_programming |   .1044307   .1344713     0.78   0.437    -.1591282    .3679897
cluster_testing_qa__debugging |  -.0482991   .0944449    -0.51   0.609    -.2334077    .1368095
                      edu_bin |   1.569407   .2581608     6.08   0.000     1.063422    2.075393
                  edu_missing |   1.109011   .2547192     4.35   0.000     .6097703    1.608251
                      exp_bin |   .3650144   .2190062     1.67   0.096    -.0642298    .7942587
                  exp_missing |   .1889572   .2251958     0.84   0.401    -.2524184    .6303328
                              |
              sector_nace_num |
                           J  |   .9160419   .2196813     4.17   0.000     .4854744    1.346609
                           K  |  -.7385612   .3828135    -1.93   0.054    -1.488862    .0117394
                           M  |     .60263   .3068695     1.96   0.050     .0011768    1.204083
                       Other  |   .3289629   .2823439     1.17   0.244     -.224421    .8823468
                           Q  |   1.478509   .4241602     3.49   0.000     .6471706    2.309848
                     Unknown  |   .6274605   .2387584     2.63   0.009     .1595026    1.095418
                              |
                     type_cat |
               Unknown/Other  |   .1190324   .1473103     0.81   0.419    -.1696904    .4077553
                      Public  |   .1952155   .1203338     1.62   0.105    -.0406344    .4310654
           Nonprofit/Gov/Edu  |   .0622636   .4065237     0.15   0.878    -.7345081    .8590354
                              |
                     size_cat |
                     Unknown  |  -.0120079   .1954466    -0.06   0.951    -.3950761    .3710604
                        1-50  |   .0717856   .2165455     0.33   0.740    -.3526357     .496207
                      51-200  |  -.0067173   .2262933    -0.03   0.976     -.450244    .4368094
                     201-500  |   .2095459   .2267889     0.92   0.356    -.2349523     .654044
                    501-1000  |  -.0442302   .2501936    -0.18   0.860    -.5346007    .4461402
                  5001-10000  |   .0935142   .2669311     0.35   0.726    -.4296611    .6166895
                      10000+  |   .3722523   .1921348     1.94   0.053    -.0043249    .7488296
                              |
                    is_remote |   .3835609   .1409295     2.72   0.006     .1073441    .6597776
                        _cons |  -5.151778   .4345102   -11.86   0.000    -6.003402   -4.300153
-----------------------------------------------------------------------------------------------

=========== Zeme = IN (Tabulka 3) ===========

Iteration 0:   log pseudolikelihood = -3728.4532  
Iteration 1:   log pseudolikelihood = -2916.5005  
Iteration 2:   log pseudolikelihood = -2757.4824  
Iteration 3:   log pseudolikelihood = -2755.4621  
Iteration 4:   log pseudolikelihood = -2755.4587  
Iteration 5:   log pseudolikelihood = -2755.4587  

Logistic regression                             Number of obs     =     14,184
                                                Wald chi2(41)     =    1228.29
                                                Prob > chi2       =     0.0000
Log pseudolikelihood = -2755.4587               Pseudo R2         =     0.2610

                                        (Std. Err. adjusted for 6,807 clusters in firm_cluster)
-----------------------------------------------------------------------------------------------
                              |               Robust
                       has_ai |      Coef.   Std. Err.      z    P>|z|     [95% Conf. Interval]
------------------------------+----------------------------------------------------------------
cluster_architecture__methods |  -.1052835   .0951405    -1.11   0.268    -.2917554    .0811884
        cluster_bi__analytics |   .2556159   .0852664     3.00   0.003     .0884968    .4227349
  cluster_backend_development |   .0835139    .092688     0.90   0.368    -.0981513    .2651791
       cluster_certifications |  -.3519134   .1929035    -1.82   0.068    -.7299972    .0261705
      cluster_cloud_computing |   .4878841   .0980116     4.98   0.000      .295785    .6799832
     cluster_data_engineering |   .5029878   .0887808     5.67   0.000     .3289807     .676995
     cluster_data_science__ml |   2.577882   .0976738    26.39   0.000     2.386445     2.76932
   cluster_databases__storage |  -.2762079   .0840259    -3.29   0.001    -.4408956   -.1115201
   cluster_devops__containers |   .1524727   .0960955     1.59   0.113     -.035871    .3408163
         cluster_dynamic__web |   .8649714      .0994     8.70   0.000      .670151    1.059792
  cluster_enterprise__managed |  -.3352461   .0952334    -3.52   0.000       -.5219   -.1485921
 cluster_enterprise_platforms |   .0522205   .1920972     0.27   0.786    -.3242831     .428724
 cluster_frontend_development |   .0718766    .102142     0.70   0.482     -.128318    .2720713
      cluster_mobile__desktop |  -.5387507   .1600551    -3.37   0.001    -.8524531   -.2250484
           cluster_networking |   -.112888   .1086039    -1.04   0.299    -.3257477    .0999717
         cluster_os__embedded |  -.8308515   .1368661    -6.07   0.000    -1.099104   -.5625988
     cluster_scripting__shell |  -.6118073   .1644544    -3.72   0.000     -.934132   -.2894827
   cluster_security__identity |   .2126657   .1010712     2.10   0.035     .0145698    .4107616
  cluster_systems_programming |    .501968   .1530292     3.28   0.001     .2020363    .8018997
cluster_testing_qa__debugging |   -.115051   .0813867    -1.41   0.157     -.274566     .044464
                      edu_bin |   .6821495   .4826747     1.41   0.158    -.2638756    1.628175
                  edu_missing |   .3951347   .4860022     0.81   0.416     -.557412    1.347682
                      exp_bin |   .3190205   .1870384     1.71   0.088    -.0475681     .685609
                  exp_missing |   .3996282   .1994591     2.00   0.045     .0086955    .7905609
                              |
              sector_nace_num |
                           J  |   .1638129   .2152796     0.76   0.447    -.2581275    .5857532
                           K  |   .3308766   .2267761     1.46   0.145    -.1135965    .7753496
                           M  |   .1023986   .3027894     0.34   0.735    -.4910577    .6958549
                       Other  |  -.0749645   .2626711    -0.29   0.775    -.5897904    .4398615
                           Q  |   1.058598   .3391002     3.12   0.002     .3939742    1.723222
                     Unknown  |   .0397148   .2690414     0.15   0.883    -.4875967    .5670263
                              |
                     type_cat |
               Unknown/Other  |   .0724624   .1788933     0.41   0.685     -.278162    .4230867
                      Public  |   .0694174   .1407235     0.49   0.622    -.2063957    .3452304
           Nonprofit/Gov/Edu  |   1.235313   .7993824     1.55   0.122    -.3314474    2.802074
                              |
                     size_cat |
                     Unknown  |   .1977515   .2853026     0.69   0.488    -.3614312    .7569342
                        1-50  |  -.0179991   .2491049    -0.07   0.942    -.5062356    .4702375
                      51-200  |   .2377169    .223607     1.06   0.288    -.2005447    .6759786
                     201-500  |   .4128679   .2461239     1.68   0.093    -.0695261    .8952619
                    501-1000  |   .2521033   .2963088     0.85   0.395    -.3286513     .832858
                  5001-10000  |    .463132   .2337162     1.98   0.048     .0050567    .9212074
                      10000+  |   .2259843   .2257605     1.00   0.317    -.2164982    .6684667
                              |
                    is_remote |   .6403689    .101558     6.31   0.000     .4413188    .8394189
                        _cons |   -5.14092   .5808295    -8.85   0.000    -6.279325   -4.002515
-----------------------------------------------------------------------------------------------

. 
. esttab ame_t3_US ame_t3_DE ame_t3_IN using "$outdir/Tabulka_3_Logit_SkillClusters.rtf", replace ///
>     label b(3) se(3) star(* 0.05 ** 0.01 *** 0.001) ///
>     keep(cluster_* edu_bin edu_missing exp_bin exp_missing) ///
>     order(cluster_* edu_bin edu_missing exp_bin exp_missing) ///
>     stats(N, fmt(0) labels("N")) ///
>     mtitles("USA" "Nemecko" "Indie") ///
>     title("Tabulka 3: Binarni logit P(AI pozadavek = ano), AME podle zeme — skill clustery") ///
>     addnotes("Zavisla promenna: has_ai (1=AI Integration nebo Applied/Core AI, 0=None)." ///
>              "Prumerne marginalni efekty (AME) z logitu, SE clusterovane na firmu." ///
>              "Kontroly (neukazovane): NACE sektor, typ firmy, velikost firmy, remote." ///
>              "cluster_generative_ai vyrazen z RHS kvuli cirkularite (GenAI -> AI Integration override)." ///
>              "edu_missing a exp_missing: dummy pro inzeraty bez uvedeneho vzdelani/praxe.")
(note: file ./output/thesis_final_run_15_Apr_2026_17-45-38/Tabulka_3_Logit_SkillClusters.rtf not found)
(output written to ./output/thesis_final_run_15_Apr_2026_17-45-38/Tabulka_3_Logit_SkillClusters.rtf)

. 
. 
. * ==============================================================================
. * 8. TABULKA 4 — MLOGIT P(AI tier) ~ SKILL CLUSTERY (AME, 9 sloupcu)
. * ==============================================================================
. display _n "=============================================================="

==============================================================

. display "8. TABULKA 4 — MLOGIT, SKILL CLUSTERY"
8. TABULKA 4 — MLOGIT, SKILL CLUSTERY

. display "=============================================================="
==============================================================

. 
. foreach c in US DE IN {
  2.     display _n "=========== Zeme = `c' (Tabulka 4) ==========="
  3.     * Tri beh modelu (pro kazdy outcome zvlast), protoze margins post prepisuje
.     * e(b). Pouzivame AME predict(outcome(k)) pro k=0,1,2.
.     foreach o in 0 1 2 {
  4.         capture noisily mlogit ai_level ///
>             cluster_* ///
>             edu_bin edu_missing ///
>             exp_bin exp_missing ///
>             i.sector_nace_num ///
>             ib1.type_cat ///
>             ib5.size_cat ///
>             is_remote ///
>             if country == "`c'", baseoutcome(0) vce(cluster firm_cluster)
  5.         if _rc == 0 {
  6.             quietly margins, dydx(*) predict(outcome(`o')) post
  7.             estimates store ame_t4_`c'_`o'
  8.         }
  9.         else {
 10.             display as error "Mlogit Tabulka 4 pro `c' outcome `o' selhal (rc=" _rc ")"
 11.         }
 12.     }
 13. }

=========== Zeme = US (Tabulka 4) ===========

Iteration 0:   log pseudolikelihood = -11710.058  
Iteration 1:   log pseudolikelihood = -10569.444  
Iteration 2:   log pseudolikelihood =  -8984.559  
Iteration 3:   log pseudolikelihood = -8901.0484  
Iteration 4:   log pseudolikelihood = -8899.8897  
Iteration 5:   log pseudolikelihood = -8899.8883  
Iteration 6:   log pseudolikelihood = -8899.8883  

Multinomial logistic regression                 Number of obs     =     17,848
                                                Wald chi2(82)     =    2465.54
                                                Prob > chi2       =     0.0000
Log pseudolikelihood = -8899.8883               Pseudo R2         =     0.2400

                                        (Std. Err. adjusted for 8,810 clusters in firm_cluster)
-----------------------------------------------------------------------------------------------
                              |               Robust
                     ai_level |      Coef.   Std. Err.      z    P>|z|     [95% Conf. Interval]
------------------------------+----------------------------------------------------------------
None                          |  (base outcome)
------------------------------+----------------------------------------------------------------
AI_Integration                |
cluster_architecture__methods |   .0745819   .0729327     1.02   0.306    -.0683636    .2175274
        cluster_bi__analytics |   .1992552   .0579616     3.44   0.001     .0856526    .3128578
  cluster_backend_development |   .2181058   .0622319     3.50   0.000     .0961336     .340078
       cluster_certifications |  -.1861534    .111958    -1.66   0.096    -.4055871    .0332803
      cluster_cloud_computing |   .4518741   .0642163     7.04   0.000     .3260124    .5777358
     cluster_data_engineering |   .0653868   .0582602     1.12   0.262     -.048801    .1795747
     cluster_data_science__ml |   2.368002   .0924531    25.61   0.000     2.186797    2.549207
   cluster_databases__storage |  -.1801046   .0581814    -3.10   0.002    -.2941381   -.0660711
   cluster_devops__containers |   .0732963   .0615648     1.19   0.234    -.0473684     .193961
         cluster_dynamic__web |   .4449315   .0611561     7.28   0.000     .3250678    .5647951
  cluster_enterprise__managed |  -.4858478   .0593115    -8.19   0.000    -.6020963   -.3695994
 cluster_enterprise_platforms |   .4941034   .1103734     4.48   0.000     .2777755    .7104314
 cluster_frontend_development |   .4380723   .0617814     7.09   0.000     .3169829    .5591617
      cluster_mobile__desktop |  -.0544748   .0800299    -0.68   0.496    -.2113305    .1023809
           cluster_networking |     .00272   .0636993     0.04   0.966    -.1221284    .1275684
         cluster_os__embedded |  -.2122363    .076495    -2.77   0.006    -.3621638   -.0623088
     cluster_scripting__shell |     -.3677    .096751    -3.80   0.000    -.5573285   -.1780715
   cluster_security__identity |  -.0319727    .064321    -0.50   0.619    -.1580396    .0940942
  cluster_systems_programming |   .0453648   .0792346     0.57   0.567    -.1099322    .2006618
cluster_testing_qa__debugging |   .0204176   .0529181     0.39   0.700    -.0832999    .1241352
                      edu_bin |   .5518682   .1779476     3.10   0.002     .2030973    .9006391
                  edu_missing |   .9644878   .1869251     5.16   0.000     .5981212    1.330854
                      exp_bin |   .1659495   .1364359     1.22   0.224      -.10146     .433359
                  exp_missing |  -.1497142   .1517793    -0.99   0.324    -.4471961    .1477678
                              |
              sector_nace_num |
                           J  |   .4333411   .1178759     3.68   0.000     .2023086    .6643737
                           K  |   .2995531   .1393313     2.15   0.032     .0264688    .5726374
                           M  |   .4531857   .2107197     2.15   0.032     .0401826    .8661887
                       Other  |   .1408333   .1408374     1.00   0.317    -.1352029    .4168694
                           Q  |   .4066748   .1789034     2.27   0.023     .0560306    .7573191
                     Unknown  |   .5965121   .1457598     4.09   0.000     .3108282    .8821961
                              |
                     type_cat |
               Unknown/Other  |   .0274737   .1212749     0.23   0.821    -.2102207    .2651681
                      Public  |  -.0150782   .0921194    -0.16   0.870    -.1956289    .1654726
           Nonprofit/Gov/Edu  |   .1623246   .1992326     0.81   0.415    -.2281641    .5528134
                              |
                     size_cat |
                     Unknown  |  -.4121981   .1506352    -2.74   0.006    -.7074377   -.1169585
                        1-50  |   -.610237    .140022    -4.36   0.000    -.8846751   -.3357989
                      51-200  |  -.2668134    .135541    -1.97   0.049    -.5324688    -.001158
                     201-500  |  -.1200192   .1503862    -0.80   0.425    -.4147706    .1747323
                    501-1000  |  -.1413688   .1673781    -0.84   0.398    -.4694239    .1866862
                  5001-10000  |  -.3462638   .1854248    -1.87   0.062    -.7096898    .0171621
                      10000+  |   .0074173   .1312196     0.06   0.955    -.2497683    .2646029
                              |
                    is_remote |   .2180671   .0687551     3.17   0.002     .0833096    .3528245
                        _cons |  -3.813921   .2844783   -13.41   0.000    -4.371488   -3.256353
------------------------------+----------------------------------------------------------------
Applied_Core_AI               |
cluster_architecture__methods |  -.0764043   .1100079    -0.69   0.487    -.2920158    .1392072
        cluster_bi__analytics |   .2107393   .0858004     2.46   0.014     .0425737     .378905
  cluster_backend_development |   .0730273    .096484     0.76   0.449    -.1160779    .2621325
       cluster_certifications |   -.449097   .1810417    -2.48   0.013    -.8039321   -.0942619
      cluster_cloud_computing |   .6170903   .0954095     6.47   0.000     .4300911    .8040895
     cluster_data_engineering |    .778741   .0875546     8.89   0.000     .6071372    .9503449
     cluster_data_science__ml |   4.094503   .1075336    38.08   0.000     3.883741    4.305265
   cluster_databases__storage |  -.0935521    .088769    -1.05   0.292    -.2675363     .080432
   cluster_devops__containers |   .0236864   .0948248     0.25   0.803    -.1621667    .2095395
         cluster_dynamic__web |   .9625682   .0932832    10.32   0.000     .7797365      1.1454
  cluster_enterprise__managed |  -.6200417   .0902295    -6.87   0.000    -.7968882   -.4431951
 cluster_enterprise_platforms |  -.0964882   .1680722    -0.57   0.566    -.4259036    .2329272
 cluster_frontend_development |  -.0107503   .0944519    -0.11   0.909    -.1958725     .174372
      cluster_mobile__desktop |  -.1500116   .1379079    -1.09   0.277     -.420306    .1202828
           cluster_networking |  -.0901481   .0984267    -0.92   0.360    -.2830609    .1027647
         cluster_os__embedded |  -.4881249   .1150323    -4.24   0.000     -.713584   -.2626658
     cluster_scripting__shell |  -.6043886   .1523534    -3.97   0.000    -.9029958   -.3057814
   cluster_security__identity |  -.2145104   .0938116    -2.29   0.022    -.3983778    -.030643
  cluster_systems_programming |   .7836797   .1116865     7.02   0.000     .5647781    1.002581
cluster_testing_qa__debugging |  -.1446811   .0786853    -1.84   0.066    -.2989015    .0095393
                      edu_bin |   .6558159   .2812041     2.33   0.020     .1046659    1.206966
                  edu_missing |   1.038246   .2843986     3.65   0.000     .4808348    1.595657
                      exp_bin |   .0822574   .2038698     0.40   0.687      -.31732    .4818348
                  exp_missing |   .0151083    .229943     0.07   0.948    -.4355717    .4657884
                              |
              sector_nace_num |
                           J  |   .4889912   .1623639     3.01   0.003     .1707637    .8072186
                           K  |    .324304   .2126433     1.53   0.127    -.0924691    .7410772
                           M  |   .4599511    .259388     1.77   0.076    -.0484401    .9683423
                       Other  |    .090889   .1977933     0.46   0.646    -.2967787    .4785567
                           Q  |   .1682804   .2574379     0.65   0.513    -.3362887    .6728495
                     Unknown  |   .7097705   .2097439     3.38   0.001       .29868    1.120861
                              |
                     type_cat |
               Unknown/Other  |   .0543397   .1816299     0.30   0.765    -.3016484    .4103278
                      Public  |  -.0966981   .1249041    -0.77   0.439    -.3415056    .1481093
           Nonprofit/Gov/Edu  |   .1634167    .259435     0.63   0.529    -.3450666       .6719
                              |
                     size_cat |
                     Unknown  |  -.3949339   .2039627    -1.94   0.053    -.7946934    .0048255
                        1-50  |  -.5209173   .1858657    -2.80   0.005    -.8852074   -.1566272
                      51-200  |  -.1940547   .1748124    -1.11   0.267    -.5366808    .1485713
                     201-500  |  -.1986576   .1902443    -1.04   0.296    -.5715295    .1742144
                    501-1000  |  -.4410384   .2404349    -1.83   0.067    -.9122822    .0302054
                  5001-10000  |   -.119602   .2237529    -0.53   0.593    -.5581496    .3189457
                      10000+  |   .3184144   .1744789     1.82   0.068     -.023558    .6603867
                              |
                    is_remote |   .4655152   .0973803     4.78   0.000     .2746533    .6563771
                        _cons |  -5.630928   .4252164   -13.24   0.000    -6.464337   -4.797519
-----------------------------------------------------------------------------------------------

Iteration 0:   log pseudolikelihood = -11710.058  
Iteration 1:   log pseudolikelihood = -10569.444  
Iteration 2:   log pseudolikelihood =  -8984.559  
Iteration 3:   log pseudolikelihood = -8901.0484  
Iteration 4:   log pseudolikelihood = -8899.8897  
Iteration 5:   log pseudolikelihood = -8899.8883  
Iteration 6:   log pseudolikelihood = -8899.8883  

Multinomial logistic regression                 Number of obs     =     17,848
                                                Wald chi2(82)     =    2465.54
                                                Prob > chi2       =     0.0000
Log pseudolikelihood = -8899.8883               Pseudo R2         =     0.2400

                                        (Std. Err. adjusted for 8,810 clusters in firm_cluster)
-----------------------------------------------------------------------------------------------
                              |               Robust
                     ai_level |      Coef.   Std. Err.      z    P>|z|     [95% Conf. Interval]
------------------------------+----------------------------------------------------------------
None                          |  (base outcome)
------------------------------+----------------------------------------------------------------
AI_Integration                |
cluster_architecture__methods |   .0745819   .0729327     1.02   0.306    -.0683636    .2175274
        cluster_bi__analytics |   .1992552   .0579616     3.44   0.001     .0856526    .3128578
  cluster_backend_development |   .2181058   .0622319     3.50   0.000     .0961336     .340078
       cluster_certifications |  -.1861534    .111958    -1.66   0.096    -.4055871    .0332803
      cluster_cloud_computing |   .4518741   .0642163     7.04   0.000     .3260124    .5777358
     cluster_data_engineering |   .0653868   .0582602     1.12   0.262     -.048801    .1795747
     cluster_data_science__ml |   2.368002   .0924531    25.61   0.000     2.186797    2.549207
   cluster_databases__storage |  -.1801046   .0581814    -3.10   0.002    -.2941381   -.0660711
   cluster_devops__containers |   .0732963   .0615648     1.19   0.234    -.0473684     .193961
         cluster_dynamic__web |   .4449315   .0611561     7.28   0.000     .3250678    .5647951
  cluster_enterprise__managed |  -.4858478   .0593115    -8.19   0.000    -.6020963   -.3695994
 cluster_enterprise_platforms |   .4941034   .1103734     4.48   0.000     .2777755    .7104314
 cluster_frontend_development |   .4380723   .0617814     7.09   0.000     .3169829    .5591617
      cluster_mobile__desktop |  -.0544748   .0800299    -0.68   0.496    -.2113305    .1023809
           cluster_networking |     .00272   .0636993     0.04   0.966    -.1221284    .1275684
         cluster_os__embedded |  -.2122363    .076495    -2.77   0.006    -.3621638   -.0623088
     cluster_scripting__shell |     -.3677    .096751    -3.80   0.000    -.5573285   -.1780715
   cluster_security__identity |  -.0319727    .064321    -0.50   0.619    -.1580396    .0940942
  cluster_systems_programming |   .0453648   .0792346     0.57   0.567    -.1099322    .2006618
cluster_testing_qa__debugging |   .0204176   .0529181     0.39   0.700    -.0832999    .1241352
                      edu_bin |   .5518682   .1779476     3.10   0.002     .2030973    .9006391
                  edu_missing |   .9644878   .1869251     5.16   0.000     .5981212    1.330854
                      exp_bin |   .1659495   .1364359     1.22   0.224      -.10146     .433359
                  exp_missing |  -.1497142   .1517793    -0.99   0.324    -.4471961    .1477678
                              |
              sector_nace_num |
                           J  |   .4333411   .1178759     3.68   0.000     .2023086    .6643737
                           K  |   .2995531   .1393313     2.15   0.032     .0264688    .5726374
                           M  |   .4531857   .2107197     2.15   0.032     .0401826    .8661887
                       Other  |   .1408333   .1408374     1.00   0.317    -.1352029    .4168694
                           Q  |   .4066748   .1789034     2.27   0.023     .0560306    .7573191
                     Unknown  |   .5965121   .1457598     4.09   0.000     .3108282    .8821961
                              |
                     type_cat |
               Unknown/Other  |   .0274737   .1212749     0.23   0.821    -.2102207    .2651681
                      Public  |  -.0150782   .0921194    -0.16   0.870    -.1956289    .1654726
           Nonprofit/Gov/Edu  |   .1623246   .1992326     0.81   0.415    -.2281641    .5528134
                              |
                     size_cat |
                     Unknown  |  -.4121981   .1506352    -2.74   0.006    -.7074377   -.1169585
                        1-50  |   -.610237    .140022    -4.36   0.000    -.8846751   -.3357989
                      51-200  |  -.2668134    .135541    -1.97   0.049    -.5324688    -.001158
                     201-500  |  -.1200192   .1503862    -0.80   0.425    -.4147706    .1747323
                    501-1000  |  -.1413688   .1673781    -0.84   0.398    -.4694239    .1866862
                  5001-10000  |  -.3462638   .1854248    -1.87   0.062    -.7096898    .0171621
                      10000+  |   .0074173   .1312196     0.06   0.955    -.2497683    .2646029
                              |
                    is_remote |   .2180671   .0687551     3.17   0.002     .0833096    .3528245
                        _cons |  -3.813921   .2844783   -13.41   0.000    -4.371488   -3.256353
------------------------------+----------------------------------------------------------------
Applied_Core_AI               |
cluster_architecture__methods |  -.0764043   .1100079    -0.69   0.487    -.2920158    .1392072
        cluster_bi__analytics |   .2107393   .0858004     2.46   0.014     .0425737     .378905
  cluster_backend_development |   .0730273    .096484     0.76   0.449    -.1160779    .2621325
       cluster_certifications |   -.449097   .1810417    -2.48   0.013    -.8039321   -.0942619
      cluster_cloud_computing |   .6170903   .0954095     6.47   0.000     .4300911    .8040895
     cluster_data_engineering |    .778741   .0875546     8.89   0.000     .6071372    .9503449
     cluster_data_science__ml |   4.094503   .1075336    38.08   0.000     3.883741    4.305265
   cluster_databases__storage |  -.0935521    .088769    -1.05   0.292    -.2675363     .080432
   cluster_devops__containers |   .0236864   .0948248     0.25   0.803    -.1621667    .2095395
         cluster_dynamic__web |   .9625682   .0932832    10.32   0.000     .7797365      1.1454
  cluster_enterprise__managed |  -.6200417   .0902295    -6.87   0.000    -.7968882   -.4431951
 cluster_enterprise_platforms |  -.0964882   .1680722    -0.57   0.566    -.4259036    .2329272
 cluster_frontend_development |  -.0107503   .0944519    -0.11   0.909    -.1958725     .174372
      cluster_mobile__desktop |  -.1500116   .1379079    -1.09   0.277     -.420306    .1202828
           cluster_networking |  -.0901481   .0984267    -0.92   0.360    -.2830609    .1027647
         cluster_os__embedded |  -.4881249   .1150323    -4.24   0.000     -.713584   -.2626658
     cluster_scripting__shell |  -.6043886   .1523534    -3.97   0.000    -.9029958   -.3057814
   cluster_security__identity |  -.2145104   .0938116    -2.29   0.022    -.3983778    -.030643
  cluster_systems_programming |   .7836797   .1116865     7.02   0.000     .5647781    1.002581
cluster_testing_qa__debugging |  -.1446811   .0786853    -1.84   0.066    -.2989015    .0095393
                      edu_bin |   .6558159   .2812041     2.33   0.020     .1046659    1.206966
                  edu_missing |   1.038246   .2843986     3.65   0.000     .4808348    1.595657
                      exp_bin |   .0822574   .2038698     0.40   0.687      -.31732    .4818348
                  exp_missing |   .0151083    .229943     0.07   0.948    -.4355717    .4657884
                              |
              sector_nace_num |
                           J  |   .4889912   .1623639     3.01   0.003     .1707637    .8072186
                           K  |    .324304   .2126433     1.53   0.127    -.0924691    .7410772
                           M  |   .4599511    .259388     1.77   0.076    -.0484401    .9683423
                       Other  |    .090889   .1977933     0.46   0.646    -.2967787    .4785567
                           Q  |   .1682804   .2574379     0.65   0.513    -.3362887    .6728495
                     Unknown  |   .7097705   .2097439     3.38   0.001       .29868    1.120861
                              |
                     type_cat |
               Unknown/Other  |   .0543397   .1816299     0.30   0.765    -.3016484    .4103278
                      Public  |  -.0966981   .1249041    -0.77   0.439    -.3415056    .1481093
           Nonprofit/Gov/Edu  |   .1634167    .259435     0.63   0.529    -.3450666       .6719
                              |
                     size_cat |
                     Unknown  |  -.3949339   .2039627    -1.94   0.053    -.7946934    .0048255
                        1-50  |  -.5209173   .1858657    -2.80   0.005    -.8852074   -.1566272
                      51-200  |  -.1940547   .1748124    -1.11   0.267    -.5366808    .1485713
                     201-500  |  -.1986576   .1902443    -1.04   0.296    -.5715295    .1742144
                    501-1000  |  -.4410384   .2404349    -1.83   0.067    -.9122822    .0302054
                  5001-10000  |   -.119602   .2237529    -0.53   0.593    -.5581496    .3189457
                      10000+  |   .3184144   .1744789     1.82   0.068     -.023558    .6603867
                              |
                    is_remote |   .4655152   .0973803     4.78   0.000     .2746533    .6563771
                        _cons |  -5.630928   .4252164   -13.24   0.000    -6.464337   -4.797519
-----------------------------------------------------------------------------------------------

Iteration 0:   log pseudolikelihood = -11710.058  
Iteration 1:   log pseudolikelihood = -10569.444  
Iteration 2:   log pseudolikelihood =  -8984.559  
Iteration 3:   log pseudolikelihood = -8901.0484  
Iteration 4:   log pseudolikelihood = -8899.8897  
Iteration 5:   log pseudolikelihood = -8899.8883  
Iteration 6:   log pseudolikelihood = -8899.8883  

Multinomial logistic regression                 Number of obs     =     17,848
                                                Wald chi2(82)     =    2465.54
                                                Prob > chi2       =     0.0000
Log pseudolikelihood = -8899.8883               Pseudo R2         =     0.2400

                                        (Std. Err. adjusted for 8,810 clusters in firm_cluster)
-----------------------------------------------------------------------------------------------
                              |               Robust
                     ai_level |      Coef.   Std. Err.      z    P>|z|     [95% Conf. Interval]
------------------------------+----------------------------------------------------------------
None                          |  (base outcome)
------------------------------+----------------------------------------------------------------
AI_Integration                |
cluster_architecture__methods |   .0745819   .0729327     1.02   0.306    -.0683636    .2175274
        cluster_bi__analytics |   .1992552   .0579616     3.44   0.001     .0856526    .3128578
  cluster_backend_development |   .2181058   .0622319     3.50   0.000     .0961336     .340078
       cluster_certifications |  -.1861534    .111958    -1.66   0.096    -.4055871    .0332803
      cluster_cloud_computing |   .4518741   .0642163     7.04   0.000     .3260124    .5777358
     cluster_data_engineering |   .0653868   .0582602     1.12   0.262     -.048801    .1795747
     cluster_data_science__ml |   2.368002   .0924531    25.61   0.000     2.186797    2.549207
   cluster_databases__storage |  -.1801046   .0581814    -3.10   0.002    -.2941381   -.0660711
   cluster_devops__containers |   .0732963   .0615648     1.19   0.234    -.0473684     .193961
         cluster_dynamic__web |   .4449315   .0611561     7.28   0.000     .3250678    .5647951
  cluster_enterprise__managed |  -.4858478   .0593115    -8.19   0.000    -.6020963   -.3695994
 cluster_enterprise_platforms |   .4941034   .1103734     4.48   0.000     .2777755    .7104314
 cluster_frontend_development |   .4380723   .0617814     7.09   0.000     .3169829    .5591617
      cluster_mobile__desktop |  -.0544748   .0800299    -0.68   0.496    -.2113305    .1023809
           cluster_networking |     .00272   .0636993     0.04   0.966    -.1221284    .1275684
         cluster_os__embedded |  -.2122363    .076495    -2.77   0.006    -.3621638   -.0623088
     cluster_scripting__shell |     -.3677    .096751    -3.80   0.000    -.5573285   -.1780715
   cluster_security__identity |  -.0319727    .064321    -0.50   0.619    -.1580396    .0940942
  cluster_systems_programming |   .0453648   .0792346     0.57   0.567    -.1099322    .2006618
cluster_testing_qa__debugging |   .0204176   .0529181     0.39   0.700    -.0832999    .1241352
                      edu_bin |   .5518682   .1779476     3.10   0.002     .2030973    .9006391
                  edu_missing |   .9644878   .1869251     5.16   0.000     .5981212    1.330854
                      exp_bin |   .1659495   .1364359     1.22   0.224      -.10146     .433359
                  exp_missing |  -.1497142   .1517793    -0.99   0.324    -.4471961    .1477678
                              |
              sector_nace_num |
                           J  |   .4333411   .1178759     3.68   0.000     .2023086    .6643737
                           K  |   .2995531   .1393313     2.15   0.032     .0264688    .5726374
                           M  |   .4531857   .2107197     2.15   0.032     .0401826    .8661887
                       Other  |   .1408333   .1408374     1.00   0.317    -.1352029    .4168694
                           Q  |   .4066748   .1789034     2.27   0.023     .0560306    .7573191
                     Unknown  |   .5965121   .1457598     4.09   0.000     .3108282    .8821961
                              |
                     type_cat |
               Unknown/Other  |   .0274737   .1212749     0.23   0.821    -.2102207    .2651681
                      Public  |  -.0150782   .0921194    -0.16   0.870    -.1956289    .1654726
           Nonprofit/Gov/Edu  |   .1623246   .1992326     0.81   0.415    -.2281641    .5528134
                              |
                     size_cat |
                     Unknown  |  -.4121981   .1506352    -2.74   0.006    -.7074377   -.1169585
                        1-50  |   -.610237    .140022    -4.36   0.000    -.8846751   -.3357989
                      51-200  |  -.2668134    .135541    -1.97   0.049    -.5324688    -.001158
                     201-500  |  -.1200192   .1503862    -0.80   0.425    -.4147706    .1747323
                    501-1000  |  -.1413688   .1673781    -0.84   0.398    -.4694239    .1866862
                  5001-10000  |  -.3462638   .1854248    -1.87   0.062    -.7096898    .0171621
                      10000+  |   .0074173   .1312196     0.06   0.955    -.2497683    .2646029
                              |
                    is_remote |   .2180671   .0687551     3.17   0.002     .0833096    .3528245
                        _cons |  -3.813921   .2844783   -13.41   0.000    -4.371488   -3.256353
------------------------------+----------------------------------------------------------------
Applied_Core_AI               |
cluster_architecture__methods |  -.0764043   .1100079    -0.69   0.487    -.2920158    .1392072
        cluster_bi__analytics |   .2107393   .0858004     2.46   0.014     .0425737     .378905
  cluster_backend_development |   .0730273    .096484     0.76   0.449    -.1160779    .2621325
       cluster_certifications |   -.449097   .1810417    -2.48   0.013    -.8039321   -.0942619
      cluster_cloud_computing |   .6170903   .0954095     6.47   0.000     .4300911    .8040895
     cluster_data_engineering |    .778741   .0875546     8.89   0.000     .6071372    .9503449
     cluster_data_science__ml |   4.094503   .1075336    38.08   0.000     3.883741    4.305265
   cluster_databases__storage |  -.0935521    .088769    -1.05   0.292    -.2675363     .080432
   cluster_devops__containers |   .0236864   .0948248     0.25   0.803    -.1621667    .2095395
         cluster_dynamic__web |   .9625682   .0932832    10.32   0.000     .7797365      1.1454
  cluster_enterprise__managed |  -.6200417   .0902295    -6.87   0.000    -.7968882   -.4431951
 cluster_enterprise_platforms |  -.0964882   .1680722    -0.57   0.566    -.4259036    .2329272
 cluster_frontend_development |  -.0107503   .0944519    -0.11   0.909    -.1958725     .174372
      cluster_mobile__desktop |  -.1500116   .1379079    -1.09   0.277     -.420306    .1202828
           cluster_networking |  -.0901481   .0984267    -0.92   0.360    -.2830609    .1027647
         cluster_os__embedded |  -.4881249   .1150323    -4.24   0.000     -.713584   -.2626658
     cluster_scripting__shell |  -.6043886   .1523534    -3.97   0.000    -.9029958   -.3057814
   cluster_security__identity |  -.2145104   .0938116    -2.29   0.022    -.3983778    -.030643
  cluster_systems_programming |   .7836797   .1116865     7.02   0.000     .5647781    1.002581
cluster_testing_qa__debugging |  -.1446811   .0786853    -1.84   0.066    -.2989015    .0095393
                      edu_bin |   .6558159   .2812041     2.33   0.020     .1046659    1.206966
                  edu_missing |   1.038246   .2843986     3.65   0.000     .4808348    1.595657
                      exp_bin |   .0822574   .2038698     0.40   0.687      -.31732    .4818348
                  exp_missing |   .0151083    .229943     0.07   0.948    -.4355717    .4657884
                              |
              sector_nace_num |
                           J  |   .4889912   .1623639     3.01   0.003     .1707637    .8072186
                           K  |    .324304   .2126433     1.53   0.127    -.0924691    .7410772
                           M  |   .4599511    .259388     1.77   0.076    -.0484401    .9683423
                       Other  |    .090889   .1977933     0.46   0.646    -.2967787    .4785567
                           Q  |   .1682804   .2574379     0.65   0.513    -.3362887    .6728495
                     Unknown  |   .7097705   .2097439     3.38   0.001       .29868    1.120861
                              |
                     type_cat |
               Unknown/Other  |   .0543397   .1816299     0.30   0.765    -.3016484    .4103278
                      Public  |  -.0966981   .1249041    -0.77   0.439    -.3415056    .1481093
           Nonprofit/Gov/Edu  |   .1634167    .259435     0.63   0.529    -.3450666       .6719
                              |
                     size_cat |
                     Unknown  |  -.3949339   .2039627    -1.94   0.053    -.7946934    .0048255
                        1-50  |  -.5209173   .1858657    -2.80   0.005    -.8852074   -.1566272
                      51-200  |  -.1940547   .1748124    -1.11   0.267    -.5366808    .1485713
                     201-500  |  -.1986576   .1902443    -1.04   0.296    -.5715295    .1742144
                    501-1000  |  -.4410384   .2404349    -1.83   0.067    -.9122822    .0302054
                  5001-10000  |   -.119602   .2237529    -0.53   0.593    -.5581496    .3189457
                      10000+  |   .3184144   .1744789     1.82   0.068     -.023558    .6603867
                              |
                    is_remote |   .4655152   .0973803     4.78   0.000     .2746533    .6563771
                        _cons |  -5.630928   .4252164   -13.24   0.000    -6.464337   -4.797519
-----------------------------------------------------------------------------------------------

=========== Zeme = DE (Tabulka 4) ===========

Iteration 0:   log pseudolikelihood = -3911.6045  
Iteration 1:   log pseudolikelihood = -3364.1661  
Iteration 2:   log pseudolikelihood = -2988.4962  
Iteration 3:   log pseudolikelihood =  -2863.123  
Iteration 4:   log pseudolikelihood = -2859.9662  
Iteration 5:   log pseudolikelihood = -2859.9489  
Iteration 6:   log pseudolikelihood = -2859.9489  

Multinomial logistic regression                 Number of obs     =      6,400
                                                Wald chi2(82)     =    1227.80
                                                Prob > chi2       =     0.0000
Log pseudolikelihood = -2859.9489               Pseudo R2         =     0.2689

                                        (Std. Err. adjusted for 3,260 clusters in firm_cluster)
-----------------------------------------------------------------------------------------------
                              |               Robust
                     ai_level |      Coef.   Std. Err.      z    P>|z|     [95% Conf. Interval]
------------------------------+----------------------------------------------------------------
None                          |  (base outcome)
------------------------------+----------------------------------------------------------------
AI_Integration                |
cluster_architecture__methods |   .0271735   .1226846     0.22   0.825    -.2132839    .2676308
        cluster_bi__analytics |   .4085232   .1244189     3.28   0.001     .1646667    .6523798
  cluster_backend_development |   .4098465   .1184862     3.46   0.001     .1776179    .6420751
       cluster_certifications |  -.5140567   .2938797    -1.75   0.080     -1.09005     .061937
      cluster_cloud_computing |   .5071795   .1199851     4.23   0.000     .2720131    .7423459
     cluster_data_engineering |   .3187145   .1277281     2.50   0.013     .0683719     .569057
     cluster_data_science__ml |   1.042015   .1432928     7.27   0.000     .7611667    1.322864
   cluster_databases__storage |    .052082   .1157553     0.45   0.653    -.1747942    .2789582
   cluster_devops__containers |   .0615029   .1104666     0.56   0.578    -.1550077    .2780135
         cluster_dynamic__web |   .4085188   .1115634     3.66   0.000     .1898585    .6271791
  cluster_enterprise__managed |  -.4481846   .1206676    -3.71   0.000    -.6846887   -.2116805
 cluster_enterprise_platforms |   .2626199   .3062459     0.86   0.391    -.3376111    .8628509
 cluster_frontend_development |   .7450048   .1256718     5.93   0.000     .4986925     .991317
      cluster_mobile__desktop |   .0633951   .1770265     0.36   0.720    -.2835705    .4103606
           cluster_networking |  -.3818867   .1658068    -2.30   0.021     -.706862   -.0569115
         cluster_os__embedded |  -.5435622   .2203532    -2.47   0.014    -.9754466   -.1116779
     cluster_scripting__shell |  -.6890542   .2625306    -2.62   0.009    -1.203605   -.1745037
   cluster_security__identity |  -.1802421   .1417026    -1.27   0.203    -.4579741    .0974898
  cluster_systems_programming |  -.1670584   .1829422    -0.91   0.361    -.5256185    .1915017
cluster_testing_qa__debugging |   .1205812   .1087105     1.11   0.267    -.0924875    .3336499
                      edu_bin |   1.283181   .2831642     4.53   0.000     .7281896    1.838173
                  edu_missing |   .8989335   .2784982     3.23   0.001      .353087     1.44478
                      exp_bin |   .5318311   .2513882     2.12   0.034     .0391193    1.024543
                  exp_missing |   .2146486   .2605889     0.82   0.410    -.2960963    .7253935
                              |
              sector_nace_num |
                           J  |   .9710485   .2620037     3.71   0.000     .4575307    1.484566
                           K  |  -.5162303   .4425199    -1.17   0.243    -1.383553    .3510926
                           M  |   .9303066   .3539946     2.63   0.009     .2364898    1.624123
                       Other  |   .5108446    .330374     1.55   0.122    -.1366765    1.158366
                           Q  |   1.638228   .4684997     3.50   0.000     .7199859    2.556471
                     Unknown  |   .8318483   .2752946     3.02   0.003     .2922808    1.371416
                              |
                     type_cat |
               Unknown/Other  |   .0325516   .1707489     0.19   0.849    -.3021101    .3672133
                      Public  |   .2480985   .1389459     1.79   0.074    -.0242305    .5204274
           Nonprofit/Gov/Edu  |    .317858   .4863477     0.65   0.513    -.6353659    1.271082
                              |
                     size_cat |
                     Unknown  |  -.0125187   .2235875    -0.06   0.955    -.4507421    .4257048
                        1-50  |   .0272915   .2480875     0.11   0.912    -.4589511    .5135341
                      51-200  |   .0193929   .2494128     0.08   0.938    -.4694472     .508233
                     201-500  |   .3661741   .2551824     1.43   0.151    -.1339741    .8663224
                    501-1000  |   .0485011   .3021288     0.16   0.872    -.5436606    .6406627
                  5001-10000  |   .2256456   .2998841     0.75   0.452    -.3621164    .8134076
                      10000+  |   .5081997   .2338724     2.17   0.030     .0498183    .9665811
                              |
                    is_remote |   .4389206   .1426431     3.08   0.002     .1593453    .7184959
                        _cons |  -5.648373   .4939683   -11.43   0.000    -6.616533   -4.680213
------------------------------+----------------------------------------------------------------
Applied_Core_AI               |
cluster_architecture__methods |  -.0173079   .1419909    -0.12   0.903    -.2956049     .260989
        cluster_bi__analytics |   .4066657   .1490323     2.73   0.006     .1145678    .6987636
  cluster_backend_development |  -.0436083   .1432611    -0.30   0.761    -.3243949    .2371783
       cluster_certifications |  -.4986572   .3820594    -1.31   0.192     -1.24748    .2501654
      cluster_cloud_computing |   .3664674   .1629584     2.25   0.025     .0470748    .6858599
     cluster_data_engineering |   1.057188   .1550406     6.82   0.000     .7533139    1.361062
     cluster_data_science__ml |   2.995443   .1417065    21.14   0.000     2.717703    3.273182
   cluster_databases__storage |  -.1518393   .1362119    -1.11   0.265    -.4188097    .1151311
   cluster_devops__containers |   .4621143   .1525675     3.03   0.002     .1630875    .7611411
         cluster_dynamic__web |   1.439472   .1449722     9.93   0.000     1.155332    1.723612
  cluster_enterprise__managed |  -.4391342    .147397    -2.98   0.003    -.7280271   -.1502413
 cluster_enterprise_platforms |  -.2016801   .3991481    -0.51   0.613    -.9839959    .5806357
 cluster_frontend_development |  -.2881369   .1454508    -1.98   0.048    -.5732152   -.0030585
      cluster_mobile__desktop |  -.4044386   .2615479    -1.55   0.122     -.917063    .1081858
           cluster_networking |  -.4373465   .1774641    -2.46   0.014    -.7851696   -.0895233
         cluster_os__embedded |  -.6993271    .202382    -3.46   0.001    -1.095988   -.3026656
     cluster_scripting__shell |  -.9088858   .2481442    -3.66   0.000     -1.39524    -.422532
   cluster_security__identity |  -.3485381   .1891969    -1.84   0.065    -.7193572     .022281
  cluster_systems_programming |   .4389315   .1738263     2.53   0.012     .0982382    .7796248
cluster_testing_qa__debugging |  -.4270685   .1403435    -3.04   0.002    -.7021367   -.1520003
                      edu_bin |   2.159094   .4313468     5.01   0.000      1.31367    3.004518
                  edu_missing |   1.555767   .4280165     3.63   0.000     .7168699    2.394664
                      exp_bin |   .0716756   .3024017     0.24   0.813    -.5210208     .664372
                  exp_missing |   .1708984   .3103224     0.55   0.582    -.4373224    .7791192
                              |
              sector_nace_num |
                           J  |     .87953    .306796     2.87   0.004     .2782208    1.480839
                           K  |  -.9117442   .5438456    -1.68   0.094    -1.977662    .1541735
                           M  |  -.1378773   .4461612    -0.31   0.757    -1.012337    .7365826
                       Other  |  -.0126748   .3696067    -0.03   0.973    -.7370906     .711741
                           Q  |    1.20095   .5774661     2.08   0.038     .0691372    2.332763
                     Unknown  |   .3159836   .3369373     0.94   0.348    -.3444014    .9763686
                              |
                     type_cat |
               Unknown/Other  |   .2685556   .2108833     1.27   0.203    -.1447681    .6818793
                      Public  |   .1142097   .1709564     0.67   0.504    -.2208587     .449278
           Nonprofit/Gov/Edu  |  -.5839296   .5803653    -1.01   0.314    -1.721425    .5535654
                              |
                     size_cat |
                     Unknown  |   .0063507   .2651937     0.02   0.981    -.5134195    .5261208
                        1-50  |   .1254716   .2858611     0.44   0.661    -.4348059     .685749
                      51-200  |  -.0187447   .3017042    -0.06   0.950    -.6100741    .5725847
                     201-500  |  -.1214339   .3423447    -0.35   0.723    -.7924172    .5495494
                    501-1000  |   -.310051   .3225294    -0.96   0.336     -.942197    .3220949
                  5001-10000  |  -.1876993     .38784    -0.48   0.628    -.9478517    .5724532
                      10000+  |   .1219621   .2667306     0.46   0.647    -.4008203    .6447444
                              |
                    is_remote |   .3076087   .2025595     1.52   0.129    -.0894006    .7046181
                        _cons |  -6.585037   .6548481   -10.06   0.000    -7.868516   -5.301559
-----------------------------------------------------------------------------------------------

Iteration 0:   log pseudolikelihood = -3911.6045  
Iteration 1:   log pseudolikelihood = -3364.1661  
Iteration 2:   log pseudolikelihood = -2988.4962  
Iteration 3:   log pseudolikelihood =  -2863.123  
Iteration 4:   log pseudolikelihood = -2859.9662  
Iteration 5:   log pseudolikelihood = -2859.9489  
Iteration 6:   log pseudolikelihood = -2859.9489  

Multinomial logistic regression                 Number of obs     =      6,400
                                                Wald chi2(82)     =    1227.80
                                                Prob > chi2       =     0.0000
Log pseudolikelihood = -2859.9489               Pseudo R2         =     0.2689

                                        (Std. Err. adjusted for 3,260 clusters in firm_cluster)
-----------------------------------------------------------------------------------------------
                              |               Robust
                     ai_level |      Coef.   Std. Err.      z    P>|z|     [95% Conf. Interval]
------------------------------+----------------------------------------------------------------
None                          |  (base outcome)
------------------------------+----------------------------------------------------------------
AI_Integration                |
cluster_architecture__methods |   .0271735   .1226846     0.22   0.825    -.2132839    .2676308
        cluster_bi__analytics |   .4085232   .1244189     3.28   0.001     .1646667    .6523798
  cluster_backend_development |   .4098465   .1184862     3.46   0.001     .1776179    .6420751
       cluster_certifications |  -.5140567   .2938797    -1.75   0.080     -1.09005     .061937
      cluster_cloud_computing |   .5071795   .1199851     4.23   0.000     .2720131    .7423459
     cluster_data_engineering |   .3187145   .1277281     2.50   0.013     .0683719     .569057
     cluster_data_science__ml |   1.042015   .1432928     7.27   0.000     .7611667    1.322864
   cluster_databases__storage |    .052082   .1157553     0.45   0.653    -.1747942    .2789582
   cluster_devops__containers |   .0615029   .1104666     0.56   0.578    -.1550077    .2780135
         cluster_dynamic__web |   .4085188   .1115634     3.66   0.000     .1898585    .6271791
  cluster_enterprise__managed |  -.4481846   .1206676    -3.71   0.000    -.6846887   -.2116805
 cluster_enterprise_platforms |   .2626199   .3062459     0.86   0.391    -.3376111    .8628509
 cluster_frontend_development |   .7450048   .1256718     5.93   0.000     .4986925     .991317
      cluster_mobile__desktop |   .0633951   .1770265     0.36   0.720    -.2835705    .4103606
           cluster_networking |  -.3818867   .1658068    -2.30   0.021     -.706862   -.0569115
         cluster_os__embedded |  -.5435622   .2203532    -2.47   0.014    -.9754466   -.1116779
     cluster_scripting__shell |  -.6890542   .2625306    -2.62   0.009    -1.203605   -.1745037
   cluster_security__identity |  -.1802421   .1417026    -1.27   0.203    -.4579741    .0974898
  cluster_systems_programming |  -.1670584   .1829422    -0.91   0.361    -.5256185    .1915017
cluster_testing_qa__debugging |   .1205812   .1087105     1.11   0.267    -.0924875    .3336499
                      edu_bin |   1.283181   .2831642     4.53   0.000     .7281896    1.838173
                  edu_missing |   .8989335   .2784982     3.23   0.001      .353087     1.44478
                      exp_bin |   .5318311   .2513882     2.12   0.034     .0391193    1.024543
                  exp_missing |   .2146486   .2605889     0.82   0.410    -.2960963    .7253935
                              |
              sector_nace_num |
                           J  |   .9710485   .2620037     3.71   0.000     .4575307    1.484566
                           K  |  -.5162303   .4425199    -1.17   0.243    -1.383553    .3510926
                           M  |   .9303066   .3539946     2.63   0.009     .2364898    1.624123
                       Other  |   .5108446    .330374     1.55   0.122    -.1366765    1.158366
                           Q  |   1.638228   .4684997     3.50   0.000     .7199859    2.556471
                     Unknown  |   .8318483   .2752946     3.02   0.003     .2922808    1.371416
                              |
                     type_cat |
               Unknown/Other  |   .0325516   .1707489     0.19   0.849    -.3021101    .3672133
                      Public  |   .2480985   .1389459     1.79   0.074    -.0242305    .5204274
           Nonprofit/Gov/Edu  |    .317858   .4863477     0.65   0.513    -.6353659    1.271082
                              |
                     size_cat |
                     Unknown  |  -.0125187   .2235875    -0.06   0.955    -.4507421    .4257048
                        1-50  |   .0272915   .2480875     0.11   0.912    -.4589511    .5135341
                      51-200  |   .0193929   .2494128     0.08   0.938    -.4694472     .508233
                     201-500  |   .3661741   .2551824     1.43   0.151    -.1339741    .8663224
                    501-1000  |   .0485011   .3021288     0.16   0.872    -.5436606    .6406627
                  5001-10000  |   .2256456   .2998841     0.75   0.452    -.3621164    .8134076
                      10000+  |   .5081997   .2338724     2.17   0.030     .0498183    .9665811
                              |
                    is_remote |   .4389206   .1426431     3.08   0.002     .1593453    .7184959
                        _cons |  -5.648373   .4939683   -11.43   0.000    -6.616533   -4.680213
------------------------------+----------------------------------------------------------------
Applied_Core_AI               |
cluster_architecture__methods |  -.0173079   .1419909    -0.12   0.903    -.2956049     .260989
        cluster_bi__analytics |   .4066657   .1490323     2.73   0.006     .1145678    .6987636
  cluster_backend_development |  -.0436083   .1432611    -0.30   0.761    -.3243949    .2371783
       cluster_certifications |  -.4986572   .3820594    -1.31   0.192     -1.24748    .2501654
      cluster_cloud_computing |   .3664674   .1629584     2.25   0.025     .0470748    .6858599
     cluster_data_engineering |   1.057188   .1550406     6.82   0.000     .7533139    1.361062
     cluster_data_science__ml |   2.995443   .1417065    21.14   0.000     2.717703    3.273182
   cluster_databases__storage |  -.1518393   .1362119    -1.11   0.265    -.4188097    .1151311
   cluster_devops__containers |   .4621143   .1525675     3.03   0.002     .1630875    .7611411
         cluster_dynamic__web |   1.439472   .1449722     9.93   0.000     1.155332    1.723612
  cluster_enterprise__managed |  -.4391342    .147397    -2.98   0.003    -.7280271   -.1502413
 cluster_enterprise_platforms |  -.2016801   .3991481    -0.51   0.613    -.9839959    .5806357
 cluster_frontend_development |  -.2881369   .1454508    -1.98   0.048    -.5732152   -.0030585
      cluster_mobile__desktop |  -.4044386   .2615479    -1.55   0.122     -.917063    .1081858
           cluster_networking |  -.4373465   .1774641    -2.46   0.014    -.7851696   -.0895233
         cluster_os__embedded |  -.6993271    .202382    -3.46   0.001    -1.095988   -.3026656
     cluster_scripting__shell |  -.9088858   .2481442    -3.66   0.000     -1.39524    -.422532
   cluster_security__identity |  -.3485381   .1891969    -1.84   0.065    -.7193572     .022281
  cluster_systems_programming |   .4389315   .1738263     2.53   0.012     .0982382    .7796248
cluster_testing_qa__debugging |  -.4270685   .1403435    -3.04   0.002    -.7021367   -.1520003
                      edu_bin |   2.159094   .4313468     5.01   0.000      1.31367    3.004518
                  edu_missing |   1.555767   .4280165     3.63   0.000     .7168699    2.394664
                      exp_bin |   .0716756   .3024017     0.24   0.813    -.5210208     .664372
                  exp_missing |   .1708984   .3103224     0.55   0.582    -.4373224    .7791192
                              |
              sector_nace_num |
                           J  |     .87953    .306796     2.87   0.004     .2782208    1.480839
                           K  |  -.9117442   .5438456    -1.68   0.094    -1.977662    .1541735
                           M  |  -.1378773   .4461612    -0.31   0.757    -1.012337    .7365826
                       Other  |  -.0126748   .3696067    -0.03   0.973    -.7370906     .711741
                           Q  |    1.20095   .5774661     2.08   0.038     .0691372    2.332763
                     Unknown  |   .3159836   .3369373     0.94   0.348    -.3444014    .9763686
                              |
                     type_cat |
               Unknown/Other  |   .2685556   .2108833     1.27   0.203    -.1447681    .6818793
                      Public  |   .1142097   .1709564     0.67   0.504    -.2208587     .449278
           Nonprofit/Gov/Edu  |  -.5839296   .5803653    -1.01   0.314    -1.721425    .5535654
                              |
                     size_cat |
                     Unknown  |   .0063507   .2651937     0.02   0.981    -.5134195    .5261208
                        1-50  |   .1254716   .2858611     0.44   0.661    -.4348059     .685749
                      51-200  |  -.0187447   .3017042    -0.06   0.950    -.6100741    .5725847
                     201-500  |  -.1214339   .3423447    -0.35   0.723    -.7924172    .5495494
                    501-1000  |   -.310051   .3225294    -0.96   0.336     -.942197    .3220949
                  5001-10000  |  -.1876993     .38784    -0.48   0.628    -.9478517    .5724532
                      10000+  |   .1219621   .2667306     0.46   0.647    -.4008203    .6447444
                              |
                    is_remote |   .3076087   .2025595     1.52   0.129    -.0894006    .7046181
                        _cons |  -6.585037   .6548481   -10.06   0.000    -7.868516   -5.301559
-----------------------------------------------------------------------------------------------

Iteration 0:   log pseudolikelihood = -3911.6045  
Iteration 1:   log pseudolikelihood = -3364.1661  
Iteration 2:   log pseudolikelihood = -2988.4962  
Iteration 3:   log pseudolikelihood =  -2863.123  
Iteration 4:   log pseudolikelihood = -2859.9662  
Iteration 5:   log pseudolikelihood = -2859.9489  
Iteration 6:   log pseudolikelihood = -2859.9489  

Multinomial logistic regression                 Number of obs     =      6,400
                                                Wald chi2(82)     =    1227.80
                                                Prob > chi2       =     0.0000
Log pseudolikelihood = -2859.9489               Pseudo R2         =     0.2689

                                        (Std. Err. adjusted for 3,260 clusters in firm_cluster)
-----------------------------------------------------------------------------------------------
                              |               Robust
                     ai_level |      Coef.   Std. Err.      z    P>|z|     [95% Conf. Interval]
------------------------------+----------------------------------------------------------------
None                          |  (base outcome)
------------------------------+----------------------------------------------------------------
AI_Integration                |
cluster_architecture__methods |   .0271735   .1226846     0.22   0.825    -.2132839    .2676308
        cluster_bi__analytics |   .4085232   .1244189     3.28   0.001     .1646667    .6523798
  cluster_backend_development |   .4098465   .1184862     3.46   0.001     .1776179    .6420751
       cluster_certifications |  -.5140567   .2938797    -1.75   0.080     -1.09005     .061937
      cluster_cloud_computing |   .5071795   .1199851     4.23   0.000     .2720131    .7423459
     cluster_data_engineering |   .3187145   .1277281     2.50   0.013     .0683719     .569057
     cluster_data_science__ml |   1.042015   .1432928     7.27   0.000     .7611667    1.322864
   cluster_databases__storage |    .052082   .1157553     0.45   0.653    -.1747942    .2789582
   cluster_devops__containers |   .0615029   .1104666     0.56   0.578    -.1550077    .2780135
         cluster_dynamic__web |   .4085188   .1115634     3.66   0.000     .1898585    .6271791
  cluster_enterprise__managed |  -.4481846   .1206676    -3.71   0.000    -.6846887   -.2116805
 cluster_enterprise_platforms |   .2626199   .3062459     0.86   0.391    -.3376111    .8628509
 cluster_frontend_development |   .7450048   .1256718     5.93   0.000     .4986925     .991317
      cluster_mobile__desktop |   .0633951   .1770265     0.36   0.720    -.2835705    .4103606
           cluster_networking |  -.3818867   .1658068    -2.30   0.021     -.706862   -.0569115
         cluster_os__embedded |  -.5435622   .2203532    -2.47   0.014    -.9754466   -.1116779
     cluster_scripting__shell |  -.6890542   .2625306    -2.62   0.009    -1.203605   -.1745037
   cluster_security__identity |  -.1802421   .1417026    -1.27   0.203    -.4579741    .0974898
  cluster_systems_programming |  -.1670584   .1829422    -0.91   0.361    -.5256185    .1915017
cluster_testing_qa__debugging |   .1205812   .1087105     1.11   0.267    -.0924875    .3336499
                      edu_bin |   1.283181   .2831642     4.53   0.000     .7281896    1.838173
                  edu_missing |   .8989335   .2784982     3.23   0.001      .353087     1.44478
                      exp_bin |   .5318311   .2513882     2.12   0.034     .0391193    1.024543
                  exp_missing |   .2146486   .2605889     0.82   0.410    -.2960963    .7253935
                              |
              sector_nace_num |
                           J  |   .9710485   .2620037     3.71   0.000     .4575307    1.484566
                           K  |  -.5162303   .4425199    -1.17   0.243    -1.383553    .3510926
                           M  |   .9303066   .3539946     2.63   0.009     .2364898    1.624123
                       Other  |   .5108446    .330374     1.55   0.122    -.1366765    1.158366
                           Q  |   1.638228   .4684997     3.50   0.000     .7199859    2.556471
                     Unknown  |   .8318483   .2752946     3.02   0.003     .2922808    1.371416
                              |
                     type_cat |
               Unknown/Other  |   .0325516   .1707489     0.19   0.849    -.3021101    .3672133
                      Public  |   .2480985   .1389459     1.79   0.074    -.0242305    .5204274
           Nonprofit/Gov/Edu  |    .317858   .4863477     0.65   0.513    -.6353659    1.271082
                              |
                     size_cat |
                     Unknown  |  -.0125187   .2235875    -0.06   0.955    -.4507421    .4257048
                        1-50  |   .0272915   .2480875     0.11   0.912    -.4589511    .5135341
                      51-200  |   .0193929   .2494128     0.08   0.938    -.4694472     .508233
                     201-500  |   .3661741   .2551824     1.43   0.151    -.1339741    .8663224
                    501-1000  |   .0485011   .3021288     0.16   0.872    -.5436606    .6406627
                  5001-10000  |   .2256456   .2998841     0.75   0.452    -.3621164    .8134076
                      10000+  |   .5081997   .2338724     2.17   0.030     .0498183    .9665811
                              |
                    is_remote |   .4389206   .1426431     3.08   0.002     .1593453    .7184959
                        _cons |  -5.648373   .4939683   -11.43   0.000    -6.616533   -4.680213
------------------------------+----------------------------------------------------------------
Applied_Core_AI               |
cluster_architecture__methods |  -.0173079   .1419909    -0.12   0.903    -.2956049     .260989
        cluster_bi__analytics |   .4066657   .1490323     2.73   0.006     .1145678    .6987636
  cluster_backend_development |  -.0436083   .1432611    -0.30   0.761    -.3243949    .2371783
       cluster_certifications |  -.4986572   .3820594    -1.31   0.192     -1.24748    .2501654
      cluster_cloud_computing |   .3664674   .1629584     2.25   0.025     .0470748    .6858599
     cluster_data_engineering |   1.057188   .1550406     6.82   0.000     .7533139    1.361062
     cluster_data_science__ml |   2.995443   .1417065    21.14   0.000     2.717703    3.273182
   cluster_databases__storage |  -.1518393   .1362119    -1.11   0.265    -.4188097    .1151311
   cluster_devops__containers |   .4621143   .1525675     3.03   0.002     .1630875    .7611411
         cluster_dynamic__web |   1.439472   .1449722     9.93   0.000     1.155332    1.723612
  cluster_enterprise__managed |  -.4391342    .147397    -2.98   0.003    -.7280271   -.1502413
 cluster_enterprise_platforms |  -.2016801   .3991481    -0.51   0.613    -.9839959    .5806357
 cluster_frontend_development |  -.2881369   .1454508    -1.98   0.048    -.5732152   -.0030585
      cluster_mobile__desktop |  -.4044386   .2615479    -1.55   0.122     -.917063    .1081858
           cluster_networking |  -.4373465   .1774641    -2.46   0.014    -.7851696   -.0895233
         cluster_os__embedded |  -.6993271    .202382    -3.46   0.001    -1.095988   -.3026656
     cluster_scripting__shell |  -.9088858   .2481442    -3.66   0.000     -1.39524    -.422532
   cluster_security__identity |  -.3485381   .1891969    -1.84   0.065    -.7193572     .022281
  cluster_systems_programming |   .4389315   .1738263     2.53   0.012     .0982382    .7796248
cluster_testing_qa__debugging |  -.4270685   .1403435    -3.04   0.002    -.7021367   -.1520003
                      edu_bin |   2.159094   .4313468     5.01   0.000      1.31367    3.004518
                  edu_missing |   1.555767   .4280165     3.63   0.000     .7168699    2.394664
                      exp_bin |   .0716756   .3024017     0.24   0.813    -.5210208     .664372
                  exp_missing |   .1708984   .3103224     0.55   0.582    -.4373224    .7791192
                              |
              sector_nace_num |
                           J  |     .87953    .306796     2.87   0.004     .2782208    1.480839
                           K  |  -.9117442   .5438456    -1.68   0.094    -1.977662    .1541735
                           M  |  -.1378773   .4461612    -0.31   0.757    -1.012337    .7365826
                       Other  |  -.0126748   .3696067    -0.03   0.973    -.7370906     .711741
                           Q  |    1.20095   .5774661     2.08   0.038     .0691372    2.332763
                     Unknown  |   .3159836   .3369373     0.94   0.348    -.3444014    .9763686
                              |
                     type_cat |
               Unknown/Other  |   .2685556   .2108833     1.27   0.203    -.1447681    .6818793
                      Public  |   .1142097   .1709564     0.67   0.504    -.2208587     .449278
           Nonprofit/Gov/Edu  |  -.5839296   .5803653    -1.01   0.314    -1.721425    .5535654
                              |
                     size_cat |
                     Unknown  |   .0063507   .2651937     0.02   0.981    -.5134195    .5261208
                        1-50  |   .1254716   .2858611     0.44   0.661    -.4348059     .685749
                      51-200  |  -.0187447   .3017042    -0.06   0.950    -.6100741    .5725847
                     201-500  |  -.1214339   .3423447    -0.35   0.723    -.7924172    .5495494
                    501-1000  |   -.310051   .3225294    -0.96   0.336     -.942197    .3220949
                  5001-10000  |  -.1876993     .38784    -0.48   0.628    -.9478517    .5724532
                      10000+  |   .1219621   .2667306     0.46   0.647    -.4008203    .6447444
                              |
                    is_remote |   .3076087   .2025595     1.52   0.129    -.0894006    .7046181
                        _cons |  -6.585037   .6548481   -10.06   0.000    -7.868516   -5.301559
-----------------------------------------------------------------------------------------------

=========== Zeme = IN (Tabulka 4) ===========

Iteration 0:   log pseudolikelihood =  -4450.995  
Iteration 1:   log pseudolikelihood = -3847.2239  
Iteration 2:   log pseudolikelihood = -3330.9803  
Iteration 3:   log pseudolikelihood = -3223.9502  
Iteration 4:   log pseudolikelihood = -3222.1744  
Iteration 5:   log pseudolikelihood = -3222.1675  
Iteration 6:   log pseudolikelihood = -3222.1675  

Multinomial logistic regression                 Number of obs     =     14,184
                                                Wald chi2(82)     =    1542.50
                                                Prob > chi2       =     0.0000
Log pseudolikelihood = -3222.1675               Pseudo R2         =     0.2761

                                        (Std. Err. adjusted for 6,807 clusters in firm_cluster)
-----------------------------------------------------------------------------------------------
                              |               Robust
                     ai_level |      Coef.   Std. Err.      z    P>|z|     [95% Conf. Interval]
------------------------------+----------------------------------------------------------------
None                          |  (base outcome)
------------------------------+----------------------------------------------------------------
AI_Integration                |
cluster_architecture__methods |   .0209037   .1201172     0.17   0.862    -.2145217    .2563291
        cluster_bi__analytics |   .1962507   .1060755     1.85   0.064    -.0116535    .4041549
  cluster_backend_development |   .2704671   .1072599     2.52   0.012     .0602415    .4806926
       cluster_certifications |  -.2836537   .2290684    -1.24   0.216    -.7326195    .1653121
      cluster_cloud_computing |   .4023486   .1198474     3.36   0.001      .167452    .6372452
     cluster_data_engineering |   .3264782   .1109126     2.94   0.003     .1090934    .5438629
     cluster_data_science__ml |   1.517655    .129436    11.73   0.000     1.263965    1.771345
   cluster_databases__storage |  -.2768665   .1011542    -2.74   0.006    -.4751252   -.0786078
   cluster_devops__containers |   .0862221   .1187402     0.73   0.468    -.1465045    .3189486
         cluster_dynamic__web |   .5369951    .110534     4.86   0.000     .3203526    .7536377
  cluster_enterprise__managed |  -.3170059   .1147134    -2.76   0.006    -.5418401   -.0921717
 cluster_enterprise_platforms |   .0518186   .2341519     0.22   0.825    -.4071107    .5107478
 cluster_frontend_development |   .2474535   .1292876     1.91   0.056    -.0059455    .5008525
      cluster_mobile__desktop |   -.349325   .1775222    -1.97   0.049    -.6972622   -.0013879
           cluster_networking |  -.0585988   .1318978    -0.44   0.657    -.3171136     .199916
         cluster_os__embedded |  -.7635678   .1571019    -4.86   0.000    -1.071482   -.4556537
     cluster_scripting__shell |  -.1806756   .1802267    -1.00   0.316    -.5339134    .1725622
   cluster_security__identity |   .3279257   .1194516     2.75   0.006     .0938049    .5620464
  cluster_systems_programming |   .5030557   .1766851     2.85   0.004     .1567594    .8493521
cluster_testing_qa__debugging |   .0048117   .0983576     0.05   0.961    -.1879656    .1975891
                      edu_bin |   .2536659   .4927881     0.51   0.607    -.7121811    1.219513
                  edu_missing |   .1898841   .4955328     0.38   0.702    -.7813424    1.161111
                      exp_bin |   .4463344   .2459874     1.81   0.070    -.0357919    .9284608
                  exp_missing |   .3313576   .2635657     1.26   0.209    -.1852217     .847937
                              |
              sector_nace_num |
                           J  |   .0908932   .2844615     0.32   0.749    -.4666411    .6484276
                           K  |   .2975588   .2996419     0.99   0.321    -.2897285    .8848462
                           M  |    .031415    .384078     0.08   0.935     -.721364    .7841941
                       Other  |   -.278938   .3302586    -0.84   0.398     -.926233     .368357
                           Q  |   .6903657   .5056727     1.37   0.172    -.3007347    1.681466
                     Unknown  |  -.0949984   .3333854    -0.28   0.776    -.7484217    .5584249
                              |
                     type_cat |
               Unknown/Other  |  -.1117123   .2158302    -0.52   0.605    -.5347316    .3113071
                      Public  |   .1049487   .1728403     0.61   0.544     -.233812    .4437095
           Nonprofit/Gov/Edu  |   1.605125   .7682383     2.09   0.037     .0994057    3.110845
                              |
                     size_cat |
                     Unknown  |   .2671698   .3289896     0.81   0.417    -.3776379    .9119775
                        1-50  |   .0121403   .2754271     0.04   0.965    -.5276869    .5519676
                      51-200  |    .243133   .2465692     0.99   0.324    -.2401338    .7263997
                     201-500  |   .4034007   .2685167     1.50   0.133    -.1228824    .9296837
                    501-1000  |   .2599133   .3200696     0.81   0.417    -.3674116    .8872383
                  5001-10000  |  -.0259262   .2852491    -0.09   0.928    -.5850041    .5331517
                      10000+  |   .0656593   .2660663     0.25   0.805    -.4558211    .5871397
                              |
                    is_remote |   .6428946   .1180463     5.45   0.000      .411528    .8742612
                        _cons |  -5.090142   .6325356    -8.05   0.000    -6.329889   -3.850395
------------------------------+----------------------------------------------------------------
Applied_Core_AI               |
cluster_architecture__methods |  -.3158877    .149513    -2.11   0.035    -.6089279   -.0228476
        cluster_bi__analytics |   .2913382   .1312744     2.22   0.026     .0340451    .5486313
  cluster_backend_development |  -.2037789   .1494659    -1.36   0.173    -.4967267     .089169
       cluster_certifications |  -.5109121   .3094783    -1.65   0.099    -1.117479    .0956542
      cluster_cloud_computing |   .6139906   .1497596     4.10   0.000     .3204672     .907514
     cluster_data_engineering |   .7417905   .1353233     5.48   0.000     .4765616    1.007019
     cluster_data_science__ml |   3.893648   .1390673    28.00   0.000     3.621081    4.166215
   cluster_databases__storage |  -.3210053   .1385464    -2.32   0.021    -.5925513   -.0494592
   cluster_devops__containers |   .2692485   .1466984     1.84   0.066    -.0182751    .5567721
         cluster_dynamic__web |   1.435413   .1615561     8.88   0.000     1.118769    1.752058
  cluster_enterprise__managed |  -.3742615   .1473422    -2.54   0.011    -.6630469    -.085476
 cluster_enterprise_platforms |   .0875082   .3065365     0.29   0.775    -.5132922    .6883086
 cluster_frontend_development |  -.1318296   .1496755    -0.88   0.378    -.4251882     .161529
      cluster_mobile__desktop |  -1.062543   .2851505    -3.73   0.000    -1.621428   -.5036582
           cluster_networking |  -.1883688   .1709575    -1.10   0.271    -.5234393    .1467018
         cluster_os__embedded |   -.863293   .2353186    -3.67   0.000    -1.324509   -.4020771
     cluster_scripting__shell |  -1.582956   .3107066    -5.09   0.000     -2.19193   -.9739822
   cluster_security__identity |   .0575335     .16082     0.36   0.721     -.257668     .372735
  cluster_systems_programming |   .4980279   .2351174     2.12   0.034     .0372062    .9588497
cluster_testing_qa__debugging |   -.314549   .1304226    -2.41   0.016    -.5701725   -.0589254
                      edu_bin |    1.61057   1.039647     1.55   0.121    -.4271002     3.64824
                  edu_missing |   .8968697   1.043158     0.86   0.390    -1.147682    2.941421
                      exp_bin |    .127539   .2699794     0.47   0.637    -.4016109    .6566889
                  exp_missing |   .5836207   .2909181     2.01   0.045     .0134318     1.15381
                              |
              sector_nace_num |
                           J  |   .2906837   .3199699     0.91   0.364    -.3364458    .9178132
                           K  |   .3752139   .3407676     1.10   0.271    -.2926782    1.043106
                           M  |   .1810731   .4939428     0.37   0.714    -.7870371    1.149183
                       Other  |   .3168442   .4301719     0.74   0.461    -.5262771    1.159966
                           Q  |   1.754535   .4639656     3.78   0.000      .845179    2.663891
                     Unknown  |   .2552465   .3996076     0.64   0.523    -.5279699    1.038463
                              |
                     type_cat |
               Unknown/Other  |   .4850215   .2574837     1.88   0.060    -.0196373    .9896804
                      Public  |    .059957   .1918188     0.31   0.755     -.316001    .4359149
           Nonprofit/Gov/Edu  |   .0401814   1.248313     0.03   0.974    -2.406468     2.48683
                              |
                     size_cat |
                     Unknown  |  -.0188855   .3850748    -0.05   0.961    -.7736183    .7358472
                        1-50  |  -.0685199    .354582    -0.19   0.847    -.7634878    .6264481
                      51-200  |   .2165957   .3276848     0.66   0.509    -.4256548    .8588462
                     201-500  |   .3127099   .3634347     0.86   0.390     -.399609    1.025029
                    501-1000  |   .0658581    .442904     0.15   0.882    -.8022178     .933934
                  5001-10000  |   1.222941   .3241436     3.77   0.000     .5876311    1.858251
                      10000+  |    .400132   .2929518     1.37   0.172     -.174043     .974307
                              |
                    is_remote |   .5782417   .1573956     3.67   0.000     .2697521    .8867314
                        _cons |  -7.655144    1.17099    -6.54   0.000    -9.950242   -5.360046
-----------------------------------------------------------------------------------------------

Iteration 0:   log pseudolikelihood =  -4450.995  
Iteration 1:   log pseudolikelihood = -3847.2239  
Iteration 2:   log pseudolikelihood = -3330.9803  
Iteration 3:   log pseudolikelihood = -3223.9502  
Iteration 4:   log pseudolikelihood = -3222.1744  
Iteration 5:   log pseudolikelihood = -3222.1675  
Iteration 6:   log pseudolikelihood = -3222.1675  

Multinomial logistic regression                 Number of obs     =     14,184
                                                Wald chi2(82)     =    1542.50
                                                Prob > chi2       =     0.0000
Log pseudolikelihood = -3222.1675               Pseudo R2         =     0.2761

                                        (Std. Err. adjusted for 6,807 clusters in firm_cluster)
-----------------------------------------------------------------------------------------------
                              |               Robust
                     ai_level |      Coef.   Std. Err.      z    P>|z|     [95% Conf. Interval]
------------------------------+----------------------------------------------------------------
None                          |  (base outcome)
------------------------------+----------------------------------------------------------------
AI_Integration                |
cluster_architecture__methods |   .0209037   .1201172     0.17   0.862    -.2145217    .2563291
        cluster_bi__analytics |   .1962507   .1060755     1.85   0.064    -.0116535    .4041549
  cluster_backend_development |   .2704671   .1072599     2.52   0.012     .0602415    .4806926
       cluster_certifications |  -.2836537   .2290684    -1.24   0.216    -.7326195    .1653121
      cluster_cloud_computing |   .4023486   .1198474     3.36   0.001      .167452    .6372452
     cluster_data_engineering |   .3264782   .1109126     2.94   0.003     .1090934    .5438629
     cluster_data_science__ml |   1.517655    .129436    11.73   0.000     1.263965    1.771345
   cluster_databases__storage |  -.2768665   .1011542    -2.74   0.006    -.4751252   -.0786078
   cluster_devops__containers |   .0862221   .1187402     0.73   0.468    -.1465045    .3189486
         cluster_dynamic__web |   .5369951    .110534     4.86   0.000     .3203526    .7536377
  cluster_enterprise__managed |  -.3170059   .1147134    -2.76   0.006    -.5418401   -.0921717
 cluster_enterprise_platforms |   .0518186   .2341519     0.22   0.825    -.4071107    .5107478
 cluster_frontend_development |   .2474535   .1292876     1.91   0.056    -.0059455    .5008525
      cluster_mobile__desktop |   -.349325   .1775222    -1.97   0.049    -.6972622   -.0013879
           cluster_networking |  -.0585988   .1318978    -0.44   0.657    -.3171136     .199916
         cluster_os__embedded |  -.7635678   .1571019    -4.86   0.000    -1.071482   -.4556537
     cluster_scripting__shell |  -.1806756   .1802267    -1.00   0.316    -.5339134    .1725622
   cluster_security__identity |   .3279257   .1194516     2.75   0.006     .0938049    .5620464
  cluster_systems_programming |   .5030557   .1766851     2.85   0.004     .1567594    .8493521
cluster_testing_qa__debugging |   .0048117   .0983576     0.05   0.961    -.1879656    .1975891
                      edu_bin |   .2536659   .4927881     0.51   0.607    -.7121811    1.219513
                  edu_missing |   .1898841   .4955328     0.38   0.702    -.7813424    1.161111
                      exp_bin |   .4463344   .2459874     1.81   0.070    -.0357919    .9284608
                  exp_missing |   .3313576   .2635657     1.26   0.209    -.1852217     .847937
                              |
              sector_nace_num |
                           J  |   .0908932   .2844615     0.32   0.749    -.4666411    .6484276
                           K  |   .2975588   .2996419     0.99   0.321    -.2897285    .8848462
                           M  |    .031415    .384078     0.08   0.935     -.721364    .7841941
                       Other  |   -.278938   .3302586    -0.84   0.398     -.926233     .368357
                           Q  |   .6903657   .5056727     1.37   0.172    -.3007347    1.681466
                     Unknown  |  -.0949984   .3333854    -0.28   0.776    -.7484217    .5584249
                              |
                     type_cat |
               Unknown/Other  |  -.1117123   .2158302    -0.52   0.605    -.5347316    .3113071
                      Public  |   .1049487   .1728403     0.61   0.544     -.233812    .4437095
           Nonprofit/Gov/Edu  |   1.605125   .7682383     2.09   0.037     .0994057    3.110845
                              |
                     size_cat |
                     Unknown  |   .2671698   .3289896     0.81   0.417    -.3776379    .9119775
                        1-50  |   .0121403   .2754271     0.04   0.965    -.5276869    .5519676
                      51-200  |    .243133   .2465692     0.99   0.324    -.2401338    .7263997
                     201-500  |   .4034007   .2685167     1.50   0.133    -.1228824    .9296837
                    501-1000  |   .2599133   .3200696     0.81   0.417    -.3674116    .8872383
                  5001-10000  |  -.0259262   .2852491    -0.09   0.928    -.5850041    .5331517
                      10000+  |   .0656593   .2660663     0.25   0.805    -.4558211    .5871397
                              |
                    is_remote |   .6428946   .1180463     5.45   0.000      .411528    .8742612
                        _cons |  -5.090142   .6325356    -8.05   0.000    -6.329889   -3.850395
------------------------------+----------------------------------------------------------------
Applied_Core_AI               |
cluster_architecture__methods |  -.3158877    .149513    -2.11   0.035    -.6089279   -.0228476
        cluster_bi__analytics |   .2913382   .1312744     2.22   0.026     .0340451    .5486313
  cluster_backend_development |  -.2037789   .1494659    -1.36   0.173    -.4967267     .089169
       cluster_certifications |  -.5109121   .3094783    -1.65   0.099    -1.117479    .0956542
      cluster_cloud_computing |   .6139906   .1497596     4.10   0.000     .3204672     .907514
     cluster_data_engineering |   .7417905   .1353233     5.48   0.000     .4765616    1.007019
     cluster_data_science__ml |   3.893648   .1390673    28.00   0.000     3.621081    4.166215
   cluster_databases__storage |  -.3210053   .1385464    -2.32   0.021    -.5925513   -.0494592
   cluster_devops__containers |   .2692485   .1466984     1.84   0.066    -.0182751    .5567721
         cluster_dynamic__web |   1.435413   .1615561     8.88   0.000     1.118769    1.752058
  cluster_enterprise__managed |  -.3742615   .1473422    -2.54   0.011    -.6630469    -.085476
 cluster_enterprise_platforms |   .0875082   .3065365     0.29   0.775    -.5132922    .6883086
 cluster_frontend_development |  -.1318296   .1496755    -0.88   0.378    -.4251882     .161529
      cluster_mobile__desktop |  -1.062543   .2851505    -3.73   0.000    -1.621428   -.5036582
           cluster_networking |  -.1883688   .1709575    -1.10   0.271    -.5234393    .1467018
         cluster_os__embedded |   -.863293   .2353186    -3.67   0.000    -1.324509   -.4020771
     cluster_scripting__shell |  -1.582956   .3107066    -5.09   0.000     -2.19193   -.9739822
   cluster_security__identity |   .0575335     .16082     0.36   0.721     -.257668     .372735
  cluster_systems_programming |   .4980279   .2351174     2.12   0.034     .0372062    .9588497
cluster_testing_qa__debugging |   -.314549   .1304226    -2.41   0.016    -.5701725   -.0589254
                      edu_bin |    1.61057   1.039647     1.55   0.121    -.4271002     3.64824
                  edu_missing |   .8968697   1.043158     0.86   0.390    -1.147682    2.941421
                      exp_bin |    .127539   .2699794     0.47   0.637    -.4016109    .6566889
                  exp_missing |   .5836207   .2909181     2.01   0.045     .0134318     1.15381
                              |
              sector_nace_num |
                           J  |   .2906837   .3199699     0.91   0.364    -.3364458    .9178132
                           K  |   .3752139   .3407676     1.10   0.271    -.2926782    1.043106
                           M  |   .1810731   .4939428     0.37   0.714    -.7870371    1.149183
                       Other  |   .3168442   .4301719     0.74   0.461    -.5262771    1.159966
                           Q  |   1.754535   .4639656     3.78   0.000      .845179    2.663891
                     Unknown  |   .2552465   .3996076     0.64   0.523    -.5279699    1.038463
                              |
                     type_cat |
               Unknown/Other  |   .4850215   .2574837     1.88   0.060    -.0196373    .9896804
                      Public  |    .059957   .1918188     0.31   0.755     -.316001    .4359149
           Nonprofit/Gov/Edu  |   .0401814   1.248313     0.03   0.974    -2.406468     2.48683
                              |
                     size_cat |
                     Unknown  |  -.0188855   .3850748    -0.05   0.961    -.7736183    .7358472
                        1-50  |  -.0685199    .354582    -0.19   0.847    -.7634878    .6264481
                      51-200  |   .2165957   .3276848     0.66   0.509    -.4256548    .8588462
                     201-500  |   .3127099   .3634347     0.86   0.390     -.399609    1.025029
                    501-1000  |   .0658581    .442904     0.15   0.882    -.8022178     .933934
                  5001-10000  |   1.222941   .3241436     3.77   0.000     .5876311    1.858251
                      10000+  |    .400132   .2929518     1.37   0.172     -.174043     .974307
                              |
                    is_remote |   .5782417   .1573956     3.67   0.000     .2697521    .8867314
                        _cons |  -7.655144    1.17099    -6.54   0.000    -9.950242   -5.360046
-----------------------------------------------------------------------------------------------

Iteration 0:   log pseudolikelihood =  -4450.995  
Iteration 1:   log pseudolikelihood = -3847.2239  
Iteration 2:   log pseudolikelihood = -3330.9803  
Iteration 3:   log pseudolikelihood = -3223.9502  
Iteration 4:   log pseudolikelihood = -3222.1744  
Iteration 5:   log pseudolikelihood = -3222.1675  
Iteration 6:   log pseudolikelihood = -3222.1675  

Multinomial logistic regression                 Number of obs     =     14,184
                                                Wald chi2(82)     =    1542.50
                                                Prob > chi2       =     0.0000
Log pseudolikelihood = -3222.1675               Pseudo R2         =     0.2761

                                        (Std. Err. adjusted for 6,807 clusters in firm_cluster)
-----------------------------------------------------------------------------------------------
                              |               Robust
                     ai_level |      Coef.   Std. Err.      z    P>|z|     [95% Conf. Interval]
------------------------------+----------------------------------------------------------------
None                          |  (base outcome)
------------------------------+----------------------------------------------------------------
AI_Integration                |
cluster_architecture__methods |   .0209037   .1201172     0.17   0.862    -.2145217    .2563291
        cluster_bi__analytics |   .1962507   .1060755     1.85   0.064    -.0116535    .4041549
  cluster_backend_development |   .2704671   .1072599     2.52   0.012     .0602415    .4806926
       cluster_certifications |  -.2836537   .2290684    -1.24   0.216    -.7326195    .1653121
      cluster_cloud_computing |   .4023486   .1198474     3.36   0.001      .167452    .6372452
     cluster_data_engineering |   .3264782   .1109126     2.94   0.003     .1090934    .5438629
     cluster_data_science__ml |   1.517655    .129436    11.73   0.000     1.263965    1.771345
   cluster_databases__storage |  -.2768665   .1011542    -2.74   0.006    -.4751252   -.0786078
   cluster_devops__containers |   .0862221   .1187402     0.73   0.468    -.1465045    .3189486
         cluster_dynamic__web |   .5369951    .110534     4.86   0.000     .3203526    .7536377
  cluster_enterprise__managed |  -.3170059   .1147134    -2.76   0.006    -.5418401   -.0921717
 cluster_enterprise_platforms |   .0518186   .2341519     0.22   0.825    -.4071107    .5107478
 cluster_frontend_development |   .2474535   .1292876     1.91   0.056    -.0059455    .5008525
      cluster_mobile__desktop |   -.349325   .1775222    -1.97   0.049    -.6972622   -.0013879
           cluster_networking |  -.0585988   .1318978    -0.44   0.657    -.3171136     .199916
         cluster_os__embedded |  -.7635678   .1571019    -4.86   0.000    -1.071482   -.4556537
     cluster_scripting__shell |  -.1806756   .1802267    -1.00   0.316    -.5339134    .1725622
   cluster_security__identity |   .3279257   .1194516     2.75   0.006     .0938049    .5620464
  cluster_systems_programming |   .5030557   .1766851     2.85   0.004     .1567594    .8493521
cluster_testing_qa__debugging |   .0048117   .0983576     0.05   0.961    -.1879656    .1975891
                      edu_bin |   .2536659   .4927881     0.51   0.607    -.7121811    1.219513
                  edu_missing |   .1898841   .4955328     0.38   0.702    -.7813424    1.161111
                      exp_bin |   .4463344   .2459874     1.81   0.070    -.0357919    .9284608
                  exp_missing |   .3313576   .2635657     1.26   0.209    -.1852217     .847937
                              |
              sector_nace_num |
                           J  |   .0908932   .2844615     0.32   0.749    -.4666411    .6484276
                           K  |   .2975588   .2996419     0.99   0.321    -.2897285    .8848462
                           M  |    .031415    .384078     0.08   0.935     -.721364    .7841941
                       Other  |   -.278938   .3302586    -0.84   0.398     -.926233     .368357
                           Q  |   .6903657   .5056727     1.37   0.172    -.3007347    1.681466
                     Unknown  |  -.0949984   .3333854    -0.28   0.776    -.7484217    .5584249
                              |
                     type_cat |
               Unknown/Other  |  -.1117123   .2158302    -0.52   0.605    -.5347316    .3113071
                      Public  |   .1049487   .1728403     0.61   0.544     -.233812    .4437095
           Nonprofit/Gov/Edu  |   1.605125   .7682383     2.09   0.037     .0994057    3.110845
                              |
                     size_cat |
                     Unknown  |   .2671698   .3289896     0.81   0.417    -.3776379    .9119775
                        1-50  |   .0121403   .2754271     0.04   0.965    -.5276869    .5519676
                      51-200  |    .243133   .2465692     0.99   0.324    -.2401338    .7263997
                     201-500  |   .4034007   .2685167     1.50   0.133    -.1228824    .9296837
                    501-1000  |   .2599133   .3200696     0.81   0.417    -.3674116    .8872383
                  5001-10000  |  -.0259262   .2852491    -0.09   0.928    -.5850041    .5331517
                      10000+  |   .0656593   .2660663     0.25   0.805    -.4558211    .5871397
                              |
                    is_remote |   .6428946   .1180463     5.45   0.000      .411528    .8742612
                        _cons |  -5.090142   .6325356    -8.05   0.000    -6.329889   -3.850395
------------------------------+----------------------------------------------------------------
Applied_Core_AI               |
cluster_architecture__methods |  -.3158877    .149513    -2.11   0.035    -.6089279   -.0228476
        cluster_bi__analytics |   .2913382   .1312744     2.22   0.026     .0340451    .5486313
  cluster_backend_development |  -.2037789   .1494659    -1.36   0.173    -.4967267     .089169
       cluster_certifications |  -.5109121   .3094783    -1.65   0.099    -1.117479    .0956542
      cluster_cloud_computing |   .6139906   .1497596     4.10   0.000     .3204672     .907514
     cluster_data_engineering |   .7417905   .1353233     5.48   0.000     .4765616    1.007019
     cluster_data_science__ml |   3.893648   .1390673    28.00   0.000     3.621081    4.166215
   cluster_databases__storage |  -.3210053   .1385464    -2.32   0.021    -.5925513   -.0494592
   cluster_devops__containers |   .2692485   .1466984     1.84   0.066    -.0182751    .5567721
         cluster_dynamic__web |   1.435413   .1615561     8.88   0.000     1.118769    1.752058
  cluster_enterprise__managed |  -.3742615   .1473422    -2.54   0.011    -.6630469    -.085476
 cluster_enterprise_platforms |   .0875082   .3065365     0.29   0.775    -.5132922    .6883086
 cluster_frontend_development |  -.1318296   .1496755    -0.88   0.378    -.4251882     .161529
      cluster_mobile__desktop |  -1.062543   .2851505    -3.73   0.000    -1.621428   -.5036582
           cluster_networking |  -.1883688   .1709575    -1.10   0.271    -.5234393    .1467018
         cluster_os__embedded |   -.863293   .2353186    -3.67   0.000    -1.324509   -.4020771
     cluster_scripting__shell |  -1.582956   .3107066    -5.09   0.000     -2.19193   -.9739822
   cluster_security__identity |   .0575335     .16082     0.36   0.721     -.257668     .372735
  cluster_systems_programming |   .4980279   .2351174     2.12   0.034     .0372062    .9588497
cluster_testing_qa__debugging |   -.314549   .1304226    -2.41   0.016    -.5701725   -.0589254
                      edu_bin |    1.61057   1.039647     1.55   0.121    -.4271002     3.64824
                  edu_missing |   .8968697   1.043158     0.86   0.390    -1.147682    2.941421
                      exp_bin |    .127539   .2699794     0.47   0.637    -.4016109    .6566889
                  exp_missing |   .5836207   .2909181     2.01   0.045     .0134318     1.15381
                              |
              sector_nace_num |
                           J  |   .2906837   .3199699     0.91   0.364    -.3364458    .9178132
                           K  |   .3752139   .3407676     1.10   0.271    -.2926782    1.043106
                           M  |   .1810731   .4939428     0.37   0.714    -.7870371    1.149183
                       Other  |   .3168442   .4301719     0.74   0.461    -.5262771    1.159966
                           Q  |   1.754535   .4639656     3.78   0.000      .845179    2.663891
                     Unknown  |   .2552465   .3996076     0.64   0.523    -.5279699    1.038463
                              |
                     type_cat |
               Unknown/Other  |   .4850215   .2574837     1.88   0.060    -.0196373    .9896804
                      Public  |    .059957   .1918188     0.31   0.755     -.316001    .4359149
           Nonprofit/Gov/Edu  |   .0401814   1.248313     0.03   0.974    -2.406468     2.48683
                              |
                     size_cat |
                     Unknown  |  -.0188855   .3850748    -0.05   0.961    -.7736183    .7358472
                        1-50  |  -.0685199    .354582    -0.19   0.847    -.7634878    .6264481
                      51-200  |   .2165957   .3276848     0.66   0.509    -.4256548    .8588462
                     201-500  |   .3127099   .3634347     0.86   0.390     -.399609    1.025029
                    501-1000  |   .0658581    .442904     0.15   0.882    -.8022178     .933934
                  5001-10000  |   1.222941   .3241436     3.77   0.000     .5876311    1.858251
                      10000+  |    .400132   .2929518     1.37   0.172     -.174043     .974307
                              |
                    is_remote |   .5782417   .1573956     3.67   0.000     .2697521    .8867314
                        _cons |  -7.655144    1.17099    -6.54   0.000    -9.950242   -5.360046
-----------------------------------------------------------------------------------------------

. 
. esttab ame_t4_US_0 ame_t4_US_1 ame_t4_US_2 ///
>        ame_t4_DE_0 ame_t4_DE_1 ame_t4_DE_2 ///
>        ame_t4_IN_0 ame_t4_IN_1 ame_t4_IN_2 ///
>        using "$outdir/Tabulka_4_Mlogit_SkillClusters.rtf", replace ///
>     label b(3) se(3) star(* 0.05 ** 0.01 *** 0.001) ///
>     keep(cluster_* edu_bin edu_missing exp_bin exp_missing) ///
>     order(cluster_* edu_bin edu_missing exp_bin exp_missing) ///
>     stats(N, fmt(0) labels("N")) ///
>     mtitles("US:None" "US:AI Integ" "US:Applied" ///
>             "DE:None" "DE:AI Integ" "DE:Applied" ///
>             "IN:None" "IN:AI Integ" "IN:Applied") ///
>     title("Tabulka 4: Multinomialni logit P(AI tier), AME podle zeme a tieru — skill clustery") ///
>     addnotes("Zavisla promenna: ai_level (0=None, 1=AI Integration, 2=Applied/Core AI)." ///
>              "Prumerne marginalni efekty (AME) z mlogitu, SE clusterovane na firmu, base outcome = None." ///
>              "Kontroly (neukazovane): NACE sektor, typ firmy, velikost firmy, remote." ///
>              "Soucet AME napric tremi outcomes pro kazdou promennou je 0.")
(note: file ./output/thesis_final_run_15_Apr_2026_17-45-38/Tabulka_4_Mlogit_SkillClusters.rtf not found)
(output written to ./output/thesis_final_run_15_Apr_2026_17-45-38/Tabulka_4_Mlogit_SkillClusters.rtf)

. 
. 
. * ==============================================================================
. * 9. TABULKA 5 — OLS ln(plat) ~ SKILL CLUSTERY + AI TIERY (per zeme)
. * ==============================================================================
. display _n "=============================================================="

==============================================================

. display "9. TABULKA 5 — OLS ln(plat) per zeme"
9. TABULKA 5 — OLS ln(plat) per zeme

. display "=============================================================="
==============================================================

. 
. * US (vc. region FE)
. display _n "=========== Zeme = US (Tabulka 5) ==========="

=========== Zeme = US (Tabulka 5) ===========

. capture noisily regress ln_salary ///
>     cluster_* ///
>     i.ai_level ///
>     edu_bin edu_missing ///
>     exp_bin exp_missing ///
>     i.sector_nace_num ///
>     i.region_num ///
>     is_remote ///
>     ib1.type_cat ///
>     ib5.size_cat ///
>     if country == "US" & ln_salary != ., vce(cluster firm_cluster)

Linear regression                               Number of obs     =     14,642
                                                F(47, 7361)       =      70.47
                                                Prob > F          =     0.0000
                                                R-squared         =     0.2779
                                                Root MSE          =     .27756

                                        (Std. Err. adjusted for 7,362 clusters in firm_cluster)
-----------------------------------------------------------------------------------------------
                              |               Robust
                    ln_salary |      Coef.   Std. Err.      t    P>|t|     [95% Conf. Interval]
------------------------------+----------------------------------------------------------------
cluster_architecture__methods |   .0413439   .0071725     5.76   0.000     .0272837     .055404
        cluster_bi__analytics |  -.0335284   .0055345    -6.06   0.000    -.0443776   -.0226791
  cluster_backend_development |   .0021943   .0071213     0.31   0.758    -.0117655     .016154
       cluster_certifications |   .0061261   .0097064     0.63   0.528    -.0129012    .0251533
      cluster_cloud_computing |    .050635   .0071412     7.09   0.000     .0366362    .0646338
     cluster_data_engineering |    .019431   .0059588     3.26   0.001     .0077501     .031112
     cluster_data_science__ml |   .0163246   .0110529     1.48   0.140    -.0053423    .0379915
   cluster_databases__storage |  -.0369602   .0060206    -6.14   0.000    -.0487623   -.0251582
   cluster_devops__containers |   .0497396   .0063592     7.82   0.000     .0372737    .0622055
         cluster_dynamic__web |   .0150413   .0061337     2.45   0.014     .0030175    .0270652
  cluster_enterprise__managed |  -.0161391   .0060443    -2.67   0.008    -.0279877   -.0042905
 cluster_enterprise_platforms |  -.0074503   .0133877    -0.56   0.578    -.0336941    .0187934
 cluster_frontend_development |  -.0026287   .0063026    -0.42   0.677    -.0149836    .0097261
      cluster_mobile__desktop |  -.0102499   .0086798    -1.18   0.238    -.0272647     .006765
           cluster_networking |    .011919   .0077569     1.54   0.124    -.0032868    .0271249
         cluster_os__embedded |   .0016624   .0074202     0.22   0.823    -.0128834    .0162082
     cluster_scripting__shell |  -.0126105   .0085334    -1.48   0.140    -.0293385    .0041174
   cluster_security__identity |   .0262971   .0061397     4.28   0.000     .0142615    .0383326
  cluster_systems_programming |   .0938499    .008591    10.92   0.000      .077009    .1106908
cluster_testing_qa__debugging |  -.0195351   .0054306    -3.60   0.000    -.0301807   -.0088896
                              |
                     ai_level |
              AI Integration  |    .090523   .0106392     8.51   0.000     .0696672    .1113789
             Applied/Core AI  |   .1349163   .0128445    10.50   0.000     .1097374    .1600952
                              |
                      edu_bin |   .0945435   .0179819     5.26   0.000     .0592938    .1297932
                  edu_missing |   .1382309   .0195299     7.08   0.000     .0999468     .176515
                      exp_bin |   .2341512   .0128445    18.23   0.000     .2089724      .25933
                  exp_missing |    .217243   .0161483    13.45   0.000     .1855878    .2488982
                              |
              sector_nace_num |
                           J  |   .0422295    .015616     2.70   0.007     .0116177    .0728413
                           K  |   .0130117   .0147069     0.88   0.376    -.0158179    .0418414
                           M  |   .0536438   .0296236     1.81   0.070    -.0044269    .1117146
                       Other  |  -.0494792   .0158246    -3.13   0.002    -.0804998   -.0184585
                           Q  |   .0079381    .022227     0.36   0.721    -.0356331    .0515093
                     Unknown  |   .0085899   .0173583     0.49   0.621    -.0254374    .0426171
                              |
                   region_num |
                   Northeast  |   .1026328   .0105623     9.72   0.000     .0819277     .123338
                       South  |   .0662099   .0091063     7.27   0.000     .0483589    .0840608
                     Unknown  |   .1827111    .014609    12.51   0.000     .1540732    .2113489
                        West  |   .2344729   .0122447    19.15   0.000     .2104697     .258476
                              |
                    is_remote |   .0595347   .0092741     6.42   0.000     .0413547    .0777146
                              |
                     type_cat |
               Unknown/Other  |   -.031842   .0176409    -1.81   0.071    -.0664232    .0027392
                      Public  |   .0099589   .0137078     0.73   0.468    -.0169124    .0368302
           Nonprofit/Gov/Edu  |  -.0553283    .027732    -2.00   0.046     -.109691   -.0009657
                              |
                     size_cat |
                     Unknown  |  -.0660516   .0188894    -3.50   0.000    -.1030801    -.029023
                        1-50  |   -.073703   .0151291    -4.87   0.000    -.1033603   -.0440457
                      51-200  |  -.0621507   .0137883    -4.51   0.000    -.0891797   -.0351217
                     201-500  |  -.0623588   .0146417    -4.26   0.000    -.0910607   -.0336568
                    501-1000  |  -.0233707   .0164109    -1.42   0.154    -.0555408    .0087994
                  5001-10000  |   .0308379    .032391     0.95   0.341    -.0326577    .0943335
                      10000+  |   .0640447   .0162583     3.94   0.000     .0321738    .0959157
                              |
                        _cons |   11.12294   .0282295   394.02   0.000      11.0676    11.17828
-----------------------------------------------------------------------------------------------

. if _rc == 0 {
.     estimates store ols_t5_US
. }

. 
. foreach c in DE IN {
  2.     display _n "=========== Zeme = `c' (Tabulka 5) ==========="
  3.     capture noisily regress ln_salary ///
>         cluster_* ///
>         i.ai_level ///
>         edu_bin edu_missing ///
>         exp_bin exp_missing ///
>         i.sector_nace_num ///
>         is_remote ///
>         ib1.type_cat ///
>         ib5.size_cat ///
>         if country == "`c'" & ln_salary != ., vce(cluster firm_cluster)
  4.     if _rc == 0 {
  5.         estimates store ols_t5_`c'
  6.     }
  7. }

=========== Zeme = DE (Tabulka 5) ===========

Linear regression                               Number of obs     =        514
                                                F(43, 320)        =       3.84
                                                Prob > F          =     0.0000
                                                R-squared         =     0.2844
                                                Root MSE          =     .27146

                                          (Std. Err. adjusted for 321 clusters in firm_cluster)
-----------------------------------------------------------------------------------------------
                              |               Robust
                    ln_salary |      Coef.   Std. Err.      t    P>|t|     [95% Conf. Interval]
------------------------------+----------------------------------------------------------------
cluster_architecture__methods |  -.0129554   .0353282    -0.37   0.714    -.0824603    .0565496
        cluster_bi__analytics |   .0782685   .0379417     2.06   0.040     .0036217    .1529153
  cluster_backend_development |    .009187   .0363077     0.25   0.800    -.0622451     .080619
       cluster_certifications |  -.0268454   .0634843    -0.42   0.673    -.1517447    .0980539
      cluster_cloud_computing |   .0002408   .0299488     0.01   0.994    -.0586807    .0591623
     cluster_data_engineering |   .0168145   .0376896     0.45   0.656    -.0573363    .0909653
     cluster_data_science__ml |  -.0513324   .0579212    -0.89   0.376    -.1652869    .0626221
   cluster_databases__storage |  -.0128494   .0272702    -0.47   0.638    -.0665009    .0408021
   cluster_devops__containers |   .0359626   .0295942     1.22   0.225    -.0222613    .0941864
         cluster_dynamic__web |  -.0165828   .0343412    -0.48   0.630    -.0841458    .0509802
  cluster_enterprise__managed |  -.0870312   .0303977    -2.86   0.004    -.1468358   -.0272267
 cluster_enterprise_platforms |   .1327404   .1234653     1.08   0.283    -.1101659    .3756467
 cluster_frontend_development |  -.0383031   .0365567    -1.05   0.296    -.1102248    .0336187
      cluster_mobile__desktop |  -.0699763   .0454763    -1.54   0.125    -.1594466     .019494
           cluster_networking |  -.0189259   .0371655    -0.51   0.611    -.0920455    .0541937
         cluster_os__embedded |  -.0566557   .0399174    -1.42   0.157    -.1351894    .0218779
     cluster_scripting__shell |    .119861   .0462951     2.59   0.010     .0287797    .2109422
   cluster_security__identity |   .0288898    .037817     0.76   0.445    -.0455116    .1032912
  cluster_systems_programming |   .0005899   .0441663     0.01   0.989    -.0863031     .087483
cluster_testing_qa__debugging |  -.0486928   .0394653    -1.23   0.218     -.126337    .0289514
                              |
                     ai_level |
              AI Integration  |   .0438279   .0419603     1.04   0.297     -.038725    .1263809
             Applied/Core AI  |   .1344345   .0599282     2.24   0.026     .0165315    .2523374
                              |
                      edu_bin |   .0797581   .0459681     1.74   0.084    -.0106797    .1701959
                  edu_missing |    .062071   .0402184     1.54   0.124    -.0170549    .1411969
                      exp_bin |   .5651604    .081559     6.93   0.000     .4047008      .72562
                  exp_missing |   .4434877   .0822295     5.39   0.000     .2817089    .6052665
                              |
              sector_nace_num |
                           J  |  -.2038889   .0939686    -2.17   0.031    -.3887632   -.0190147
                           K  |  -.2266577   .1247024    -1.82   0.070    -.4719977    .0186823
                           M  |  -.3057022   .1379611    -2.22   0.027    -.5771275   -.0342769
                       Other  |  -.2701584    .087146    -3.10   0.002    -.4416099   -.0987068
                           Q  |  -.2897274   .1010462    -2.87   0.004    -.4885261   -.0909287
                     Unknown  |  -.3008641   .0967276    -3.11   0.002    -.4911665   -.1105618
                              |
                    is_remote |   .0536949   .0418345     1.28   0.200    -.0286105    .1360003
                              |
                     type_cat |
               Unknown/Other  |   .0155238   .0447665     0.35   0.729      -.07255    .1035976
                      Public  |   .0874011   .0440662     1.98   0.048     .0007051    .1740971
           Nonprofit/Gov/Edu  |  -.0459136   .1040712    -0.44   0.659    -.2506638    .1588367
                              |
                     size_cat |
                     Unknown  |   .0513523   .0807806     0.64   0.525    -.1075757    .2102804
                        1-50  |    .019415   .0816955     0.24   0.812    -.1413131    .1801431
                      51-200  |  -.0186319   .0877481    -0.21   0.832    -.1912678    .1540041
                     201-500  |  -.0896391   .0922222    -0.97   0.332    -.2710775    .0917994
                    501-1000  |   .0573526   .1085148     0.53   0.598      -.15614    .2708451
                  5001-10000  |  -.0810625   .0916642    -0.88   0.377    -.2614032    .0992781
                      10000+  |  -.0254342   .0995621    -0.26   0.799    -.2213132    .1704447
                              |
                        _cons |   10.95948   .1301506    84.21   0.000     10.70342    11.21554
-----------------------------------------------------------------------------------------------

=========== Zeme = IN (Tabulka 5) ===========

Linear regression                               Number of obs     =      9,199
                                                F(43, 4635)       =      16.68
                                                Prob > F          =     0.0000
                                                R-squared         =     0.1011
                                                Root MSE          =     .48137

                                        (Std. Err. adjusted for 4,636 clusters in firm_cluster)
-----------------------------------------------------------------------------------------------
                              |               Robust
                    ln_salary |      Coef.   Std. Err.      t    P>|t|     [95% Conf. Interval]
------------------------------+----------------------------------------------------------------
cluster_architecture__methods |  -.0072345   .0133498    -0.54   0.588    -.0334066    .0189375
        cluster_bi__analytics |   -.000123   .0129752    -0.01   0.992    -.0255605    .0253146
  cluster_backend_development |  -.0021323   .0128258    -0.17   0.868     -.027277    .0230123
       cluster_certifications |   .0642356   .0253401     2.53   0.011      .014557    .1139143
      cluster_cloud_computing |   .0741596   .0151502     4.89   0.000     .0444581    .1038612
     cluster_data_engineering |   .0532071   .0140528     3.79   0.000      .025657    .0807572
     cluster_data_science__ml |  -.0287615   .0248002    -1.16   0.246    -.0773816    .0198586
   cluster_databases__storage |   .0196731   .0123237     1.60   0.110    -.0044873    .0438335
   cluster_devops__containers |   .0636288   .0139941     4.55   0.000     .0361937    .0910639
         cluster_dynamic__web |  -.0379174   .0125564    -3.02   0.003     -.062534   -.0133008
  cluster_enterprise__managed |   .0467816   .0138906     3.37   0.001     .0195495    .0740137
 cluster_enterprise_platforms |   .0130315    .030853     0.42   0.673    -.0474551     .073518
 cluster_frontend_development |  -.0179099   .0134085    -1.34   0.182    -.0441969    .0083771
      cluster_mobile__desktop |  -.0709904   .0146564    -4.84   0.000    -.0997238   -.0422569
           cluster_networking |   .0015069   .0143843     0.10   0.917    -.0266932     .029707
         cluster_os__embedded |   .0112907   .0158507     0.71   0.476    -.0197843    .0423657
     cluster_scripting__shell |   .0295858   .0195147     1.52   0.130    -.0086724    .0678439
   cluster_security__identity |   .0379437    .014536     2.61   0.009     .0094461    .0664413
  cluster_systems_programming |     .03316   .0256353     1.29   0.196    -.0170974    .0834175
cluster_testing_qa__debugging |   .0225964    .012086     1.87   0.062    -.0010978    .0462907
                              |
                     ai_level |
              AI Integration  |   .0429201   .0322754     1.33   0.184     -.020355    .1061952
             Applied/Core AI  |   .1788737   .0445659     4.01   0.000     .0915034     .266244
                              |
                      edu_bin |   .1674636   .0329787     5.08   0.000     .1028096    .2321177
                  edu_missing |   .1848197   .0338431     5.46   0.000     .1184711    .2511684
                      exp_bin |   .2361286   .0226554    10.42   0.000     .1917131     .280544
                  exp_missing |   .1574567   .0242196     6.50   0.000     .1099748    .2049385
                              |
              sector_nace_num |
                           J  |   -.089145   .0257132    -3.47   0.001    -.1395551   -.0387348
                           K  |  -.0705235   .0327482    -2.15   0.031    -.1347256   -.0063214
                           M  |  -.0520739    .034968    -1.49   0.137    -.1206279      .01648
                       Other  |  -.0123784    .048557    -0.25   0.799    -.1075732    .0828165
                           Q  |  -.0553003   .0546709    -1.01   0.312    -.1624812    .0518807
                     Unknown  |  -.0832083   .0402913    -2.07   0.039    -.1621983   -.0042182
                              |
                    is_remote |   .2343339   .0270905     8.65   0.000     .1812236    .2874441
                              |
                     type_cat |
               Unknown/Other  |   .0685745   .0365624     1.88   0.061    -.0031053    .1402543
                      Public  |  -.0097631   .0220685    -0.44   0.658    -.0530278    .0335017
           Nonprofit/Gov/Edu  |  -.0639411   .0907676    -0.70   0.481    -.2418888    .1140066
                              |
                     size_cat |
                     Unknown  |   .0367089   .0520795     0.70   0.481    -.0653916    .1388095
                        1-50  |   -.014419   .0427712    -0.34   0.736     -.098271     .069433
                      51-200  |  -.0976719   .0332131    -2.94   0.003    -.1627855   -.0325583
                     201-500  |  -.0300298   .0379235    -0.79   0.428    -.1043779    .0443182
                    501-1000  |   .0347564   .0621273     0.56   0.576    -.0870427    .1565555
                  5001-10000  |  -.0694458   .0318455    -2.18   0.029    -.1318782   -.0070134
                      10000+  |  -.0777268   .0275858    -2.82   0.005    -.1318081   -.0236455
                              |
                        _cons |   8.450292   .0537467   157.22   0.000     8.344922    8.555661
-----------------------------------------------------------------------------------------------

. 
. esttab ols_t5_US ols_t5_DE ols_t5_IN using "$outdir/Tabulka_5_OLS_lnMzda.rtf", replace ///
>     label b(3) se(3) star(* 0.05 ** 0.01 *** 0.001) ///
>     keep(cluster_* 1.ai_level 2.ai_level edu_bin edu_missing exp_bin exp_missing) ///
>     order(1.ai_level 2.ai_level cluster_* edu_bin edu_missing exp_bin exp_missing) ///
>     stats(N r2, fmt(0 3) labels("N" "R2")) ///
>     mtitles("USA" "Nemecko" "Indie") ///
>     title("Tabulka 5: OLS ln(plat) — skill clustery + AI tiery, separatne per zeme") ///
>     addnotes("Zavisla promenna: ln(rocni plat v USD)." ///
>              "Standardni chyby clusterovane na firmu v zavorkach." ///
>              "Kontroly (neukazovane): NACE sektor, typ firmy, velikost firmy, remote (+ region FE pro USA)." ///
>              "Referencni AI uroven: None." ///
>              "cluster_generative_ai vyrazen z RHS kvuli cirkularite s ai_level (GenAI override)." ///
>              "Pozor: v DE je pokryti platu velmi nizke — vysledky interpretovat s rezervou, viz Heckman v priloze.")
(note: file ./output/thesis_final_run_15_Apr_2026_17-45-38/Tabulka_5_OLS_lnMzda.rtf not found)
(output written to ./output/thesis_final_run_15_Apr_2026_17-45-38/Tabulka_5_OLS_lnMzda.rtf)

. 
. 
. * ==============================================================================
. * 10. GRAFY — ROZLOZENI ln(plat) PODLE AI UROVNE (frekvencni kernel density per zeme)
. * ==============================================================================
. * Smooth kernel density krivky preskalovane na frekvenci (pocet pozorovani na
. * jednotku sirky binu), nikoli na hustotu (integral = 1). Preskalujeme vynasobenim
. * density hodnot poctem pozorovani ve skupine: f_freq(x) = f_density(x) * N_group.
. display _n "=============================================================="

==============================================================

. display "10. GRAFY — ROZLOZENI ln(plat) PODLE AI UROVNE (FREKVENCE)"
10. GRAFY — ROZLOZENI ln(plat) PODLE AI UROVNE (FREKVENCE)

. display "=============================================================="
==============================================================

. 
. foreach c in US DE IN {
  2.     * Spocitat N v kazdem ai_level pro danou zemi a pripravit scaled kdensity
.     capture drop _kx_* _kf_*
  3.     local plot_cmd = ""
  4.     local plot_ok = 1
  5. 
.     foreach lv in 0 1 2 {
  6.         count if country == "`c'" & ai_level == `lv' & ln_salary != .
  7.         local n_`lv' = r(N)
  8.         if `n_`lv'' < 10 {
  9.             display as text "Skupina ai_level=`lv' v `c' ma jen `n_`lv'' obs — preskakujeme kdensity."
 10.             local plot_ok = 0
 11.             continue
 12.         }
 13.         capture noisily kdensity ln_salary if country == "`c'" & ai_level == `lv', ///
>             generate(_kx_`lv' _kf_`lv') nograph
 14.         if _rc != 0 {
 15.             display as error "kdensity selhal pro `c' ai_level=`lv' (rc=" _rc ")"
 16.             local plot_ok = 0
 17.             continue
 18.         }
 19.         * Preskalovat density -> frekvence
.         replace _kf_`lv' = _kf_`lv' * `n_`lv''
 20.     }
 21. 
.     if `plot_ok' == 1 {
 22.         capture noisily twoway ///
>             (line _kf_0 _kx_0, lcolor(gs10) lpattern(solid)) ///
>             (line _kf_1 _kx_1, lcolor(navy) lpattern(dash)) ///
>             (line _kf_2 _kx_2, lcolor(maroon) lpattern(shortdash)), ///
>             title("`c': Rozlozeni ln(plat) podle urovne AI pozadavku", size(medium)) ///
>             xtitle("ln(rocni plat, USD)") ytitle("Frekvence") ///
>             legend(order(1 "None" 2 "AI Integration" 3 "Applied/Core AI") rows(1) size(small)) ///
>             graphregion(color(white)) bgcolor(white)
 23.         if _rc == 0 {
 24.             graph export "$outdir/Graf_Mzda_AI_`c'.png", replace width(1200)
 25.         }
 26.     }
 27.     capture drop _kx_* _kf_*
 28. }
  11,482
(47 real changes made)
  2,066
(46 real changes made)
  1,094
(50 real changes made)
(note: file ./output/thesis_final_run_15_Apr_2026_17-45-38/Graf_Mzda_AI_US.png not found)
(file ./output/thesis_final_run_15_Apr_2026_17-45-38/Graf_Mzda_AI_US.png written in PNG format)
  394
(49 real changes made)
  74
(50 real changes made)
  46
(50 real changes made)
(note: file ./output/thesis_final_run_15_Apr_2026_17-45-38/Graf_Mzda_AI_DE.png not found)
(file ./output/thesis_final_run_15_Apr_2026_17-45-38/Graf_Mzda_AI_DE.png written in PNG format)
  8,492
(50 real changes made)
  364
(50 real changes made)
  343
(50 real changes made)
(note: file ./output/thesis_final_run_15_Apr_2026_17-45-38/Graf_Mzda_AI_IN.png not found)
(file ./output/thesis_final_run_15_Apr_2026_17-45-38/Graf_Mzda_AI_IN.png written in PNG format)

. 
. * Doplnkova deskripce platu po ai_level a zemich (pro text kapitoly Mzdy)
. display _n "--- Deskripce platu (USD) po ai_level a zemich ---"

--- Deskripce platu (USD) po ai_level a zemich ---

. foreach c in US DE IN {
  2.     display _n "Zeme = `c'"
  3.     tabstat salary_mid ln_salary if country == "`c'", by(ai_level) ///
>         stat(count mean sd p25 p50 p75) columns(statistics)
  4. }

Zeme = US

Summary for variables: salary_mid ln_salary
     by categories of: ai_level (Uroven AI pozadavku (0/1/2))

       ai_level |         N      mean        sd       p25       p50       p75
----------------+------------------------------------------------------------
           None |     11482  119320.7  38848.23     92193  113881.5    140000
                |     11482  11.64025  .3139308  11.43164  11.64291   11.8494
----------------+------------------------------------------------------------
 AI Integration |      2066  140347.4  46997.14    106389    134334    167500
                |      2066   11.7979    .33202  11.57486  11.80808  12.02874
----------------+------------------------------------------------------------
Applied/Core AI |      1094  150497.5   48356.8    115403    148495    179000
                |      1094  11.87195  .3181903  11.65619   11.9083  12.09514
----------------+------------------------------------------------------------
          Total |     14642    124617  42148.67     95000  117868.5    147734
                |     14642  11.67981  .3261007  11.46163  11.67733  11.90317
-----------------------------------------------------------------------------

Zeme = DE

Summary for variables: salary_mid ln_salary
     by categories of: ai_level (Uroven AI pozadavku (0/1/2))

       ai_level |         N      mean        sd       p25       p50       p75
----------------+------------------------------------------------------------
           None |       394  80405.06  24813.66   65822.5   78637.5     90870
                |       394  11.24996  .3052509  11.09472   11.2726  11.41718
----------------+------------------------------------------------------------
 AI Integration |        74  84023.61  22864.34     66405     82715     99025
                |        74  11.30161  .2787382  11.10353  11.32306  11.50313
----------------+------------------------------------------------------------
Applied/Core AI |        46  93027.31  28518.22  75571.22  91743.75    108345
                |        46  11.38928  .3407656  11.23283  11.42663  11.59308
----------------+------------------------------------------------------------
          Total |       514  82055.64  25117.08   66987.5   79103.5     93200
                |       514  11.26986  .3071683  11.11226  11.27851   11.4425
-----------------------------------------------------------------------------

Zeme = IN

Summary for variables: salary_mid ln_salary
     by categories of: ai_level (Uroven AI pozadavku (0/1/2))

       ai_level |         N      mean        sd       p25       p50       p75
----------------+------------------------------------------------------------
           None |      8492  8127.626  6854.735  5113.636  6478.273   8382.83
                |      8492  8.843634   .491258  8.539666  8.776209  9.033941
----------------+------------------------------------------------------------
 AI Integration |       364    9322.7   8459.37  5216.756  6818.182  9524.449
                |       364  8.930241  .5695226  8.559629  8.827348  9.161615
----------------+------------------------------------------------------------
Applied/Core AI |       343  12121.99  13953.97  5495.818  7276.273  10259.17
                |       343  9.065072  .7147369  8.611743  8.892374  9.235928
----------------+------------------------------------------------------------
          Total |      9199  8323.851  7352.054  5113.636  6535.034  8446.625
                |      9199  8.855318  .5065257  8.539666  8.784933  9.041522
-----------------------------------------------------------------------------

. 
. 
. * ==============================================================================
. * 11. PRILOHA A — HECKMAN SELECTION MODEL PRO ln(plat) (robustness)
. * ==============================================================================
. * Motivace: v DE je pokryti platu velmi nizke (~8%). OLS z Tabulky 5 muze byt
. * vychyleny selekci (firmy, ktere plat inzeruji, nejsou nahodny vzorek).
. * Heckman selection model odhaduje pravdepodobnost inzerovani platu v 1. fazi
. * a koeficienty ln(plat) ve 2. fazi s korekci inverse Mills ratio.
. * Identifikace: bez formalni exclusion restrikce jsme odkazani na funkcni formu
. * (non-linearita IMR). Vysledky proto slouzi ciste jako robustness check.
. display _n "=============================================================="

==============================================================

. display "11. HECKMAN SELECTION — robustness check pro Tabulku 5"
11. HECKMAN SELECTION — robustness check pro Tabulku 5

. display "=============================================================="
==============================================================

. 
. foreach c in US DE IN {
  2.     display _n "=========== Zeme = `c' (Heckman) ==========="
  3.     capture noisily heckman ln_salary ///
>         cluster_* ///
>         i.ai_level ///
>         edu_bin edu_missing ///
>         exp_bin exp_missing ///
>         i.sector_nace_num ///
>         ib1.type_cat ///
>         ib5.size_cat ///
>         is_remote ///
>         if country == "`c'", ///
>         select(has_salary = cluster_* ///
>                             i.ai_level ///
>                             edu_bin edu_missing ///
>                             exp_bin exp_missing ///
>                             i.sector_nace_num ///
>                             ib1.type_cat ///
>                             ib5.size_cat ///
>                             is_remote) ///
>         vce(cluster firm_cluster)
  4.     if _rc == 0 {
  5.         estimates store heck_t5_`c'
  6.     }
  7.     else {
  8.         display as error "Heckman pro `c' selhal (rc=" _rc ")"
  9.     }
 10. }

=========== Zeme = US (Heckman) ===========

Iteration 0:   log pseudolikelihood = -11675.757  
Iteration 1:   log pseudolikelihood = -11019.506  
Iteration 2:   log pseudolikelihood = -10360.593  
Iteration 3:   log pseudolikelihood = -10248.682  
Iteration 4:   log pseudolikelihood = -10245.942  
Iteration 5:   log pseudolikelihood = -10245.359  
Iteration 6:   log pseudolikelihood =  -10245.35  
Iteration 7:   log pseudolikelihood =  -10245.35  

Heckman selection model                         Number of obs     =     17,848
(regression model with sample selection)              Selected    =     14,642
                                                      Nonselected =      3,206

                                                Wald chi2(43)     =    2570.78
Log pseudolikelihood = -10245.35                Prob > chi2       =     0.0000

                                        (Std. Err. adjusted for 8,810 clusters in firm_cluster)
-----------------------------------------------------------------------------------------------
                              |               Robust
                              |      Coef.   Std. Err.      z    P>|z|     [95% Conf. Interval]
------------------------------+----------------------------------------------------------------
ln_salary                     |
cluster_architecture__methods |   .0392465   .0074419     5.27   0.000     .0246607    .0538324
        cluster_bi__analytics |  -.0359167   .0058646    -6.12   0.000     -.047411   -.0244223
  cluster_backend_development |    .005091   .0076581     0.66   0.506    -.0099185    .0201005
       cluster_certifications |   .0018446   .0098388     0.19   0.851    -.0174391    .0211284
      cluster_cloud_computing |   .0512052   .0073959     6.92   0.000     .0367096    .0657008
     cluster_data_engineering |   .0195484   .0061797     3.16   0.002     .0074364    .0316605
     cluster_data_science__ml |   .0152682    .011995     1.27   0.203    -.0082416     .038778
   cluster_databases__storage |  -.0422673   .0063357    -6.67   0.000     -.054685   -.0298497
   cluster_devops__containers |   .0498393   .0066483     7.50   0.000     .0368089    .0628696
         cluster_dynamic__web |   .0216474   .0064431     3.36   0.001     .0090191    .0342757
  cluster_enterprise__managed |  -.0246835   .0063165    -3.91   0.000    -.0370637   -.0123033
 cluster_enterprise_platforms |  -.0058528   .0146416    -0.40   0.689    -.0345498    .0228442
 cluster_frontend_development |  -.0031065   .0065856    -0.47   0.637     -.016014    .0098011
      cluster_mobile__desktop |  -.0050972   .0096531    -0.53   0.597    -.0240168    .0138225
           cluster_networking |   .0164117   .0085987     1.91   0.056    -.0004415    .0332648
         cluster_os__embedded |   .0027323   .0077936     0.35   0.726    -.0125429    .0180075
     cluster_scripting__shell |  -.0144584   .0087147    -1.66   0.097    -.0315389    .0026222
   cluster_security__identity |   .0227557   .0063622     3.58   0.000      .010286    .0352254
  cluster_systems_programming |   .1118942   .0091808    12.19   0.000     .0939001    .1298883
cluster_testing_qa__debugging |  -.0167969   .0057372    -2.93   0.003    -.0280416   -.0055523
                              |
                     ai_level |
              AI Integration  |   .1078433   .0114761     9.40   0.000     .0853506     .130336
             Applied/Core AI  |   .1553721   .0138941    11.18   0.000     .1281402     .182604
                              |
                      edu_bin |   .1059574   .0185198     5.72   0.000     .0696593    .1422556
                  edu_missing |   .1577181   .0202385     7.79   0.000     .1180514    .1973849
                      exp_bin |   .2429299    .013635    17.82   0.000     .2162059    .2696539
                  exp_missing |   .2233065   .0176993    12.62   0.000     .1886164    .2579965
                              |
              sector_nace_num |
                           J  |   .0625717   .0187282     3.34   0.001     .0258651    .0992784
                           K  |   -.000728   .0161766    -0.05   0.964    -.0324336    .0309775
                           M  |   .0530232   .0318472     1.66   0.096    -.0093962    .1154426
                       Other  |  -.0471443   .0173507    -2.72   0.007    -.0811511   -.0131376
                           Q  |   .0036094    .023058     0.16   0.876    -.0415835    .0488023
                     Unknown  |   .0319192   .0194188     1.64   0.100     -.006141    .0699794
                              |
                     type_cat |
               Unknown/Other  |  -.0327884    .017917    -1.83   0.067    -.0679051    .0023282
                      Public  |   .0107917   .0149788     0.72   0.471    -.0185663    .0401496
           Nonprofit/Gov/Edu  |   -.053633   .0297672    -1.80   0.072    -.1119757    .0047097
                              |
                     size_cat |
                     Unknown  |  -.0776308   .0201717    -3.85   0.000    -.1171665   -.0380951
                        1-50  |  -.0880912   .0160499    -5.49   0.000    -.1195485    -.056634
                      51-200  |  -.0737525   .0148752    -4.96   0.000    -.1029073   -.0445977
                     201-500  |  -.0751964   .0157305    -4.78   0.000    -.1060277   -.0443652
                    501-1000  |  -.0234471   .0175927    -1.33   0.183    -.0579282    .0110341
                  5001-10000  |   .0288598   .0338629     0.85   0.394    -.0375103    .0952298
                      10000+  |   .0606096   .0185128     3.27   0.001     .0243252    .0968939
                              |
                    is_remote |   .0980231   .0101737     9.63   0.000     .0780831    .1179631
                        _cons |   11.21644   .0295192   379.97   0.000     11.15858    11.27429
------------------------------+----------------------------------------------------------------
has_salary                    |
cluster_architecture__methods |   .0246401   .0388139     0.63   0.526    -.0514337     .100714
        cluster_bi__analytics |   .0727599   .0303328     2.40   0.016     .0133086    .1322112
  cluster_backend_development |  -.0229271   .0310384    -0.74   0.460    -.0837612     .037907
       cluster_certifications |  -.0982215    .056103    -1.75   0.080    -.2081813    .0117384
      cluster_cloud_computing |  -.0027854   .0345249    -0.08   0.936    -.0704529    .0648822
     cluster_data_engineering |  -.0222376   .0290525    -0.77   0.444    -.0791795    .0347042
     cluster_data_science__ml |  -.0115033   .0680767    -0.17   0.866    -.1449311    .1219246
   cluster_databases__storage |   .0070568   .0304973     0.23   0.817    -.0527169    .0668304
   cluster_devops__containers |  -.0290706   .0298745    -0.97   0.331    -.0876236    .0294823
         cluster_dynamic__web |   .0401602   .0281913     1.42   0.154    -.0150937    .0954141
  cluster_enterprise__managed |  -.0126467   .0288074    -0.44   0.661    -.0691082    .0438148
 cluster_enterprise_platforms |   .1231758   .0668202     1.84   0.065    -.0077893    .2541409
 cluster_frontend_development |   .0820434   .0313862     2.61   0.009     .0205275    .1435593
      cluster_mobile__desktop |    .042529   .0387483     1.10   0.272    -.0334163    .1184743
           cluster_networking |   .0945562   .0370412     2.55   0.011     .0219569    .1671555
         cluster_os__embedded |  -.0627936   .0397152    -1.58   0.114     -.140634    .0150468
     cluster_scripting__shell |  -.0394138   .0447901    -0.88   0.379    -.1272007    .0483732
   cluster_security__identity |    .060216   .0350178     1.72   0.086    -.0084177    .1288497
  cluster_systems_programming |   .1900501   .0464402     4.09   0.000     .0990289    .2810713
cluster_testing_qa__debugging |    .019141   .0259691     0.74   0.461    -.0317575    .0700396
                              |
                     ai_level |
              AI Integration  |    .119792   .0461458     2.60   0.009     .0293479    .2102361
             Applied/Core AI  |   .1595594   .0743734     2.15   0.032     .0137903    .3053285
                              |
                      edu_bin |  -.0583309   .0804535    -0.73   0.468    -.2160169    .0993551
                  edu_missing |  -.1093049   .0865657    -1.26   0.207    -.2789705    .0603607
                      exp_bin |   .0001949   .0728725     0.00   0.998    -.1426326    .1430224
                  exp_missing |  -.1091474   .0711504    -1.53   0.125    -.2485997    .0303049
                              |
              sector_nace_num |
                           J  |  -.1847126   .1287703    -1.43   0.151    -.4370978    .0676726
                           K  |   .2980217   .1425031     2.09   0.036     .0187207    .5773228
                           M  |  -.0953495   .1465557    -0.65   0.515    -.3825934    .1918945
                       Other  |   .0537233   .1286794     0.42   0.676    -.1984837    .3059304
                           Q  |  -.0228463   .1596256    -0.14   0.886    -.3357068    .2900142
                     Unknown  |   -.261206   .1273174    -2.05   0.040    -.5107435   -.0116684
                              |
                     type_cat |
               Unknown/Other  |  -.0020286   .0682864    -0.03   0.976    -.1358675    .1318103
                      Public  |   .1072017   .0635121     1.69   0.091    -.0172797    .2316831
           Nonprofit/Gov/Edu  |   .0778943   .1016059     0.77   0.443    -.1212495    .2770381
                              |
                     size_cat |
                     Unknown  |   -.120738    .103586    -1.17   0.244    -.3237628    .0822867
                        1-50  |  -.0708773   .1092069    -0.65   0.516    -.2849189    .1431642
                      51-200  |  -.1381923   .1094107    -1.26   0.207    -.3526333    .0762487
                     201-500  |  -.0077034    .113723    -0.07   0.946    -.2305964    .2151895
                    501-1000  |   .0342136   .1166076     0.29   0.769    -.1943332    .2627603
                  5001-10000  |   .1934042      .1311     1.48   0.140     -.063547    .4503554
                      10000+  |   .0189375   .1281446     0.15   0.883    -.2322213    .2700964
                              |
                    is_remote |  -.6559382   .0432867   -15.15   0.000    -.7407786   -.5710978
                        _cons |   1.178037   .1739993     6.77   0.000      .837005     1.51907
------------------------------+----------------------------------------------------------------
                      /athrho |  -.0873656   .0392176    -2.23   0.026    -.1642306   -.0105006
                     /lnsigma |   -1.24349   .0151199   -82.24   0.000    -1.273124   -1.213855
------------------------------+----------------------------------------------------------------
                          rho |   -.087144   .0389197                     -.1627699   -.0105002
                        sigma |   .2883762   .0043602                      .2799557    .2970499
                       lambda |  -.0251303   .0113323                     -.0473411   -.0029194
-----------------------------------------------------------------------------------------------
Wald test of indep. eqns. (rho = 0): chi2(1) =     4.96   Prob > chi2 = 0.0259

=========== Zeme = DE (Heckman) ===========

Iteration 0:   log pseudolikelihood = -1666.2899  
Iteration 1:   log pseudolikelihood = -1666.2701  
Iteration 2:   log pseudolikelihood = -1666.2583  
Iteration 3:   log pseudolikelihood = -1666.2578  
Iteration 4:   log pseudolikelihood = -1666.2578  

Heckman selection model                         Number of obs     =      6,400
(regression model with sample selection)              Selected    =        514
                                                      Nonselected =      5,886

                                                Wald chi2(43)     =     181.77
Log pseudolikelihood = -1666.258                Prob > chi2       =     0.0000

                                        (Std. Err. adjusted for 3,260 clusters in firm_cluster)
-----------------------------------------------------------------------------------------------
                              |               Robust
                              |      Coef.   Std. Err.      z    P>|z|     [95% Conf. Interval]
------------------------------+----------------------------------------------------------------
ln_salary                     |
cluster_architecture__methods |  -.0129799   .0337928    -0.38   0.701    -.0792126    .0532529
        cluster_bi__analytics |   .0782979   .0363997     2.15   0.031     .0069558    .1496399
  cluster_backend_development |   .0092275   .0347909     0.27   0.791    -.0589613    .0774164
       cluster_certifications |  -.0267227   .0601285    -0.44   0.657    -.1445724     .091127
      cluster_cloud_computing |   .0001452   .0287636     0.01   0.996    -.0562305    .0565209
     cluster_data_engineering |   .0167936   .0359611     0.47   0.641     -.053689    .0872761
     cluster_data_science__ml |  -.0514928   .0558605    -0.92   0.357    -.1609775    .0579918
   cluster_databases__storage |  -.0128476   .0260576    -0.49   0.622    -.0639195    .0382244
   cluster_devops__containers |   .0359711   .0282664     1.27   0.203    -.0194301    .0913722
         cluster_dynamic__web |  -.0165604   .0328567    -0.50   0.614    -.0809584    .0478375
  cluster_enterprise__managed |  -.0870313    .029055    -3.00   0.003    -.1439781   -.0300845
 cluster_enterprise_platforms |   .1328286   .1175582     1.13   0.259    -.0975812    .3632384
 cluster_frontend_development |  -.0383816     .03488    -1.10   0.271    -.1067452    .0299819
      cluster_mobile__desktop |  -.0699552   .0435206    -1.61   0.108    -.1552541    .0153436
           cluster_networking |  -.0188407    .036192    -0.52   0.603    -.0897757    .0520944
         cluster_os__embedded |  -.0566849   .0379847    -1.49   0.136    -.1311336    .0177638
     cluster_scripting__shell |     .11988   .0442593     2.71   0.007     .0331333    .2066266
   cluster_security__identity |   .0289576   .0358487     0.81   0.419    -.0413046    .0992197
  cluster_systems_programming |   .0005428   .0421024     0.01   0.990    -.0819764     .083062
cluster_testing_qa__debugging |  -.0486866   .0377415    -1.29   0.197    -.1226586    .0252853
                              |
                     ai_level |
              AI Integration  |    .044054   .0407423     1.08   0.280    -.0357995    .1239074
             Applied/Core AI  |   .1346302   .0576029     2.34   0.019     .0217305    .2475299
                              |
                      edu_bin |   .0797158   .0438595     1.82   0.069    -.0062473    .1656789
                  edu_missing |   .0620772   .0384713     1.61   0.107    -.0133252    .1374796
                      exp_bin |   .5651658   .0779538     7.25   0.000     .4123793    .7179524
                  exp_missing |   .4434402   .0785889     5.64   0.000     .2894087    .5974717
                              |
              sector_nace_num |
                           J  |  -.2039272    .089649    -2.27   0.023     -.379636   -.0282183
                           K  |  -.2264676   .1206056    -1.88   0.060    -.4628502    .0099151
                           M  |  -.3056897   .1319318    -2.32   0.021    -.5642712   -.0471082
                       Other  |  -.2696466   .0870607    -3.10   0.002    -.4402824   -.0990108
                           Q  |  -.2893644   .0978451    -2.96   0.003    -.4811374   -.0975915
                     Unknown  |  -.3007439   .0931918    -3.23   0.001    -.4833965   -.1180914
                              |
                     type_cat |
               Unknown/Other  |   .0156366   .0426413     0.37   0.714    -.0679388     .099212
                      Public  |   .0873796   .0422338     2.07   0.039     .0046029    .1701564
           Nonprofit/Gov/Edu  |  -.0456514    .099585    -0.46   0.647    -.2408344    .1495316
                              |
                     size_cat |
                     Unknown  |   .0518473   .0777809     0.67   0.505    -.1006005    .2042951
                        1-50  |   .0199048   .0764349     0.26   0.795    -.1299047    .1697144
                      51-200  |  -.0183592   .0835015    -0.22   0.826    -.1820191    .1453006
                     201-500  |  -.0895798   .0879706    -1.02   0.309    -.2619989    .0828394
                    501-1000  |   .0575562   .1032819     0.56   0.577    -.1448727    .2599851
                  5001-10000  |  -.0807966   .0884841    -0.91   0.361    -.2542222    .0926291
                      10000+  |  -.0255529   .0965067    -0.26   0.791    -.2147025    .1635967
                              |
                    is_remote |   .0538887   .0411089     1.31   0.190    -.0266832    .1344607
                        _cons |   10.95739   .1537113    71.29   0.000     10.65612    11.25866
------------------------------+----------------------------------------------------------------
has_salary                    |
cluster_architecture__methods |  -.0346527   .0579016    -0.60   0.550    -.1481378    .0788325
        cluster_bi__analytics |   .0390377   .0787973     0.50   0.620    -.1154021    .1934776
  cluster_backend_development |   .0566278   .0627084     0.90   0.367    -.0662785    .1795341
       cluster_certifications |   .1697822   .1348836     1.26   0.208    -.0945848    .4341493
      cluster_cloud_computing |  -.1325088    .071703    -1.85   0.065    -.2730442    .0080265
     cluster_data_engineering |  -.0280049   .0761381    -0.37   0.713    -.1772329    .1212231
     cluster_data_science__ml |  -.2189947   .0958469    -2.28   0.022    -.4068511   -.0311383
   cluster_databases__storage |   .0043686   .0615843     0.07   0.943    -.1163343    .1250716
   cluster_devops__containers |   .0112858   .0628252     0.18   0.857    -.1118494     .134421
         cluster_dynamic__web |   .0315107   .0705031     0.45   0.655    -.1066728    .1696943
  cluster_enterprise__managed |  -.0021516   .0756917    -0.03   0.977    -.1505046    .1462013
 cluster_enterprise_platforms |    .121983   .1985859     0.61   0.539    -.2672381    .5112041
 cluster_frontend_development |   -.110637   .0641199    -1.73   0.084    -.2363098    .0150358
      cluster_mobile__desktop |   .0306612    .097372     0.31   0.753    -.1601843    .2215067
           cluster_networking |   .1180742   .0830562     1.42   0.155     -.044713    .2808615
         cluster_os__embedded |  -.0420451   .0799917    -0.53   0.599    -.1988259    .1147358
     cluster_scripting__shell |   .0280141   .1007886     0.28   0.781    -.1695279    .2255561
   cluster_security__identity |   .0935215    .081771     1.14   0.253    -.0667467    .2537896
  cluster_systems_programming |  -.0654486   .0973914    -0.67   0.502    -.2563321     .125435
cluster_testing_qa__debugging |   .0069665   .0663704     0.10   0.916     -.123117      .13705
                              |
                     ai_level |
              AI Integration  |   .3141002   .0952891     3.30   0.001      .127337    .5008635
             Applied/Core AI  |   .2704458   .1110144     2.44   0.015     .0528617    .4880299
                              |
                      edu_bin |  -.0570379   .0888509    -0.64   0.521    -.2311825    .1171067
                  edu_missing |   .0083444   .0811042     0.10   0.918    -.1506169    .1673058
                      exp_bin |   .0084936   .1245767     0.07   0.946    -.2356722    .2526594
                  exp_missing |  -.0664733   .1173518    -0.57   0.571    -.2964787     .163532
                              |
              sector_nace_num |
                           J  |   -.062674   .2042186    -0.31   0.759    -.4629351    .3375871
                           K  |   .2421271   .2697325     0.90   0.369    -.2865389     .770793
                           M  |   .0155472   .2715611     0.06   0.954    -.5167028    .5477972
                       Other  |   .6918415   .2445906     2.83   0.005     .2124528     1.17123
                           Q  |   .4958241   .4315444     1.15   0.251    -.3499875    1.341636
                     Unknown  |   .1474477   .2110783     0.70   0.485    -.2662582    .5611537
                              |
                     type_cat |
               Unknown/Other  |   .1602057   .1045111     1.53   0.125    -.0446324    .3650437
                      Public  |  -.0288144   .1022334    -0.28   0.778    -.2291882    .1715594
           Nonprofit/Gov/Edu  |   .3589902   .3035983     1.18   0.237    -.2360515     .954032
                              |
                     size_cat |
                     Unknown  |   .6716484   .1576702     4.26   0.000     .3626204    .9806764
                        1-50  |   .6671528   .1848484     3.61   0.000     .3048566    1.029449
                      51-200  |     .36442   .1769846     2.06   0.039     .0175364    .7113035
                     201-500  |   .0772776   .1834222     0.42   0.674    -.2822233    .4367785
                    501-1000  |   .2726234   .2262514     1.20   0.228    -.1708212     .716068
                  5001-10000  |   .3551447   .2981644     1.19   0.234    -.2292467    .9395361
                      10000+  |  -.1459606   .1952599    -0.75   0.455    -.5286629    .2367417
                              |
                    is_remote |   .2706255   .0831832     3.25   0.001     .1075894    .4336616
                        _cons |  -1.993637   .2674395    -7.45   0.000    -2.517809   -1.469465
------------------------------+----------------------------------------------------------------
                      /athrho |   .0034074   .1420792     0.02   0.981    -.2750627    .2818775
                     /lnsigma |  -1.348667   .0504069   -26.76   0.000    -1.447463   -1.249871
------------------------------+----------------------------------------------------------------
                          rho |   .0034074   .1420776                     -.2683294    .2746419
                        sigma |   .2595861   .0130849                      .2351662    .2865417
                       lambda |   .0008845   .0368804                     -.0713997    .0731687
-----------------------------------------------------------------------------------------------
Wald test of indep. eqns. (rho = 0): chi2(1) =     0.00   Prob > chi2 = 0.9809

=========== Zeme = IN (Heckman) ===========

Iteration 0:   log pseudolikelihood = -19743.594  
Iteration 1:   log pseudolikelihood = -16627.789  
Iteration 2:   log pseudolikelihood =  -15414.94  
Iteration 3:   log pseudolikelihood = -15077.778  
Iteration 4:   log pseudolikelihood = -15055.783  
Iteration 5:   log pseudolikelihood = -15054.299  
Iteration 6:   log pseudolikelihood = -15054.204  
Iteration 7:   log pseudolikelihood = -15054.203  

Heckman selection model                         Number of obs     =     14,184
(regression model with sample selection)              Selected    =      9,199
                                                      Nonselected =      4,985

                                                Wald chi2(43)     =     717.76
Log pseudolikelihood =  -15054.2                Prob > chi2       =     0.0000

                                        (Std. Err. adjusted for 6,807 clusters in firm_cluster)
-----------------------------------------------------------------------------------------------
                              |               Robust
                              |      Coef.   Std. Err.      z    P>|z|     [95% Conf. Interval]
------------------------------+----------------------------------------------------------------
ln_salary                     |
cluster_architecture__methods |  -.0070267   .0133195    -0.53   0.598    -.0331323     .019079
        cluster_bi__analytics |  -.0001208   .0129699    -0.01   0.993    -.0255413    .0252997
  cluster_backend_development |   -.002857   .0127838    -0.22   0.823    -.0279128    .0221989
       cluster_certifications |   .0643348   .0252712     2.55   0.011     .0148041    .1138655
      cluster_cloud_computing |   .0734114    .015075     4.87   0.000     .0438649    .1029579
     cluster_data_engineering |    .052705   .0140164     3.76   0.000     .0252333    .0801767
     cluster_data_science__ml |  -.0290038   .0247239    -1.17   0.241    -.0774619    .0194542
   cluster_databases__storage |   .0198514   .0122955     1.61   0.106    -.0042474    .0439501
   cluster_devops__containers |    .063029   .0139317     4.52   0.000     .0357234    .0903346
         cluster_dynamic__web |  -.0377007   .0125187    -3.01   0.003     -.062237   -.0131645
  cluster_enterprise__managed |   .0470811   .0138588     3.40   0.001     .0199184    .0742439
 cluster_enterprise_platforms |   .0137103   .0308574     0.44   0.657     -.046769    .0741896
 cluster_frontend_development |  -.0174118    .013378    -1.30   0.193    -.0436322    .0088086
      cluster_mobile__desktop |  -.0710483   .0146247    -4.86   0.000    -.0997122   -.0423844
           cluster_networking |    .001446   .0143471     0.10   0.920    -.0266738    .0295657
         cluster_os__embedded |    .010355   .0157953     0.66   0.512    -.0206033    .0413133
     cluster_scripting__shell |   .0296434   .0194521     1.52   0.128     -.008482    .0677688
   cluster_security__identity |   .0382353   .0144974     2.64   0.008      .009821    .0666497
  cluster_systems_programming |   .0333572   .0255589     1.31   0.192    -.0167373    .0834518
cluster_testing_qa__debugging |   .0217566   .0120212     1.81   0.070    -.0018046    .0453178
                              |
                     ai_level |
              AI Integration  |   .0422059   .0321751     1.31   0.190    -.0208561    .1052679
             Applied/Core AI  |   .1777043   .0444421     4.00   0.000     .0905994    .2648093
                              |
                      edu_bin |    .164898   .0329269     5.01   0.000     .1003625    .2294335
                  edu_missing |   .1822197   .0337755     5.40   0.000     .1160209    .2484185
                      exp_bin |   .2285553    .022505    10.16   0.000     .1844463    .2726643
                  exp_missing |   .1520735   .0242545     6.27   0.000     .1045356    .1996114
                              |
              sector_nace_num |
                           J  |   -.087385   .0256009    -3.41   0.001    -.1375619   -.0372081
                           K  |  -.0714002   .0326492    -2.19   0.029    -.1353913    -.007409
                           M  |  -.0527898   .0348792    -1.51   0.130    -.1211518    .0155723
                       Other  |  -.0125158    .048329    -0.26   0.796    -.1072389    .0822073
                           Q  |  -.0569675    .054118    -1.05   0.292    -.1630369    .0491018
                     Unknown  |  -.0833409   .0401059    -2.08   0.038     -.161947   -.0047348
                              |
                     type_cat |
               Unknown/Other  |   .0682121   .0364233     1.87   0.061    -.0031762    .1396003
                      Public  |  -.0102797   .0219823    -0.47   0.640    -.0533642    .0328049
           Nonprofit/Gov/Edu  |  -.0640907   .0906115    -0.71   0.479     -.241686    .1135046
                              |
                     size_cat |
                     Unknown  |   .0378197    .051827     0.73   0.466    -.0637593    .1393987
                        1-50  |  -.0137454   .0425605    -0.32   0.747    -.0971625    .0696717
                      51-200  |  -.0970603   .0330386    -2.94   0.003    -.1618148   -.0323058
                     201-500  |  -.0294873   .0377323    -0.78   0.435    -.1034412    .0444665
                    501-1000  |   .0377409    .061914     0.61   0.542    -.0836082    .1590901
                  5001-10000  |   -.068275   .0319514    -2.14   0.033    -.1308985   -.0056515
                      10000+  |  -.0781175   .0274523    -2.85   0.004     -.131923    -.024312
                              |
                    is_remote |    .240095   .0269311     8.92   0.000     .1873109     .292879
                        _cons |   8.469292   .0531835   159.25   0.000     8.365054    8.573529
------------------------------+----------------------------------------------------------------
has_salary                    |
cluster_architecture__methods |  -.0230128   .0301003    -0.76   0.445    -.0820083    .0359826
        cluster_bi__analytics |   -.000447   .0335109    -0.01   0.989    -.0661271     .065233
  cluster_backend_development |   .0750424   .0275613     2.72   0.006     .0210232    .1290617
       cluster_certifications |  -.0106351   .0510962    -0.21   0.835    -.1107817    .0895116
      cluster_cloud_computing |   .0787439    .032618     2.41   0.016     .0148138    .1426741
     cluster_data_engineering |   .0543186   .0296267     1.83   0.067    -.0037486    .1123859
     cluster_data_science__ml |   .0271006    .058897     0.46   0.645    -.0883353    .1425365
   cluster_databases__storage |  -.0191082   .0266493    -0.72   0.473    -.0713399    .0331235
   cluster_devops__containers |   .0637289   .0340687     1.87   0.061    -.0030446    .1305023
         cluster_dynamic__web |  -.0212598   .0264783    -0.80   0.422    -.0731563    .0306367
  cluster_enterprise__managed |  -.0293241   .0295293    -0.99   0.321    -.0872004    .0285522
 cluster_enterprise_platforms |  -.0716316   .0743733    -0.96   0.335    -.2174006    .0741374
 cluster_frontend_development |  -.0502362   .0306281    -1.64   0.101     -.110266    .0097937
      cluster_mobile__desktop |   .0057034   .0348772     0.16   0.870    -.0626546    .0740615
           cluster_networking |   .0067512   .0332411     0.20   0.839    -.0584001    .0719025
         cluster_os__embedded |   .1000882   .0378216     2.65   0.008     .0259593    .1742171
     cluster_scripting__shell |  -.0052864   .0451412    -0.12   0.907    -.0937616    .0831887
   cluster_security__identity |  -.0317125   .0369418    -0.86   0.391    -.1041172    .0406921
  cluster_systems_programming |  -.0227648   .0467961    -0.49   0.627    -.1144836    .0689539
cluster_testing_qa__debugging |   .0870962   .0259309     3.36   0.001     .0362727    .1379198
                              |
                     ai_level |
              AI Integration  |   .0750543   .0624734     1.20   0.230    -.0473913    .1974998
             Applied/Core AI  |   .1242573     .08058     1.54   0.123    -.0336767    .2821912
                              |
                      edu_bin |    .247014   .1595809     1.55   0.122    -.0657588    .5597868
                  edu_missing |   .2505947   .1619762     1.55   0.122    -.0668727    .5680622
                      exp_bin |   .6841965   .0526999    12.98   0.000     .5809065    .7874864
                  exp_missing |   .4611823   .0606056     7.61   0.000     .3423976     .579967
                              |
              sector_nace_num |
                           J  |  -.1892432   .0882397    -2.14   0.032    -.3621898   -.0162966
                           K  |   .1035139   .1047636     0.99   0.323    -.1018189    .3088467
                           M  |   .0832927   .1321018     0.63   0.528    -.1756221    .3422076
                       Other  |   .0115503   .1146859     0.10   0.920    -.2132299    .2363306
                           Q  |   .2156227   .2786127     0.77   0.439    -.3304481    .7616936
                     Unknown  |   .0035743   .0983701     0.04   0.971    -.1892275    .1963761
                              |
                     type_cat |
               Unknown/Other  |   .0385395   .0701517     0.55   0.583    -.0989553    .1760343
                      Public  |   .0563393   .0632446     0.89   0.373    -.0676178    .1802964
           Nonprofit/Gov/Edu  |   .0128348   .2651758     0.05   0.961    -.5069001    .5325698
                              |
                     size_cat |
                     Unknown  |  -.1138977   .0945733    -1.20   0.228    -.2992579    .0714626
                        1-50  |  -.0658363   .0785827    -0.84   0.402    -.2198556    .0881829
                      51-200  |  -.0604418    .074737    -0.81   0.419    -.2069237    .0860402
                     201-500  |  -.0544896   .0857854    -0.64   0.525    -.2226258    .1136467
                    501-1000  |  -.2934495   .1517796    -1.93   0.053    -.5909321    .0040332
                  5001-10000  |  -.1243555   .1365397    -0.91   0.362    -.3919685    .1432575
                      10000+  |   .0460649   .0817197     0.56   0.573    -.1141028    .2062326
                              |
                    is_remote |  -.5445873   .0574773    -9.47   0.000    -.6572407    -.431934
                        _cons |  -.3727218   .1885844    -1.98   0.048    -.7423404   -.0031032
------------------------------+----------------------------------------------------------------
                      /athrho |  -.0382301   .0128403    -2.98   0.003    -.0633967   -.0130635
                     /lnsigma |  -.7331419   .0201132   -36.45   0.000    -.7725631   -.6937207
------------------------------+----------------------------------------------------------------
                          rho |  -.0382115   .0128216                     -.0633119   -.0130627
                        sigma |   .4803973   .0096623                      .4618278    .4997133
                       lambda |  -.0183567   .0062336                     -.0305743   -.0061391
-----------------------------------------------------------------------------------------------
Wald test of indep. eqns. (rho = 0): chi2(1) =     8.86   Prob > chi2 = 0.0029

. 
. capture esttab heck_t5_US heck_t5_DE heck_t5_IN using "$outdir/Priloha_A_Heckman_lnMzda.rtf", replace ///
>     label b(3) se(3) star(* 0.05 ** 0.01 *** 0.001) ///
>     keep(cluster_* 1.ai_level 2.ai_level edu_bin edu_missing exp_bin exp_missing) ///
>     order(1.ai_level 2.ai_level cluster_* edu_bin edu_missing exp_bin exp_missing) ///
>     stats(N, fmt(0) labels("N")) ///
>     mtitles("USA" "Nemecko" "Indie") ///
>     title("Priloha A: Heckman selection model — ln(plat) s korekci selekce") ///
>     addnotes("Rovnice vyberu: P(plat inzerovan) — Probit s temi same kontrolami jako v druhe fazi." ///
>              "Identifikace jen funkcni formou IMR (bez exclusion restrikce) — slouzi jako robustness." ///
>              "Porovnat smer a velikost koeficientu s OLS v Tabulce 5, zvlaste pro DE.")

. 
. 
. * ==============================================================================
. * 12. PRILOHA B — CROSS-COUNTRY TEST (pooled model s interakcemi)
. * ==============================================================================
. * Motivace: Tabulky 2-5 poskytuji koeficienty separatne per zeme, ale neobsahuji
. * formalni test, ze se lisi. Zde odhadneme pooled logit/OLS s interakcemi country
. * x klicove regresory a Wald testujeme vyznamnost interakci. Vyznamny test =
. * koeficienty se napric zememi statisticky lisi; nevyznamny = nelze zamitnout
. * homogenitu.
. display _n "=============================================================="

==============================================================

. display "12. CROSS-COUNTRY TEST (pooled models s interakcemi)"
12. CROSS-COUNTRY TEST (pooled models s interakcemi)

. display "=============================================================="
==============================================================

. 
. * --- 12.1 Pooled logit: job family x country ---
. display _n "--- 12.1 Pooled logit has_ai ~ job_family x country (Tabulka 2 test) ---"

--- 12.1 Pooled logit has_ai ~ job_family x country (Tabulka 2 test) ---

. capture noisily logit has_ai ///
>     ib`sw_base'.job_family_num##ib3.country_id ///
>     edu_bin edu_missing exp_bin exp_missing ///
>     i.sector_nace_num ib1.type_cat ib5.size_cat is_remote, ///
>     vce(cluster firm_cluster)

Iteration 0:   log pseudolikelihood = -16737.106  
Iteration 1:   log pseudolikelihood = -14835.514  
Iteration 2:   log pseudolikelihood = -14627.317  
Iteration 3:   log pseudolikelihood = -14437.162  
Iteration 4:   log pseudolikelihood = -14436.896  
Iteration 5:   log pseudolikelihood = -14436.896  

Logistic regression                             Number of obs     =     38,432
                                                Wald chi2(41)     =    2869.79
                                                Prob > chi2       =     0.0000
Log pseudolikelihood = -14436.896               Pseudo R2         =     0.1374

                                   (Std. Err. adjusted for 18,877 clusters in firm_cluster)
-------------------------------------------------------------------------------------------
                          |               Robust
                   has_ai |      Coef.   Std. Err.      z    P>|z|     [95% Conf. Interval]
--------------------------+----------------------------------------------------------------
           job_family_num |
               Data & AI  |    1.18004   .0910798    12.96   0.000     1.001527    1.358553
          DevOps & Cloud  |  -.5376055   .0874566    -6.15   0.000    -.7090173   -.3661937
              Management  |    .070575   .1034367     0.68   0.495    -.1321572    .2733073
                   Other  |  -.7225593   .0663919   -10.88   0.000     -.852685   -.5924336
      Software Developer  |  -.6348948   .0792947    -8.01   0.000    -.7903096   -.4794801
   Sr+ Software Engineer  |   .1399072    .085947     1.63   0.104    -.0285458    .3083602
                          |
               country_id |
                      DE  |   -.647715   .1410873    -4.59   0.000    -.9242411   -.3711889
                      IN  |  -1.280171   .1187306   -10.78   0.000    -1.512879   -1.047463
                          |
job_family_num#country_id |
            Data & AI#DE  |   1.790918   .2082323     8.60   0.000      1.38279    2.199046
            Data & AI#IN  |   .8945853   .1605317     5.57   0.000     .5799489    1.209222
       DevOps & Cloud#DE  |   .3711888   .1825704     2.03   0.042     .0133573    .7290202
       DevOps & Cloud#IN  |  -.4069782   .1949654    -2.09   0.037    -.7891033   -.0248531
           Management#DE  |    .422032   .1852918     2.28   0.023     .0588668    .7851971
           Management#IN  |    .117687   .1810311     0.65   0.516    -.2371274    .4725013
                Other#DE  |   .1499126   .1650613     0.91   0.364    -.1736015    .4734268
                Other#IN  |  -.2214096   .1452597    -1.52   0.127    -.5061133     .063294
   Software Developer#DE  |   .4568466   .1663759     2.75   0.006     .1307558    .7829373
   Software Developer#IN  |  -.3767321   .1523638    -2.47   0.013    -.6753596   -.0781046
Sr+ Software Engineer#DE  |   .4134713   .1792185     2.31   0.021     .0622095    .7647331
Sr+ Software Engineer#IN  |  -.2577961   .1784754    -1.44   0.149    -.6076015    .0920094
                          |
                  edu_bin |   .9498839   .1181877     8.04   0.000     .7182403    1.181528
              edu_missing |   1.014343   .1202084     8.44   0.000     .7787392    1.249948
                  exp_bin |    .204933   .0858061     2.39   0.017     .0367562    .3731099
              exp_missing |  -.0261242    .094006    -0.28   0.781    -.2103727    .1581242
                          |
          sector_nace_num |
                       J  |   .4647182   .0808425     5.75   0.000     .3062699    .6231665
                       K  |    .172608   .1048502     1.65   0.100    -.0328946    .3781106
                       M  |   .4232279   .1410521     3.00   0.003      .146771    .6996849
                   Other  |   .0761308   .1015144     0.75   0.453    -.1228337    .2750954
                       Q  |   .4413699   .1388478     3.18   0.001     .1692332    .7135065
                 Unknown  |   .4926931   .0957242     5.15   0.000     .3050771    .6803091
                          |
                 type_cat |
           Unknown/Other  |    .010222   .0717068     0.14   0.887    -.1303208    .1507647
                  Public  |   .0060311   .0565857     0.11   0.915    -.1048748     .116937
       Nonprofit/Gov/Edu  |    .121674   .1714002     0.71   0.478    -.2142641    .4576122
                          |
                 size_cat |
                 Unknown  |  -.1299253   .0951827    -1.37   0.172    -.3164799    .0566293
                    1-50  |  -.2087611   .0901673    -2.32   0.021    -.3854857   -.0320364
                  51-200  |  -.0064249   .0880957    -0.07   0.942    -.1790893    .1662395
                 201-500  |  -.0088102   .0985603    -0.09   0.929    -.2019848    .1843644
                501-1000  |  -.0676753   .1098176    -0.62   0.538    -.2829139    .1475633
              5001-10000  |  -.0906223   .1040451    -0.87   0.384     -.294547    .1133025
                  10000+  |   .1607368   .0851139     1.89   0.059    -.0060834     .327557
                          |
                is_remote |   .3920479   .0458363     8.55   0.000     .3022104    .4818854
                    _cons |  -2.509441   .1837222   -13.66   0.000     -2.86953   -2.149352
-------------------------------------------------------------------------------------------

. if _rc == 0 {
.     display _n "Wald test: vsechny interakce job_family x country = 0"

Wald test: vsechny interakce job_family x country = 0
.     testparm i.job_family_num#i.country_id

 ( 1)  [has_ai]1.job_family_num#1.country_id = 0
 ( 2)  [has_ai]1.job_family_num#2.country_id = 0
 ( 3)  [has_ai]2.job_family_num#1.country_id = 0
 ( 4)  [has_ai]2.job_family_num#2.country_id = 0
 ( 5)  [has_ai]3.job_family_num#1.country_id = 0
 ( 6)  [has_ai]3.job_family_num#2.country_id = 0
 ( 7)  [has_ai]4.job_family_num#1.country_id = 0
 ( 8)  [has_ai]4.job_family_num#2.country_id = 0
 ( 9)  [has_ai]5.job_family_num#1.country_id = 0
 (10)  [has_ai]5.job_family_num#2.country_id = 0
 (11)  [has_ai]7.job_family_num#1.country_id = 0
 (12)  [has_ai]7.job_family_num#2.country_id = 0

           chi2( 12) =  155.51
         Prob > chi2 =    0.0000
. }

. 
. * --- 12.2 Pooled logit: skill clustery x country ---
. display _n "--- 12.2 Pooled logit has_ai ~ skill_clusters x country (Tabulka 3 test) ---"

--- 12.2 Pooled logit has_ai ~ skill_clusters x country (Tabulka 3 test) ---

. capture noisily logit has_ai ///
>     c.cluster_cloud_computing##ib3.country_id ///
>     c.cluster_data_science__ml##ib3.country_id ///
>     c.cluster_backend_development##ib3.country_id ///
>     cluster_* ///
>     edu_bin edu_missing exp_bin exp_missing ///
>     i.sector_nace_num ib1.type_cat ib5.size_cat is_remote, ///
>     vce(cluster firm_cluster)

note: cluster_backend_development omitted because of collinearity
note: cluster_cloud_computing omitted because of collinearity
note: cluster_data_science__ml omitted because of collinearity
Iteration 0:   log pseudolikelihood = -16737.106  
Iteration 1:   log pseudolikelihood = -12915.059  
Iteration 2:   log pseudolikelihood = -12594.268  
Iteration 3:   log pseudolikelihood = -12132.214  
Iteration 4:   log pseudolikelihood = -12128.655  
Iteration 5:   log pseudolikelihood = -12128.655  

Logistic regression                             Number of obs     =     38,432
                                                Wald chi2(49)     =    3751.53
                                                Prob > chi2       =     0.0000
Log pseudolikelihood = -12128.655               Pseudo R2         =     0.2753

                                                  (Std. Err. adjusted for 18,877 clusters in firm_cluster)
----------------------------------------------------------------------------------------------------------
                                         |               Robust
                                  has_ai |      Coef.   Std. Err.      z    P>|z|     [95% Conf. Interval]
-----------------------------------------+----------------------------------------------------------------
                 cluster_cloud_computing |   .4558947   .0580858     7.85   0.000     .3420487    .5697408
                                         |
                              country_id |
                                     DE  |  -.0387458   .0975584    -0.40   0.691    -.2299568    .1524651
                                     IN  |  -1.346677   .1069806   -12.59   0.000    -1.556355   -1.136999
                                         |
    country_id#c.cluster_cloud_computing |
                                     DE  |   .0778723   .1042135     0.75   0.455    -.1263823     .282127
                                     IN  |   .1215106   .0964749     1.26   0.208    -.0675768     .310598
                                         |
                cluster_data_science__ml |   2.940932   .0867509    33.90   0.000     2.770904    3.110961
                                         |
   country_id#c.cluster_data_science__ml |
                                     DE  |  -.9450311   .1450838    -6.51   0.000     -1.22939   -.6606722
                                     IN  |  -.3335247   .1299678    -2.57   0.010    -.5882569   -.0787924
                                         |
             cluster_backend_development |   .1556173   .0567477     2.74   0.006     .0443938    .2668408
                                         |
country_id#c.cluster_backend_development |
                                     DE  |   .2126004   .1023087     2.08   0.038     .0120791    .4131218
                                     IN  |  -.1285568   .0988846    -1.30   0.194    -.3223671    .0652535
                                         |
           cluster_architecture__methods |  -.0112504   .0480309    -0.23   0.815    -.1053892    .0828883
                   cluster_bi__analytics |   .2508995   .0423997     5.92   0.000     .1677977    .3340013
             cluster_backend_development |          0  (omitted)
                  cluster_certifications |  -.2837246    .087003    -3.26   0.001    -.4542474   -.1132018
                 cluster_cloud_computing |          0  (omitted)
                cluster_data_engineering |   .3619085   .0424585     8.52   0.000     .2786914    .4451255
                cluster_data_science__ml |          0  (omitted)
              cluster_databases__storage |  -.1605406   .0414215    -3.88   0.000    -.2417253   -.0793559
              cluster_devops__containers |    .099094   .0439674     2.25   0.024     .0129196    .1852685
                    cluster_dynamic__web |   .6892127   .0438531    15.72   0.000     .6032623    .7751631
             cluster_enterprise__managed |  -.4769863   .0436952   -10.92   0.000    -.5626274   -.3913452
            cluster_enterprise_platforms |   .2804075   .0887198     3.16   0.002     .1065198    .4542952
            cluster_frontend_development |   .2671771   .0451215     5.92   0.000     .1787406    .3556135
                 cluster_mobile__desktop |  -.1447003   .0621168    -2.33   0.020    -.2664469   -.0229537
                      cluster_networking |  -.0896128   .0497306    -1.80   0.072     -.187083    .0078575
                    cluster_os__embedded |  -.4418159   .0595173    -7.42   0.000    -.5584676   -.3251642
                cluster_scripting__shell |  -.5145064   .0743222    -6.92   0.000    -.6601752   -.3688376
              cluster_security__identity |  -.0509225   .0481145    -1.06   0.290    -.1452252    .0433802
             cluster_systems_programming |   .2611552   .0596042     4.38   0.000     .1443331    .3779774
           cluster_testing_qa__debugging |  -.0487006   .0382177    -1.27   0.203    -.1236058    .0262047
                                 edu_bin |   .8739711   .1321777     6.61   0.000     .6149075    1.133035
                             edu_missing |   .9465438   .1337609     7.08   0.000     .6843771     1.20871
                                 exp_bin |   .2455234   .0946776     2.59   0.010     .0599586    .4310882
                             exp_missing |   .0804677   .1017324     0.79   0.429    -.1189241    .2798595
                                         |
                         sector_nace_num |
                                      J  |   .5015613   .0904789     5.54   0.000     .3242259    .6788967
                                      K  |   .2664796   .1142031     2.33   0.020     .0426455    .4903136
                                      M  |   .4103562   .1501417     2.73   0.006     .1160838    .7046286
                                  Other  |    .136392   .1115068     1.22   0.221    -.0821573    .3549412
                                      Q  |   .4743862   .1507086     3.15   0.002     .1790028    .7697695
                                Unknown  |   .5106978   .1080114     4.73   0.000     .2989993    .7223964
                                         |
                                type_cat |
                          Unknown/Other  |     .05716    .077521     0.74   0.461    -.0947784    .2090985
                                 Public  |    .041386   .0627821     0.66   0.510    -.0816646    .1644366
                      Nonprofit/Gov/Edu  |   .1985504   .1821544     1.09   0.276    -.1584657    .5555665
                                         |
                                size_cat |
                                Unknown  |  -.2241294   .1053911    -2.13   0.033    -.4306922   -.0175665
                                   1-50  |  -.3518955   .1009103    -3.49   0.000     -.549676    -.154115
                                 51-200  |  -.1077862   .0983985    -1.10   0.273    -.3006438    .0850713
                                201-500  |   .0170529    .107549     0.16   0.874    -.1937392    .2278451
                               501-1000  |  -.0975226   .1260554    -0.77   0.439    -.3445867    .1495416
                             5001-10000  |  -.0720313   .1203272    -0.60   0.549    -.3078683    .1638056
                                 10000+  |   .1473733   .0958891     1.54   0.124    -.0405659    .3353125
                                         |
                               is_remote |   .3819634   .0521263     7.33   0.000     .2797977    .4841292
                                   _cons |  -4.090778   .2095099   -19.53   0.000     -4.50141   -3.680146
----------------------------------------------------------------------------------------------------------

. if _rc == 0 {
.     display _n "Wald test: kluicove skill cluster interakce = 0"

Wald test: kluicove skill cluster interakce = 0
.     testparm c.cluster_cloud_computing#i.country_id ///
>              c.cluster_data_science__ml#i.country_id ///
>              c.cluster_backend_development#i.country_id

 ( 1)  [has_ai]1.country_id#c.cluster_cloud_computing = 0
 ( 2)  [has_ai]2.country_id#c.cluster_cloud_computing = 0
 ( 3)  [has_ai]1.country_id#c.cluster_data_science__ml = 0
 ( 4)  [has_ai]2.country_id#c.cluster_data_science__ml = 0
 ( 5)  [has_ai]1.country_id#c.cluster_backend_development = 0
 ( 6)  [has_ai]2.country_id#c.cluster_backend_development = 0

           chi2(  6) =   58.48
         Prob > chi2 =    0.0000
. }

. 
. * --- 12.3 Pooled OLS ln(plat): AI tier x country ---
. display _n "--- 12.3 Pooled OLS ln_salary ~ ai_level x country (Tabulka 5 test) ---"

--- 12.3 Pooled OLS ln_salary ~ ai_level x country (Tabulka 5 test) ---

. capture noisily regress ln_salary ///
>     i.ai_level##ib3.country_id ///
>     cluster_* ///
>     edu_bin edu_missing exp_bin exp_missing ///
>     i.sector_nace_num ib1.type_cat ib5.size_cat is_remote ///
>     if ln_salary != ., vce(cluster firm_cluster)

Linear regression                               Number of obs     =     24,355
                                                F(49, 12318)      =    2775.02
                                                Prob > F          =     0.0000
                                                R-squared         =     0.9287
                                                Root MSE          =     .38022

                                       (Std. Err. adjusted for 12,319 clusters in firm_cluster)
-----------------------------------------------------------------------------------------------
                              |               Robust
                    ln_salary |      Coef.   Std. Err.      t    P>|t|     [95% Conf. Interval]
------------------------------+----------------------------------------------------------------
                     ai_level |
              AI Integration  |   .1163718   .0117577     9.90   0.000     .0933248    .1394187
             Applied/Core AI  |    .170271   .0145396    11.71   0.000     .1417712    .1987708
                              |
                   country_id |
                          DE  |   -.361513   .0193389   -18.69   0.000    -.3994203   -.3236056
                          IN  |   -2.79673   .0121395  -230.38   0.000    -2.820526   -2.772935
                              |
          ai_level#country_id |
           AI Integration#DE  |  -.0990197   .0379116    -2.61   0.009    -.1733323   -.0247071
           AI Integration#IN  |  -.0653937   .0347455    -1.88   0.060    -.1335003    .0027129
          Applied/Core AI#DE  |  -.0589257   .0532277    -1.11   0.268    -.1632603    .0454089
          Applied/Core AI#IN  |   .0097557   .0436677     0.22   0.823    -.0758399    .0953513
                              |
cluster_architecture__methods |   .0178222   .0072075     2.47   0.013     .0036943      .03195
        cluster_bi__analytics |  -.0260301   .0058848    -4.42   0.000    -.0375652   -.0144951
  cluster_backend_development |   .0019204   .0073752     0.26   0.795    -.0125362     .016377
       cluster_certifications |   .0239777   .0118512     2.02   0.043     .0007474     .047208
      cluster_cloud_computing |   .0558201   .0075117     7.43   0.000      .041096    .0705441
     cluster_data_engineering |   .0301204   .0066561     4.53   0.000     .0170734    .0431673
     cluster_data_science__ml |   .0007887   .0124386     0.06   0.949    -.0235929    .0251702
   cluster_databases__storage |  -.0163241   .0062303    -2.62   0.009    -.0285364   -.0041118
   cluster_devops__containers |   .0566783   .0067418     8.41   0.000     .0434633    .0698934
         cluster_dynamic__web |   .0022995   .0064901     0.35   0.723    -.0104221    .0150211
  cluster_enterprise__managed |   .0013506   .0065793     0.21   0.837    -.0115458    .0142471
 cluster_enterprise_platforms |   .0012681   .0143541     0.09   0.930    -.0268682    .0294044
 cluster_frontend_development |  -.0084787    .006735    -1.26   0.208    -.0216803    .0047229
      cluster_mobile__desktop |  -.0266036   .0088211    -3.02   0.003    -.0438944   -.0093128
           cluster_networking |   .0140338   .0083228     1.69   0.092    -.0022803    .0303479
         cluster_os__embedded |    .000857   .0076731     0.11   0.911    -.0141834    .0158974
     cluster_scripting__shell |   .0021251   .0089828     0.24   0.813    -.0154826    .0197327
   cluster_security__identity |   .0262119   .0066986     3.91   0.000     .0130815    .0393423
  cluster_systems_programming |   .0927391   .0107406     8.63   0.000     .0716858    .1137925
cluster_testing_qa__debugging |  -.0010895   .0059692    -0.18   0.855      -.01279    .0106111
                      edu_bin |   .1117231   .0157576     7.09   0.000     .0808358    .1426104
                  edu_missing |   .1452602   .0166847     8.71   0.000     .1125556    .1779648
                      exp_bin |    .237023   .0117587    20.16   0.000      .213974     .260072
                  exp_missing |   .1851954   .0142987    12.95   0.000     .1571677     .213223
                              |
              sector_nace_num |
                           J  |   .0065966   .0177051     0.37   0.709    -.0281082    .0413015
                           K  |  -.0277776   .0157306    -1.77   0.077    -.0586121    .0030568
                           M  |  -.0031142   .0261666    -0.12   0.905    -.0544047    .0481764
                       Other  |  -.0450403   .0184637    -2.44   0.015    -.0812321   -.0088486
                           Q  |  -.0204967   .0222501    -0.92   0.357    -.0641103     .023117
                     Unknown  |   .0062758   .0203877     0.31   0.758    -.0336873    .0462389
                              |
                     type_cat |
               Unknown/Other  |    .039877   .0185766     2.15   0.032     .0034639      .07629
                      Public  |   .0009901   .0133349     0.07   0.941    -.0251483    .0271286
           Nonprofit/Gov/Edu  |  -.0666774   .0288219    -2.31   0.021    -.1231728    -.010182
                              |
                     size_cat |
                     Unknown  |  -.0296354   .0206177    -1.44   0.151    -.0700492    .0107785
                        1-50  |  -.0676375   .0185861    -3.64   0.000    -.1040692   -.0312059
                      51-200  |  -.0832917   .0149584    -5.57   0.000    -.1126125   -.0539709
                     201-500  |  -.0634709   .0162833    -3.90   0.000    -.0953887    -.031553
                    501-1000  |  -.0040981   .0219926    -0.19   0.852     -.047207    .0390108
                  5001-10000  |   .0008161   .0253606     0.03   0.974    -.0488947    .0505268
                      10000+  |   .0121892   .0171976     0.71   0.478    -.0215207    .0458992
                              |
                    is_remote |   .1312669   .0100578    13.05   0.000      .111552    .1509817
                        _cons |   11.23696   .0269385   417.13   0.000     11.18416    11.28976
-----------------------------------------------------------------------------------------------

. if _rc == 0 {
.     display _n "Wald test: interakce ai_level x country = 0 (AI-premium se mezi zememi lisi?)"

Wald test: interakce ai_level x country = 0 (AI-premium se mezi zememi lisi?)
.     testparm i.ai_level#i.country_id

 ( 1)  1.ai_level#1.country_id = 0
 ( 2)  1.ai_level#2.country_id = 0
 ( 3)  2.ai_level#1.country_id = 0
 ( 4)  2.ai_level#2.country_id = 0

       F(  4, 12318) =    2.51
            Prob > F =    0.0397
. }

. 
. 
. * ==============================================================================
. * 13. ZAVER
. * ==============================================================================
. * Vratit cluster_generative_ai pro pripad dalsi prace s datasetem
. rename _excl_genai cluster_generative_ai

. 
. display _n "=============================================================="

==============================================================

. display "FINALNI TEZISTOVA ANALYZA DOKONCENA"
FINALNI TEZISTOVA ANALYZA DOKONCENA

. display "=============================================================="
==============================================================

. display "Vystupy ulozeny do: $outdir"
Vystupy ulozeny do: ./output/thesis_final_run_15_Apr_2026_17-45-38

. display "Log: $outdir/ai_skills_thesis_final.log"
Log: ./output/thesis_final_run_15_Apr_2026_17-45-38/ai_skills_thesis_final.log

. 
. save "$outdir/ai_skills_thesis_final_processed.dta", replace
(note: file ./output/thesis_final_run_15_Apr_2026_17-45-38/ai_skills_thesis_final_processed.dta not found)
file ./output/thesis_final_run_15_Apr_2026_17-45-38/ai_skills_thesis_final_processed.dta saved

. 
. log close
      name:  <unnamed>
       log:  C:\Users\murcj\Projects\glassdoor-jobs-ai-skills\analysis\stata\output/thesis_final_run_15_Apr_2026_17-45-38/ai_skills_thesis_final.log
  log type:  text
 closed on:  15 Apr 2026, 17:52:54
---------------------------------------------------------------------------------------------------------------------------------------------------------------------------------------------
