---------------------------------------------------------------------------------------------------------------------------------------------------------------------------------------------
      name:  <unnamed>
       log:  C:\Users\murcj\Projects\glassdoor-jobs-ai-skills\analysis\stata\output/comparative_run_14_Apr_2026_22-06-10/ai_skills_comparative_analysis.log
  log type:  text
 opened on:  14 Apr 2026, 22:06:10

. 
. 
. * ==============================================================================
. * 2. IMPORT DAT A APPEND
. * ==============================================================================
. display _n "=============================================================="

==============================================================

. display "2. IMPORT A APPEND DATASETU (US + DE + IN)"
2. IMPORT A APPEND DATASETU (US + DE + IN)

. display "=============================================================="
==============================================================

. 
. * 2.1 US
. import delimited "$datadir/us_relevant_ai_stata.csv", delimiter(";") clear varnames(1) encoding(utf8)
(75 vars, 18,464 obs)

. capture drop country

. gen country = "US"

. display "US import: " _N " pozorovani"
US import: 18464 pozorovani

. tempfile us_data

. save `us_data'
file C:\Users\murcj\AppData\Local\Temp\ST_6c14_000001.tmp saved

. 
. * 2.2 DE
. import delimited "$datadir/de/de_relevant_ai_stata.csv", delimiter(";") clear varnames(1) encoding(utf8)
(75 vars, 9,254 obs)

. capture drop country

. gen country = "DE"

. display "DE import: " _N " pozorovani"
DE import: 9254 pozorovani

. tempfile de_data

. save `de_data'
file C:\Users\murcj\AppData\Local\Temp\ST_6c14_000002.tmp saved

. 
. * 2.3 IN
. import delimited "$datadir/in_relevant_ai_stata.csv", delimiter(";") clear varnames(1) encoding(utf8)
(75 vars, 17,114 obs)

. capture drop country

. gen country = "IN"

. display "IN import: " _N " pozorovani"
IN import: 17114 pozorovani

. tempfile in_data

. save `in_data'
file C:\Users\murcj\AppData\Local\Temp\ST_6c14_000003.tmp saved

. 
. * 2.4 Append do sdruceneho datasetu
. use `us_data', clear

. append using `de_data', force
(note: variable skill_cluster was byte in the using data, but will be str1217 now)
(note: variable website was byte in the using data, but will be str127 now)
(note: variable job_title was str131, now str154 to accommodate using data's values)
(note: variable location was str32, now str34 to accommodate using data's values)
(note: variable company was str81, now str92 to accommodate using data's values)
(note: variable city was str32, now str34 to accommodate using data's values)
(note: variable ceo was str64, now str102 to accommodate using data's values)
(note: variable headquarters was str37, now str51 to accommodate using data's values)
(note: variable industry was str40, now str58 to accommodate using data's values)
(note: variable revenue was str32, now str40 to accommodate using data's values)
(note: variable size was str23, now str28 to accommodate using data's values)
(note: variable type was str30, now str42 to accommodate using data's values)

. append using `in_data', force
(note: variable skill_cluster was byte in the using data, but will be str1217 now)
(note: variable website was byte in the using data, but will be str127 now)
(note: variable skills was str576, now str622 to accommodate using data's values)
(note: variable skills_ai_det was str98, now str112 to accommodate using data's values)
(note: variable desc_ai_llm was str400, now str613 to accommodate using data's values)
(note: variable job_title was str154, now str186 to accommodate using data's values)

. 
. display _n "Pocet pozorovani celkem po spojeni (US+DE+IN): " _N

Pocet pozorovani celkem po spojeni (US+DE+IN): 44832

. tab country, missing

    country |      Freq.     Percent        Cum.
------------+-----------------------------------
         DE |      9,254       20.64       20.64
         IN |     17,114       38.17       58.82
         US |     18,464       41.18      100.00
------------+-----------------------------------
      Total |     44,832      100.00

. 
. * Country jako faktorova promenna (encode abecedne: DE=1, IN=2, US=3)
. encode country, generate(country_id)

. label variable country_id "Zeme povodu inzeratu (DE=1, IN=2, US=3)"

. * POZN: V regresich pouzivame ib3.country_id (baseline = US), protoze
. * USA jsou hlavni referencni trh pro komparativni kapitolu. Koeficienty
. * 1.country_id (DE) a 2.country_id (IN) tedy vyjadruji odchylku od US.
. 
. 
. * ==============================================================================
. * 3. CISTENI A PRIPRAVA DAT
. * ==============================================================================
. * Nasledujici kroky odpovidaji cisteni v ai_skills_analysis.do; komentare jsou
. * zkracene, detailni vysvetleni viz hlavni do-file.
. 
. display _n "=============================================================="

==============================================================

. display "3. CISTENI A PRIPRAVA DAT"
3. CISTENI A PRIPRAVA DAT

. display "=============================================================="
==============================================================

. 
. * --- 3.0 Confidence filter a vyrazeni starych inzeratu ---
. keep if desc_conf_llm >= 0.7
(6,384 observations deleted)

. display "Po filtru confidence >= 0.7: " _N
Po filtru confidence >= 0.7: 38448

. 
. gen date_format_discover = date(substr(discover_date, 1, 10), "YMD")

. format date_format_discover %td

. destring age_in_days, replace force
age_in_days already numeric; no replace

. gen real_post_date = date_format_discover - age_in_days

. format real_post_date %td

. gen post_year = year(real_post_date)

. drop if post_year <= 2023
(12 observations deleted)

. display "Po vyrazeni <= 2023: " _N
Po vyrazeni <= 2023: 38436

. 
. * --- 3.1 AI tier klasifikace ---
. replace desc_tier_llm = "missing" if desc_tier_llm == ""
(0 real changes made)

. replace desc_tier_llm = "applied_ai" if desc_tier_llm == "core_ai"
(90 real changes made)

. encode desc_tier_llm, generate(ai_tier_num)

. 
. * --- 3.2 has_ai + ai_level ---
. gen has_ai = (desc_tier_llm != "none" & desc_tier_llm != "missing")

. label variable has_ai "AI Job (desc_tier_llm in {ai_integration, applied_ai})"

. 
. gen ai_level = 0

. replace ai_level = 1 if desc_tier_llm == "ai_integration"
(3,370 real changes made)

. replace ai_level = 2 if desc_tier_llm == "applied_ai"
(2,359 real changes made)

. label define ailevel_lbl 0 "None" 1 "AI Integration" 2 "Applied/Core AI"

. label values ai_level ailevel_lbl

. label variable ai_level "Uroven AI pozadavku (0/1/2)"

. 
. * --- 3.3 Vzdelani (hybridni) ---
. gen education_hybrid = lower(edulevel_llm)
(4 missing values generated)

. replace education_hybrid = subinstr(education_hybrid, "'s", "", .)
(16,072 real changes made)

. replace education_hybrid = "highschool" if education_hybrid == "high school"
(361 real changes made)

. replace education_hybrid = "missing" if education_hybrid == "-" | education_hybrid == ""
(21,043 real changes made)

. replace education_hybrid = edu_level_det if education_hybrid == "missing" & edu_level_det != ""
(4,519 real changes made)

. replace education_hybrid = "missing" if education_hybrid == ""
(0 real changes made)

. replace education_hybrid = "master" if education_hybrid == "phd"
(40 real changes made)

. 
. * edu_ols: granularni pro OLS
. gen edu_ols = .
(38,436 missing values generated)

. replace edu_ols = 0 if education_hybrid == "missing"
(16,524 real changes made)

. replace edu_ols = 1 if education_hybrid == "highschool"
(460 real changes made)

. replace edu_ols = 2 if education_hybrid == "associate"
(1,174 real changes made)

. replace edu_ols = 3 if education_hybrid == "bachelor"
(19,153 real changes made)

. replace edu_ols = 4 if education_hybrid == "master"
(1,125 real changes made)

. label define edu_ols_lbl 0 "Missing" 1 "High School" 2 "Associate" 3 "Bachelor" 4 "Master+"

. label values edu_ols edu_ols_lbl

. label variable edu_ols "Vzdelani (granularni pro OLS)"

. 
. * edu_logit: 3-urovnova pro binarni logit
. gen edu_logit = .
(38,436 missing values generated)

. replace edu_logit = 0 if inlist(education_hybrid, "missing", "")
(16,524 real changes made)

. replace edu_logit = 1 if inlist(education_hybrid, "highschool", "associate")
(1,634 real changes made)

. replace edu_logit = 2 if inlist(education_hybrid, "bachelor", "master")
(20,278 real changes made)

. label define edu_logit_lbl 0 "Missing" 1 "HS / Associate" 2 "Bachelor or Higher"

. label values edu_logit edu_logit_lbl

. label variable edu_logit "Vzdelani (3 urovne pro binarni logit)"

. 
. * Deskriptivni 3-urovnova kategorie (nezavisla na edu_logit)
. gen edu_cat = edu_logit

. label values edu_cat edu_logit_lbl

. label variable edu_cat "Pozadovane vzdelani (3 urovne, deskriptivni)"

. 
. * --- 3.4 Zkusenosti ---
. destring experience_min_llm, replace force
experience_min_llm: contains nonnumeric characters; replaced as double
(7599 missing values generated)

. label variable experience_min_llm "Min. pozadovane roky zkusenosti"

. 
. gen exp_category = .
(38,436 missing values generated)

. replace exp_category = 0 if experience_min_llm == .
(7,599 real changes made)

. replace exp_category = 2 if experience_min_llm >= 0 & experience_min_llm <= 2
(7,951 real changes made)

. replace exp_category = 3 if experience_min_llm > 2 & experience_min_llm <= 5
(16,174 real changes made)

. replace exp_category = 4 if experience_min_llm > 5 & experience_min_llm < .
(6,712 real changes made)

. label define exp_lbl 0 "Missing" 2 "Junior (0-2)" 3 "Mid (3-5)" 4 "Senior+ (6+)"

. label values exp_category exp_lbl

. label variable exp_category "Kategorie seniority"

. 
. gen experience_sq = experience_min_llm^2
(7,599 missing values generated)

. label variable experience_sq "Zkusenosti na druhou (Mincer)"

. 
. * --- 3.5 Plat — prevod na USD a rocni bazi ---
. destring salary_min salary_mid salary_max, replace force
salary_min already numeric; no replace
salary_mid already numeric; no replace
salary_max already numeric; no replace

. 
. display _n "--- 3.5 Konverze men na USD (Sep-Oct 2025 prumer) ---"

--- 3.5 Konverze men na USD (Sep-Oct 2025 prumer) ---

. * Pevne kurzy: prumer za obdobi scrapingu (ECB / RBI).
. local eur_usd = 1.165

. local inr_usd = 88

. 
. * Vyrazeni radku s nestandardnimi / chybejicimi menami
. *   DE: COP + USD radky s null mzdou
. *   IN: 2 radky s prazdnou menou, ale nenulovou mzdou (neznama mena)
. drop if country == "DE" & !inlist(pay_currency, "EUR", "")
(2 observations deleted)

. drop if country == "IN" & pay_currency == "" & salary_mid != .
(2 observations deleted)

. 
. foreach var of varlist salary_min salary_mid salary_max {
  2.     replace `var' = `var' * `eur_usd' if pay_currency == "EUR"
  3.     replace `var' = `var' / `inr_usd' if pay_currency == "INR"
  4. }
(516 real changes made)
(10,049 real changes made)
(516 real changes made)
(10,049 real changes made)
(516 real changes made)
(10,049 real changes made)

. display "Vsechny platy nyni v USD."
Vsechny platy nyni v USD.

. 
. * Prepocet hodinovych mezd na rocni (country-specific)
. * US: 2080 h/rok (40h x 52w), DE: 1607 h (OECD 2024), IN: 1920 h (48h x 40w)
. foreach var of varlist salary_min salary_mid salary_max {
  2.     replace `var' = `var' * 2080 if pay_period == "HOURLY" & country == "US"
  3.     replace `var' = `var' * 1607 if pay_period == "HOURLY" & country == "DE"
  4.     replace `var' = `var' * 1920 if pay_period == "HOURLY" & country == "IN"
  5.     replace `var' = `var' * 12   if pay_period == "MONTHLY"
  6. }
(840 real changes made)
(21 real changes made)
(30 real changes made)
(1,584 real changes made)
(840 real changes made)
(21 real changes made)
(30 real changes made)
(1,584 real changes made)
(840 real changes made)
(21 real changes made)
(30 real changes made)
(1,584 real changes made)

. 
. * Outliers (vsechny platy uz v USD)
. * Dolni mez 3000 USD chyti near-zero / chyby (median IT v Indii ~ 6.8k USD)
. * Horni mez 500000 USD stejna jako v US-only analyze
. replace salary_mid = . if salary_mid < 3000 | salary_mid > 500000
(855 real changes made, 855 to missing)

. label variable salary_mid "Rocni plat - stredni hodnota (USD)"

. 
. gen ln_salary = ln(salary_mid)
(14,077 missing values generated)

. label variable ln_salary "Prirozeny logaritmus platu (USD)"

. 
. gen has_salary = (salary_mid != .)

. label variable has_salary "Ma uvedeny plat (1=ano)"

. 
. * --- 3.6 Velikost firmy (ordinalni) ---
. replace size = "Unknown" if size == ""
(3,336 real changes made)

. gen size_cat = .
(38,432 missing values generated)

. replace size_cat = 0 if size == "Unknown"
(6,237 real changes made)

. replace size_cat = 1 if size == "1 to 50 Employees"
(5,567 real changes made)

. replace size_cat = 2 if size == "51 to 200 Employees"
(4,064 real changes made)

. replace size_cat = 3 if size == "201 to 500 Employees"
(2,328 real changes made)

. replace size_cat = 4 if size == "501 to 1000 Employees"
(1,668 real changes made)

. replace size_cat = 5 if size == "1001 to 5000 Employees"
(3,490 real changes made)

. replace size_cat = 6 if size == "5001 to 10000 Employees"
(1,873 real changes made)

. replace size_cat = 7 if size == "10000+ Employees"
(7,079 real changes made)

. label define size_lbl 0 "Unknown" 1 "1-50" 2 "51-200" 3 "201-500" ///
>     4 "501-1000" 5 "1001-5000" 6 "5001-10000" 7 "10000+"

. label values size_cat size_lbl

. label variable size_cat "Velikost firmy (ordinalni)"

. 
. * --- 3.7 Typ firmy ---
. gen type_cat = .
(38,432 missing values generated)

. replace type_cat = 0 if inlist(type, "", "Unknown", "Contract", "Self-employed", "Private Practice / Firm", "Franchise")
(4,408 real changes made)

. replace type_cat = 1 if inlist(type, "Company - Private", "Subsidiary or Business Segment")
(16,818 real changes made)

. replace type_cat = 2 if type == "Company - Public"
(10,128 real changes made)

. replace type_cat = 4 if inlist(type, "Nonprofit Organization", "Government", ///
>     "College / University", "School / School District", "Hospital")
(934 real changes made)

. label define type_lbl 0 "Unknown/Other" 1 "Private/Subsidiary" 2 "Public" ///
>     4 "Nonprofit/Gov/Edu"

. label values type_cat type_lbl

. label variable type_cat "Typ firmy"

. 
. * --- 3.8 NACE sektor ---
. replace sector_nace = "Unknown" if sector_nace == ""
(0 real changes made)

. replace sector_nace = "Other" if !inlist(sector_nace, "J", "C", "K", "M", "Q", "Unknown")
(3,663 real changes made)

. encode sector_nace, generate(sector_nace_num)

. label variable sector_nace_num "NACE sektor"

. 
. * --- 3.9 Remote prace ---
. gen is_remote = 0

. replace is_remote = 1 if strpos(lower(remote_work_types), "home") > 0
(7,831 real changes made)

. replace is_remote = 1 if strpos(lower(remote_work_types), "remote") > 0
(0 real changes made)

. label variable is_remote "Moznost remote prace (1=ano)"

. 
. * --- 3.10 Job family ---
. replace job_family = "Unknown" if job_family == ""
(0 real changes made)

. replace job_family = "Other" if inlist(job_family, "Frontend & Design", "QA & Testing", "Security", "Systems & Embedded")
(10,147 real changes made)

. encode job_family, generate(job_family_num)

. label variable job_family_num "Rodina pozice"

. 
. * --- 3.11 Lokalni trh (pomocna promenna, NEPOUZIVANA v regresich) ---
. * Region je US-specific; pro DE/IN pouzivame country code.
. * POZN: Tato promenna je perfektne kolinearni s country_id (DE/IN maji 1 uroven,
. * US ma 4 regiony jejichz soucet = country_id=US). Proto ji v regresich
. * NEPOUZIVAME — pouzivame pouze i.country_id jako unifikovany FE. Ponechavame
. * ji pro deskriptivni ucely (pripadne robustnostni spec pouze na US subvzorku).
. gen location_market = ""
(38,432 missing values generated)

. replace location_market = "US_" + region if country == "US"
variable location_market was str1 now str12
(17,848 real changes made)

. replace location_market = country if country != "US"
(20,584 real changes made)

. replace location_market = "Unknown" if location_market == "" | location_market == "US_"
(0 real changes made)

. encode location_market, generate(location_market_num)

. label variable location_market_num "Lokalni trh (US region + country, deskriptivne)"

. 
. * Zachovani puvodniho region kodu pro US-only robustnostni spec
. replace region = "Unknown" if region == ""
(0 real changes made)

. encode region, generate(region_num)

. label variable region_num "Census region (US-specific)"

. 
. * --- 3.12 Cistka cirkularnich / prilis ridkych clusteru ---
. * Stejne jako v hlavni analyze: tyto clustery maji < 50 obs v Applied AI
. * nebo jsou artefaktem datasetu — odstranujeme, aby je nevzal cluster_*.
. capture drop cluster_legacy__mainframe

. capture drop cluster_data_analysis__stats

. capture drop cluster_tools__editors

. 
. * --- 3.13 Skill count ---
. gen skill_count = 1 + length(hardskills) - length(subinstr(hardskills, ",", "", .))

. replace skill_count = 0 if hardskills == ""
(542 real changes made)

. label variable skill_count "Pocet pozadovanych hard skills"

. 
. * --- 3.14 Company ID (pro cluster SE) ---
. destring company_id, replace force
company_id already numeric; no replace

. label variable company_id "ID firmy (pro cluster SE)"

. 
. 
. * ==============================================================================
. * 4. CROSS-COUNTRY DESKRIPTIVNI STATISTIKA
. * ==============================================================================
. display _n "=============================================================="

==============================================================

. display "4. CROSS-COUNTRY DESKRIPTIVNI STATISTIKA"
4. CROSS-COUNTRY DESKRIPTIVNI STATISTIKA

. display "=============================================================="
==============================================================

. 
. * --- 4.1 Zakladni sample sizes ---
. display _n "--- 4.1 Sample sizes podle zeme ---"

--- 4.1 Sample sizes podle zeme ---

. tab country, missing

    country |      Freq.     Percent        Cum.
------------+-----------------------------------
         DE |      6,400       16.65       16.65
         IN |     14,184       36.91       53.56
         US |     17,848       46.44      100.00
------------+-----------------------------------
      Total |     38,432      100.00

. 
. * --- 4.2 Podil AI pozic podle zeme ---
. display _n "--- 4.2 Podil AI pozic podle zeme ---"

--- 4.2 Podil AI pozic podle zeme ---

. tab country has_ai, row chi2

+----------------+
| Key            |
|----------------|
|   frequency    |
| row percentage |
+----------------+

           | AI Job (desc_tier_llm
           |  in {ai_integration,
           |     applied_ai})
   country |         0          1 |     Total
-----------+----------------------+----------
        DE |     5,230      1,170 |     6,400 
           |     81.72      18.28 |    100.00 
-----------+----------------------+----------
        IN |    13,292        892 |    14,184 
           |     93.71       6.29 |    100.00 
-----------+----------------------+----------
        US |    14,181      3,667 |    17,848 
           |     79.45      20.55 |    100.00 
-----------+----------------------+----------
     Total |    32,703      5,729 |    38,432 
           |     85.09      14.91 |    100.00 

          Pearson chi2(2) =  1.3e+03   Pr = 0.000

. display _n "--- 4.2b AI tier distribuce podle zeme (sloupcova %) ---"

--- 4.2b AI tier distribuce podle zeme (sloupcova %) ---

. tab ai_level country, column chi2

+-------------------+
| Key               |
|-------------------|
|     frequency     |
| column percentage |
+-------------------+

      Uroven AI |
      pozadavku |             country
        (0/1/2) |        DE         IN         US |     Total
----------------+---------------------------------+----------
           None |     5,230     13,292     14,181 |    32,703 
                |     81.72      93.71      79.45 |     85.09 
----------------+---------------------------------+----------
 AI Integration |       622        394      2,354 |     3,370 
                |      9.72       2.78      13.19 |      8.77 
----------------+---------------------------------+----------
Applied/Core AI |       548        498      1,313 |     2,359 
                |      8.56       3.51       7.36 |      6.14 
----------------+---------------------------------+----------
          Total |     6,400     14,184     17,848 |    38,432 
                |    100.00     100.00     100.00 |    100.00 

          Pearson chi2(4) =  1.4e+03   Pr = 0.000

. 
. * --- 4.3 Mzdy podle zeme ---
. display _n "--- 4.3 Hrubý rocni plat (USD) podle zeme ---"

--- 4.3 Hrubý rocni plat (USD) podle zeme ---

. tabstat salary_mid, by(country) stat(count mean sd min p25 p50 p75 max)

Summary for variables: salary_mid
     by categories of: country 

country |         N      mean        sd       min       p25       p50       p75       max
--------+--------------------------------------------------------------------------------
     DE |       514  82055.64  25117.08     17475   66987.5   79103.5     93200    251640
     IN |      9199  8323.851  7352.054      3000  5113.636  6535.034  8446.625  122727.3
     US |     14642    124617  42148.67     17500     95000  117868.5    147734    450000
--------+--------------------------------------------------------------------------------
  Total |     24355   79794.3  65108.34      3000  7643.261     88374    125629    450000
-----------------------------------------------------------------------------------------

. 
. * --- 4.4 Pokryti mzdovych dat podle zeme ---
. display _n "--- 4.4 Pokryti mzdovych dat (%) podle zeme ---"

--- 4.4 Pokryti mzdovych dat (%) podle zeme ---

. tab country has_salary, row chi2

+----------------+
| Key            |
|----------------|
|   frequency    |
| row percentage |
+----------------+

           |    Ma uvedeny plat
           |        (1=ano)
   country |         0          1 |     Total
-----------+----------------------+----------
        DE |     5,886        514 |     6,400 
           |     91.97       8.03 |    100.00 
-----------+----------------------+----------
        IN |     4,985      9,199 |    14,184 
           |     35.15      64.85 |    100.00 
-----------+----------------------+----------
        US |     3,206     14,642 |    17,848 
           |     17.96      82.04 |    100.00 
-----------+----------------------+----------
     Total |    14,077     24,355 |    38,432 
           |     36.63      63.37 |    100.00 

          Pearson chi2(2) =  1.1e+04   Pr = 0.000

. 
. * --- 4.5 AI premia v hrubych cislech (deskriptivni, bez kontrol) ---
. display _n "--- 4.5 Plat (USD) podle zeme x AI tier ---"

--- 4.5 Plat (USD) podle zeme x AI tier ---

. foreach c in US DE IN {
  2.     display _n "Country = `c'"
  3.     tabstat salary_mid if country == "`c'", by(ai_level) stat(count mean p50 sd)
  4. }

Country = US

Summary for variables: salary_mid
     by categories of: ai_level (Uroven AI pozadavku (0/1/2))

       ai_level |         N      mean       p50        sd
----------------+----------------------------------------
           None |     11601  119523.5    114000  39080.27
 AI Integration |      1947  140424.3    135000   46553.9
Applied/Core AI |      1094  150497.5    148495   48356.8
----------------+----------------------------------------
          Total |     14642    124617  117868.5  42148.67
---------------------------------------------------------

Country = DE

Summary for variables: salary_mid
     by categories of: ai_level (Uroven AI pozadavku (0/1/2))

       ai_level |         N      mean       p50        sd
----------------+----------------------------------------
           None |       396  80389.47   78637.5  24753.56
 AI Integration |        72  84209.89  84171.25  23145.14
Applied/Core AI |        46  93027.31  91743.75  28518.22
----------------+----------------------------------------
          Total |       514  82055.64   79103.5  25117.08
---------------------------------------------------------

Country = IN

Summary for variables: salary_mid
     by categories of: ai_level (Uroven AI pozadavku (0/1/2))

       ai_level |         N      mean       p50        sd
----------------+----------------------------------------
           None |      8594  8117.854  6478.051  6836.019
 AI Integration |       262   10108.5  7096.591  9362.183
Applied/Core AI |       343  12121.99  7276.273  13953.97
----------------+----------------------------------------
          Total |      9199  8323.851  6535.034  7352.054
---------------------------------------------------------

. 
. * --- 4.6 Vzdelani podle zeme ---
. display _n "--- 4.6 Pozadovane vzdelani (3 urovne) podle zeme ---"

--- 4.6 Pozadovane vzdelani (3 urovne) podle zeme ---

. tab country edu_cat, row chi2

+----------------+
| Key            |
|----------------|
|   frequency    |
| row percentage |
+----------------+

           |  Pozadovane vzdelani (3 urovne,
           |          deskriptivni)
   country |   Missing  HS / Asso  Bachelor  |     Total
-----------+---------------------------------+----------
        DE |     3,592        678      2,130 |     6,400 
           |     56.13      10.59      33.28 |    100.00 
-----------+---------------------------------+----------
        IN |     6,566        243      7,375 |    14,184 
           |     46.29       1.71      52.00 |    100.00 
-----------+---------------------------------+----------
        US |     6,364        713     10,771 |    17,848 
           |     35.66       3.99      60.35 |    100.00 
-----------+---------------------------------+----------
     Total |    16,522      1,634     20,276 |    38,432 
           |     42.99       4.25      52.76 |    100.00 

          Pearson chi2(4) =  2.0e+03   Pr = 0.000

. display _n "Granularni vzdelani podle zeme:"

Granularni vzdelani podle zeme:

. tab country edu_ols, row

+----------------+
| Key            |
|----------------|
|   frequency    |
| row percentage |
+----------------+

           |             Vzdelani (granularni pro OLS)
   country |   Missing  High Scho  Associate   Bachelor    Master+ |     Total
-----------+-------------------------------------------------------+----------
        DE |     3,592         37        641      1,721        409 |     6,400 
           |     56.13       0.58      10.02      26.89       6.39 |    100.00 
-----------+-------------------------------------------------------+----------
        IN |     6,566         55        188      6,995        380 |    14,184 
           |     46.29       0.39       1.33      49.32       2.68 |    100.00 
-----------+-------------------------------------------------------+----------
        US |     6,364        368        345     10,435        336 |    17,848 
           |     35.66       2.06       1.93      58.47       1.88 |    100.00 
-----------+-------------------------------------------------------+----------
     Total |    16,522        460      1,174     19,151      1,125 |    38,432 
           |     42.99       1.20       3.05      49.83       2.93 |    100.00 

. 
. * --- 4.7 Seniorita podle zeme ---
. display _n "--- 4.7 Seniorita podle zeme ---"

--- 4.7 Seniorita podle zeme ---

. tab country exp_category, row chi2

+----------------+
| Key            |
|----------------|
|   frequency    |
| row percentage |
+----------------+

           |             Kategorie seniority
   country |   Missing  Junior (0  Mid (3-5)  Senior+ ( |     Total
-----------+--------------------------------------------+----------
        DE |     2,403        785      2,595        617 |     6,400 
           |     37.55      12.27      40.55       9.64 |    100.00 
-----------+--------------------------------------------+----------
        IN |     2,604      3,951      5,173      2,456 |    14,184 
           |     18.36      27.86      36.47      17.32 |    100.00 
-----------+--------------------------------------------+----------
        US |     2,591      3,213      8,406      3,638 |    17,848 
           |     14.52      18.00      47.10      20.38 |    100.00 
-----------+--------------------------------------------+----------
     Total |     7,598      7,949     16,174      6,711 |    38,432 
           |     19.77      20.68      42.08      17.46 |    100.00 

          Pearson chi2(6) =  2.4e+03   Pr = 0.000

. 
. * --- 4.8 Remote podle zeme ---
. display _n "--- 4.8 Remote podle zeme ---"

--- 4.8 Remote podle zeme ---

. tab country is_remote, row chi2

+----------------+
| Key            |
|----------------|
|   frequency    |
| row percentage |
+----------------+

           | Moznost remote prace
           |        (1=ano)
   country |         0          1 |     Total
-----------+----------------------+----------
        DE |     5,625        775 |     6,400 
           |     87.89      12.11 |    100.00 
-----------+----------------------+----------
        IN |    12,195      1,989 |    14,184 
           |     85.98      14.02 |    100.00 
-----------+----------------------+----------
        US |    12,781      5,067 |    17,848 
           |     71.61      28.39 |    100.00 
-----------+----------------------+----------
     Total |    30,601      7,831 |    38,432 
           |     79.62      20.38 |    100.00 

          Pearson chi2(2) =  1.3e+03   Pr = 0.000

. 
. * --- 4.9 Sektorova struktura podle zeme ---
. display _n "--- 4.9 NACE sektor podle zeme ---"

--- 4.9 NACE sektor podle zeme ---

. tab country sector_nace, row

+----------------+
| Key            |
|----------------|
|   frequency    |
| row percentage |
+----------------+

           |                                 sector_nace
   country |         C          J          K          M      Other          Q    Unknown |     Total
-----------+-----------------------------------------------------------------------------+----------
        DE |       616      1,965        156        277        588         54      2,744 |     6,400 
           |      9.63      30.70       2.44       4.33       9.19       0.84      42.88 |    100.00 
-----------+-----------------------------------------------------------------------------+----------
        IN |     1,046      5,793        745        484        794        103      5,219 |    14,184 
           |      7.37      40.84       5.25       3.41       5.60       0.73      36.79 |    100.00 
-----------+-----------------------------------------------------------------------------+----------
        US |     2,429      6,793      1,402        751      2,281        692      3,500 |    17,848 
           |     13.61      38.06       7.86       4.21      12.78       3.88      19.61 |    100.00 
-----------+-----------------------------------------------------------------------------+----------
     Total |     4,091     14,551      2,303      1,512      3,663        849     11,463 |    38,432 
           |     10.64      37.86       5.99       3.93       9.53       2.21      29.83 |    100.00 

. 
. * --- 4.10 Job family podle zeme ---
. display _n "--- 4.10 Job family podle zeme ---"

--- 4.10 Job family podle zeme ---

. tab country job_family, row

+----------------+
| Key            |
|----------------|
|   frequency    |
| row percentage |
+----------------+

           |                                  job_family
   country | Data & AI  DevOps ..  Managem..      Other  Softwar..  Softwar..  Sr+ Sof.. |     Total
-----------+-----------------------------------------------------------------------------+----------
        DE |       386        899        771      1,593      1,441        633        677 |     6,400 
           |      6.03      14.05      12.05      24.89      22.52       9.89      10.58 |    100.00 
-----------+-----------------------------------------------------------------------------+----------
        IN |       618      1,497        902      4,408      4,040      1,626      1,093 |    14,184 
           |      4.36      10.55       6.36      31.08      28.48      11.46       7.71 |    100.00 
-----------+-----------------------------------------------------------------------------+----------
        US |       944      1,497        786      8,078      3,284      2,039      1,220 |    17,848 
           |      5.29       8.39       4.40      45.26      18.40      11.42       6.84 |    100.00 
-----------+-----------------------------------------------------------------------------+----------
     Total |     1,948      3,893      2,459     14,079      8,765      4,298      2,990 |    38,432 
           |      5.07      10.13       6.40      36.63      22.81      11.18       7.78 |    100.00 

. 
. * --- 4.11 Skill clustery: prumerna frekvence podle zeme ---
. display _n "--- 4.11 Prumerna frekvence skill clusteru podle zeme ---"

--- 4.11 Prumerna frekvence skill clusteru podle zeme ---

. tabstat cluster_*, by(country) stat(mean) columns(statistics)

Summary for variables: cluster_architecture__methods cluster_bi__analytics cluster_backend_development cluster_certifications cluster_cloud_computing cluster_data_engineering cluster_data_s
> cience__ml cluster_databases__storage cluster_devops__containers cluster_dynamic__web cluster_enterprise__managed cluster_enterprise_platforms cluster_frontend_development cluster_generat
> ive_ai cluster_mobile__desktop cluster_networking cluster_os__embedded cluster_scripting__shell cluster_security__identity cluster_systems_programming cluster_testing_qa__debugging
     by categories of: country 

country |      mean
--------+----------
     DE |  .6321875
        |  .1773437
        |    .42875
        |  .0401562
        |  .3309375
        |  .1751563
        |     .1475
        |  .3184375
        |  .4495312
        |  .4671875
        |  .2745313
        |       .02
        |  .4854688
        |  .0676563
        |  .1114062
        |  .1809375
        |  .1609375
        |    .07875
        |    .16625
        |  .1254687
        |   .250625
--------+----------
     IN |  .7278624
        |  .2551466
        |  .5451918
        |  .0597152
        |    .39185
        |  .2705866
        |  .0888325
        |  .4347857
        |  .4309081
        |  .5305979
        |  .3009729
        |  .0311619
        |   .641991
        |  .0493514
        |  .1546813
        |  .2177101
        |  .1559504
        |  .0927806
        |  .2333615
        |  .0857304
        |  .5436407
--------+----------
     US |  .8139848
        |  .3435119
        |  .5474003
        |  .0579337
        |  .4322053
        |   .310567
        |  .1206298
        |  .4496302
        |  .4781488
        |  .5570372
        |  .3551658
        |  .0465038
        |  .6028126
        |  .0685791
        |   .165957
        |   .277398
        |  .2111721
        |  .1111049
        |  .3279359
        |   .158113
        |  .5511542
--------+----------
  Total |  .7519255
        |  .2832275
        |  .5268266
        |  .0556307
        |  .4004475
        |  .2732619
        |  .1133691
        |  .4223043
        |  .4559482
        |  .5323168
        |  .3217371
        |   .036428
        |  .5977311
        |  .0613291
        |  .1527113
        |  .2393058
        |  .1824261
        |   .098954
        |  .2661064
        |  .1259627
        |  .4983347
-------------------

. 
. * --- 4.12 Missingness platu: ne-MCAR diagnostika na sdruceneho vzorku ---
. display _n "--- 4.12 Missingness platu x observables ---"

--- 4.12 Missingness platu x observables ---

. display _n "has_salary x country:"

has_salary x country:

. tab has_salary country, chi2 column

+-------------------+
| Key               |
|-------------------|
|     frequency     |
| column percentage |
+-------------------+

Ma uvedeny |
      plat |             country
   (1=ano) |        DE         IN         US |     Total
-----------+---------------------------------+----------
         0 |     5,886      4,985      3,206 |    14,077 
           |     91.97      35.15      17.96 |     36.63 
-----------+---------------------------------+----------
         1 |       514      9,199     14,642 |    24,355 
           |      8.03      64.85      82.04 |     63.37 
-----------+---------------------------------+----------
     Total |     6,400     14,184     17,848 |    38,432 
           |    100.00     100.00     100.00 |    100.00 

          Pearson chi2(2) =  1.1e+04   Pr = 0.000

. display _n "has_salary x AI level:"

has_salary x AI level:

. tab has_salary ai_level, chi2 column

+-------------------+
| Key               |
|-------------------|
|     frequency     |
| column percentage |
+-------------------+

Ma uvedeny |
      plat |   Uroven AI pozadavku (0/1/2)
   (1=ano) |      None  AI Integr  Applied/C |     Total
-----------+---------------------------------+----------
         0 |    12,112      1,089        876 |    14,077 
           |     37.04      32.31      37.13 |     36.63 
-----------+---------------------------------+----------
         1 |    20,591      2,281      1,483 |    24,355 
           |     62.96      67.69      62.87 |     63.37 
-----------+---------------------------------+----------
     Total |    32,703      3,370      2,359 |    38,432 
           |    100.00     100.00     100.00 |    100.00 

          Pearson chi2(2) =  29.6228   Pr = 0.000

. 
. display _n "--- 4.12b Logit missingness has_salary ~ observables + country FE ---"

--- 4.12b Logit missingness has_salary ~ observables + country FE ---

. logit has_salary ///
>     i.ai_level ///
>     ib3.country_id ///
>     i.sector_nace_num ///
>     ib5.size_cat ///
>     ib1.type_cat ///
>     is_remote ///
>     i.job_family_num ///
>     ib2.edu_logit ///
>     ib3.exp_category, vce(robust)

Iteration 0:   log pseudolikelihood = -18486.671  
Iteration 1:   log pseudolikelihood = -16913.837  
Iteration 2:   log pseudolikelihood = -16864.326  
Iteration 3:   log pseudolikelihood =  -16864.07  
Iteration 4:   log pseudolikelihood =  -16864.07  

Logistic regression                             Number of obs     =     32,279
                                                Wald chi2(32)     =    2800.82
                                                Prob > chi2       =     0.0000
Log pseudolikelihood =  -16864.07               Pseudo R2         =     0.0878

----------------------------------------------------------------------------------------
                       |               Robust
            has_salary |      Coef.   Std. Err.      z    P>|z|     [95% Conf. Interval]
-----------------------+----------------------------------------------------------------
              ai_level |
       AI Integration  |   .1971013    .053211     3.70   0.000     .0928097     .301393
      Applied/Core AI  |   .2136314   .0659075     3.24   0.001     .0844551    .3428078
                       |
            country_id |
                   DE  |  -2.453136   .1491192   -16.45   0.000    -2.745404   -2.160867
                   IN  |  -.9953923    .030882   -32.23   0.000     -1.05592   -.9348647
                       |
       sector_nace_num |
                    J  |  -.3762851   .0534765    -7.04   0.000     -.481097   -.2714731
                    K  |   .3105432   .0800718     3.88   0.000     .1536054    .4674809
                    M  |  -.0679936     .08742    -0.78   0.437    -.2393336    .1033464
                Other  |   .0408643   .0706684     0.58   0.563    -.0976432    .1793719
                    Q  |   .0010394   .1095284     0.01   0.992    -.2136323    .2157112
              Unknown  |  -.2825012   .0652024    -4.33   0.000    -.4102955   -.1547069
                       |
              size_cat |
              Unknown  |  -.2120063   .0654965    -3.24   0.001     -.340377   -.0836355
                 1-50  |  -.1915985   .0597247    -3.21   0.001    -.3086568   -.0745402
               51-200  |   -.197253   .0588574    -3.35   0.001    -.3126114   -.0818946
              201-500  |  -.0859589   .0668501    -1.29   0.198    -.2169826    .0450649
             501-1000  |  -.2071749   .0709378    -2.92   0.003    -.3462104   -.0681394
           5001-10000  |   .0482497   .0728648     0.66   0.508    -.0945627     .191062
               10000+  |   .0537835   .0563657     0.95   0.340    -.0566912    .1642582
                       |
              type_cat |
        Unknown/Other  |   .0667844   .0538818     1.24   0.215    -.0388219    .1723907
               Public  |   .1173394   .0391701     3.00   0.003     .0405674    .1941115
    Nonprofit/Gov/Edu  |   .2666141   .1100231     2.42   0.015     .0509729    .4822554
                       |
             is_remote |   -1.02505   .0329159   -31.14   0.000    -1.089564    -.960536
                       |
        job_family_num |
       DevOps & Cloud  |  -.2548673    .081269    -3.14   0.002    -.4141517    -.095583
           Management  |  -.2223224   .0909644    -2.44   0.015    -.4006094   -.0440354
                Other  |  -.2074085   .0725608    -2.86   0.004     -.349625    -.065192
   Software Developer  |  -.2135436    .074415    -2.87   0.004    -.3593943   -.0676928
    Software Engineer  |   -.144894   .0791054    -1.83   0.067    -.2999377    .0101497
Sr+ Software Engineer  |  -.1654304   .0838069    -1.97   0.048     -.329689   -.0011718
                       |
             edu_logit |
              Missing  |  -.0343193   .0286431    -1.20   0.231    -.0904588    .0218201
       HS / Associate  |  -.1119901   .0804476    -1.39   0.164    -.2696645    .0456842
                       |
          exp_category |
              Missing  |  -.3017411   .0387278    -7.79   0.000    -.3776462   -.2258361
         Junior (0-2)  |  -.1308769   .0357158    -3.66   0.000    -.2008787   -.0608751
         Senior+ (6+)  |   .0297837   .0399446     0.75   0.456    -.0485063    .1080737
                       |
                 _cons |   2.366184   .0968538    24.43   0.000     2.176354    2.556014
----------------------------------------------------------------------------------------

. display _n "Wald test spolecne signifikance vsech observables krome ai_level:"

Wald test spolecne signifikance vsech observables krome ai_level:

. testparm ib3.country_id i.sector_nace_num ib5.size_cat ///
>     ib1.type_cat is_remote i.job_family_num i.edu_logit i.exp_category

 ( 1)  [has_salary]1.country_id = 0
 ( 2)  [has_salary]2.country_id = 0
 ( 3)  [has_salary]2.sector_nace_num = 0
 ( 4)  [has_salary]3.sector_nace_num = 0
 ( 5)  [has_salary]4.sector_nace_num = 0
 ( 6)  [has_salary]5.sector_nace_num = 0
 ( 7)  [has_salary]6.sector_nace_num = 0
 ( 8)  [has_salary]7.sector_nace_num = 0
 ( 9)  [has_salary]0.size_cat = 0
 (10)  [has_salary]1.size_cat = 0
 (11)  [has_salary]2.size_cat = 0
 (12)  [has_salary]3.size_cat = 0
 (13)  [has_salary]4.size_cat = 0
 (14)  [has_salary]6.size_cat = 0
 (15)  [has_salary]7.size_cat = 0
 (16)  [has_salary]0.type_cat = 0
 (17)  [has_salary]2.type_cat = 0
 (18)  [has_salary]4.type_cat = 0
 (19)  [has_salary]is_remote = 0
 (20)  [has_salary]2.job_family_num = 0
 (21)  [has_salary]3.job_family_num = 0
 (22)  [has_salary]4.job_family_num = 0
 (23)  [has_salary]5.job_family_num = 0
 (24)  [has_salary]6.job_family_num = 0
 (25)  [has_salary]7.job_family_num = 0
 (26)  [has_salary]0.edu_logit = 0
 (27)  [has_salary]1.edu_logit = 0
 (28)  [has_salary]0.exp_category = 0
 (29)  [has_salary]2.exp_category = 0
 (30)  [has_salary]4.exp_category = 0

           chi2( 30) = 2720.78
         Prob > chi2 =    0.0000

. 
. 
. * ==============================================================================
. * 5. CROSS-COUNTRY STATISTICKE TESTY
. * ==============================================================================
. display _n "=============================================================="

==============================================================

. display "5. STATISTICKE TESTY — HRUBE ROZDILY MEZI ZEMEMI"
5. STATISTICKE TESTY — HRUBE ROZDILY MEZI ZEMEMI

. display "=============================================================="
==============================================================

. 
. * --- 5.1 Chi-square: AI vs country ---
. display _n "--- 5.1 Chi-square: country x has_ai ---"

--- 5.1 Chi-square: country x has_ai ---

. tab country has_ai, chi2 expected

+--------------------+
| Key                |
|--------------------|
|     frequency      |
| expected frequency |
+--------------------+

           | AI Job (desc_tier_llm
           |  in {ai_integration,
           |     applied_ai})
   country |         0          1 |     Total
-----------+----------------------+----------
        DE |     5,230      1,170 |     6,400 
           |   5,446.0      954.0 |   6,400.0 
-----------+----------------------+----------
        IN |    13,292        892 |    14,184 
           |  12,069.6    2,114.4 |  14,184.0 
-----------+----------------------+----------
        US |    14,181      3,667 |    17,848 
           |  15,187.4    2,660.6 |  17,848.0 
-----------+----------------------+----------
     Total |    32,703      5,729 |    38,432 
           |  32,703.0    5,729.0 |  38,432.0 

          Pearson chi2(2) =  1.3e+03   Pr = 0.000

. 
. * --- 5.2 ANOVA: Log(salary) podle zeme ---
. display _n "--- 5.2 ANOVA: ln(salary) podle zeme ---"

--- 5.2 ANOVA: ln(salary) podle zeme ---

. oneway ln_salary country_id, tabulate bonferroni

Zeme povodu |
   inzeratu |   Summary of Prirozeny logaritmus
     (DE=1, |             platu (USD)
IN=2, US=3) |        Mean   Std. Dev.       Freq.
------------+------------------------------------
         DE |   11.269865   .30716835         514
         IN |   8.8553178   .50652571       9,199
         US |    11.67981   .32610071      14,642
------------+------------------------------------
      Total |   10.604334   1.4223323      24,355

                        Analysis of Variance
    Source              SS         df      MS            F     Prob > F
------------------------------------------------------------------------
Between groups      45303.5833      2   22651.7917   1.4e+05     0.0000
 Within groups      3965.26644  24352   .162831243
------------------------------------------------------------------------
    Total           49268.8498  24354   2.02302906

Bartlett's test for equal variances:  chi2(2) =  2.3e+03  Prob>chi2 = 0.000

                Comparison of Prirozeny logaritmus platu (USD)
                  by Zeme povodu inzeratu (DE=1, IN=2, US=3)
                                (Bonferroni)
Row Mean-|
Col Mean |         DE         IN
---------+----------------------
      IN |   -2.41455
         |      0.000
         |
      US |    .409945    2.82449
         |      0.000      0.000

. display _n "--- 5.2b Kruskal-Wallis (neparametricka kontrola) ---"

--- 5.2b Kruskal-Wallis (neparametricka kontrola) ---

. kwallis ln_salary, by(country_id)

Kruskal-Wallis equality-of-populations rank test

  +------------------------------+
  | countr~d |    Obs | Rank Sum |
  |----------+--------+----------|
  |       DE |    514 | 6.12e+06 |
  |       IN |  9,199 | 4.24e+07 |
  |       US | 14,642 | 2.48e+08 |
  +------------------------------+

chi-squared = 17396.533 with 2 d.f.
probability =     0.0001

chi-squared with ties = 17396.607 with 2 d.f.
probability =     0.0001

. 
. * --- 5.3 ANOVA: ln(salary) podle AI tier v kazde zemi zvlast ---
. display _n "--- 5.3 ANOVA ln(salary) podle AI tier — podle zeme ---"

--- 5.3 ANOVA ln(salary) podle AI tier — podle zeme ---

. foreach c in US DE IN {
  2.     display _n "Country = `c'"
  3.     oneway ln_salary ai_tier_num if country == "`c'", tabulate bonferroni
  4. }

Country = US

            |   Summary of Prirozeny logaritmus
            |             platu (USD)
ai_tier_num |        Mean   Std. Dev.       Freq.
------------+------------------------------------
  ai_integr |   11.798678   .33251116       1,947
  applied_a |   11.871951    .3181903       1,094
       none |   11.641741   .31437116      11,601
------------+------------------------------------
      Total |    11.67981   .32610071      14,642

                        Analysis of Variance
    Source              SS         df      MS            F     Prob > F
------------------------------------------------------------------------
Between groups      84.7116947      2   42.3558474    421.16     0.0000
 Within groups      1472.23677  14639    .10056949
------------------------------------------------------------------------
    Total           1556.94846  14641   .106341675

Bartlett's test for equal variances:  chi2(2) =  10.7952  Prob>chi2 = 0.005

        Comparison of Prirozeny logaritmus platu (USD) by ai_tier_num
                                (Bonferroni)
Row Mean-|
Col Mean |   ai_integ   applied_
---------+----------------------
applied_ |    .073273
         |      0.000
         |
    none |   -.156937    -.23021
         |      0.000      0.000

Country = DE

            |   Summary of Prirozeny logaritmus
            |             platu (USD)
ai_tier_num |        Mean   Std. Dev.       Freq.
------------+------------------------------------
  ai_integr |   11.302924   .28237183          72
  applied_a |   11.389279   .34076558          46
       none |   11.249983   .30450229         396
------------+------------------------------------
      Total |   11.269865   .30716835         514

                        Analysis of Variance
    Source              SS         df      MS            F     Prob > F
------------------------------------------------------------------------
Between groups      .891172126      2   .445586063      4.79     0.0087
 Within groups      47.5116063    511   .092977703
------------------------------------------------------------------------
    Total           48.4027784    513   .094352395

Bartlett's test for equal variances:  chi2(2) =   1.9850  Prob>chi2 = 0.371

        Comparison of Prirozeny logaritmus platu (USD) by ai_tier_num
                                (Bonferroni)
Row Mean-|
Col Mean |   ai_integ   applied_
---------+----------------------
applied_ |    .086355
         |      0.402
         |
    none |   -.052941   -.139296
         |      0.528      0.011

Country = IN

            |   Summary of Prirozeny logaritmus
            |             platu (USD)
ai_tier_num |        Mean   Std. Dev.       Freq.
------------+------------------------------------
  ai_integr |   8.9914437   .60089889         262
  applied_a |   9.0650717   .71473687         343
       none |   8.8427962   .49077015       8,594
------------+------------------------------------
      Total |   8.8553178   .50652571       9,199

                        Analysis of Variance
    Source              SS         df      MS            F     Prob > F
------------------------------------------------------------------------
Between groups      21.2932556      2   10.6466278     41.86     0.0000
 Within groups      2338.62194   9196   .254308606
------------------------------------------------------------------------
    Total           2359.91519   9198   .256568297

Bartlett's test for equal variances:  chi2(2) = 136.8457  Prob>chi2 = 0.000

        Comparison of Prirozeny logaritmus platu (USD) by ai_tier_num
                                (Bonferroni)
Row Mean-|
Col Mean |   ai_integ   applied_
---------+----------------------
applied_ |    .073628
         |      0.226
         |
    none |   -.148648   -.222275
         |      0.000      0.000

. 
. * --- 5.4 Chi-square: vzdelani x country ---
. display _n "--- 5.4 Chi-square: country x edu_cat ---"

--- 5.4 Chi-square: country x edu_cat ---

. tab country edu_cat, chi2 expected

+--------------------+
| Key                |
|--------------------|
|     frequency      |
| expected frequency |
+--------------------+

           |  Pozadovane vzdelani (3 urovne,
           |          deskriptivni)
   country |   Missing  HS / Asso  Bachelor  |     Total
-----------+---------------------------------+----------
        DE |     3,592        678      2,130 |     6,400 
           |   2,751.4      272.1    3,376.5 |   6,400.0 
-----------+---------------------------------+----------
        IN |     6,566        243      7,375 |    14,184 
           |   6,097.7      603.1    7,483.2 |  14,184.0 
-----------+---------------------------------+----------
        US |     6,364        713     10,771 |    17,848 
           |   7,672.9      758.8    9,416.3 |  17,848.0 
-----------+---------------------------------+----------
     Total |    16,522      1,634     20,276 |    38,432 
           |  16,522.0    1,634.0   20,276.0 |  38,432.0 

          Pearson chi2(4) =  2.0e+03   Pr = 0.000

. 
. 
. * ==============================================================================
. * 6. CROSS-COUNTRY OLS WAGE REGRESSION
. * ==============================================================================
. * Jadro komparativni analyzy: testujeme, zda AI premie se lisi mezi USA, DE a IN.
. * Baseline country = US (ib3.country_id). Koef. 1.country_id = DE vs US, 2.country_id = IN vs US.
. display _n "=============================================================="

==============================================================

. display "6. CROSS-COUNTRY OLS WAGE REGRESSION"
6. CROSS-COUNTRY OLS WAGE REGRESSION

. display "=============================================================="
==============================================================

. 
. * --- 6.1 Model FE-A: Zakladni pooled FE (Firemni profil + country) ---
. display _n "--- 6.1 Model FE-A: pooled OLS s country FE (firemni profil) ---"

--- 6.1 Model FE-A: pooled OLS s country FE (firemni profil) ---

. regress ln_salary ///
>     i.ai_level ///
>     ib3.country_id ///
>     i.sector_nace_num ///
>     is_remote ///
>     ib1.type_cat ///
>     ib5.size_cat ///
>     if ln_salary != ., vce(robust)

Linear regression                               Number of obs     =     23,897
                                                F(21, 23875)      =   13503.33
                                                Prob > F          =     0.0000
                                                R-squared         =     0.9251
                                                Root MSE          =     .39199

------------------------------------------------------------------------------------
                   |               Robust
         ln_salary |      Coef.   Std. Err.      t    P>|t|     [95% Conf. Interval]
-------------------+----------------------------------------------------------------
          ai_level |
   AI Integration  |   .1376457   .0085967    16.01   0.000     .1207957    .1544957
  Applied/Core AI  |   .2043441   .0121126    16.87   0.000     .1806027    .2280854
                   |
        country_id |
               DE  |  -.5114124   .0416946   -12.27   0.000    -.5931366   -.4296883
               IN  |  -2.798578   .0061827  -452.64   0.000    -2.810697    -2.78646
                   |
   sector_nace_num |
                J  |   .0172084   .0069181     2.49   0.013     .0036484    .0307684
                K  |  -.0217933   .0085513    -2.55   0.011    -.0385545   -.0050322
                M  |  -.0022086   .0121368    -0.18   0.856    -.0259974    .0215802
            Other  |  -.0412164   .0094443    -4.36   0.000    -.0597279    -.022705
                Q  |  -.0235521   .0134259    -1.75   0.079    -.0498677    .0027636
          Unknown  |   .0076504   .0103622     0.74   0.460    -.0126601    .0279609
                   |
         is_remote |    .156593   .0072387    21.63   0.000     .1424048    .1707812
                   |
          type_cat |
    Unknown/Other  |   .0488423   .0126284     3.87   0.000     .0240898    .0735947
           Public  |   .0047854    .006418     0.75   0.456    -.0077943    .0173652
Nonprofit/Gov/Edu  |  -.1138309   .0127837    -8.90   0.000    -.1388878    -.088774
                   |
          size_cat |
          Unknown  |  -.0615736   .0118135    -5.21   0.000    -.0847288   -.0384185
             1-50  |  -.0995677   .0105897    -9.40   0.000    -.1203242   -.0788112
           51-200  |  -.1030703   .0097191   -10.60   0.000    -.1221204   -.0840202
          201-500  |  -.0789224   .0107426    -7.35   0.000    -.0999787   -.0578662
         501-1000  |  -.0178849    .012887    -1.39   0.165    -.0431442    .0073743
       5001-10000  |  -.0022705   .0105934    -0.21   0.830    -.0230342    .0184932
           10000+  |    .002827   .0078927     0.36   0.720    -.0126433    .0182972
                   |
             _cons |   11.65662   .0087026  1339.45   0.000     11.63956    11.67368
------------------------------------------------------------------------------------

. estimates store pooled_fe_a

. display _n "Model FE-A: R2 = " e(r2) ", Adj R2 = " e(r2_a) ", N = " e(N)

Model FE-A: R2 = .92509509, Adj R2 = .92502921, N = 23897

. 
. * --- 6.2 Model FE-B: + lidsky kapital ---
. display _n "--- 6.2 Model FE-B: FE-A + vzdelani + zkusenosti ---"

--- 6.2 Model FE-B: FE-A + vzdelani + zkusenosti ---

. regress ln_salary ///
>     i.ai_level ///
>     ib3.country_id ///
>     i.sector_nace_num ///
>     is_remote ///
>     ib1.type_cat ///
>     ib5.size_cat ///
>     ib3.edu_ols ///
>     ib3.exp_category ///
>     if ln_salary != ., vce(robust)

Linear regression                               Number of obs     =     23,897
                                                F(28, 23868)      =   11477.68
                                                Prob > F          =     0.0000
                                                R-squared         =     0.9309
                                                Root MSE          =     .37654

------------------------------------------------------------------------------------
                   |               Robust
         ln_salary |      Coef.   Std. Err.      t    P>|t|     [95% Conf. Interval]
-------------------+----------------------------------------------------------------
          ai_level |
   AI Integration  |   .1224772   .0081971    14.94   0.000     .1064103    .1385441
  Applied/Core AI  |   .1888234   .0116248    16.24   0.000     .1660379    .2116088
                   |
        country_id |
               DE  |  -.5118811   .0396476   -12.91   0.000    -.5895929   -.4341692
               IN  |  -2.794825   .0061069  -457.65   0.000    -2.806795   -2.782856
                   |
   sector_nace_num |
                J  |   .0088114   .0068373     1.29   0.198    -.0045901    .0222129
                K  |  -.0337689   .0083015    -4.07   0.000    -.0500404   -.0174975
                M  |  -.0114174   .0119894    -0.95   0.341    -.0349174    .0120827
            Other  |  -.0480906   .0091216    -5.27   0.000    -.0659694   -.0302118
                Q  |  -.0353979   .0122293    -2.89   0.004    -.0593681   -.0114277
          Unknown  |   .0074265   .0101202     0.73   0.463    -.0124098    .0272628
                   |
         is_remote |   .1230018   .0070021    17.57   0.000     .1092772    .1367263
                   |
          type_cat |
    Unknown/Other  |   .0481639   .0119677     4.02   0.000     .0247064    .0716213
           Public  |  -.0011903   .0062207    -0.19   0.848    -.0133833    .0110027
Nonprofit/Gov/Edu  |  -.0755184   .0123091    -6.14   0.000     -.099645   -.0513918
                   |
          size_cat |
          Unknown  |  -.0315943   .0114241    -2.77   0.006    -.0539864   -.0092023
             1-50  |  -.0732353   .0102313    -7.16   0.000    -.0932893   -.0531814
           51-200  |  -.0865776   .0093855    -9.22   0.000    -.1049738   -.0681814
          201-500  |  -.0704789   .0103948    -6.78   0.000    -.0908533   -.0501044
         501-1000  |  -.0113497   .0123136    -0.92   0.357    -.0354852    .0127857
       5001-10000  |  -.0069528   .0104348    -0.67   0.505    -.0274058    .0135001
           10000+  |   .0062658   .0076878     0.82   0.415    -.0088028    .0213344
                   |
           edu_ols |
          Missing  |   .0278255   .0055923     4.98   0.000     .0168642    .0387868
      High School  |  -.0626172   .0152809    -4.10   0.000    -.0925688   -.0326656
        Associate  |  -.1310366   .0152096    -8.62   0.000    -.1608484   -.1012247
          Master+  |     .08802   .0196209     4.49   0.000     .0495617    .1264783
                   |
      exp_category |
          Missing  |  -.0768079   .0074813   -10.27   0.000    -.0914717   -.0621441
     Junior (0-2)  |  -.1964731   .0064065   -30.67   0.000    -.2090302    -.183916
     Senior+ (6+)  |   .1250403   .0071023    17.61   0.000     .1111194    .1389612
                   |
             _cons |   11.67681    .008831  1322.25   0.000      11.6595    11.69412
------------------------------------------------------------------------------------

. estimates store pooled_fe_b

. display _n "Model FE-B: R2 = " e(r2) ", Adj R2 = " e(r2_a) ", N = " e(N)

Model FE-B: R2 = .93090348, Adj R2 = .93082242, N = 23897

. 
. * --- 6.3 Model FE-C: plny model s tech skills + job_family ---
. display _n "--- 6.3 Model FE-C: FE-B + cluster_* + job_family ---"

--- 6.3 Model FE-C: FE-B + cluster_* + job_family ---

. regress ln_salary ///
>     cluster_* ///
>     i.ai_level ///
>     ib3.country_id ///
>     i.sector_nace_num ///
>     is_remote ///
>     ib1.type_cat ///
>     ib5.size_cat ///
>     i.job_family_num ///
>     ib3.edu_ols ///
>     ib3.exp_category ///
>     if ln_salary != ., vce(robust)

Linear regression                               Number of obs     =     23,897
                                                F(55, 23841)      =    6292.57
                                                Prob > F          =     0.0000
                                                R-squared         =     0.9338
                                                Root MSE          =     .36886

-----------------------------------------------------------------------------------------------
                              |               Robust
                    ln_salary |      Coef.   Std. Err.      t    P>|t|     [95% Conf. Interval]
------------------------------+----------------------------------------------------------------
cluster_architecture__methods |   .0046815   .0065992     0.71   0.478    -.0082534    .0176163
        cluster_bi__analytics |  -.0257853   .0052037    -4.96   0.000    -.0359849   -.0155856
  cluster_backend_development |  -.0015365    .005775    -0.27   0.790    -.0128559    .0097828
       cluster_certifications |   .0045151   .0110417     0.41   0.683    -.0171274    .0261575
      cluster_cloud_computing |   .0303276   .0061048     4.97   0.000     .0183618    .0422934
     cluster_data_engineering |    .017949   .0059171     3.03   0.002      .006351     .029547
     cluster_data_science__ml |  -.0002965   .0097365    -0.03   0.976    -.0193807    .0187877
   cluster_databases__storage |  -.0151105   .0056808    -2.66   0.008    -.0262452   -.0039757
   cluster_devops__containers |   .0366961   .0059913     6.12   0.000     .0249527    .0484395
         cluster_dynamic__web |   .0150514   .0056075     2.68   0.007     .0040604    .0260424
  cluster_enterprise__managed |  -.0018466   .0057435    -0.32   0.748    -.0131042     .009411
 cluster_enterprise_platforms |  -.0088056   .0116294    -0.76   0.449       -.0316    .0139887
 cluster_frontend_development |   .0030564   .0056072     0.55   0.586    -.0079341    .0140469
        cluster_generative_ai |  -.0030422   .0124893    -0.24   0.808    -.0275221    .0214377
      cluster_mobile__desktop |  -.0143732   .0065552    -2.19   0.028    -.0272218   -.0015246
           cluster_networking |   .0171387   .0056211     3.05   0.002     .0061209    .0281564
         cluster_os__embedded |   .0021322    .006576     0.32   0.746    -.0107572    .0150215
     cluster_scripting__shell |  -.0063416   .0082422    -0.77   0.442    -.0224969    .0098136
   cluster_security__identity |   .0214913   .0056614     3.80   0.000     .0103946     .032588
  cluster_systems_programming |   .0768587   .0075543    10.17   0.000     .0620519    .0916656
cluster_testing_qa__debugging |   .0033302   .0051303     0.65   0.516    -.0067255    .0133859
                              |
                     ai_level |
              AI Integration  |   .1008216   .0089334    11.29   0.000     .0833114    .1183317
             Applied/Core AI  |   .1330884    .014256     9.34   0.000     .1051458     .161031
                              |
                   country_id |
                          DE  |  -.5325955    .040537   -13.14   0.000    -.6120507   -.4531403
                          IN  |  -2.799171   .0061335  -456.37   0.000    -2.811193   -2.787149
                              |
              sector_nace_num |
                           J  |    .008209   .0068721     1.19   0.232    -.0052608    .0216788
                           K  |  -.0283906   .0084965    -3.34   0.001    -.0450443   -.0117368
                           M  |   .0032044   .0119547     0.27   0.789    -.0202275    .0266363
                       Other  |  -.0416379    .009101    -4.58   0.000    -.0594765   -.0237993
                           Q  |  -.0220515   .0118644    -1.86   0.063    -.0453065    .0012035
                     Unknown  |   .0188831   .0099912     1.89   0.059    -.0007003    .0384665
                              |
                    is_remote |   .1071712   .0069551    15.41   0.000     .0935387    .1208037
                              |
                     type_cat |
               Unknown/Other  |   .0457921   .0116707     3.92   0.000     .0229168    .0686673
                      Public  |  -.0077093   .0060747    -1.27   0.204    -.0196162    .0041976
           Nonprofit/Gov/Edu  |  -.0502006    .011837    -4.24   0.000    -.0734018   -.0269994
                              |
                     size_cat |
                     Unknown  |  -.0035626   .0112399    -0.32   0.751    -.0255936    .0184683
                        1-50  |  -.0449639   .0101185    -4.44   0.000    -.0647968    -.025131
                      51-200  |  -.0631616   .0092119    -6.86   0.000    -.0812175   -.0451057
                     201-500  |  -.0524024   .0102041    -5.14   0.000     -.072403   -.0324018
                    501-1000  |  -.0012346   .0120635    -0.10   0.918    -.0248798    .0224106
                  5001-10000  |  -.0034043   .0102292    -0.33   0.739    -.0234542    .0166457
                      10000+  |   .0112712   .0075531     1.49   0.136    -.0035333    .0260758
                              |
               job_family_num |
              DevOps & Cloud  |   .0032829   .0160238     0.20   0.838    -.0281247    .0346906
                  Management  |   .0069842   .0191503     0.36   0.715    -.0305516      .04452
                       Other  |  -.0885135   .0140349    -6.31   0.000    -.1160228   -.0610043
          Software Developer  |  -.1071104   .0146244    -7.32   0.000    -.1357752   -.0784456
           Software Engineer  |    .002671   .0150974     0.18   0.860    -.0269209    .0322628
       Sr+ Software Engineer  |    .068516    .016431     4.17   0.000     .0363101    .1007218
                              |
                      edu_ols |
                     Missing  |   .0297998    .005528     5.39   0.000     .0189647     .040635
                 High School  |  -.0453043   .0144907    -3.13   0.002    -.0737069   -.0169017
                   Associate  |  -.1137528   .0147023    -7.74   0.000    -.1425703   -.0849353
                     Master+  |   .0888112   .0191956     4.63   0.000     .0511865    .1264359
                              |
                 exp_category |
                     Missing  |  -.0600816   .0074072    -8.11   0.000    -.0746002   -.0455629
                Junior (0-2)  |  -.1758379   .0063965   -27.49   0.000    -.1883754   -.1633004
                Senior+ (6+)  |   .1061554   .0070209    15.12   0.000     .0923941    .1199167
                              |
                        _cons |   11.66305   .0170631   683.53   0.000     11.62961     11.6965
-----------------------------------------------------------------------------------------------

. estimates store pooled_fe_c

. display _n "Model FE-C: R2 = " e(r2) ", Adj R2 = " e(r2_a) ", N = " e(N)

Model FE-C: R2 = .9337671, Adj R2 = .9336143, N = 23897

. 
. * --- 6.3b VIF diagnostika Model FE-C ---
. display _n "--- 6.3b VIF diagnostika Model FE-C ---"

--- 6.3b VIF diagnostika Model FE-C ---

. quietly regress ln_salary ///
>     cluster_* ///
>     i.ai_level ///
>     ib3.country_id ///
>     i.sector_nace_num ///
>     is_remote ///
>     ib1.type_cat ///
>     ib5.size_cat ///
>     i.job_family_num ///
>     ib3.edu_ols ///
>     ib3.exp_category ///
>     if ln_salary != .

. vif

    Variable |       VIF       1/VIF  
-------------+----------------------
cluster_ar~s |      1.22    0.820396
cluster_bi~s |      1.11    0.900567
cluster_ba~t |      1.50    0.665026
cluster_ce~s |      1.11    0.897763
cluster_cl~g |      1.56    0.640174
cluster_da~g |      1.25    0.799008
cluster_da~l |      1.49    0.671162
cluster_da~e |      1.39    0.720633
cluster_de~s |      1.54    0.651420
cluster_dy~b |      1.32    0.760217
cluster_en~d |      1.26    0.793004
cluster_en~s |      1.03    0.971749
cluster_fr~t |      1.40    0.712719
cluster_ge~i |      1.38    0.722983
cluster_mo~p |      1.13    0.883715
cluster_ne~g |      1.16    0.863031
cluster_os~d |      1.38    0.724445
cluster_sc~l |      1.41    0.710331
cluster_se~y |      1.25    0.802655
cluster_sy~g |      1.22    0.819652
cluster_te~g |      1.13    0.885975
    ai_level |
          1  |      1.33    0.750877
          2  |      1.75    0.569802
  country_id |
          1  |      1.04    0.961807
          2  |      1.30    0.769655
sector_nac~m |
          2  |      2.84    0.352652
          3  |      1.58    0.632680
          4  |      1.32    0.754882
          5  |      1.87    0.535018
          6  |      1.28    0.781823
          7  |      3.93    0.254499
   is_remote |      1.13    0.885049
    type_cat |
          0  |      1.87    0.533435
          2  |      1.81    0.552479
          4  |      1.24    0.806254
    size_cat |
          0  |      3.26    0.306359
          1  |      2.66    0.375428
          2  |      1.97    0.507258
          3  |      1.59    0.629533
          4  |      1.39    0.717315
          6  |      1.46    0.682915
          7  |      2.69    0.371341
job_family~m |
          2  |      3.25    0.307345
          3  |      2.20    0.455003
          4  |      6.81    0.146888
          5  |      5.12    0.195235
          6  |      3.44    0.290936
          7  |      2.60    0.385243
     edu_ols |
          0  |      1.19    0.838492
          1  |      1.03    0.968343
          2  |      1.04    0.957366
          4  |      1.05    0.956276
exp_category |
          0  |      1.22    0.820345
          2  |      1.27    0.790028
          4  |      1.26    0.793774
-------------+----------------------
    Mean VIF |      1.78

. 
. * --- 6.4 Porovnani pooled modelu A / B / C ---
. display _n "--- 6.4 Porovnani pooled modelu FE-A / FE-B / FE-C ---"

--- 6.4 Porovnani pooled modelu FE-A / FE-B / FE-C ---

. estimates table pooled_fe_a pooled_fe_b pooled_fe_c, star stats(N r2 r2_a)

--------------------------------------------------------------
    Variable |  pooled_fe_a     pooled_fe_b     pooled_fe_c   
-------------+------------------------------------------------
    ai_level |
AI Integr..  |   .1376457***    .12247717***    .10082156***  
Applied/C..  |  .20434406***    .18882337***    .13308838***  
             |
  country_id |
         DE  | -.51141245***   -.51188107***   -.53259549***  
         IN  | -2.7985784***   -2.7948254***   -2.7991709***  
             |
sector_nac~m |
          J  |  .01720844*      .00881143       .00820903     
          K  | -.02179333*     -.03376891***   -.02839056***  
          M  | -.00220859      -.01141735       .00320438     
      Other  | -.04121645***   -.04809061***   -.04163791***  
          Q  | -.02355205      -.03539794**    -.02205154     
    Unknown  |  .00765042       .00742651       .01888308     
             |
   is_remote |    .156593***    .12300178***    .10717118***  
             |
    type_cat |
Unknown/O~r  |  .04884227***    .04816386***    .04579208***  
             |
    type_cat |
     Public  |  .00478544      -.00119027       -.0077093     
Nonprofit~u  | -.11383086***   -.07551843***   -.05020058***  
             |
    size_cat |
    Unknown  | -.06157364***   -.03159433**    -.00356265     
       1-50  | -.09956771***   -.07323532***   -.04496387***  
     51-200  | -.10307031***   -.08657759***   -.06316159***  
    201-500  | -.07892245***   -.07047889***    -.0524024***  
   501-1000  | -.01788494      -.01134972       -.0012346     
             |
    size_cat |
 5001-10000  | -.00227049      -.00695284      -.00340425     
     10000+  |  .00282699        .0062658       .01127123     
             |
     edu_ols |
    Missing  |                  .02782548***    .02979985***  
High School  |                 -.06261717***   -.04530431**   
  Associate  |                 -.13103657***   -.11375277***  
             |
     edu_ols |
    Master+  |                  .08802004***    .08881117***  
             |
exp_category |
    Missing  |                 -.07680791***   -.06008156***  
Junior (..)  |                 -.19647311***    -.1758379***  
             |
exp_category |
Senior+ ..)  |                  .12504028***    .10615542***  
             |
cluster_ar~s |                                  .00468146     
cluster_bi~s |                                 -.02578525***  
cluster_ba~t |                                 -.00153652     
cluster_ce~s |                                  .00451505     
cluster_cl~g |                                  .03032758***  
cluster_da~g |                                    .017949**   
cluster_da~l |                                  -.0002965     
cluster_da~e |                                 -.01511049**   
cluster_de~s |                                  .03669609***  
cluster_dy~b |                                  .01505138**   
cluster_en~d |                                 -.00184662     
cluster_en~s |                                 -.00880563     
cluster_fr~t |                                   .0030564     
cluster_ge~i |                                 -.00304219     
cluster_mo~p |                                 -.01437321*    
cluster_ne~g |                                  .01713866**   
cluster_os~d |                                  .00213217     
cluster_sc~l |                                 -.00634163     
cluster_se~y |                                   .0214913***  
cluster_sy~g |                                  .07685874***  
cluster_te~g |                                  .00333017     
             |
job_family~m |
DevOps & ..  |                                  .00328292     
 Management  |                                  .00698419     
      Other  |                                 -.08851353***  
Software ..  |                                 -.10711043***  
Software ..  |                                  .00267099     
Sr+ Softw..  |                                  .06851597***  
             |
       _cons |  11.656621***    11.676806***    11.663051***  
-------------+------------------------------------------------
           N |      23897           23897           23897     
          r2 |  .92509509       .93090348        .9337671     
        r2_a |  .92502921       .93082242        .9336143     
--------------------------------------------------------------
                      legend: * p<0.05; ** p<0.01; *** p<0.001

. 
. * --- 6.5 Interakcni model: country x ai_level ---
. * Klicovy test homogenity AI premie napric zememi.
. * Baseline: country = US (ib3), ai_level = 0 (None).
. display _n "--- 6.5 Interakcni model: country x ai_level (FE-C specifikace) ---"

--- 6.5 Interakcni model: country x ai_level (FE-C specifikace) ---

. regress ln_salary ///
>     cluster_* ///
>     ib3.country_id##i.ai_level ///
>     i.sector_nace_num ///
>     is_remote ///
>     ib1.type_cat ///
>     ib5.size_cat ///
>     i.job_family_num ///
>     ib3.edu_ols ///
>     ib3.exp_category ///
>     if ln_salary != ., vce(robust)

Linear regression                               Number of obs     =     23,897
                                                F(59, 23837)      =    5891.30
                                                Prob > F          =     0.0000
                                                R-squared         =     0.9338
                                                Root MSE          =     .36888

-----------------------------------------------------------------------------------------------
                              |               Robust
                    ln_salary |      Coef.   Std. Err.      t    P>|t|     [95% Conf. Interval]
------------------------------+----------------------------------------------------------------
cluster_architecture__methods |   .0047996   .0066001     0.73   0.467    -.0081372    .0177363
        cluster_bi__analytics |  -.0257594   .0052073    -4.95   0.000     -.035966   -.0155528
  cluster_backend_development |   -.001532   .0057728    -0.27   0.791     -.012847     .009783
       cluster_certifications |   .0045307   .0110438     0.41   0.682    -.0171159    .0261774
      cluster_cloud_computing |   .0303012   .0061036     4.96   0.000     .0183378    .0422646
     cluster_data_engineering |   .0178609   .0059203     3.02   0.003     .0062568     .029465
     cluster_data_science__ml |  -.0003032   .0097189    -0.03   0.975    -.0193528    .0187464
   cluster_databases__storage |  -.0151509   .0056799    -2.67   0.008    -.0262839   -.0040179
   cluster_devops__containers |   .0367131   .0059895     6.13   0.000     .0249733    .0484528
         cluster_dynamic__web |   .0151579   .0056005     2.71   0.007     .0041806    .0261352
  cluster_enterprise__managed |  -.0017623   .0057437    -0.31   0.759    -.0130202    .0094957
 cluster_enterprise_platforms |  -.0089954   .0116253    -0.77   0.439    -.0317816    .0137909
 cluster_frontend_development |   .0030834   .0056081     0.55   0.582    -.0079089    .0140756
        cluster_generative_ai |  -.0003612    .012711    -0.03   0.977    -.0252755    .0245532
      cluster_mobile__desktop |  -.0144555   .0065544    -2.21   0.027    -.0273026   -.0016085
           cluster_networking |   .0170583   .0056195     3.04   0.002     .0060436    .0280729
         cluster_os__embedded |   .0021124   .0065784     0.32   0.748    -.0107818    .0150065
     cluster_scripting__shell |  -.0063168   .0082455    -0.77   0.444    -.0224785    .0098449
   cluster_security__identity |   .0216389   .0056605     3.82   0.000     .0105441    .0327338
  cluster_systems_programming |    .076852   .0075582    10.17   0.000     .0620375    .0916664
cluster_testing_qa__debugging |   .0032448   .0051327     0.63   0.527    -.0068155    .0133052
                              |
                   country_id |
                          DE  |  -.5445115   .0405122   -13.44   0.000     -.623918   -.4651049
                          IN  |  -2.797331   .0061532  -454.62   0.000    -2.809391    -2.78527
                              |
                     ai_level |
              AI Integration  |   .1034083   .0085129    12.15   0.000     .0867224    .1200942
             Applied/Core AI  |    .135639   .0126755    10.70   0.000     .1107942    .1604838
                              |
          country_id#ai_level |
           DE#AI Integration  |   .0754794   .1396565     0.54   0.589    -.1982561     .349215
          DE#Applied/Core AI  |    .012612   .1437571     0.09   0.930     -.269161     .294385
           IN#AI Integration  |  -.0266296   .0368915    -0.72   0.470    -.0989393      .04568
          IN#Applied/Core AI  |  -.0156558   .0397169    -0.39   0.693    -.0935035    .0621918
                              |
              sector_nace_num |
                           J  |   .0079391   .0068771     1.15   0.248    -.0055404    .0214187
                           K  |  -.0285204   .0085004    -3.36   0.001    -.0451817   -.0118591
                           M  |    .002925   .0119635     0.24   0.807    -.0205242    .0263742
                       Other  |  -.0418106   .0091039    -4.59   0.000    -.0596549   -.0239663
                           Q  |  -.0221105   .0118639    -1.86   0.062    -.0453646    .0011436
                     Unknown  |   .0185622   .0100007     1.86   0.063    -.0010398    .0381642
                              |
                    is_remote |   .1072498   .0069566    15.42   0.000     .0936144    .1208851
                              |
                     type_cat |
               Unknown/Other  |   .0459308   .0116671     3.94   0.000     .0230626     .068799
                      Public  |   -.007613   .0060774    -1.25   0.210    -.0195251    .0042991
           Nonprofit/Gov/Edu  |  -.0501792   .0118304    -4.24   0.000    -.0733674   -.0269909
                              |
                     size_cat |
                     Unknown  |  -.0032286   .0112449    -0.29   0.774    -.0252694    .0188121
                        1-50  |  -.0446929   .0101137    -4.42   0.000    -.0645164   -.0248694
                      51-200  |   -.063051   .0092138    -6.84   0.000    -.0811105   -.0449914
                     201-500  |  -.0522464   .0102056    -5.12   0.000      -.07225   -.0322428
                    501-1000  |  -.0011397   .0120659    -0.09   0.925    -.0247896    .0225102
                  5001-10000  |  -.0032641   .0102402    -0.32   0.750    -.0233354    .0168073
                      10000+  |   .0111956   .0075512     1.48   0.138    -.0036052    .0259964
                              |
               job_family_num |
              DevOps & Cloud  |   .0023185   .0159844     0.15   0.885     -.029012    .0336489
                  Management  |   .0061802   .0191512     0.32   0.747    -.0313573    .0437178
                       Other  |  -.0893932   .0140078    -6.38   0.000    -.1168495   -.0619369
          Software Developer  |  -.1081314   .0146055    -7.40   0.000    -.1367591   -.0795037
           Software Engineer  |   .0018563   .0150845     0.12   0.902    -.0277104    .0314229
       Sr+ Software Engineer  |   .0672104   .0163682     4.11   0.000     .0351276    .0992932
                              |
                      edu_ols |
                     Missing  |   .0295952   .0055256     5.36   0.000     .0187646    .0404257
                 High School  |  -.0450383   .0144932    -3.11   0.002    -.0734459   -.0166306
                   Associate  |     -.1132   .0147137    -7.69   0.000    -.1420399   -.0843601
                     Master+  |   .0906086   .0191222     4.74   0.000     .0531278    .1280894
                              |
                 exp_category |
                     Missing  |  -.0599736   .0074056    -8.10   0.000     -.074489   -.0454582
                Junior (0-2)  |  -.1759026   .0063948   -27.51   0.000    -.1884368   -.1633684
                Senior+ (6+)  |   .1062138   .0070205    15.13   0.000     .0924532    .1199744
                              |
                        _cons |   11.66313   .0170737   683.10   0.000     11.62966    11.69659
-----------------------------------------------------------------------------------------------

. estimates store pooled_interaction

. display _n "--- 6.5b Wald F-test homogenity AI premie (country x ai_level) ---"

--- 6.5b Wald F-test homogenity AI premie (country x ai_level) ---

. testparm ib3.country_id#i.ai_level

 ( 1)  1.country_id#1.ai_level = 0
 ( 2)  1.country_id#2.ai_level = 0
 ( 3)  2.country_id#1.ai_level = 0
 ( 4)  2.country_id#2.ai_level = 0

       F(  4, 23837) =    0.24
            Prob > F =    0.9154

. 
. * --- 6.5c Marginalni efekty ai_level podle zeme ---
. display _n "--- 6.5c Marginalni efekty ai_level podle zeme ---"

--- 6.5c Marginalni efekty ai_level podle zeme ---

. margins country_id, dydx(ai_level)

Average marginal effects                        Number of obs     =     23,897
Model VCE    : Robust

Expression   : Linear prediction, predict()
dy/dx w.r.t. : 1.ai_level 2.ai_level

------------------------------------------------------------------------------
             |            Delta-method
             |      dy/dx   Std. Err.      t    P>|t|     [95% Conf. Interval]
-------------+----------------------------------------------------------------
0.ai_level   |  (base outcome)
-------------+----------------------------------------------------------------
1.ai_level   |
  country_id |
         DE  |   .1788877   .1395229     1.28   0.200     -.094586    .4523615
         IN  |   .0767787    .036758     2.09   0.037     .0047306    .1488267
         US  |   .1034083   .0085129    12.15   0.000     .0867224    .1200942
-------------+----------------------------------------------------------------
2.ai_level   |
  country_id |
         DE  |    .148251   .1437703     1.03   0.302     -.133548    .4300499
         IN  |   .1199832   .0404571     2.97   0.003     .0406848    .1992817
         US  |    .135639   .0126755    10.70   0.000     .1107942    .1604838
------------------------------------------------------------------------------
Note: dy/dx for factor levels is the discrete change from the base level.

. 
. * --- 6.6 Per-country OLS (Model C specifikace zvlast na kazdem vzorku) ---
. * V US specifikaci pridavame i.region_num (4 regiony). V DE/IN nelze
. * (jen 1 uroven), proto tam vynechavame geografickou kontrolu. Slouzi
. * k vizualni kontrole, zda AI koeficienty odpovidaji interakcnimu modelu.
. display _n "--- 6.6 Per-country OLS (Model C, separately) ---"

--- 6.6 Per-country OLS (Model C, separately) ---

. * US (vcetne region FE)
. display _n "=========== Country = US ==========="

=========== Country = US ===========

. capture noisily regress ln_salary ///
>     cluster_* ///
>     i.ai_level ///
>     i.sector_nace_num ///
>     i.region_num ///
>     is_remote ///
>     ib1.type_cat ///
>     ib5.size_cat ///
>     i.job_family_num ///
>     ib3.edu_ols ///
>     ib3.exp_category ///
>     if country == "US" & ln_salary != ., vce(robust)

Linear regression                               Number of obs     =     14,642
                                                F(57, 14584)      =     186.30
                                                Prob > F          =     0.0000
                                                R-squared         =     0.3795
                                                Root MSE          =     .25738

-----------------------------------------------------------------------------------------------
                              |               Robust
                    ln_salary |      Coef.   Std. Err.      t    P>|t|     [95% Conf. Interval]
------------------------------+----------------------------------------------------------------
cluster_architecture__methods |   .0181435   .0063594     2.85   0.004     .0056784    .0306087
        cluster_bi__analytics |  -.0241552   .0046469    -5.20   0.000    -.0332638   -.0150466
  cluster_backend_development |   -.009291   .0053372    -1.74   0.082    -.0197526    .0011707
       cluster_certifications |  -.0149762   .0086415    -1.73   0.083    -.0319146    .0019621
      cluster_cloud_computing |   .0266915   .0053454     4.99   0.000     .0162139    .0371691
     cluster_data_engineering |   .0146523   .0051154     2.86   0.004     .0046255    .0246792
     cluster_data_science__ml |   .0176866   .0085392     2.07   0.038     .0009487    .0344246
   cluster_databases__storage |  -.0358509   .0050733    -7.07   0.000    -.0457953   -.0259066
   cluster_devops__containers |   .0252312   .0051617     4.89   0.000     .0151136    .0353488
         cluster_dynamic__web |   .0264943   .0049974     5.30   0.000     .0166988    .0362898
  cluster_enterprise__managed |  -.0173385   .0049994    -3.47   0.001    -.0271379   -.0075391
 cluster_enterprise_platforms |  -.0122002   .0097751    -1.25   0.212    -.0313605    .0069602
 cluster_frontend_development |   .0003916   .0051055     0.08   0.939    -.0096159    .0103991
        cluster_generative_ai |   .0237636   .0104485     2.27   0.023     .0032831    .0442441
      cluster_mobile__desktop |  -.0053899   .0062546    -0.86   0.389    -.0176497    .0068698
           cluster_networking |   .0118252    .005041     2.35   0.019     .0019443    .0217062
         cluster_os__embedded |   .0038399   .0057934     0.66   0.507    -.0075158    .0151957
     cluster_scripting__shell |  -.0147222   .0073212    -2.01   0.044    -.0290726   -.0003718
   cluster_security__identity |   .0240394   .0049347     4.87   0.000     .0143668    .0337119
  cluster_systems_programming |   .0736697   .0065144    11.31   0.000     .0609006    .0864388
cluster_testing_qa__debugging |  -.0180178   .0045576    -3.95   0.000    -.0269513   -.0090843
                              |
                     ai_level |
              AI Integration  |   .0747486    .007684     9.73   0.000      .059687    .0898103
             Applied/Core AI  |   .0963915   .0110802     8.70   0.000      .074673    .1181101
                              |
              sector_nace_num |
                           J  |   .0415602   .0064577     6.44   0.000     .0289024    .0542181
                           K  |   .0112499   .0082555     1.36   0.173    -.0049319    .0274316
                           M  |   .0623301   .0119368     5.22   0.000     .0389325    .0857276
                       Other  |   -.042876   .0081901    -5.24   0.000    -.0589297   -.0268223
                           Q  |   .0028712   .0111567     0.26   0.797    -.0189974    .0247397
                     Unknown  |   .0133085   .0092536     1.44   0.150    -.0048298    .0314468
                              |
                   region_num |
                   Northeast  |   .0984128    .007814    12.59   0.000     .0830963    .1137292
                       South  |   .0546399    .006448     8.47   0.000     .0420009    .0672789
                     Unknown  |   .1648607   .0091014    18.11   0.000     .1470208    .1827006
                        West  |   .2237813   .0069616    32.14   0.000     .2101357     .237427
                              |
                    is_remote |   .0346184   .0064477     5.37   0.000     .0219801    .0472568
                              |
                     type_cat |
               Unknown/Other  |  -.0406956   .0103905    -3.92   0.000    -.0610623    -.020329
                      Public  |   .0085873   .0059152     1.45   0.147    -.0030072    .0201818
           Nonprofit/Gov/Edu  |  -.0377189   .0113092    -3.34   0.001    -.0598864   -.0155514
                              |
                     size_cat |
                     Unknown  |  -.0460425   .0096586    -4.77   0.000    -.0649745   -.0271104
                        1-50  |  -.0590471    .008926    -6.62   0.000    -.0765432    -.041551
                      51-200  |  -.0460867   .0084577    -5.45   0.000     -.062665   -.0295085
                     201-500  |  -.0512542   .0091012    -5.63   0.000    -.0690938   -.0334147
                    501-1000  |  -.0215065   .0097354    -2.21   0.027    -.0405891   -.0024239
                  5001-10000  |   .0317397   .0106507     2.98   0.003      .010863    .0526164
                      10000+  |   .0695789   .0073935     9.41   0.000     .0550868    .0840711
                              |
               job_family_num |
              DevOps & Cloud  |   .0700724   .0127857     5.48   0.000     .0450108    .0951341
                  Management  |   .0939394   .0136697     6.87   0.000      .067145    .1207338
                       Other  |  -.0410513   .0110708    -3.71   0.000    -.0627515   -.0193511
          Software Developer  |  -.0557507    .011566    -4.82   0.000    -.0784214   -.0330799
           Software Engineer  |   .0708142   .0122479     5.78   0.000     .0468067    .0948217
       Sr+ Software Engineer  |   .1723071   .0123125    13.99   0.000     .1481731    .1964412
                              |
                      edu_ols |
                     Missing  |   .0331013   .0050934     6.50   0.000     .0231176    .0430851
                 High School  |  -.0350214   .0149532    -2.34   0.019    -.0643316   -.0057112
                   Associate  |  -.0760874   .0158791    -4.79   0.000    -.1072125   -.0449624
                     Master+  |   .0837796   .0135332     6.19   0.000     .0572528    .1103064
                              |
                 exp_category |
                     Missing  |  -.0040359   .0073497    -0.55   0.583    -.0184423    .0103706
                Junior (0-2)  |  -.1757871   .0061165   -28.74   0.000    -.1877763   -.1637979
                Senior+ (6+)  |   .1202045   .0055418    21.69   0.000     .1093418    .1310671
                              |
                        _cons |    11.4962   .0147646   778.63   0.000     11.46725    11.52514
-----------------------------------------------------------------------------------------------

. if _rc == 0 {
.     estimates store ols_US
. }

. 
. * DE a IN (bez region FE)
. foreach c in DE IN {
  2.     display _n "=========== Country = `c' ==========="
  3.     capture noisily regress ln_salary ///
>         cluster_* ///
>         i.ai_level ///
>         i.sector_nace_num ///
>         is_remote ///
>         ib1.type_cat ///
>         ib5.size_cat ///
>         i.job_family_num ///
>         ib3.edu_ols ///
>         ib3.exp_category ///
>         if country == "`c'" & ln_salary != ., vce(robust)
  4.     if _rc == 0 {
  5.         estimates store ols_`c'
  6.     }
  7.     else {
  8.         display as error "Model pro `c' selhal (return code: " _rc ") — pravdepodobne maly N."
  9.     }
 10. }

=========== Country = DE ===========
note: cluster_certifications omitted because of collinearity
note: 7.sector_nace_num omitted because of collinearity
note: 0.type_cat omitted because of collinearity
note: 1b.type_cat identifies no observations in the sample
note: 0.size_cat omitted because of collinearity
note: 5b.size_cat identifies no observations in the sample

Linear regression                               Number of obs     =         73
                                                F(35, 37)         =       3.32
                                                Prob > F          =     0.0002
                                                R-squared         =     0.6687
                                                Root MSE          =     .28483

-----------------------------------------------------------------------------------------------
                              |               Robust
                    ln_salary |      Coef.   Std. Err.      t    P>|t|     [95% Conf. Interval]
------------------------------+----------------------------------------------------------------
cluster_architecture__methods |  -.2262483   .1078996    -2.10   0.043    -.4448736    -.007623
        cluster_bi__analytics |   .5577916   .1740464     3.20   0.003     .2051402     .910443
  cluster_backend_development |  -.0610067   .1377057    -0.44   0.660     -.340025    .2180116
       cluster_certifications |          0  (omitted)
      cluster_cloud_computing |    .024666   .1210096     0.20   0.840    -.2205226    .2698547
     cluster_data_engineering |   .1872658   .1562818     1.20   0.238    -.1293913    .5039229
     cluster_data_science__ml |  -.1029523   .1234551    -0.83   0.410    -.3530962    .1471916
   cluster_databases__storage |  -.1999835    .102427    -1.95   0.058    -.4075203    .0075533
   cluster_devops__containers |   .2036798   .1153031     1.77   0.086    -.0299465     .437306
         cluster_dynamic__web |   .0505874   .1088133     0.46   0.645    -.1698894    .2710642
  cluster_enterprise__managed |  -.0459567   .1268472    -0.36   0.719    -.3029736    .2110602
 cluster_enterprise_platforms |   .1462954   .2743411     0.53   0.597    -.4095725    .7021633
 cluster_frontend_development |  -.1018497   .1303579    -0.78   0.440    -.3659798    .1622804
        cluster_generative_ai |   .2542098   .2110395     1.20   0.236    -.1733968    .6818164
      cluster_mobile__desktop |   .3063697    .204524     1.50   0.143    -.1080353    .7207747
           cluster_networking |   .0685759   .1108511     0.62   0.540    -.1560298    .2931816
         cluster_os__embedded |  -.3284563   .1419892    -2.31   0.026    -.6161537   -.0407588
     cluster_scripting__shell |   .3410057   .1731618     1.97   0.056    -.0098534    .6918648
   cluster_security__identity |   .0530503   .0929783     0.57   0.572    -.1353417    .2414422
  cluster_systems_programming |   .1775871   .1166183     1.52   0.136     -.058704    .4138782
cluster_testing_qa__debugging |  -.0571132   .1238144    -0.46   0.647     -.307985    .1937587
                              |
                     ai_level |
              AI Integration  |   .1965159   .1419341     1.38   0.174    -.0910698    .4841016
             Applied/Core AI  |   .0849026   .1228344     0.69   0.494    -.1639836    .3337888
                              |
              sector_nace_num |
                     Unknown  |          0  (omitted)
                    is_remote |  -.0527381   .1077057    -0.49   0.627    -.2709705    .1654943
                              |
                     type_cat |
               Unknown/Other  |          0  (omitted)
          Private/Subsidiary  |          0  (empty)
                              |
                     size_cat |
                     Unknown  |          0  (omitted)
                   1001-5000  |          0  (empty)
                              |
               job_family_num |
              DevOps & Cloud  |   .1805195   .2485641     0.73   0.472    -.3231191    .6841581
                  Management  |   .7120129   .2385096     2.99   0.005     .2287465    1.195279
                       Other  |   .2929143   .2478538     1.18   0.245    -.2092851    .7951137
          Software Developer  |   .6294138   .1821307     3.46   0.001     .2603819    .9984458
           Software Engineer  |    .564268   .1814299     3.11   0.004     .1966561    .9318799
       Sr+ Software Engineer  |   .5165323   .1945975     2.65   0.012     .1222403    .9108242
                              |
                      edu_ols |
                     Missing  |   .1596615   .1720396     0.93   0.359    -.1889238    .5082469
                   Associate  |   .2828267   .2110038     1.34   0.188    -.1447076     .710361
                     Master+  |   .2830811   .2699756     1.05   0.301    -.2639414    .8301036
                              |
                 exp_category |
                     Missing  |  -.1412603    .146025    -0.97   0.340     -.437135    .1546144
                Junior (0-2)  |  -.3853396   .1939861    -1.99   0.054    -.7783927    .0077136
                Senior+ (6+)  |    .271578   .1403063     1.94   0.061    -.0127096    .5558655
                              |
                        _cons |   10.69773   .2859812    37.41   0.000     10.11827    11.27718
-----------------------------------------------------------------------------------------------

=========== Country = IN ===========

Linear regression                               Number of obs     =      9,182
                                                F(53, 9128)       =      25.71
                                                Prob > F          =     0.0000
                                                R-squared         =     0.1494
                                                Root MSE          =     .46861

-----------------------------------------------------------------------------------------------
                              |               Robust
                    ln_salary |      Coef.   Std. Err.      t    P>|t|     [95% Conf. Interval]
------------------------------+----------------------------------------------------------------
cluster_architecture__methods |   -.011986   .0120538    -0.99   0.320    -.0356141    .0116421
        cluster_bi__analytics |  -.0104416   .0116293    -0.90   0.369    -.0332376    .0123544
  cluster_backend_development |   .0029635    .011837     0.25   0.802    -.0202396    .0261667
       cluster_certifications |   .0478653   .0233905     2.05   0.041     .0020146     .093716
      cluster_cloud_computing |   .0452781   .0132985     3.40   0.001       .01921    .0713461
     cluster_data_engineering |   .0281788   .0125505     2.25   0.025      .003577    .0527806
     cluster_data_science__ml |  -.0370751    .020938    -1.77   0.077    -.0781183    .0039681
   cluster_databases__storage |   .0195822   .0117215     1.67   0.095    -.0033945    .0425589
   cluster_devops__containers |   .0469725   .0129814     3.62   0.000      .021526     .072419
         cluster_dynamic__web |  -.0273206   .0113644    -2.40   0.016    -.0495973   -.0050439
  cluster_enterprise__managed |   .0377856   .0121387     3.11   0.002      .013991    .0615802
 cluster_enterprise_platforms |  -.0031861   .0297871    -0.11   0.915    -.0615756    .0552033
 cluster_frontend_development |   .0001084   .0118272     0.01   0.993    -.0230755    .0232923
        cluster_generative_ai |  -.0982242   .0364051    -2.70   0.007    -.1695864   -.0268619
      cluster_mobile__desktop |  -.0499188   .0133266    -3.75   0.000    -.0760419   -.0237956
           cluster_networking |   .0090888   .0124587     0.73   0.466     -.015333    .0335106
         cluster_os__embedded |   .0166338    .014805     1.12   0.261    -.0123874    .0456549
     cluster_scripting__shell |   .0264638   .0184104     1.44   0.151    -.0096247    .0625524
   cluster_security__identity |   .0301187   .0126289     2.38   0.017     .0053632    .0548743
  cluster_systems_programming |   .0168816   .0191834     0.88   0.379    -.0207222    .0544854
cluster_testing_qa__debugging |   .0319855    .010814     2.96   0.003     .0107876    .0531833
                              |
                     ai_level |
              AI Integration  |   .1003504   .0421586     2.38   0.017     .0177102    .1829907
             Applied/Core AI  |   .1443427   .0482846     2.99   0.003     .0496941    .2389914
                              |
              sector_nace_num |
                           J  |  -.0831314   .0158338    -5.25   0.000    -.1141692   -.0520936
                           K  |   -.066642   .0203791    -3.27   0.001    -.1065897   -.0266943
                           M  |  -.0446191   .0244631    -1.82   0.068    -.0925723    .0033341
                       Other  |  -.0171232   .0251803    -0.68   0.497    -.0664822    .0322358
                           Q  |  -.0692224   .0428255    -1.62   0.106      -.15317    .0147253
                     Unknown  |  -.0763011   .0229223    -3.33   0.001    -.1212339   -.0313683
                              |
                    is_remote |   .2012735   .0208803     9.64   0.000     .1603435    .2422035
                              |
                     type_cat |
               Unknown/Other  |   .0788623   .0229119     3.44   0.001     .0339498    .1237749
                      Public  |  -.0225228   .0129106    -1.74   0.081    -.0478305    .0027849
           Nonprofit/Gov/Edu  |  -.2196785   .0586648    -3.74   0.000    -.3346746   -.1046824
                              |
                     size_cat |
                     Unknown  |   .0876366   .0304482     2.88   0.004     .0279512    .1473219
                        1-50  |   .0418261   .0240235     1.74   0.082    -.0052654    .0889176
                      51-200  |  -.0587801   .0213103    -2.76   0.006    -.1005531   -.0170071
                     201-500  |  -.0116217   .0263803    -0.44   0.660     -.063333    .0400895
                    501-1000  |   .0376026   .0328318     1.15   0.252    -.0267552    .1019603
                  5001-10000  |  -.0812442   .0211773    -3.84   0.000    -.1227565   -.0397319
                      10000+  |  -.0845962   .0164303    -5.15   0.000    -.1168034   -.0523891
                              |
               job_family_num |
              DevOps & Cloud  |  -.1432334   .0351492    -4.08   0.000    -.2121337   -.0743331
                  Management  |  -.1156634   .0390887    -2.96   0.003     -.192286   -.0390408
                       Other  |  -.1921477   .0327444    -5.87   0.000    -.2563341   -.1279613
          Software Developer  |  -.2075051   .0326467    -6.36   0.000       -.2715   -.1435103
           Software Engineer  |  -.1148261   .0340583    -3.37   0.001    -.1815881   -.0480642
       Sr+ Software Engineer  |  -.1088421   .0367672    -2.96   0.003    -.1809141   -.0367702
                              |
                      edu_ols |
                     Missing  |   .0183585   .0104687     1.75   0.080    -.0021625    .0388795
                 High School  |  -.1351091   .0689047    -1.96   0.050    -.2701777   -.0000404
                   Associate  |  -.1699429   .0336891    -5.04   0.000     -.235981   -.1039048
                     Master+  |   .1208289   .0370354     3.26   0.001     .0482312    .1934266
                              |
                 exp_category |
                     Missing  |  -.1091383   .0140267    -7.78   0.000    -.1366338   -.0816427
                Junior (0-2)  |  -.2095139   .0128995   -16.24   0.000    -.2347997    -.184228
                Senior+ (6+)  |   .1115381   .0161429     6.91   0.000     .0798943    .1431819
                              |
                        _cons |   9.033301   .0396216   227.99   0.000     8.955634    9.110968
-----------------------------------------------------------------------------------------------

. 
. display _n "--- 6.6b Per-country porovnani AI koeficientu ---"

--- 6.6b Per-country porovnani AI koeficientu ---

. capture estimates table ols_US ols_DE ols_IN, ///
>     keep(1.ai_level 2.ai_level) star stats(N r2)

. 
. * --- 6.7 Robustnostni kontrola: Clusterovane SE na urovni firmy ---
. display _n "--- 6.7 Model FE-C s clusterovanymi SE (company_id) ---"

--- 6.7 Model FE-C s clusterovanymi SE (company_id) ---

. regress ln_salary ///
>     cluster_* ///
>     i.ai_level ///
>     ib3.country_id ///
>     i.sector_nace_num ///
>     is_remote ///
>     ib1.type_cat ///
>     ib5.size_cat ///
>     i.job_family_num ///
>     ib3.edu_ols ///
>     ib3.exp_category ///
>     if ln_salary != ., vce(cluster company_id)

Linear regression                               Number of obs     =     21,830
                                                F(54, 9532)       =    2639.43
                                                Prob > F          =     0.0000
                                                R-squared         =     0.9414
                                                Root MSE          =     .34345

                                          (Std. Err. adjusted for 9,533 clusters in company_id)
-----------------------------------------------------------------------------------------------
                              |               Robust
                    ln_salary |      Coef.   Std. Err.      t    P>|t|     [95% Conf. Interval]
------------------------------+----------------------------------------------------------------
cluster_architecture__methods |   .0078485    .007026     1.12   0.264     -.005924     .021621
        cluster_bi__analytics |  -.0262044   .0056416    -4.64   0.000    -.0372632   -.0151456
  cluster_backend_development |  -.0032278   .0072398    -0.45   0.656    -.0174193    .0109637
       cluster_certifications |  -.0058381   .0109119    -0.54   0.593    -.0272278    .0155516
      cluster_cloud_computing |     .03117   .0072697     4.29   0.000       .01692    .0454201
     cluster_data_engineering |   .0113893    .006304     1.81   0.071    -.0009679    .0237466
     cluster_data_science__ml |  -.0054399   .0121528    -0.45   0.654    -.0292621    .0183822
   cluster_databases__storage |  -.0179908   .0061224    -2.94   0.003    -.0299919   -.0059896
   cluster_devops__containers |   .0259383    .006481     4.00   0.000     .0132343    .0386424
         cluster_dynamic__web |   .0194102   .0061196     3.17   0.002     .0074145    .0314058
  cluster_enterprise__managed |  -.0129794   .0065398    -1.98   0.047    -.0257987   -.0001601
 cluster_enterprise_platforms |  -.0072029   .0129653    -0.56   0.579    -.0326175    .0182118
 cluster_frontend_development |   .0067754   .0065023     1.04   0.297    -.0059706    .0195213
        cluster_generative_ai |   .0055644   .0194434     0.29   0.775    -.0325489    .0436777
      cluster_mobile__desktop |  -.0082005   .0087815    -0.93   0.350    -.0254141    .0090132
           cluster_networking |   .0166929   .0079718     2.09   0.036     .0010664    .0323194
         cluster_os__embedded |   .0093271   .0075755     1.23   0.218    -.0055225    .0241767
     cluster_scripting__shell |  -.0124628   .0088302    -1.41   0.158    -.0297719    .0048462
   cluster_security__identity |    .021176   .0066575     3.18   0.001      .008126    .0342261
  cluster_systems_programming |   .0721839   .0104166     6.93   0.000     .0517652    .0926026
cluster_testing_qa__debugging |   .0019013   .0057783     0.33   0.742    -.0094254    .0132279
                              |
                     ai_level |
              AI Integration  |   .1075658   .0105781    10.17   0.000     .0868306     .128301
             Applied/Core AI  |   .1262815   .0153292     8.24   0.000     .0962331      .15633
                              |
                   country_id |
                          IN  |  -2.829141   .0137502  -205.75   0.000    -2.856094   -2.802188
                              |
              sector_nace_num |
                           J  |   .0144945   .0167273     0.87   0.386    -.0182945    .0472835
                           K  |   -.022468   .0149128    -1.51   0.132    -.0517003    .0067643
                           M  |   .0112237   .0259211     0.43   0.665    -.0395872    .0620346
                       Other  |   -.037098   .0188341    -1.97   0.049    -.0740169   -.0001791
                           Q  |  -.0180931   .0217201    -0.83   0.405    -.0606692    .0244829
                     Unknown  |   .0230164   .0202614     1.14   0.256    -.0167001     .062733
                              |
                    is_remote |   .1048601   .0104886    10.00   0.000     .0843003    .1254199
                              |
                     type_cat |
               Unknown/Other  |   .0077951   .0298209     0.26   0.794    -.0506602    .0662503
                      Public  |  -.0040963   .0131653    -0.31   0.756    -.0299032    .0217105
           Nonprofit/Gov/Edu  |  -.0617011   .0288153    -2.14   0.032    -.1181853    -.005217
                              |
                     size_cat |
                     Unknown  |  -.0256492    .021886    -1.17   0.241    -.0685504    .0172519
                        1-50  |  -.0503789   .0193899    -2.60   0.009    -.0883873   -.0123705
                      51-200  |  -.0659303   .0150837    -4.37   0.000    -.0954975    -.036363
                     201-500  |  -.0560907   .0162811    -3.45   0.001    -.0880051   -.0241762
                    501-1000  |  -.0041771   .0215258    -0.19   0.846    -.0463723    .0380181
                  5001-10000  |  -.0018041   .0250898    -0.07   0.943    -.0509855    .0473772
                      10000+  |   .0123368   .0162982     0.76   0.449     -.019611    .0442847
                              |
               job_family_num |
              DevOps & Cloud  |  -.0015878   .0166463    -0.10   0.924    -.0342182    .0310425
                  Management  |   -.013189   .0208006    -0.63   0.526    -.0539626    .0275845
                       Other  |  -.0886888   .0151983    -5.84   0.000    -.1184807   -.0588969
          Software Developer  |  -.1087959   .0163921    -6.64   0.000    -.1409279   -.0766639
           Software Engineer  |   .0015433   .0165166     0.09   0.926    -.0308328    .0339193
       Sr+ Software Engineer  |    .058539   .0185638     3.15   0.002     .0221499     .094928
                              |
                      edu_ols |
                     Missing  |   .0373586    .007524     4.97   0.000       .02261    .0521072
                 High School  |  -.0438799   .0201794    -2.17   0.030    -.0834357    -.004324
                   Associate  |  -.1198357    .022918    -5.23   0.000    -.1647599   -.0749115
                     Master+  |   .0714264   .0209275     3.41   0.001      .030404    .1124487
                              |
                 exp_category |
                     Missing  |  -.0386508   .0102197    -3.78   0.000    -.0586837    -.018618
                Junior (0-2)  |  -.1442639   .0076475   -18.86   0.000    -.1592547   -.1292731
                Senior+ (6+)  |   .1000176   .0083038    12.04   0.000     .0837404    .1162948
                              |
                        _cons |    11.6699   .0230965   505.27   0.000     11.62462    11.71517
-----------------------------------------------------------------------------------------------

. estimates store pooled_fe_c_cluster

. 
. display _n "--- 6.7b Porovnani robust vs cluster SE ---"

--- 6.7b Porovnani robust vs cluster SE ---

. estimates table pooled_fe_c pooled_fe_c_cluster, star stats(N r2 r2_a)

----------------------------------------------
    Variable |  pooled_fe_c    pooled_fe_c~r  
-------------+--------------------------------
cluster_ar~s |  .00468146       .00784849     
cluster_bi~s | -.02578525***   -.02620441***  
cluster_ba~t | -.00153652      -.00322782     
cluster_ce~s |  .00451505      -.00583812     
cluster_cl~g |  .03032758***    .03117002***  
cluster_da~g |    .017949**     .01138931     
cluster_da~l |  -.0002965      -.00543993     
cluster_da~e | -.01511049**    -.01799076**   
cluster_de~s |  .03669609***    .02593833***  
cluster_dy~b |  .01505138**     .01941016**   
cluster_en~d | -.00184662      -.01297938*    
cluster_en~s | -.00880563      -.00720286     
cluster_fr~t |   .0030564       .00677538     
cluster_ge~i | -.00304219       .00556438     
cluster_mo~p | -.01437321*     -.00820046     
cluster_ne~g |  .01713866**     .01669288*    
cluster_os~d |  .00213217       .00932708     
cluster_sc~l | -.00634163      -.01246282     
cluster_se~y |   .0214913***    .02117603**   
cluster_sy~g |  .07685874***    .07218386***  
cluster_te~g |  .00333017       .00190125     
             |
    ai_level |
AI Integr..  |  .10082156***    .10756582***  
Applied/C..  |  .13308838***    .12628154***  
             |
  country_id |
         DE  | -.53259549***                  
         IN  | -2.7991709***   -2.8291409***  
             |
sector_nac~m |
          J  |  .00820903       .01449453     
          K  | -.02839056***   -.02246801     
          M  |  .00320438       .01122368     
      Other  | -.04163791***   -.03709799*    
          Q  | -.02205154      -.01809315     
    Unknown  |  .01888308       .02301644     
             |
   is_remote |  .10717118***    .10486009***  
             |
    type_cat |
Unknown/O~r  |  .04579208***    .00779508     
             |
    type_cat |
     Public  |  -.0077093      -.00409633     
Nonprofit~u  | -.05020058***   -.06170115*    
             |
    size_cat |
    Unknown  | -.00356265      -.02564922     
       1-50  | -.04496387***   -.05037889**   
     51-200  | -.06316159***   -.06593028***  
    201-500  |  -.0524024***   -.05609067***  
   501-1000  |  -.0012346      -.00417711     
             |
    size_cat |
 5001-10000  | -.00340425      -.00180411     
     10000+  |  .01127123       .01233682     
             |
job_family~m |
DevOps & ..  |  .00328292      -.00158781     
 Management  |  .00698419      -.01318904     
      Other  | -.08851353***   -.08868878***  
Software ..  | -.10711043***    -.1087959***  
Software ..  |  .00267099       .00154326     
Sr+ Softw..  |  .06851597***    .05853897**   
             |
     edu_ols |
    Missing  |  .02979985***    .03735862***  
High School  | -.04530431**    -.04387988*    
  Associate  | -.11375277***   -.11983574***  
             |
     edu_ols |
    Master+  |  .08881117***    .07142637***  
             |
exp_category |
    Missing  | -.06008156***   -.03865084***  
Junior (..)  |  -.1758379***   -.14426387***  
             |
exp_category |
Senior+ ..)  |  .10615542***    .10001758***  
             |
       _cons |  11.663051***    11.669897***  
-------------+--------------------------------
           N |      23897           21830     
          r2 |   .9337671       .94143352     
        r2_a |   .9336143       .94128828     
----------------------------------------------
      legend: * p<0.05; ** p<0.01; *** p<0.001

. 
. * --- 6.8 Robustnostni kontrola: Model FE-C bez cirkularnich clusteru ---
. * cluster_generative_ai a cluster_data_science__ml primo implikuji AI pozadavek.
. display _n "--- 6.8 Model FE-C bez GenAI a DS/ML clusteru ---"

--- 6.8 Model FE-C bez GenAI a DS/ML clusteru ---

. rename cluster_generative_ai _excl_genai_ols

. rename cluster_data_science__ml _excl_dsml_ols

. 
. regress ln_salary ///
>     cluster_* ///
>     i.ai_level ///
>     ib3.country_id ///
>     i.sector_nace_num ///
>     is_remote ///
>     ib1.type_cat ///
>     ib5.size_cat ///
>     i.job_family_num ///
>     ib3.edu_ols ///
>     ib3.exp_category ///
>     if ln_salary != ., vce(robust)

Linear regression                               Number of obs     =     23,897
                                                F(53, 23843)      =    6530.09
                                                Prob > F          =     0.0000
                                                R-squared         =     0.9338
                                                Root MSE          =     .36884

-----------------------------------------------------------------------------------------------
                              |               Robust
                    ln_salary |      Coef.   Std. Err.      t    P>|t|     [95% Conf. Interval]
------------------------------+----------------------------------------------------------------
cluster_architecture__methods |   .0046894   .0065979     0.71   0.477     -.008243    .0176218
        cluster_bi__analytics |  -.0257567   .0052081    -4.95   0.000     -.035965   -.0155484
  cluster_backend_development |  -.0015713   .0057761    -0.27   0.786    -.0128928    .0097503
       cluster_certifications |   .0044944   .0110404     0.41   0.684    -.0171456    .0261343
      cluster_cloud_computing |   .0302948   .0061031     4.96   0.000     .0183323    .0422572
     cluster_data_engineering |    .017934   .0059178     3.03   0.002     .0063347    .0295334
   cluster_databases__storage |  -.0151139   .0056803    -2.66   0.008    -.0262476   -.0039801
   cluster_devops__containers |    .036673   .0059929     6.12   0.000     .0249265    .0484196
         cluster_dynamic__web |   .0150224   .0056081     2.68   0.007     .0040303    .0260146
  cluster_enterprise__managed |   -.001813    .005743    -0.32   0.752    -.0130697    .0094436
 cluster_enterprise_platforms |  -.0087965   .0116118    -0.76   0.449    -.0315563    .0139633
 cluster_frontend_development |   .0030406   .0056073     0.54   0.588    -.0079499    .0140312
      cluster_mobile__desktop |  -.0143826   .0065549    -2.19   0.028    -.0272306   -.0015345
           cluster_networking |   .0171301   .0056203     3.05   0.002     .0061139    .0281462
         cluster_os__embedded |   .0021737   .0065689     0.33   0.741    -.0107017    .0150491
     cluster_scripting__shell |  -.0063167   .0082427    -0.77   0.443    -.0224728    .0098395
   cluster_security__identity |   .0214741   .0056638     3.79   0.000     .0103728    .0325754
  cluster_systems_programming |   .0768635   .0075501    10.18   0.000     .0620647    .0916622
cluster_testing_qa__debugging |   .0033254   .0051305     0.65   0.517    -.0067306    .0133814
                              |
                     ai_level |
              AI Integration  |   .0998922   .0081328    12.28   0.000     .0839514     .115833
             Applied/Core AI  |   .1317283    .011984    10.99   0.000     .1082389    .1552177
                              |
                   country_id |
                          DE  |  -.5327758   .0405319   -13.14   0.000     -.612221   -.4533307
                          IN  |  -2.799261   .0061264  -456.92   0.000    -2.811269   -2.787253
                              |
              sector_nace_num |
                           J  |   .0081667   .0068693     1.19   0.235    -.0052975    .0216309
                           K  |  -.0284164   .0084943    -3.35   0.001    -.0450659    -.011767
                           M  |   .0031434   .0119671     0.26   0.793    -.0203129    .0265997
                       Other  |  -.0416677   .0090961    -4.58   0.000    -.0594967   -.0238386
                           Q  |  -.0220181   .0118631    -1.86   0.063    -.0452705    .0012343
                     Unknown  |   .0188864   .0099872     1.89   0.059    -.0006891    .0384619
                              |
                    is_remote |   .1071484   .0069507    15.42   0.000     .0935245    .1207722
                              |
                     type_cat |
               Unknown/Other  |   .0457697   .0116669     3.92   0.000     .0229018    .0686376
                      Public  |  -.0077135   .0060747    -1.27   0.204    -.0196204    .0041934
           Nonprofit/Gov/Edu  |  -.0502259   .0118398    -4.24   0.000    -.0734326   -.0270192
                              |
                     size_cat |
                     Unknown  |  -.0035768   .0112401    -0.32   0.750    -.0256081    .0184544
                        1-50  |  -.0449586   .0101153    -4.44   0.000    -.0647851    -.025132
                      51-200  |  -.0631686   .0092125    -6.86   0.000    -.0812258   -.0451114
                     201-500  |  -.0523933   .0102067    -5.13   0.000     -.072399   -.0323876
                    501-1000  |  -.0012114   .0120647    -0.10   0.920    -.0248591    .0224362
                  5001-10000  |  -.0033949   .0102297    -0.33   0.740    -.0234457    .0166559
                      10000+  |   .0112673   .0075528     1.49   0.136    -.0035366    .0260712
                              |
               job_family_num |
              DevOps & Cloud  |    .003565    .015994     0.22   0.824    -.0277843    .0349143
                  Management  |   .0071765   .0191022     0.38   0.707     -.030265    .0446181
                       Other  |  -.0882781   .0139862    -6.31   0.000    -.1156921   -.0608642
          Software Developer  |  -.1068612   .0146006    -7.32   0.000    -.1354792   -.0782432
           Software Engineer  |   .0029065   .0150427     0.19   0.847    -.0265781    .0323911
       Sr+ Software Engineer  |   .0687308   .0164043     4.19   0.000     .0365773    .1008843
                              |
                      edu_ols |
                     Missing  |   .0298062   .0055237     5.40   0.000     .0189793     .040633
                 High School  |  -.0453046   .0144846    -3.13   0.002    -.0736954   -.0169139
                   Associate  |  -.1137763   .0147015    -7.74   0.000    -.1425921   -.0849604
                     Master+  |   .0885423   .0192969     4.59   0.000     .0507192    .1263655
                              |
                 exp_category |
                     Missing  |  -.0600819   .0074069    -8.11   0.000    -.0745999   -.0455638
                Junior (0-2)  |  -.1758374   .0063952   -27.50   0.000    -.1883723   -.1633025
                Senior+ (6+)  |   .1061338   .0070189    15.12   0.000     .0923763    .1198914
                              |
                        _cons |   11.66289   .0169897   686.47   0.000     11.62959     11.6962
-----------------------------------------------------------------------------------------------

. estimates store pooled_fe_c_nocirc

. 
. rename _excl_genai_ols cluster_generative_ai

. rename _excl_dsml_ols cluster_data_science__ml

. 
. display _n "--- 6.8b Porovnani Model FE-C vs FE-C-nocirc ---"

--- 6.8b Porovnani Model FE-C vs FE-C-nocirc ---

. estimates table pooled_fe_c pooled_fe_c_nocirc, ///
>     keep(1.ai_level 2.ai_level 1.country_id 2.country_id) star stats(N r2 r2_a)

----------------------------------------------
    Variable |  pooled_fe_c    pooled_fe_c~c  
-------------+--------------------------------
    ai_level |
AI Integr..  |  .10082156***    .09989224***  
Applied/C..  |  .13308838***    .13172828***  
             |
  country_id |
         DE  | -.53259549***   -.53277582***  
         IN  | -2.7991709***   -2.7992608***  
-------------+--------------------------------
           N |      23897           23897     
          r2 |   .9337671       .93376691     
        r2_a |   .9336143       .93361968     
----------------------------------------------
      legend: * p<0.05; ** p<0.01; *** p<0.001

. 
. * --- 6.9 Heckmanova korekce na sdruceni vzorku (robustnost) ---
. * Vzhledem k obrovsky odlisnemu pokryti mzdovych dat napric zememi (US ~82 %,
. * IN ~65 %, DE ~8 %) je Heckmanova korekce zvlast relevantni. Identifikace je,
. * stejne jako v hlavni analyze, jen z funkcionalni formy probit modelu.
. display _n "--- 6.9 Heckman MLE (Model FE-C specifikace) ---"

--- 6.9 Heckman MLE (Model FE-C specifikace) ---

. heckman ln_salary ///
>     cluster_* ///
>     i.ai_level ///
>     ib3.country_id ///
>     i.sector_nace_num ///
>     is_remote ///
>     ib1.type_cat ///
>     ib5.size_cat ///
>     i.job_family_num ///
>     ib3.edu_ols ///
>     ib3.exp_category, ///
>     select(has_salary = ///
>         i.ai_level ///
>         ib3.country_id ///
>         i.sector_nace_num ///
>         is_remote ///
>         ib1.type_cat ///
>         ib5.size_cat ///
>         i.job_family_num ///
>         ib2.edu_logit ///
>         ib3.exp_category) ///
>     vce(robust)

Iteration 0:   log pseudolikelihood = -36115.021  
Iteration 1:   log pseudolikelihood = -33185.346  (not concave)
Iteration 2:   log pseudolikelihood = -27399.078  
Iteration 3:   log pseudolikelihood = -26720.811  
Iteration 4:   log pseudolikelihood = -26705.163  
Iteration 5:   log pseudolikelihood =  -26705.04  
Iteration 6:   log pseudolikelihood =  -26705.04  

Heckman selection model                         Number of obs     =     32,279
(regression model with sample selection)              Selected    =     23,897
                                                      Nonselected =      8,382

                                                Wald chi2(55)     =  302614.00
Log pseudolikelihood = -26705.04                Prob > chi2       =     0.0000

-----------------------------------------------------------------------------------------------
                              |               Robust
                              |      Coef.   Std. Err.      z    P>|z|     [95% Conf. Interval]
------------------------------+----------------------------------------------------------------
ln_salary                     |
cluster_architecture__methods |   .0039798   .0063412     0.63   0.530    -.0084486    .0164082
        cluster_bi__analytics |   -.021726   .0051184    -4.24   0.000    -.0317578   -.0116941
  cluster_backend_development |  -.0043955   .0056264    -0.78   0.435    -.0154231    .0066322
       cluster_certifications |   .0049194   .0103032     0.48   0.633    -.0152746    .0251133
      cluster_cloud_computing |   .0319205   .0059113     5.40   0.000     .0203345    .0435065
     cluster_data_engineering |   .0193871   .0057021     3.40   0.001     .0082112     .030563
     cluster_data_science__ml |  -.0030288   .0095891    -0.32   0.752    -.0218231    .0157655
   cluster_databases__storage |  -.0131146   .0054712    -2.40   0.017     -.023838   -.0023912
   cluster_devops__containers |   .0381358   .0057955     6.58   0.000     .0267767    .0494949
         cluster_dynamic__web |   .0119117   .0054158     2.20   0.028     .0012969    .0225265
  cluster_enterprise__managed |   -.001718   .0055351    -0.31   0.756    -.0125665    .0091305
 cluster_enterprise_platforms |  -.0059589   .0113825    -0.52   0.601    -.0282682    .0163504
 cluster_frontend_development |   .0023072   .0054967     0.42   0.675    -.0084663    .0130806
        cluster_generative_ai |  -.0082972   .0122406    -0.68   0.498    -.0322883    .0156939
      cluster_mobile__desktop |  -.0143119   .0063547    -2.25   0.024     -.026767   -.0018569
           cluster_networking |   .0125627   .0055795     2.25   0.024      .001627    .0234984
         cluster_os__embedded |   .0046053   .0063725     0.72   0.470    -.0078845    .0170951
     cluster_scripting__shell |  -.0022925   .0081497    -0.28   0.778    -.0182655    .0136806
   cluster_security__identity |    .023981   .0055337     4.33   0.000     .0131351    .0348269
  cluster_systems_programming |   .0681784   .0074821     9.11   0.000     .0535137    .0828431
cluster_testing_qa__debugging |   .0043796   .0049724     0.88   0.378    -.0053661    .0141253
                              |
                     ai_level |
              AI Integration  |   .1167025   .0098929    11.80   0.000     .0973128    .1360922
             Applied/Core AI  |   .1526152   .0152336    10.02   0.000     .1227579    .1824726
                              |
                   country_id |
                          DE  |  -.8372601   .0478366   -17.50   0.000    -.9310181   -.7435021
                          IN  |  -2.908529   .0064685  -449.64   0.000    -2.921207   -2.895851
                              |
              sector_nace_num |
                           J  |  -.0254043   .0079917    -3.18   0.001    -.0410678   -.0097407
                           K  |  -.0073775   .0099127    -0.74   0.457    -.0268061    .0120511
                           M  |   .0018554   .0136009     0.14   0.891    -.0248018    .0285127
                       Other  |  -.0404296   .0104547    -3.87   0.000    -.0609204   -.0199387
                           Q  |  -.0188384   .0142258    -1.32   0.185    -.0467205    .0090437
                     Unknown  |  -.0083565   .0111511    -0.75   0.454    -.0302123    .0134992
                              |
                    is_remote |   .0007062   .0081033     0.09   0.931     -.015176    .0165885
                              |
                     type_cat |
               Unknown/Other  |   .0388159   .0124855     3.11   0.002     .0143448     .063287
                      Public  |   .0036985   .0069217     0.53   0.593    -.0098678    .0172649
           Nonprofit/Gov/Edu  |   -.039126   .0135652    -2.88   0.004    -.0657134   -.0125387
                              |
                     size_cat |
                     Unknown  |  -.0289931    .012483    -2.32   0.020    -.0534594   -.0045269
                        1-50  |   -.062199   .0112598    -5.52   0.000    -.0842678   -.0401302
                      51-200  |  -.0801532   .0106071    -7.56   0.000    -.1009428   -.0593637
                     201-500  |  -.0592522   .0117306    -5.05   0.000    -.0822438   -.0362606
                    501-1000  |    -.02136   .0135656    -1.57   0.115    -.0479481    .0052281
                  5001-10000  |  -.0011789   .0118154    -0.10   0.921    -.0243367     .021979
                      10000+  |   .0144677   .0088119     1.64   0.101    -.0028034    .0317388
                              |
               job_family_num |
              DevOps & Cloud  |   -.016651   .0175653    -0.95   0.343    -.0510783    .0177764
                  Management  |  -.0108417   .0206791    -0.52   0.600    -.0513719    .0296885
                       Other  |  -.1021921   .0153475    -6.66   0.000    -.1322726   -.0721116
          Software Developer  |  -.1204602   .0160326    -7.51   0.000    -.1518836   -.0890368
           Software Engineer  |  -.0009421   .0165406    -0.06   0.955    -.0333611    .0314769
       Sr+ Software Engineer  |   .0615499   .0180217     3.42   0.001     .0262279    .0968719
                              |
                      edu_ols |
                     Missing  |   .0258211   .0061098     4.23   0.000     .0138462     .037796
                 High School  |  -.0586204   .0163762    -3.58   0.000    -.0907173   -.0265236
                   Associate  |  -.1197469   .0165476    -7.24   0.000    -.1521795   -.0873143
                     Master+  |   .0830235   .0176929     4.69   0.000     .0483461     .117701
                              |
                 exp_category |
                     Missing  |  -.0906949   .0083224   -10.90   0.000    -.1070066   -.0743833
                Junior (0-2)  |  -.1878701   .0071882   -26.14   0.000    -.2019586   -.1737815
                Senior+ (6+)  |    .105464   .0078258    13.48   0.000     .0901257    .1208023
                              |
                        _cons |   11.62422   .0186037   624.83   0.000     11.58776    11.66069
------------------------------+----------------------------------------------------------------
has_salary                    |
                     ai_level |
              AI Integration  |   .1524685   .0291881     5.22   0.000     .0952608    .2096761
             Applied/Core AI  |   .1816471   .0377856     4.81   0.000     .1075888    .2557055
                              |
                   country_id |
                          DE  |  -1.477968   .0888746   -16.63   0.000    -1.652159   -1.303777
                          IN  |  -.4023004   .0206399   -19.49   0.000    -.4427539   -.3618468
                              |
              sector_nace_num |
                           J  |  -.1408686   .0271773    -5.18   0.000    -.1941351   -.0876022
                           K  |   .1480067    .038582     3.84   0.000     .0723874    .2236261
                           M  |   .0035185   .0449874     0.08   0.938    -.0846552    .0916921
                       Other  |    .070431   .0358708     1.96   0.050     .0001256    .1407364
                           Q  |   .0027017   .0532077     0.05   0.960    -.1015835    .1069868
                     Unknown  |  -.0890954   .0341715    -2.61   0.009    -.1560703   -.0221205
                              |
                    is_remote |  -.5312242    .019761   -26.88   0.000     -.569955   -.4924934
                              |
                     type_cat |
               Unknown/Other  |   .1070673   .0314235     3.41   0.001     .0454784    .1686562
                      Public  |   .0658177   .0213717     3.08   0.002       .02393    .1077054
           Nonprofit/Gov/Edu  |   .1026586   .0501948     2.05   0.041     .0042786    .2010386
                              |
                     size_cat |
                     Unknown  |  -.0379282   .0360926    -1.05   0.293    -.1086684     .032812
                        1-50  |  -.0704753   .0324099    -2.17   0.030    -.1339975    -.006953
                      51-200  |  -.0996015   .0316672    -3.15   0.002    -.1616681   -.0375348
                     201-500  |   -.035118   .0357723    -0.98   0.326    -.1052305    .0349945
                    501-1000  |  -.0880069   .0390234    -2.26   0.024    -.1644913   -.0115224
                  5001-10000  |   .0248638   .0384807     0.65   0.518    -.0505569    .1002846
                      10000+  |   .0571954   .0300285     1.90   0.057    -.0016594    .1160501
                              |
               job_family_num |
              DevOps & Cloud  |  -.1639552   .0459823    -3.57   0.000    -.2540789   -.0738315
                  Management  |  -.0869675   .0531941    -1.63   0.102     -.191226    .0172911
                       Other  |  -.1246631   .0409892    -3.04   0.002    -.2050004   -.0443258
          Software Developer  |  -.1462991   .0423671    -3.45   0.001    -.2293371    -.063261
           Software Engineer  |  -.0899095   .0445996    -2.02   0.044    -.1773231    -.002496
       Sr+ Software Engineer  |   -.085201   .0482947    -1.76   0.078    -.1798569    .0094548
                              |
                    edu_logit |
                     Missing  |  -.0088018   .0163251    -0.54   0.590    -.0407983    .0231947
              HS / Associate  |  -.0780555    .041687    -1.87   0.061    -.1597606    .0036496
                              |
                 exp_category |
                     Missing  |   -.157104   .0222924    -7.05   0.000    -.2007964   -.1134117
                Junior (0-2)  |  -.0904516   .0200541    -4.51   0.000    -.1297569   -.0511464
                Senior+ (6+)  |   .0636119   .0225419     2.82   0.005     .0194305    .1077933
                              |
                        _cons |   1.154418   .0525477    21.97   0.000     1.051426     1.25741
------------------------------+----------------------------------------------------------------
                      /athrho |   1.191197   .0352459    33.80   0.000     1.122116    1.260277
                     /lnsigma |  -.8244061   .0121106   -68.07   0.000    -.8481425   -.8006698
------------------------------+----------------------------------------------------------------
                          rho |   .8309496   .0109094                      .8083036    .8511405
                        sigma |   .4384953   .0053104                      .4282096    .4490281
                       lambda |   .3643675    .008673                      .3473688    .3813662
-----------------------------------------------------------------------------------------------
Wald test of indep. eqns. (rho = 0): chi2(1) =  1142.22   Prob > chi2 = 0.0000

. estimates store pooled_heckman

. 
. display _n "--- 6.9b Porovnani OLS FE-C vs Heckman (AI a country koef.) ---"

--- 6.9b Porovnani OLS FE-C vs Heckman (AI a country koef.) ---

. estimates table pooled_fe_c pooled_heckman, ///
>     keep(1.ai_level 2.ai_level 1.country_id 2.country_id) star

----------------------------------------------
    Variable |  pooled_fe_c    pooled_heck~n  
-------------+--------------------------------
    ai_level |
AI Integr..  |  .10082156***                  
Applied/C..  |  .13308838***                  
             |
  country_id |
         DE  | -.53259549***                  
         IN  | -2.7991709***                  
----------------------------------------------
      legend: * p<0.05; ** p<0.01; *** p<0.001

. 
. 
. * ==============================================================================
. * 6A. BINARNI LOGIT: P(has_ai) S COUNTRY FE
. * ==============================================================================
. display _n "=============================================================="

==============================================================

. display "6A. BINARNI LOGIT — P(has_ai) s country FE"
6A. BINARNI LOGIT — P(has_ai) s country FE

. display "=============================================================="
==============================================================

. 
. * --- Vyrazeni cirkularnich clusteru pro logit/mlogit ---
. rename cluster_generative_ai _excl_genai_logit

. rename cluster_data_science__ml _excl_dsml_logit

. 
. * --- 6A.1 Logit M1: firemni profil + country ---
. display _n "--- 6A.1a Logit M1: profil firmy + country FE ---"

--- 6A.1a Logit M1: profil firmy + country FE ---

. logit has_ai ///
>     ib3.country_id ///
>     i.sector_nace_num ///
>     ib1.type_cat ///
>     ib5.size_cat, or vce(robust)

Iteration 0:   log pseudolikelihood = -13241.216  
Iteration 1:   log pseudolikelihood = -12488.067  
Iteration 2:   log pseudolikelihood = -12442.906  
Iteration 3:   log pseudolikelihood =   -12442.8  
Iteration 4:   log pseudolikelihood =   -12442.8  

Logistic regression                             Number of obs     =     32,279
                                                Wald chi2(18)     =    1312.95
                                                Prob > chi2       =     0.0000
Log pseudolikelihood =   -12442.8               Pseudo R2         =     0.0603

------------------------------------------------------------------------------------
                   |               Robust
            has_ai | Odds Ratio   Std. Err.      z    P>|z|     [95% Conf. Interval]
-------------------+----------------------------------------------------------------
        country_id |
               DE  |   1.005034   .1561792     0.03   0.974     .7411511    1.362871
               IN  |   .2405328   .0099427   -34.47   0.000      .221814    .2608314
                   |
   sector_nace_num |
                J  |   1.606593   .0967582     7.87   0.000     1.427715    1.807882
                K  |   1.396504   .1118127     4.17   0.000     1.193686    1.633784
                M  |   1.571413     .15083     4.71   0.000     1.301934     1.89667
            Other  |   1.149134   .0889222     1.80   0.072     .9874228    1.337329
                Q  |    1.80557   .1898759     5.62   0.000     1.469268    2.218849
          Unknown  |    1.84875   .1430852     7.94   0.000     1.588543     2.15158
                   |
          type_cat |
    Unknown/Other  |   1.031726   .0676617     0.48   0.634     .9072808    1.173241
           Public  |   .9714391   .0444121    -0.63   0.526     .8881789    1.062504
Nonprofit/Gov/Edu  |   .8526558   .0849832    -1.60   0.110     .7013511    1.036602
                   |
          size_cat |
          Unknown  |   .7137542   .0530956    -4.53   0.000     .6169194    .8257887
             1-50  |   .6215812   .0439013    -6.73   0.000     .5412262    .7138663
           51-200  |   .9012163   .0600936    -1.56   0.119      .790807    1.027041
          201-500  |   .9332151   .0693981    -0.93   0.353     .8066452    1.079645
         501-1000  |   .8832162   .0738204    -1.49   0.137     .7497603    1.040427
       5001-10000  |   .8789418   .0732792    -1.55   0.122     .7464379    1.034967
           10000+  |   .9766733   .0598802    -0.38   0.700     .8660876    1.101379
                   |
             _cons |   .2093043   .0145226   -22.54   0.000     .1826911    .2397944
------------------------------------------------------------------------------------
Note: _cons estimates baseline odds.

. estimates store clogit_m1

. display _n "--- 6A.1b AME Logit M1 ---"

--- 6A.1b AME Logit M1 ---

. margins, dydx(*)

Average marginal effects                        Number of obs     =     32,279
Model VCE    : Robust

Expression   : Pr(has_ai), predict()
dy/dx w.r.t. : 1.country_id 2.country_id 2.sector_nace_num 3.sector_nace_num 4.sector_nace_num 5.sector_nace_num 6.sector_nace_num 7.sector_nace_num 0.type_cat 2.type_cat 4.type_cat
               0.size_cat 1.size_cat 2.size_cat 3.size_cat 4.size_cat 6.size_cat 7.size_cat

------------------------------------------------------------------------------------
                   |            Delta-method
                   |      dy/dx   Std. Err.      z    P>|z|     [95% Conf. Interval]
-------------------+----------------------------------------------------------------
        country_id |
               DE  |   .0008301   .0257245     0.03   0.974     -.049589    .0512492
               IN  |  -.1498288   .0038533   -38.88   0.000    -.1573811   -.1422765
                   |
   sector_nace_num |
                J  |   .0493589   .0056932     8.67   0.000     .0382004    .0605174
                K  |   .0330877   .0081478     4.06   0.000     .0171183    .0490571
                M  |   .0466904    .010612     4.40   0.000     .0258913    .0674896
            Other  |   .0128337   .0071631     1.79   0.073    -.0012058    .0268731
                Q  |   .0640486   .0127201     5.04   0.000     .0391177    .0889796
          Unknown  |   .0671492   .0082768     8.11   0.000     .0509271    .0833714
                   |
          type_cat |
    Unknown/Other  |   .0037085   .0078348     0.47   0.636    -.0116474    .0190644
           Public  |  -.0033749   .0053126    -0.64   0.525    -.0137873    .0070375
Nonprofit/Gov/Edu  |  -.0177943   .0106267    -1.67   0.094    -.0386222    .0030336
                   |
          size_cat |
          Unknown  |  -.0397515   .0088051    -4.51   0.000    -.0570093   -.0224937
             1-50  |  -.0536361    .008101    -6.62   0.000    -.0695138   -.0377584
           51-200  |  -.0131811   .0084618    -1.56   0.119    -.0297659    .0034037
          201-500  |  -.0088526   .0094889    -0.93   0.351    -.0274505    .0097453
         501-1000  |  -.0156414   .0103847    -1.51   0.132     -.035995    .0047121
       5001-10000  |  -.0162284   .0103333    -1.57   0.116    -.0364814    .0040246
           10000+  |  -.0030646   .0079675    -0.38   0.701    -.0186807    .0125515
------------------------------------------------------------------------------------
Note: dy/dx for factor levels is the discrete change from the base level.

. 
. * --- 6A.2 Logit M2: role + lidsky kapital + country ---
. display _n "--- 6A.2a Logit M2: role + HC + country FE ---"

--- 6A.2a Logit M2: role + HC + country FE ---

. logit has_ai ///
>     ib3.country_id ///
>     cluster_* ///
>     i.job_family_num ///
>     ib2.edu_logit ///
>     ib3.exp_category, or vce(robust)

Iteration 0:   log pseudolikelihood = -16183.326  
Iteration 1:   log pseudolikelihood = -13606.753  
Iteration 2:   log pseudolikelihood = -13091.191  
Iteration 3:   log pseudolikelihood = -13058.087  
Iteration 4:   log pseudolikelihood = -13058.011  
Iteration 5:   log pseudolikelihood = -13058.011  

Logistic regression                             Number of obs     =     38,432
                                                Wald chi2(32)     =    4753.00
                                                Prob > chi2       =     0.0000
Log pseudolikelihood = -13058.011               Pseudo R2         =     0.1931

-----------------------------------------------------------------------------------------------
                              |               Robust
                       has_ai | Odds Ratio   Std. Err.      z    P>|z|     [95% Conf. Interval]
------------------------------+----------------------------------------------------------------
                   country_id |
                          DE  |   .9123487   .0418003    -2.00   0.045     .8339924    .9980668
                          IN  |   .2262397   .0096112   -34.98   0.000      .208165    .2458838
                              |
cluster_architecture__methods |   1.038018    .045986     0.84   0.400     .9516892    1.132178
        cluster_bi__analytics |   1.278231   .0462035     6.79   0.000     1.190808    1.372074
  cluster_backend_development |   1.240839   .0498665     5.37   0.000     1.146852    1.342528
       cluster_certifications |   .6831158   .0551455    -4.72   0.000     .5831495    .8002189
      cluster_cloud_computing |   1.638083   .0633222    12.77   0.000     1.518559    1.767015
     cluster_data_engineering |   1.403342    .052739     9.02   0.000     1.303691    1.510611
   cluster_databases__storage |   .7526467   .0280976    -7.61   0.000      .699543    .8097817
   cluster_devops__containers |   1.222808   .0479009     5.13   0.000     1.132437     1.32039
         cluster_dynamic__web |   2.312325   .0907724    21.35   0.000     2.141086    2.497258
  cluster_enterprise__managed |   .6221327   .0236245   -12.50   0.000     .5775105    .6702026
 cluster_enterprise_platforms |   1.269236   .0985962     3.07   0.002     1.089983    1.477968
 cluster_frontend_development |   1.425281   .0581291     8.69   0.000     1.315784    1.543889
      cluster_mobile__desktop |   .8729191    .045064    -2.63   0.008     .7889168    .9658658
           cluster_networking |   .9905503   .0393939    -0.24   0.811     .9162723     1.07085
         cluster_os__embedded |   .7101324   .0359004    -6.77   0.000     .6431424       .7841
     cluster_scripting__shell |   .6047325   .0406009    -7.49   0.000     .5301696    .6897818
   cluster_security__identity |   1.030621   .0413195     0.75   0.452     .9527366    1.114873
  cluster_systems_programming |   1.311939   .0634888     5.61   0.000     1.193223    1.442468
cluster_testing_qa__debugging |   .9609601   .0333477    -1.15   0.251      .897773    1.028594
                              |
               job_family_num |
              DevOps & Cloud  |   .1227433   .0103365   -24.91   0.000     .1040678    .1447702
                  Management  |   .3138881   .0254519   -14.29   0.000     .2677654    .3679554
                       Other  |    .113566   .0076714   -32.20   0.000     .0994832    .1296424
          Software Developer  |   .1007794   .0071762   -32.23   0.000     .0876517    .1158734
           Software Engineer  |   .2109531   .0156635   -20.96   0.000     .1823826    .2439992
       Sr+ Software Engineer  |   .2107656   .0162947   -20.14   0.000     .1811306    .2452492
                              |
                    edu_logit |
                     Missing  |   1.065677    .036728     1.85   0.065     .9960694     1.14015
              HS / Associate  |   .4569218   .0512932    -6.98   0.000     .3666803     .569372
                              |
                 exp_category |
                     Missing  |   .8635572   .0407435    -3.11   0.002     .7872823    .9472218
                Junior (0-2)  |   .9206156   .0437438    -1.74   0.082     .8387506    1.010471
                Senior+ (6+)  |   .9597059   .0428841    -0.92   0.357       .87923    1.047548
                              |
                        _cons |   .5882387   .0481249    -6.49   0.000     .5010895    .6905449
-----------------------------------------------------------------------------------------------
Note: _cons estimates baseline odds.

. estimates store clogit_m2

. display _n "--- 6A.2b AME Logit M2 ---"

--- 6A.2b AME Logit M2 ---

. margins, dydx(*)

Average marginal effects                        Number of obs     =     38,432
Model VCE    : Robust

Expression   : Pr(has_ai), predict()
dy/dx w.r.t. : 1.country_id 2.country_id cluster_architecture__methods cluster_bi__analytics cluster_backend_development cluster_certifications cluster_cloud_computing
               cluster_data_engineering cluster_databases__storage cluster_devops__containers cluster_dynamic__web cluster_enterprise__managed cluster_enterprise_platforms
               cluster_frontend_development cluster_mobile__desktop cluster_networking cluster_os__embedded cluster_scripting__shell cluster_security__identity cluster_systems_programming
               cluster_testing_qa__debugging 2.job_family_num 3.job_family_num 4.job_family_num 5.job_family_num 6.job_family_num 7.job_family_num 0.edu_logit 1.edu_logit 0.exp_category
               2.exp_category 4.exp_category

-----------------------------------------------------------------------------------------------
                              |            Delta-method
                              |      dy/dx   Std. Err.      z    P>|z|     [95% Conf. Interval]
------------------------------+----------------------------------------------------------------
                   country_id |
                          DE  |  -.0119805   .0059196    -2.02   0.043    -.0235826   -.0003783
                          IN  |   -.134376   .0035243   -38.13   0.000    -.1412835   -.1274686
                              |
cluster_architecture__methods |   .0038315   .0045502     0.84   0.400    -.0050867    .0127497
        cluster_bi__analytics |   .0252071    .003713     6.79   0.000     .0179298    .0324844
  cluster_backend_development |   .0221584   .0041216     5.38   0.000     .0140801    .0302366
       cluster_certifications |  -.0391327   .0082837    -4.72   0.000    -.0553684    -.022897
      cluster_cloud_computing |   .0506783   .0039567    12.81   0.000     .0429232    .0584333
     cluster_data_engineering |   .0347958   .0038508     9.04   0.000     .0272484    .0423432
   cluster_databases__storage |  -.0291792   .0038218    -7.63   0.000    -.0366698   -.0216886
   cluster_devops__containers |   .0206553   .0040199     5.14   0.000     .0127764    .0285341
         cluster_dynamic__web |   .0860769   .0039843    21.60   0.000     .0782678    .0938859
  cluster_enterprise__managed |   -.048735   .0038696   -12.59   0.000    -.0563192   -.0411507
 cluster_enterprise_platforms |   .0244819   .0079747     3.07   0.002     .0088518    .0401121
 cluster_frontend_development |   .0363887   .0041775     8.71   0.000      .028201    .0445764
      cluster_mobile__desktop |  -.0139563   .0053007    -2.63   0.008    -.0243455   -.0035671
           cluster_networking |   -.000975   .0040838    -0.24   0.811    -.0089791    .0070292
         cluster_os__embedded |  -.0351498   .0051863    -6.78   0.000    -.0453148   -.0249848
     cluster_scripting__shell |  -.0516479   .0068746    -7.51   0.000    -.0651218   -.0381739
   cluster_security__identity |   .0030972   .0041171     0.75   0.452    -.0049722    .0111665
  cluster_systems_programming |   .0278799   .0049683     5.61   0.000     .0181422    .0376176
cluster_testing_qa__debugging |  -.0040892   .0035629    -1.15   0.251    -.0110723    .0028939
                              |
               job_family_num |
              DevOps & Cloud  |  -.3241085   .0132173   -24.52   0.000     -.350014   -.2982031
                  Management  |  -.2093015   .0146356   -14.30   0.000    -.2379867   -.1806163
                       Other  |  -.3311617   .0123738   -26.76   0.000    -.3554139   -.3069094
          Software Developer  |   -.341326   .0123834   -27.56   0.000    -.3655969   -.3170551
           Software Engineer  |  -.2647033   .0132401   -19.99   0.000    -.2906534   -.2387533
       Sr+ Software Engineer  |  -.2648161    .013437   -19.71   0.000     -.291152   -.2384801
                              |
                    edu_logit |
                     Missing  |   .0066516   .0036094     1.84   0.065    -.0004227    .0137259
              HS / Associate  |  -.0650108   .0075155    -8.65   0.000    -.0797409   -.0502807
                              |
                 exp_category |
                     Missing  |  -.0148921   .0047107    -3.16   0.002    -.0241248   -.0056594
                Junior (0-2)  |  -.0085383   .0048596    -1.76   0.079    -.0180629    .0009862
                Senior+ (6+)  |  -.0042917   .0046406    -0.92   0.355    -.0133871    .0048037
-----------------------------------------------------------------------------------------------
Note: dy/dx for factor levels is the discrete change from the base level.

. 
. * --- 6A.3 Logit M3: kompletni ---
. display _n "--- 6A.3a Logit M3: kompletni ---"

--- 6A.3a Logit M3: kompletni ---

. logit has_ai ///
>     ib3.country_id ///
>     i.sector_nace_num ///
>     ib1.type_cat ///
>     ib5.size_cat ///
>     cluster_* ///
>     i.job_family_num ///
>     ib2.edu_logit ///
>     ib3.exp_category, or vce(robust)

Iteration 0:   log pseudolikelihood = -13241.216  
Iteration 1:   log pseudolikelihood = -11183.417  
Iteration 2:   log pseudolikelihood = -10757.146  
Iteration 3:   log pseudolikelihood = -10741.862  
Iteration 4:   log pseudolikelihood =  -10741.83  
Iteration 5:   log pseudolikelihood =  -10741.83  

Logistic regression                             Number of obs     =     32,279
                                                Wald chi2(48)     =    3954.60
                                                Prob > chi2       =     0.0000
Log pseudolikelihood =  -10741.83               Pseudo R2         =     0.1888

-----------------------------------------------------------------------------------------------
                              |               Robust
                       has_ai | Odds Ratio   Std. Err.      z    P>|z|     [95% Conf. Interval]
------------------------------+----------------------------------------------------------------
                   country_id |
                          DE  |    .921856   .1601445    -0.47   0.640      .655832    1.295787
                          IN  |   .2158603   .0094519   -35.01   0.000     .1981075    .2352039
                              |
              sector_nace_num |
                           J  |   1.409262   .0927741     5.21   0.000      1.23867    1.603348
                           K  |   1.164931    .105876     1.68   0.093     .9748503    1.392075
                           M  |   1.415478    .146695     3.35   0.001     1.155281    1.734277
                       Other  |    .994194   .0842115    -0.07   0.945     .8421152    1.173737
                           Q  |   1.480573   .1749418     3.32   0.001     1.174501    1.866407
                     Unknown  |   1.630325   .1391181     5.73   0.000      1.37924    1.927119
                              |
                     type_cat |
               Unknown/Other  |   .9934757   .0716426    -0.09   0.928     .8625305      1.1443
                      Public  |   .9571488   .0481351    -0.87   0.384     .8673061    1.056298
           Nonprofit/Gov/Edu  |   1.069026   .1228779     0.58   0.561     .8533912    1.339148
                              |
                     size_cat |
                     Unknown  |   .8769321   .0729681    -1.58   0.115     .7449702    1.032269
                        1-50  |   .7549327    .059389    -3.57   0.000     .6470622    .8807862
                      51-200  |   .9721477   .0719289    -0.38   0.703     .8409151     1.12386
                     201-500  |   1.004102   .0819399     0.05   0.960     .8556876    1.178257
                    501-1000  |   .8704041   .0819685    -1.47   0.141     .7237037    1.046842
                  5001-10000  |   .8861417   .0812875    -1.32   0.188     .7403223    1.060683
                      10000+  |   1.133322   .0774072     1.83   0.067     .9913229    1.295661
                              |
cluster_architecture__methods |   1.022652   .0521019     0.44   0.660     .9254671    1.130042
        cluster_bi__analytics |   1.299306   .0510613     6.66   0.000     1.202985     1.40334
  cluster_backend_development |   1.216529   .0538524     4.43   0.000     1.115429    1.326792
       cluster_certifications |   .7049544   .0601027    -4.10   0.000     .5964716    .8331676
      cluster_cloud_computing |   1.641372   .0704443    11.55   0.000     1.508951    1.785414
     cluster_data_engineering |   1.361534   .0557814     7.53   0.000     1.256479    1.475373
   cluster_databases__storage |   .7669292   .0316995    -6.42   0.000     .7072494    .8316451
   cluster_devops__containers |   1.206412   .0523914     4.32   0.000     1.107975    1.313594
         cluster_dynamic__web |   2.258581   .0977931    18.82   0.000     2.074817    2.458619
  cluster_enterprise__managed |   .6142883   .0257829   -11.61   0.000     .5657775    .6669586
 cluster_enterprise_platforms |   1.337465   .1082523     3.59   0.000     1.141268    1.567391
 cluster_frontend_development |   1.355296   .0616014     6.69   0.000     1.239781    1.481574
      cluster_mobile__desktop |   .8610074   .0478219    -2.69   0.007     .7721998    .9600285
           cluster_networking |   1.004933    .043668     0.11   0.910     .9228889    1.094271
         cluster_os__embedded |   .7286876     .04004    -5.76   0.000     .6542888    .8115463
     cluster_scripting__shell |   .6120783   .0445157    -6.75   0.000     .5307623    .7058523
   cluster_security__identity |   1.042276     .04486     0.96   0.336     .9579588    1.134016
  cluster_systems_programming |   1.318607   .0724275     5.04   0.000     1.184026    1.468486
cluster_testing_qa__debugging |   .9581732   .0361692    -1.13   0.258     .8898418    1.031752
                              |
               job_family_num |
              DevOps & Cloud  |   .1436259   .0139661   -19.96   0.000     .1187032    .1737814
                  Management  |   .3766933   .0361452   -10.17   0.000     .3121129    .4546361
                       Other  |   .1385106   .0104693   -26.15   0.000     .1194387    .1606279
          Software Developer  |   .1205531   .0097545   -26.15   0.000     .1028736    .1412709
           Software Engineer  |   .2727361   .0228188   -15.53   0.000     .2314866    .3213361
       Sr+ Software Engineer  |   .2599432   .0229689   -15.25   0.000     .2186076    .3090947
                              |
                    edu_logit |
                     Missing  |   1.144713   .0444169     3.48   0.000     1.060885    1.235164
              HS / Associate  |    .549318     .07266    -4.53   0.000     .4238701    .7118934
                              |
                 exp_category |
                     Missing  |   .8725119   .0487632    -2.44   0.015     .7819864     .973517
                Junior (0-2)  |   .9243986   .0472526    -1.54   0.124     .8362735     1.02181
                Senior+ (6+)  |   .9611949   .0460537    -0.83   0.409     .8750399    1.055832
                              |
                        _cons |   .4112203   .0475881    -7.68   0.000     .3277706    .5159161
-----------------------------------------------------------------------------------------------
Note: _cons estimates baseline odds.

. estimates store clogit_m3

. display _n "--- 6A.3b AME Logit M3 ---"

--- 6A.3b AME Logit M3 ---

. margins, dydx(*)

Average marginal effects                        Number of obs     =     32,279
Model VCE    : Robust

Expression   : Pr(has_ai), predict()
dy/dx w.r.t. : 1.country_id 2.country_id 2.sector_nace_num 3.sector_nace_num 4.sector_nace_num 5.sector_nace_num 6.sector_nace_num 7.sector_nace_num 0.type_cat 2.type_cat 4.type_cat
               0.size_cat 1.size_cat 2.size_cat 3.size_cat 4.size_cat 6.size_cat 7.size_cat cluster_architecture__methods cluster_bi__analytics cluster_backend_development
               cluster_certifications cluster_cloud_computing cluster_data_engineering cluster_databases__storage cluster_devops__containers cluster_dynamic__web
               cluster_enterprise__managed cluster_enterprise_platforms cluster_frontend_development cluster_mobile__desktop cluster_networking cluster_os__embedded
               cluster_scripting__shell cluster_security__identity cluster_systems_programming cluster_testing_qa__debugging 2.job_family_num 3.job_family_num 4.job_family_num
               5.job_family_num 6.job_family_num 7.job_family_num 0.edu_logit 1.edu_logit 0.exp_category 2.exp_category 4.exp_category

-----------------------------------------------------------------------------------------------
                              |            Delta-method
                              |      dy/dx   Std. Err.      z    P>|z|     [95% Conf. Interval]
------------------------------+----------------------------------------------------------------
                   country_id |
                          DE  |  -.0110214   .0230875    -0.48   0.633     -.056272    .0342293
                          IN  |  -.1415544   .0037088   -38.17   0.000    -.1488234   -.1342854
                              |
              sector_nace_num |
                           J  |   .0322465   .0058441     5.52   0.000     .0207923    .0437006
                           K  |   .0135989   .0081784     1.66   0.096    -.0024304    .0296282
                           M  |   .0327002   .0101302     3.23   0.001     .0128453     .052555
                       Other  |  -.0004955   .0072078    -0.07   0.945    -.0146226    .0136316
                           Q  |   .0373947   .0119349     3.13   0.002     .0140027    .0607868
                     Unknown  |   .0478221   .0082183     5.82   0.000     .0317145    .0639297
                              |
                     type_cat |
               Unknown/Other  |  -.0006593   .0072563    -0.09   0.928    -.0148813    .0135627
                      Public  |  -.0043683   .0050029    -0.87   0.383    -.0141737    .0054372
           Nonprofit/Gov/Edu  |    .006854   .0119836     0.57   0.567    -.0166334    .0303413
                              |
                     size_cat |
                     Unknown  |  -.0131271   .0083253    -1.58   0.115    -.0294443    .0031901
                        1-50  |  -.0270006    .007607    -3.55   0.000      -.04191   -.0120911
                      51-200  |   -.002901   .0076014    -0.38   0.703    -.0177994    .0119974
                     201-500  |   .0004239   .0084528     0.05   0.960    -.0161432    .0169911
                    501-1000  |  -.0138466   .0092696    -1.49   0.135    -.0320147    .0043215
                  5001-10000  |  -.0121162   .0090948    -1.33   0.183    -.0299417    .0057094
                      10000+  |   .0133705   .0072638     1.84   0.066    -.0008664    .0276073
                              |
cluster_architecture__methods |   .0022445   .0051058     0.44   0.660    -.0077626    .0122517
        cluster_bi__analytics |   .0262367   .0039376     6.66   0.000     .0185191    .0339543
  cluster_backend_development |   .0196403   .0044316     4.43   0.000     .0109546    .0283261
       cluster_certifications |  -.0350339   .0085385    -4.10   0.000     -.051769   -.0182987
      cluster_cloud_computing |   .0496548   .0042879    11.58   0.000     .0412506     .058059
     cluster_data_engineering |   .0309245   .0040985     7.55   0.000     .0228916    .0389574
   cluster_databases__storage |  -.0265905   .0041303    -6.44   0.000    -.0346857   -.0184953
   cluster_devops__containers |   .0188035   .0043502     4.32   0.000     .0102773    .0273297
         cluster_dynamic__web |   .0816406   .0043012    18.98   0.000     .0732104    .0900709
  cluster_enterprise__managed |   -.048829   .0041772   -11.69   0.000    -.0570161   -.0406419
 cluster_enterprise_platforms |   .0291372   .0081054     3.59   0.000     .0132509    .0450235
 cluster_frontend_development |   .0304643   .0045424     6.71   0.000     .0215613    .0393673
      cluster_mobile__desktop |  -.0149959   .0055652    -2.69   0.007    -.0259034   -.0040883
           cluster_networking |   .0004931   .0043542     0.11   0.910     -.008041    .0090272
         cluster_os__embedded |  -.0317159   .0055026    -5.76   0.000    -.0425009   -.0209309
     cluster_scripting__shell |  -.0491901   .0072673    -6.77   0.000    -.0634338   -.0349465
   cluster_security__identity |   .0041492   .0043133     0.96   0.336    -.0043047    .0126031
  cluster_systems_programming |   .0277143   .0055044     5.03   0.000     .0169258    .0385028
cluster_testing_qa__debugging |  -.0042814   .0037819    -1.13   0.258    -.0116938    .0031309
                              |
               job_family_num |
              DevOps & Cloud  |  -.2842433   .0146352   -19.42   0.000    -.3129277   -.2555588
                  Management  |  -.1698884   .0166513   -10.20   0.000    -.2025243   -.1372524
                       Other  |  -.2874439   .0135946   -21.14   0.000    -.3140889   -.2607989
          Software Developer  |  -.2990179   .0136859   -21.85   0.000    -.3258417   -.2721941
           Software Engineer  |   -.214619   .0146658   -14.63   0.000    -.2433635   -.1858745
       Sr+ Software Engineer  |  -.2207176   .0149561   -14.76   0.000     -.250031   -.1914042
                              |
                    edu_logit |
                     Missing  |   .0137766   .0039781     3.46   0.001     .0059797    .0215734
              HS / Associate  |  -.0498522   .0092863    -5.37   0.000     -.068053   -.0316514
                              |
                 exp_category |
                     Missing  |  -.0135016    .005432    -2.49   0.013    -.0241482   -.0028551
                Junior (0-2)  |   -.007903   .0050969    -1.55   0.121    -.0178927    .0020867
                Senior+ (6+)  |  -.0040201   .0048461    -0.83   0.407    -.0135182    .0054781
-----------------------------------------------------------------------------------------------
Note: dy/dx for factor levels is the discrete change from the base level.

. 
. * --- 6A.3c AME pro country dummy (klicove pro komparativni interpretaci) ---
. display _n "--- 6A.3c Country AME (oproti US, plny model) ---"

--- 6A.3c Country AME (oproti US, plny model) ---

. margins, dydx(country_id)

Average marginal effects                        Number of obs     =     32,279
Model VCE    : Robust

Expression   : Pr(has_ai), predict()
dy/dx w.r.t. : 1.country_id 2.country_id

------------------------------------------------------------------------------
             |            Delta-method
             |      dy/dx   Std. Err.      z    P>|z|     [95% Conf. Interval]
-------------+----------------------------------------------------------------
  country_id |
         DE  |  -.0110214   .0230875    -0.48   0.633     -.056272    .0342293
         IN  |  -.1415544   .0037088   -38.17   0.000    -.1488234   -.1342854
------------------------------------------------------------------------------
Note: dy/dx for factor levels is the discrete change from the base level.

. 
. * --- 6A.4 Porovnani logit modelu ---
. display _n "--- 6A.4 Porovnani Logit M1 / M2 / M3 ---"

--- 6A.4 Porovnani Logit M1 / M2 / M3 ---

. estimates table clogit_m1 clogit_m2 clogit_m3, star stats(N ll chi2 r2_p)

--------------------------------------------------------------
    Variable |   clogit_m1       clogit_m2       clogit_m3    
-------------+------------------------------------------------
  country_id |
         DE  |  .00502148      -.09173305*      -.0813663     
         IN  | -1.4248987***   -1.4861603***    -1.533124***  
             |
sector_nac~m |
          J  |  .47411554***                     .3430661***  
          K  |  .33397231***                    .15266206     
          M  |  .45197542***                    .34746719***  
      Other  |  .13900885                      -.00582295     
          Q  |  .59087632***                    .39242924***  
    Unknown  |  .61450963***                    .48877946***  
             |
    type_cat |
Unknown/O~r  |  .03123326                      -.00654563     
             |
    type_cat |
     Public  | -.02897675                      -.04379641     
Nonprofit~u  | -.15939938                        .0667483     
             |
    size_cat |
    Unknown  | -.33721661***                   -.13132574     
       1-50  | -.47548876***                   -.28112663***  
     51-200  | -.10400998                      -.02824753     
    201-500  | -.06911956                       .00409334     
   501-1000  | -.12418524                      -.13879768     
             |
    size_cat |
 5001-10000  |  -.1290366                      -.12087838     
     10000+  | -.02360304                       .12515296     
             |
cluster_ar~s |                  .03731308       .02239923     
cluster_bi~s |                  .24547747***     .2618304***  
cluster_ba~t |                  .21578753***    .19600177***  
cluster_ce~s |                 -.38109088***   -.34962209***  
cluster_cl~g |                   .4935269***     .4955325***  
cluster_da~g |                  .33885653***    .30861228***  
cluster_da~e |                 -.28415931***   -.26536073***  
cluster_de~s |                  .20114974***    .18765053***  
cluster_dy~b |                  .83825333***    .81473655***  
cluster_en~d |                 -.47460192***   -.48729088***  
cluster_en~s |                   .2384154**     .29077605***  
cluster_fr~t |                  .35436864***    .30402009***  
cluster_mo~p |                 -.13591241**    -.14965215**   
cluster_ne~g |                 -.00949458       .00492112     
cluster_os~d |                  -.3423039***    -.3165101***  
cluster_sc~l |                 -.50296914***   -.49089513***  
cluster_se~y |                  .03016164       .04140721     
cluster_sy~g |                  .27150647***    .27657611***  
cluster_te~g |                 -.03982241       -.0427267     
             |
job_family~m |
DevOps & ..  |                 -2.0976603***    -1.940543***  
 Management  |                 -1.1587189***   -.97632404***  
      Other  |                 -2.1753708***   -1.9768084***  
Software ..  |                 -2.2948209***    -2.115665***  
Software ..  |                 -1.5561194***   -1.2992506***  
Sr+ Softw..  |                 -1.5570087***   -1.3472922***  
             |
   edu_logit |
    Missing  |                  .06361065       .13515398***  
HS / Asso..  |                 -.78324311***    -.5990777***  
             |
exp_category |
    Missing  |                 -.14669519**      -.136379*    
Junior (..)  |                  -.0827127      -.07861187     
             |
exp_category |
Senior+ ..)  |                 -.04112842      -.03957813     
             |
       _cons | -1.5639661***   -.53062245***   -.88862623***  
-------------+------------------------------------------------
           N |      32279           38432           32279     
          ll |   -12442.8      -13058.011       -10741.83     
        chi2 |  1312.9507       4752.9965       3954.5963     
        r2_p |  .06029779       .19311948       .18875801     
--------------------------------------------------------------
                      legend: * p<0.05; ** p<0.01; *** p<0.001

. 
. 
. * ==============================================================================
. * 6B. MULTINOMIALNI LOGIT: P(ai_level) S COUNTRY FE
. * ==============================================================================
. display _n "=============================================================="

==============================================================

. display "6B. MULTINOMIALNI LOGIT — P(ai_level) s country FE"
6B. MULTINOMIALNI LOGIT — P(ai_level) s country FE

. display "=============================================================="
==============================================================

. * POZN: edu_logit zde neni zahrnuta (stejne jako v hlavni analyze) — HS/Assoc
. * × Applied AI ma < 50 obs na nekterych zemich. Vzdelani je kontrolovano
. * v binarnim logitu (§6A) a v OLS (§6).
. 
. * --- 6B.1 Mlogit M1: firemni profil + country ---
. display _n "--- 6B.1a Mlogit M1: profil firmy + country FE ---"

--- 6B.1a Mlogit M1: profil firmy + country FE ---

. mlogit ai_level ///
>     ib3.country_id ///
>     i.sector_nace_num ///
>     ib1.type_cat ///
>     ib5.size_cat, baseoutcome(0) rrr vce(robust)

Iteration 0:   log pseudolikelihood = -16342.463  
Iteration 1:   log pseudolikelihood = -15535.909  
Iteration 2:   log pseudolikelihood = -15466.951  
Iteration 3:   log pseudolikelihood = -15466.488  
Iteration 4:   log pseudolikelihood = -15466.488  

Multinomial logistic regression                 Number of obs     =     32,279
                                                Wald chi2(36)     =    1356.76
                                                Prob > chi2       =     0.0000
Log pseudolikelihood = -15466.488               Pseudo R2         =     0.0536

------------------------------------------------------------------------------------
                   |               Robust
          ai_level |        RRR   Std. Err.      z    P>|z|     [95% Conf. Interval]
-------------------+----------------------------------------------------------------
None               |  (base outcome)
-------------------+----------------------------------------------------------------
AI_Integration     |
        country_id |
               DE  |   .9144353   .1791107    -0.46   0.648     .6229137    1.342388
               IN  |   .1660797   .0097176   -30.68   0.000     .1480852    .1862609
                   |
   sector_nace_num |
                J  |   1.681901   .1286507     6.80   0.000     1.447742    1.953934
                K  |   1.543376   .1532392     4.37   0.000     1.270449    1.874935
                M  |   1.649752   .1984036     4.16   0.000     1.303319    2.088269
            Other  |   1.270603   .1221836     2.49   0.013     1.052341    1.534133
                Q  |   2.020121   .2547376     5.58   0.000     1.577759    2.586509
          Unknown  |   1.974889   .1925937     6.98   0.000     1.631295    2.390854
                   |
          type_cat |
    Unknown/Other  |    1.01212   .0826457     0.15   0.883     .8624346    1.187784
           Public  |   1.007641   .0563969     0.14   0.892     .9029518    1.124467
Nonprofit/Gov/Edu  |   .8748458   .1033675    -1.13   0.258     .6939971    1.102822
                   |
          size_cat |
          Unknown  |   .6852644   .0618309    -4.19   0.000     .5741889    .8178271
             1-50  |   .5906735   .0521412    -5.96   0.000     .4968306    .7022416
           51-200  |   .8960057   .0732837    -1.34   0.179     .7632935    1.051792
          201-500  |   .9716257   .0871524    -0.32   0.748     .8149826    1.158376
         501-1000  |   .9414591   .0940867    -0.60   0.546     .7739891    1.145165
       5001-10000  |   .7576558   .0793747    -2.65   0.008     .6170169    .9303511
           10000+  |   .8393605   .0631047    -2.33   0.020     .7243585    .9726205
                   |
             _cons |   .1311906   .0114382   -23.30   0.000      .110583    .1556385
-------------------+----------------------------------------------------------------
Applied_Core_AI    |
        country_id |
               DE  |   1.162569   .2585698     0.68   0.498     .7517978     1.79778
               IN  |   .3697373   .0210535   -17.47   0.000     .3306924    .4133922
                   |
   sector_nace_num |
                J  |   1.509118   .1331665     4.66   0.000      1.26944    1.794049
                K  |   1.199463   .1446446     1.51   0.132     .9469772    1.519267
                M  |   1.457525   .2063867     2.66   0.008     1.104296    1.923742
            Other  |   .9845243   .1163911    -0.13   0.895     .7809026    1.241241
                Q  |   1.517368   .2472719     2.56   0.011     1.102499    2.088351
          Unknown  |   1.691365   .1933884     4.60   0.000     1.351799    2.116228
                   |
          type_cat |
    Unknown/Other  |   1.057853   .1029038     0.58   0.563     .8742262     1.28005
           Public  |   .9164657    .063709    -1.25   0.210     .7997314     1.05024
Nonprofit/Gov/Edu  |   .8105595   .1307272    -1.30   0.193      .590885    1.111903
                   |
          size_cat |
          Unknown  |   .7628169   .0879713    -2.35   0.019     .6084938    .9562787
             1-50  |   .6742871    .070956    -3.75   0.000     .5486203    .8287391
           51-200  |   .9155913   .0931648    -0.87   0.386     .7500475    1.117673
          201-500  |   .8684283   .1011435    -1.21   0.226     .6911891    1.091116
         501-1000  |    .785238   .1060018    -1.79   0.073     .6026913    1.023076
       5001-10000  |   1.091025   .1334315     0.71   0.476     .8584866    1.386552
           10000+  |   1.219471   .1149976     2.10   0.035     1.013683    1.467036
                   |
             _cons |   .0769293    .007917   -24.92   0.000     .0628772     .094122
------------------------------------------------------------------------------------
Note: _cons estimates baseline relative risk for each outcome.

. estimates store cmlogit_m1

. display _n "--- 6B.1b AME Mlogit M1: P(AI Integration) ---"

--- 6B.1b AME Mlogit M1: P(AI Integration) ---

. margins, dydx(*) predict(outcome(1))

Average marginal effects                        Number of obs     =     32,279
Model VCE    : Robust

Expression   : Pr(ai_level==AI_Integration), predict(outcome(1))
dy/dx w.r.t. : 1.country_id 2.country_id 2.sector_nace_num 3.sector_nace_num 4.sector_nace_num 5.sector_nace_num 6.sector_nace_num 7.sector_nace_num 0.type_cat 2.type_cat 4.type_cat
               0.size_cat 1.size_cat 2.size_cat 3.size_cat 4.size_cat 6.size_cat 7.size_cat

------------------------------------------------------------------------------------
                   |            Delta-method
                   |      dy/dx   Std. Err.      z    P>|z|     [95% Conf. Interval]
-------------------+----------------------------------------------------------------
        country_id |
               DE  |  -.0115713   .0208673    -0.55   0.579    -.0524705     .029328
               IN  |  -.1075013   .0030621   -35.11   0.000     -.113503   -.1014996
                   |
   sector_nace_num |
                J  |   .0318745   .0044341     7.19   0.000     .0231839    .0405651
                K  |   .0266777   .0064837     4.11   0.000     .0139698    .0393855
                M  |    .030602   .0084062     3.64   0.000     .0141261    .0470779
            Other  |    .014076   .0056338     2.50   0.012     .0030339     .025118
                Q  |   .0471917    .010094     4.68   0.000     .0274078    .0669757
          Unknown  |   .0443206   .0066292     6.69   0.000     .0313276    .0573136
                   |
          type_cat |
    Unknown/Other  |   .0005557   .0061611     0.09   0.928    -.0115198    .0126311
           Public  |   .0010976   .0042337     0.26   0.795    -.0072004    .0093956
Nonprofit/Gov/Edu  |  -.0085223   .0081589    -1.04   0.296    -.0245134    .0074689
                   |
          size_cat |
          Unknown  |  -.0278988    .007073    -3.94   0.000    -.0417617   -.0140359
             1-50  |  -.0369283    .006653    -5.55   0.000     -.049968   -.0238886
           51-200  |  -.0087842   .0069898    -1.26   0.209     -.022484    .0049157
          201-500  |  -.0015252   .0078808    -0.19   0.847    -.0169712    .0139209
         501-1000  |  -.0036295   .0086762    -0.42   0.676    -.0206345    .0133756
       5001-10000  |  -.0229092   .0080431    -2.85   0.004    -.0386733   -.0071451
           10000+  |  -.0161059   .0062679    -2.57   0.010    -.0283907    -.003821
------------------------------------------------------------------------------------
Note: dy/dx for factor levels is the discrete change from the base level.

. display _n "--- 6B.1c AME Mlogit M1: P(Applied/Core AI) ---"

--- 6B.1c AME Mlogit M1: P(Applied/Core AI) ---

. margins, dydx(*) predict(outcome(2))

Average marginal effects                        Number of obs     =     32,279
Model VCE    : Robust

Expression   : Pr(ai_level==Applied_Core_AI), predict(outcome(2))
dy/dx w.r.t. : 1.country_id 2.country_id 2.sector_nace_num 3.sector_nace_num 4.sector_nace_num 5.sector_nace_num 6.sector_nace_num 7.sector_nace_num 0.type_cat 2.type_cat 4.type_cat
               0.size_cat 1.size_cat 2.size_cat 3.size_cat 4.size_cat 6.size_cat 7.size_cat

------------------------------------------------------------------------------------
                   |            Delta-method
                   |      dy/dx   Std. Err.      z    P>|z|     [95% Conf. Interval]
-------------------+----------------------------------------------------------------
        country_id |
               DE  |   .0122807   .0176947     0.69   0.488    -.0224002    .0469616
               IN  |    -.04247    .002645   -16.06   0.000     -.047654   -.0372859
                   |
   sector_nace_num |
                J  |    .017532   .0038983     4.50   0.000     .0098915    .0251725
                K  |   .0062107   .0053528     1.16   0.246    -.0042805    .0167019
                M  |   .0157178   .0072093     2.18   0.029     .0015879    .0298477
            Other  |  -.0014571   .0047632    -0.31   0.760    -.0107927    .0078785
                Q  |   .0165182   .0085379     1.93   0.053    -.0002157    .0332522
          Unknown  |     .02305   .0057078     4.04   0.000      .011863     .034237
                   |
          type_cat |
    Unknown/Other  |   .0030625   .0054788     0.56   0.576    -.0076756    .0138007
           Public  |  -.0046219   .0036024    -1.28   0.199    -.0116825    .0024387
Nonprofit/Gov/Edu  |  -.0098026   .0074662    -1.31   0.189    -.0244361    .0048309
                   |
          size_cat |
          Unknown  |  -.0116863   .0059704    -1.96   0.050     -.023388    .0000155
             1-50  |  -.0165481   .0053145    -3.11   0.002    -.0269643    -.006132
           51-200  |  -.0040708   .0055953    -0.73   0.467    -.0150374    .0068959
          201-500  |  -.0073597   .0061571    -1.20   0.232    -.0194274    .0047081
         501-1000  |  -.0120328   .0066731    -1.80   0.071    -.0251119    .0010463
       5001-10000  |   .0072462   .0074182     0.98   0.329    -.0072932    .0217856
           10000+  |    .013806   .0058345     2.37   0.018     .0023705    .0252415
------------------------------------------------------------------------------------
Note: dy/dx for factor levels is the discrete change from the base level.

. 
. * --- 6B.2 Mlogit M2: role + country ---
. display _n "--- 6B.2a Mlogit M2: role + country FE ---"

--- 6B.2a Mlogit M2: role + country FE ---

. mlogit ai_level ///
>     ib3.country_id ///
>     cluster_* ///
>     i.job_family_num ///
>     ib3.exp_category, baseoutcome(0) rrr vce(robust)

Iteration 0:   log pseudolikelihood = -20064.691  
Iteration 1:   log pseudolikelihood = -19027.098  
Iteration 2:   log pseudolikelihood = -17494.377  
Iteration 3:   log pseudolikelihood = -16475.477  
Iteration 4:   log pseudolikelihood = -16372.372  
Iteration 5:   log pseudolikelihood = -16371.754  
Iteration 6:   log pseudolikelihood = -16371.754  

Multinomial logistic regression                 Number of obs     =     38,432
                                                Wald chi2(60)     =    5734.24
                                                Prob > chi2       =     0.0000
Log pseudolikelihood = -16371.754               Pseudo R2         =     0.1841

-----------------------------------------------------------------------------------------------
                              |               Robust
                     ai_level |        RRR   Std. Err.      z    P>|z|     [95% Conf. Interval]
------------------------------+----------------------------------------------------------------
None                          |  (base outcome)
------------------------------+----------------------------------------------------------------
AI_Integration                |
                   country_id |
                          DE  |   .8298442   .0454982    -3.40   0.001     .7452937    .9239867
                          IN  |   .1690393   .0096709   -31.07   0.000     .1511088    .1890975
                              |
cluster_architecture__methods |   1.096471   .0590186     1.71   0.087     .9866893    1.218467
        cluster_bi__analytics |   1.246249   .0534456     5.13   0.000      1.14578    1.355529
  cluster_backend_development |   1.368678   .0650875     6.60   0.000     1.246873    1.502381
       cluster_certifications |   .7229769   .0678339    -3.46   0.001     .6015334    .8689386
      cluster_cloud_computing |   1.625775   .0746653    10.58   0.000     1.485827    1.778905
     cluster_data_engineering |   1.127001   .0515074     2.62   0.009     1.030438    1.232613
   cluster_databases__storage |   .7954645   .0349568    -5.21   0.000     .7298181    .8670157
   cluster_devops__containers |   1.162991   .0532869     3.30   0.001     1.063103    1.272265
         cluster_dynamic__web |   1.819944   .0822197    13.25   0.000     1.665725    1.988441
  cluster_enterprise__managed |   .6234683   .0279335   -10.55   0.000     .5710545    .6806928
 cluster_enterprise_platforms |    1.56346   .1299109     5.38   0.000     1.328492    1.839987
 cluster_frontend_development |   1.770832   .0867115    11.67   0.000     1.608782    1.949206
      cluster_mobile__desktop |   .9312044   .0554957    -1.20   0.232      .828547    1.046581
           cluster_networking |   .9570501   .0450006    -0.93   0.350     .8727927    1.049442
         cluster_os__embedded |   .7316189   .0442478    -5.17   0.000     .6498376    .8236922
     cluster_scripting__shell |   .7034639   .0552282    -4.48   0.000     .6031355    .8204814
   cluster_security__identity |   1.066913   .0500122     1.38   0.167     .9732589    1.169579
  cluster_systems_programming |   .9533753   .0598629    -0.76   0.447     .8429787     1.07823
cluster_testing_qa__debugging |   1.025829    .042126     0.62   0.535     .9464992    1.111808
                              |
               job_family_num |
              DevOps & Cloud  |   .2470277   .0266085   -12.98   0.000     .2000132    .3050933
                  Management  |   .5314809   .0566445    -5.93   0.000     .4312884     .654949
                       Other  |    .264173   .0230734   -15.24   0.000     .2226091    .3134975
          Software Developer  |   .2199785   .0202898   -16.42   0.000     .1835985    .2635672
           Software Engineer  |   .3897234   .0376112    -9.76   0.000      .322559     .470873
       Sr+ Software Engineer  |   .4120884   .0404799    -9.02   0.000     .3399194    .4995797
                              |
                 exp_category |
                     Missing  |   .7667461   .0440122    -4.63   0.000     .6851591    .8580482
                Junior (0-2)  |   .8690457   .0491182    -2.48   0.013     .7779165    .9708502
                Senior+ (6+)  |   .8890015   .0473623    -2.21   0.027     .8008552    .9868496
                              |
                        _cons |   .1990566   .0206603   -15.55   0.000     .1624162    .2439629
------------------------------+----------------------------------------------------------------
Applied_Core_AI               |
                   country_id |
                          DE  |   1.031638   .0684603     0.47   0.639     .9058182    1.174935
                          IN  |   .3428768   .0210025   -17.47   0.000     .3040877    .3866139
                              |
cluster_architecture__methods |   .9650762   .0637705    -0.54   0.591     .8478436    1.098519
        cluster_bi__analytics |   1.312496   .0707942     5.04   0.000     1.180824     1.45885
  cluster_backend_development |   1.081091     .06416     1.31   0.189     .9623774    1.214447
       cluster_certifications |   .5728196   .0717939    -4.45   0.000     .4480569    .7323228
      cluster_cloud_computing |    1.66008   .0963166     8.74   0.000      1.48164    1.860009
     cluster_data_engineering |   2.012481   .1137152    12.38   0.000     1.801501    2.248168
   cluster_databases__storage |   .6602243   .0380468    -7.20   0.000     .5897111     .739169
   cluster_devops__containers |   1.305952   .0773513     4.51   0.000     1.162815    1.466708
         cluster_dynamic__web |   3.589819   .2331561    19.68   0.000     3.160731    4.077157
  cluster_enterprise__managed |   .5854165   .0331734    -9.45   0.000     .5238784    .6541833
 cluster_enterprise_platforms |   .9068437   .1056827    -0.84   0.401     .7216627    1.139543
 cluster_frontend_development |   1.079506   .0644587     1.28   0.200     .9602817    1.213532
      cluster_mobile__desktop |   .7413869   .0649262    -3.42   0.001     .6244559    .8802134
           cluster_networking |   1.025719   .0615324     0.42   0.672     .9119382    1.153697
         cluster_os__embedded |   .6757111   .0523919    -5.06   0.000     .5804467    .7866106
     cluster_scripting__shell |   .4728048   .0496592    -7.13   0.000     .3848392    .5808773
   cluster_security__identity |   .9656619   .0583672    -0.58   0.563     .8577805    1.087111
  cluster_systems_programming |    2.07897   .1368982    11.11   0.000     1.827247    2.365369
cluster_testing_qa__debugging |    .877139   .0458041    -2.51   0.012     .7918059    .9716684
                              |
               job_family_num |
              DevOps & Cloud  |   .0784841   .0089813   -22.24   0.000     .0627155    .0982173
                  Management  |   .2604993   .0264669   -13.24   0.000     .2134636    .3178991
                       Other  |   .0484174   .0045173   -32.45   0.000      .040326    .0581325
          Software Developer  |    .051341   .0050532   -30.17   0.000     .0423337    .0622649
           Software Engineer  |   .1497535   .0140069   -20.30   0.000     .1246699    .1798841
       Sr+ Software Engineer  |   .1420965   .0144335   -19.21   0.000     .1164454    .1733982
                              |
                 exp_category |
                     Missing  |   1.083658   .0747207     1.17   0.244     .9466724    1.240465
                Junior (0-2)  |   .9856908    .070759    -0.20   0.841     .8563202    1.134606
                Senior+ (6+)  |   1.113281   .0741584     1.61   0.107     .9770214    1.268544
                              |
                        _cons |   .2635382    .029215   -12.03   0.000     .2120714    .3274953
-----------------------------------------------------------------------------------------------
Note: _cons estimates baseline relative risk for each outcome.

. estimates store cmlogit_m2

. display _n "--- 6B.2b AME Mlogit M2: P(AI Integration) ---"

--- 6B.2b AME Mlogit M2: P(AI Integration) ---

. margins, dydx(*) predict(outcome(1))

Average marginal effects                        Number of obs     =     38,432
Model VCE    : Robust

Expression   : Pr(ai_level==AI_Integration), predict(outcome(1))
dy/dx w.r.t. : 1.country_id 2.country_id cluster_architecture__methods cluster_bi__analytics cluster_backend_development cluster_certifications cluster_cloud_computing
               cluster_data_engineering cluster_databases__storage cluster_devops__containers cluster_dynamic__web cluster_enterprise__managed cluster_enterprise_platforms
               cluster_frontend_development cluster_mobile__desktop cluster_networking cluster_os__embedded cluster_scripting__shell cluster_security__identity cluster_systems_programming
               cluster_testing_qa__debugging 2.job_family_num 3.job_family_num 4.job_family_num 5.job_family_num 6.job_family_num 7.job_family_num 0.exp_category 2.exp_category
               4.exp_category

-----------------------------------------------------------------------------------------------
                              |            Delta-method
                              |      dy/dx   Std. Err.      z    P>|z|     [95% Conf. Interval]
------------------------------+----------------------------------------------------------------
                   country_id |
                          DE  |  -.0187648   .0051506    -3.64   0.000    -.0288598   -.0086698
                          IN  |  -.0988169   .0028869   -34.23   0.000    -.1044751   -.0931587
                              |
cluster_architecture__methods |   .0071374   .0039454     1.81   0.070    -.0005954    .0148703
        cluster_bi__analytics |   .0137992   .0031334     4.40   0.000     .0076579    .0199405
  cluster_backend_development |   .0225032   .0034643     6.50   0.000     .0157133    .0292931
       cluster_certifications |  -.0189034   .0068711    -2.75   0.006    -.0323705   -.0054362
      cluster_cloud_computing |   .0313175   .0033635     9.31   0.000     .0247252    .0379099
     cluster_data_engineering |   .0024533   .0033361     0.74   0.462    -.0040853     .008992
   cluster_databases__storage |  -.0131331    .003215    -4.08   0.000    -.0194343   -.0068318
   cluster_devops__containers |   .0087302   .0033414     2.61   0.009     .0021813    .0152792
         cluster_dynamic__web |   .0326156   .0032923     9.91   0.000     .0261629    .0390684
  cluster_enterprise__managed |  -.0300558   .0032593    -9.22   0.000     -.036444   -.0236677
 cluster_enterprise_platforms |   .0339517   .0059491     5.71   0.000     .0222916    .0456118
 cluster_frontend_development |   .0415721   .0035806    11.61   0.000     .0345542      .04859
      cluster_mobile__desktop |  -.0025381   .0043977    -0.58   0.564    -.0111575    .0060813
           cluster_networking |  -.0034794    .003436    -1.01   0.311    -.0102138    .0032551
         cluster_os__embedded |  -.0195339   .0044405    -4.40   0.000    -.0282371   -.0108307
     cluster_scripting__shell |  -.0191738   .0057514    -3.33   0.001    -.0304464   -.0079012
   cluster_security__identity |   .0051104   .0034188     1.49   0.135    -.0015903    .0118111
  cluster_systems_programming |  -.0102197   .0045631    -2.24   0.025    -.0191633   -.0012761
cluster_testing_qa__debugging |   .0030843   .0029979     1.03   0.304    -.0027916    .0089601
                              |
               job_family_num |
              DevOps & Cloud  |  -.0789028   .0101892    -7.74   0.000    -.0988733   -.0589323
                  Management  |   -.028627   .0115193    -2.49   0.013    -.0512045   -.0060496
                       Other  |  -.0723896   .0094733    -7.64   0.000    -.0909569   -.0538223
          Software Developer  |  -.0844088     .00952    -8.87   0.000    -.1030677   -.0657499
           Software Engineer  |  -.0496144   .0101943    -4.87   0.000    -.0695948    -.029634
       Sr+ Software Engineer  |  -.0441625   .0103839    -4.25   0.000    -.0645146   -.0238104
                              |
                 exp_category |
                     Missing  |  -.0198215   .0039041    -5.08   0.000    -.0274734   -.0121696
                Junior (0-2)  |  -.0104565   .0041177    -2.54   0.011     -.018527    -.002386
                Senior+ (6+)  |  -.0099125   .0038983    -2.54   0.011     -.017553   -.0022719
-----------------------------------------------------------------------------------------------
Note: dy/dx for factor levels is the discrete change from the base level.

. display _n "--- 6B.2c AME Mlogit M2: P(Applied/Core AI) ---"

--- 6B.2c AME Mlogit M2: P(Applied/Core AI) ---

. margins, dydx(*) predict(outcome(2))

Average marginal effects                        Number of obs     =     38,432
Model VCE    : Robust

Expression   : Pr(ai_level==Applied_Core_AI), predict(outcome(2))
dy/dx w.r.t. : 1.country_id 2.country_id cluster_architecture__methods cluster_bi__analytics cluster_backend_development cluster_certifications cluster_cloud_computing
               cluster_data_engineering cluster_databases__storage cluster_devops__containers cluster_dynamic__web cluster_enterprise__managed cluster_enterprise_platforms
               cluster_frontend_development cluster_mobile__desktop cluster_networking cluster_os__embedded cluster_scripting__shell cluster_security__identity cluster_systems_programming
               cluster_testing_qa__debugging 2.job_family_num 3.job_family_num 4.job_family_num 5.job_family_num 6.job_family_num 7.job_family_num 0.exp_category 2.exp_category
               4.exp_category

-----------------------------------------------------------------------------------------------
                              |            Delta-method
                              |      dy/dx   Std. Err.      z    P>|z|     [95% Conf. Interval]
------------------------------+----------------------------------------------------------------
                   country_id |
                          DE  |   .0040987   .0037453     1.09   0.274    -.0032419    .0114394
                          IN  |  -.0343952   .0024443   -14.07   0.000     -.039186   -.0296044
                              |
cluster_architecture__methods |  -.0025182   .0030872    -0.82   0.415     -.008569    .0035325
        cluster_bi__analytics |   .0108143   .0025183     4.29   0.000     .0058784    .0157501
  cluster_backend_development |   .0008097   .0027545     0.29   0.769     -.004589    .0062083
       cluster_certifications |   -.023316   .0058534    -3.98   0.000    -.0347885   -.0118435
      cluster_cloud_computing |   .0194659   .0027156     7.17   0.000     .0141435    .0247884
     cluster_data_engineering |   .0318939    .002674    11.93   0.000     .0266528    .0371349
   cluster_databases__storage |  -.0174911   .0026707    -6.55   0.000    -.0227256   -.0122566
   cluster_devops__containers |   .0112103   .0027541     4.07   0.000     .0058123    .0166084
         cluster_dynamic__web |   .0548111   .0030565    17.93   0.000     .0488205    .0608017
  cluster_enterprise__managed |  -.0209369   .0026359    -7.94   0.000    -.0261032   -.0157706
 cluster_enterprise_platforms |  -.0086959   .0053342    -1.63   0.103    -.0191508     .001759
 cluster_frontend_development |  -.0016135   .0027653    -0.58   0.560    -.0070333    .0038063
      cluster_mobile__desktop |  -.0134623   .0041126    -3.27   0.001    -.0215228   -.0054018
           cluster_networking |   .0015989   .0027948     0.57   0.567    -.0038788    .0070766
         cluster_os__embedded |   -.015633   .0036322    -4.30   0.000    -.0227521    -.008514
     cluster_scripting__shell |  -.0321166    .004914    -6.54   0.000    -.0417478   -.0224854
   cluster_security__identity |  -.0022399   .0028104    -0.80   0.425    -.0077482    .0032684
  cluster_systems_programming |   .0349558   .0030944    11.30   0.000     .0288908    .0410207
cluster_testing_qa__debugging |   -.006416   .0024332    -2.64   0.008     -.011185    -.001647
                              |
               job_family_num |
              DevOps & Cloud  |  -.2206395   .0118516   -18.62   0.000    -.2438682   -.1974108
                  Management  |  -.1543312   .0131183   -11.76   0.000    -.1800425   -.1286199
                       Other  |  -.2363732    .011432   -20.68   0.000    -.2587795   -.2139669
          Software Developer  |  -.2341998   .0114386   -20.47   0.000     -.256619   -.2117806
           Software Engineer  |  -.1916577   .0119733   -16.01   0.000     -.215125   -.1681904
       Sr+ Software Engineer  |  -.1954585   .0121175   -16.13   0.000    -.2192084   -.1717086
                              |
                 exp_category |
                     Missing  |    .006185   .0033007     1.87   0.061    -.0002842    .0126542
                Junior (0-2)  |   .0006107   .0032562     0.19   0.851    -.0057714    .0069928
                Senior+ (6+)  |   .0062148   .0031822     1.95   0.051    -.0000221    .0124517
-----------------------------------------------------------------------------------------------
Note: dy/dx for factor levels is the discrete change from the base level.

. 
. * --- 6B.3 Mlogit M3: kompletni ---
. display _n "--- 6B.3a Mlogit M3: kompletni ---"

--- 6B.3a Mlogit M3: kompletni ---

. mlogit ai_level ///
>     ib3.country_id ///
>     i.sector_nace_num ///
>     ib1.type_cat ///
>     ib5.size_cat ///
>     cluster_* ///
>     i.job_family_num ///
>     ib3.exp_category, baseoutcome(0) rrr vce(robust)

Iteration 0:   log pseudolikelihood = -16342.463  
Iteration 1:   log pseudolikelihood = -15442.419  
Iteration 2:   log pseudolikelihood = -13659.148  
Iteration 3:   log pseudolikelihood = -13409.656  
Iteration 4:   log pseudolikelihood =  -13396.89  
Iteration 5:   log pseudolikelihood = -13396.868  
Iteration 6:   log pseudolikelihood = -13396.868  

Multinomial logistic regression                 Number of obs     =     32,279
                                                Wald chi2(92)     =    4739.63
                                                Prob > chi2       =     0.0000
Log pseudolikelihood = -13396.868               Pseudo R2         =     0.1802

-----------------------------------------------------------------------------------------------
                              |               Robust
                     ai_level |        RRR   Std. Err.      z    P>|z|     [95% Conf. Interval]
------------------------------+----------------------------------------------------------------
None                          |  (base outcome)
------------------------------+----------------------------------------------------------------
AI_Integration                |
                   country_id |
                          DE  |    .899387   .1798485    -0.53   0.596     .6077621    1.330943
                          IN  |   .1605942   .0096007   -30.59   0.000     .1428377     .180558
                              |
              sector_nace_num |
                           J  |   1.454234   .1151426     4.73   0.000     1.245197    1.698362
                           K  |   1.260099   .1320019     2.21   0.027     1.026211    1.547292
                           M  |   1.427365   .1777426     2.86   0.004      1.11825    1.821927
                       Other  |    1.04402   .1041186     0.43   0.666     .8586571    1.269399
                           Q  |   1.557765   .2074529     3.33   0.001     1.199898    2.022364
                     Unknown  |   1.730673   .1749894     5.42   0.000     1.419547    2.109991
                              |
                     type_cat |
               Unknown/Other  |   .9737793   .0835067    -0.31   0.757     .8231244    1.152008
                      Public  |    .996565   .0579586    -0.06   0.953     .8892034    1.116889
           Nonprofit/Gov/Edu  |    1.05816    .130625     0.46   0.647     .8307583    1.347809
                              |
                     size_cat |
                     Unknown  |   .8148704   .0772802    -2.16   0.031     .6766481    .9813282
                        1-50  |   .6923362   .0639486    -3.98   0.000     .5776898    .8297351
                      51-200  |   .9350491    .079785    -0.79   0.431     .7910499    1.105261
                     201-500  |   1.037436   .0966396     0.39   0.693     .8643108    1.245239
                    501-1000  |   .9181099     .09626    -0.81   0.415     .7475663     1.12756
                  5001-10000  |   .7557048   .0820745    -2.58   0.010     .6108099    .9349712
                      10000+  |   .9538363   .0748883    -0.60   0.547     .8177935     1.11251
                              |
cluster_architecture__methods |   1.082696   .0665533     1.29   0.196     .9598054    1.221321
        cluster_bi__analytics |   1.242335   .0577765     4.67   0.000     1.134103    1.360897
  cluster_backend_development |   1.313088   .0682933     5.24   0.000     1.185832    1.454001
       cluster_certifications |   .7520369   .0744865    -2.88   0.004     .6193424    .9131613
      cluster_cloud_computing |   1.584289   .0806852     9.03   0.000     1.433786    1.750591
     cluster_data_engineering |   1.100154   .0546403     1.92   0.055     .9981082    1.212633
   cluster_databases__storage |   .7999276    .038827    -4.60   0.000     .7273357    .8797645
   cluster_devops__containers |   1.167884   .0591552     3.06   0.002     1.057512    1.289777
         cluster_dynamic__web |   1.831148   .0911039    12.16   0.000     1.661017    2.018704
  cluster_enterprise__managed |   .6237999   .0307363    -9.58   0.000     .5663753    .6870468
 cluster_enterprise_platforms |   1.631559   .1426009     5.60   0.000     1.374695    1.936418
 cluster_frontend_development |   1.653906   .0890904     9.34   0.000     1.488194    1.838071
      cluster_mobile__desktop |    .911225   .0585487    -1.45   0.148     .8034033    1.033517
           cluster_networking |   .9867546   .0504909    -0.26   0.794     .8925947    1.090847
         cluster_os__embedded |    .744465   .0483427    -4.54   0.000     .6554967    .8455088
     cluster_scripting__shell |   .7033553   .0593795    -4.17   0.000     .5960925    .8299194
   cluster_security__identity |   1.067264   .0539336     1.29   0.198      .966622    1.178384
  cluster_systems_programming |   .9721027   .0679736    -0.40   0.686     .8476029     1.11489
cluster_testing_qa__debugging |   1.008303   .0449517     0.19   0.853     .9239387     1.10037
                              |
               job_family_num |
              DevOps & Cloud  |   .3010369   .0366456    -9.86   0.000     .2371385    .3821533
                  Management  |   .5531708   .0698881    -4.69   0.000     .4318349    .7085994
                       Other  |   .3056293   .0296398   -12.22   0.000     .2527236    .3696103
          Software Developer  |   .2462688   .0255901   -13.49   0.000     .2008908    .3018969
           Software Engineer  |   .4823164   .0518888    -6.78   0.000     .3906229    .5955338
       Sr+ Software Engineer  |    .467825   .0524598    -6.77   0.000     .3755204    .5828184
                              |
                 exp_category |
                     Missing  |   .7796733   .0526768    -3.68   0.000     .6829726    .8900657
                Junior (0-2)  |   .8543092   .0522657    -2.57   0.010     .7577737    .9631426
                Senior+ (6+)  |   .8930617   .0507303    -1.99   0.046     .7989674    .9982374
                              |
                        _cons |   .1578817   .0227784   -12.79   0.000     .1189939    .2094782
------------------------------+----------------------------------------------------------------
Applied_Core_AI               |
                   country_id |
                          DE  |   .9271401   .2381228    -0.29   0.768     .5604363    1.533785
                          IN  |   .3183517   .0198937   -18.32   0.000     .2816538     .359831
                              |
              sector_nace_num |
                           J  |   1.436763   .1417589     3.67   0.000     1.184134    1.743288
                           K  |   1.038788   .1444884     0.27   0.784     .7909166    1.364342
                           M  |   1.427734   .2225676     2.28   0.022     1.051852    1.937939
                       Other  |   .9279851   .1221062    -0.57   0.570     .7170314    1.201002
                           Q  |   1.285274   .2390381     1.35   0.177     .8926628    1.850564
                     Unknown  |   1.596971   .2077731     3.60   0.000     1.237519     2.06083
                              |
                     type_cat |
               Unknown/Other  |   1.050299   .1164399     0.44   0.658     .8451734     1.30521
                      Public  |   .9034481   .0698269    -1.31   0.189     .7764516    1.051216
           Nonprofit/Gov/Edu  |   .9485274   .1757169    -0.29   0.775     .6597248    1.363757
                              |
                     size_cat |
                     Unknown  |   1.027808   .1356636     0.21   0.835     .7935224    1.331265
                        1-50  |   .9326989   .1124117    -0.58   0.563      .736465     1.18122
                      51-200  |   1.100625   .1257806     0.84   0.401     .8797576    1.376942
                     201-500  |   .9759906   .1252672    -0.19   0.850     .7589182    1.255152
                    501-1000  |    .773976    .116744    -1.70   0.089      .575884    1.040208
                  5001-10000  |   1.158785    .160443     1.06   0.287     .8833793    1.520052
                      10000+  |   1.484753   .1571626     3.73   0.000     1.206573    1.827068
                              |
cluster_architecture__methods |   .9221701   .0709863    -1.05   0.293     .7930265    1.072345
        cluster_bi__analytics |    1.37446   .0813566     5.37   0.000     1.223906    1.543534
  cluster_backend_development |   1.089322   .0723889     1.29   0.198     .9562937    1.240856
       cluster_certifications |   .5729306    .077034    -4.14   0.000     .4402027    .7456779
      cluster_cloud_computing |   1.733143   .1125618     8.47   0.000      1.52599    1.968417
     cluster_data_engineering |   1.955423   .1223236    10.72   0.000     1.729788     2.21049
   cluster_databases__storage |   .6893411   .0446677    -5.74   0.000     .6071251    .7826905
   cluster_devops__containers |   1.260021   .0832986     3.50   0.000     1.106894    1.434333
         cluster_dynamic__web |   3.338545   .2421161    16.62   0.000     2.896189    3.848466
  cluster_enterprise__managed |   .5666749   .0359767    -8.95   0.000     .5003725    .6417629
 cluster_enterprise_platforms |   .9682694   .1181045    -0.26   0.792     .7623792    1.229763
 cluster_frontend_development |   1.052711   .0710554     0.76   0.447     .9222635    1.201609
      cluster_mobile__desktop |   .7459579   .0707523    -3.09   0.002     .6194125    .8983564
           cluster_networking |   1.020856   .0681722     0.31   0.757     .8956157    1.163609
         cluster_os__embedded |   .6903058   .0594451    -4.30   0.000     .5830972    .8172258
     cluster_scripting__shell |   .4861861   .0565906    -6.20   0.000     .3870127    .6107731
   cluster_security__identity |   .9921133   .0645097    -0.12   0.903     .8734017     1.12696
  cluster_systems_programming |   2.052905   .1543338     9.57   0.000     1.771646    2.378815
cluster_testing_qa__debugging |   .8844537   .0505857    -2.15   0.032     .7906626    .9893705
                              |
               job_family_num |
              DevOps & Cloud  |   .0815889    .011373   -17.98   0.000     .0620838    .1072218
                  Management  |   .3473554   .0416515    -8.82   0.000     .2746035    .4393818
                       Other  |   .0614714   .0064182   -26.71   0.000     .0500956    .0754303
          Software Developer  |   .0660851   .0073959   -24.28   0.000     .0530691    .0822934
           Software Engineer  |   .1953977   .0208353   -15.31   0.000     .1585461    .2408149
       Sr+ Software Engineer  |    .190109   .0220012   -14.35   0.000     .1515282    .2385129
                              |
                 exp_category |
                     Missing  |    1.14337   .0942655     1.63   0.104      .972768    1.343892
                Junior (0-2)  |   1.017909   .0786611     0.23   0.818     .8748442     1.18437
                Senior+ (6+)  |   1.112326   .0805889     1.47   0.142     .9650764    1.282042
                              |
                        _cons |   .1658627   .0272639   -10.93   0.000     .1201799    .2289106
-----------------------------------------------------------------------------------------------
Note: _cons estimates baseline relative risk for each outcome.

. estimates store cmlogit_m3

. display _n "--- 6B.3b AME Mlogit M3: P(AI Integration) ---"

--- 6B.3b AME Mlogit M3: P(AI Integration) ---

. margins, dydx(*) predict(outcome(1))

Average marginal effects                        Number of obs     =     32,279
Model VCE    : Robust

Expression   : Pr(ai_level==AI_Integration), predict(outcome(1))
dy/dx w.r.t. : 1.country_id 2.country_id 2.sector_nace_num 3.sector_nace_num 4.sector_nace_num 5.sector_nace_num 6.sector_nace_num 7.sector_nace_num 0.type_cat 2.type_cat 4.type_cat
               0.size_cat 1.size_cat 2.size_cat 3.size_cat 4.size_cat 6.size_cat 7.size_cat cluster_architecture__methods cluster_bi__analytics cluster_backend_development
               cluster_certifications cluster_cloud_computing cluster_data_engineering cluster_databases__storage cluster_devops__containers cluster_dynamic__web
               cluster_enterprise__managed cluster_enterprise_platforms cluster_frontend_development cluster_mobile__desktop cluster_networking cluster_os__embedded
               cluster_scripting__shell cluster_security__identity cluster_systems_programming cluster_testing_qa__debugging 2.job_family_num 3.job_family_num 4.job_family_num
               5.job_family_num 6.job_family_num 7.job_family_num 0.exp_category 2.exp_category 4.exp_category

-----------------------------------------------------------------------------------------------
                              |            Delta-method
                              |      dy/dx   Std. Err.      z    P>|z|     [95% Conf. Interval]
------------------------------+----------------------------------------------------------------
                   country_id |
                          DE  |  -.0101445   .0198874    -0.51   0.610    -.0491231    .0288342
                          IN  |  -.1033237   .0030743   -33.61   0.000    -.1093492   -.0972982
                              |
              sector_nace_num |
                           J  |   .0219678   .0048084     4.57   0.000     .0125436     .031392
                           K  |   .0143563   .0066142     2.17   0.030     .0013927    .0273199
                           M  |   .0206496     .00846     2.44   0.015     .0040682    .0372309
                       Other  |   .0029917   .0058389     0.51   0.608    -.0084524    .0144359
                           Q  |   .0282227   .0095799     2.95   0.003     .0094465    .0469989
                     Unknown  |   .0345888   .0068943     5.02   0.000     .0210762    .0481014
                              |
                     type_cat |
               Unknown/Other  |  -.0023242   .0060301    -0.39   0.700    -.0141429    .0094945
                      Public  |   .0006049   .0041538     0.15   0.884    -.0075364    .0087463
           Nonprofit/Gov/Edu  |   .0046308   .0090944     0.51   0.611     -.013194    .0224556
                              |
                     size_cat |
                     Unknown  |    -.01543   .0069584    -2.22   0.027    -.0290682   -.0017919
                        1-50  |  -.0253484   .0064788    -3.91   0.000    -.0380466   -.0126501
                      51-200  |  -.0060644   .0065384    -0.93   0.354    -.0188794    .0067506
                     201-500  |    .003181   .0074422     0.43   0.669    -.0114055    .0177675
                    501-1000  |  -.0046062   .0079819    -0.58   0.564    -.0202506    .0110381
                  5001-10000  |   -.021428   .0074308    -2.88   0.004    -.0359921   -.0068639
                      10000+  |  -.0074656   .0059938    -1.25   0.213    -.0192131     .004282
                              |
cluster_architecture__methods |   .0064314    .004405     1.46   0.144    -.0022023     .015065
        cluster_bi__analytics |   .0129781   .0033234     3.91   0.000     .0064643    .0194919
  cluster_backend_development |   .0189583   .0037083     5.11   0.000     .0116901    .0262265
       cluster_certifications |  -.0158593    .007097    -2.23   0.025    -.0297692   -.0019494
      cluster_cloud_computing |    .028579   .0036446     7.84   0.000     .0214358    .0357223
     cluster_data_engineering |   .0011961   .0035493     0.34   0.736    -.0057605    .0081526
   cluster_databases__storage |  -.0129704   .0034765    -3.73   0.000    -.0197841   -.0061566
   cluster_devops__containers |   .0092509   .0036132     2.56   0.010     .0021692    .0163327
         cluster_dynamic__web |   .0334699   .0035518     9.42   0.000     .0265084    .0404314
  cluster_enterprise__managed |  -.0292778   .0035052    -8.35   0.000    -.0361478   -.0224078
 cluster_enterprise_platforms |   .0356543   .0061344     5.81   0.000     .0236311    .0476776
 cluster_frontend_development |   .0359266   .0038473     9.34   0.000     .0283859    .0434672
      cluster_mobile__desktop |  -.0042267   .0046349    -0.91   0.362    -.0133108    .0048575
           cluster_networking |  -.0011392   .0036574    -0.31   0.755    -.0083075    .0060291
         cluster_os__embedded |  -.0181754   .0046556    -3.90   0.000    -.0273003   -.0090505
     cluster_scripting__shell |     -.0193   .0060389    -3.20   0.001    -.0311361   -.0074639
   cluster_security__identity |   .0047722   .0036054     1.32   0.186    -.0022943    .0118386
  cluster_systems_programming |  -.0081609   .0049635    -1.64   0.100    -.0178893    .0015674
cluster_testing_qa__debugging |   .0016417   .0031834     0.52   0.606    -.0045977     .007881
                              |
               job_family_num |
              DevOps & Cloud  |  -.0659757   .0111393    -5.92   0.000    -.0878082   -.0441431
                  Management  |  -.0319006   .0126371    -2.52   0.012    -.0566688   -.0071325
                       Other  |  -.0638339   .0100713    -6.34   0.000    -.0835733   -.0440946
          Software Developer  |  -.0776864   .0101857    -7.63   0.000    -.0976501   -.0577227
           Software Engineer  |  -.0359948   .0110041    -3.27   0.001    -.0575625   -.0144271
       Sr+ Software Engineer  |  -.0383549   .0112715    -3.40   0.001    -.0604466   -.0162632
                              |
                 exp_category |
                     Missing  |  -.0186354   .0044799    -4.16   0.000    -.0274158    -.009855
                Junior (0-2)  |  -.0116337   .0043072    -2.70   0.007    -.0200756   -.0031918
                Senior+ (6+)  |  -.0092756   .0040703    -2.28   0.023    -.0172532   -.0012981
-----------------------------------------------------------------------------------------------
Note: dy/dx for factor levels is the discrete change from the base level.

. display _n "--- 6B.3c AME Mlogit M3: P(Applied/Core AI) ---"

--- 6B.3c AME Mlogit M3: P(Applied/Core AI) ---

. margins, dydx(*) predict(outcome(2))

Average marginal effects                        Number of obs     =     32,279
Model VCE    : Robust

Expression   : Pr(ai_level==Applied_Core_AI), predict(outcome(2))
dy/dx w.r.t. : 1.country_id 2.country_id 2.sector_nace_num 3.sector_nace_num 4.sector_nace_num 5.sector_nace_num 6.sector_nace_num 7.sector_nace_num 0.type_cat 2.type_cat 4.type_cat
               0.size_cat 1.size_cat 2.size_cat 3.size_cat 4.size_cat 6.size_cat 7.size_cat cluster_architecture__methods cluster_bi__analytics cluster_backend_development
               cluster_certifications cluster_cloud_computing cluster_data_engineering cluster_databases__storage cluster_devops__containers cluster_dynamic__web
               cluster_enterprise__managed cluster_enterprise_platforms cluster_frontend_development cluster_mobile__desktop cluster_networking cluster_os__embedded
               cluster_scripting__shell cluster_security__identity cluster_systems_programming cluster_testing_qa__debugging 2.job_family_num 3.job_family_num 4.job_family_num
               5.job_family_num 6.job_family_num 7.job_family_num 0.exp_category 2.exp_category 4.exp_category

-----------------------------------------------------------------------------------------------
                              |            Delta-method
                              |      dy/dx   Std. Err.      z    P>|z|     [95% Conf. Interval]
------------------------------+----------------------------------------------------------------
                   country_id |
                          DE  |   -.002915   .0139346    -0.21   0.834    -.0302264    .0243964
                          IN  |  -.0377657   .0025138   -15.02   0.000    -.0426926   -.0328387
                              |
              sector_nace_num |
                           J  |   .0127435   .0039353     3.24   0.001     .0050305    .0204565
                           K  |  -.0000429    .005288    -0.01   0.994    -.0104072    .0103214
                           M  |   .0126132   .0068959     1.83   0.067    -.0009025    .0261289
                       Other  |  -.0030529   .0048694    -0.63   0.531    -.0125968     .006491
                           Q  |   .0070346   .0078052     0.90   0.367    -.0082633    .0223325
                     Unknown  |    .016187   .0056252     2.88   0.004     .0051617    .0272122
                              |
                     type_cat |
               Unknown/Other  |   .0025317   .0052068     0.49   0.627    -.0076734    .0127369
                      Public  |   -.004493   .0033728    -1.33   0.183    -.0111035    .0021176
           Nonprofit/Gov/Edu  |   -.002875   .0080626    -0.36   0.721    -.0186774    .0129274
                              |
                     size_cat |
                     Unknown  |   .0028876   .0055707     0.52   0.604    -.0080308     .013806
                        1-50  |  -.0000387   .0049627    -0.01   0.994    -.0097654     .009688
                      51-200  |   .0047632   .0048904     0.97   0.330    -.0048218    .0143483
                     201-500  |  -.0013322   .0052487    -0.25   0.800    -.0116193     .008955
                    501-1000  |  -.0091933    .005554    -1.66   0.098    -.0200789    .0016922
                  5001-10000  |   .0089566   .0062329     1.44   0.151    -.0032597    .0211729
                      10000+  |   .0194748    .004951     3.93   0.000      .009771    .0291786
                              |
cluster_architecture__methods |  -.0043341   .0034462    -1.26   0.209    -.0110886    .0024204
        cluster_bi__analytics |    .012516   .0026506     4.72   0.000     .0073209     .017711
  cluster_backend_development |   .0015469   .0029573     0.52   0.601    -.0042493     .007343
       cluster_certifications |  -.0227261   .0060203    -3.77   0.000    -.0345256   -.0109266
      cluster_cloud_computing |   .0209181   .0029205     7.16   0.000      .015194    .0266421
     cluster_data_engineering |   .0294676   .0028356    10.39   0.000     .0239099    .0350254
   cluster_databases__storage |  -.0148992   .0028821    -5.17   0.000     -.020548   -.0092505
   cluster_devops__containers |   .0091163   .0029448     3.10   0.002     .0033445     .014888
         cluster_dynamic__web |   .0492884    .003283    15.01   0.000     .0428537     .055723
  cluster_enterprise__managed |  -.0216321   .0028344    -7.63   0.000    -.0271873   -.0160768
 cluster_enterprise_platforms |  -.0056186   .0053566    -1.05   0.294    -.0161174    .0048802
 cluster_frontend_development |   -.001959   .0029982    -0.65   0.514    -.0078353    .0039174
      cluster_mobile__desktop |  -.0124429   .0042659    -2.92   0.004     -.020804   -.0040819
           cluster_networking |   .0010454   .0029816     0.35   0.726    -.0047985    .0068893
         cluster_os__embedded |   -.014225   .0038595    -3.69   0.000    -.0217896   -.0066605
     cluster_scripting__shell |  -.0295698   .0052101    -5.68   0.000    -.0397814   -.0193581
   cluster_security__identity |  -.0009111   .0028972    -0.31   0.753    -.0065896    .0047674
  cluster_systems_programming |   .0327165   .0033835     9.67   0.000      .026085     .039348
cluster_testing_qa__debugging |  -.0056143   .0025541    -2.20   0.028    -.0106203   -.0006084
                              |
               job_family_num |
              DevOps & Cloud  |   -.193833   .0126747   -15.29   0.000    -.2186749   -.1689911
                  Management  |  -.1145286    .014648    -7.82   0.000    -.1432382    -.085819
                       Other  |  -.2020511   .0122708   -16.47   0.000    -.2261014   -.1780009
          Software Developer  |  -.1994027   .0123013   -16.21   0.000    -.2235127   -.1752927
           Software Engineer  |  -.1568658   .0129172   -12.14   0.000    -.1821831   -.1315485
       Sr+ Software Engineer  |  -.1582298   .0131588   -12.02   0.000    -.1840205   -.1324391
                              |
                 exp_category |
                     Missing  |   .0082403   .0038618     2.13   0.033     .0006713    .0158093
                Junior (0-2)  |   .0020983    .003384     0.62   0.535    -.0045342    .0087308
                Senior+ (6+)  |   .0057938   .0032832     1.76   0.078    -.0006412    .0122288
-----------------------------------------------------------------------------------------------
Note: dy/dx for factor levels is the discrete change from the base level.

. 
. * --- 6B.3d Country AME (klicove cislo pro diplomku) ---
. display _n "--- 6B.3d Country AME: P(AI Integration) ---"

--- 6B.3d Country AME: P(AI Integration) ---

. margins, dydx(country_id) predict(outcome(1))

Average marginal effects                        Number of obs     =     32,279
Model VCE    : Robust

Expression   : Pr(ai_level==AI_Integration), predict(outcome(1))
dy/dx w.r.t. : 1.country_id 2.country_id

------------------------------------------------------------------------------
             |            Delta-method
             |      dy/dx   Std. Err.      z    P>|z|     [95% Conf. Interval]
-------------+----------------------------------------------------------------
  country_id |
         DE  |  -.0101445   .0198874    -0.51   0.610    -.0491231    .0288342
         IN  |  -.1033237   .0030743   -33.61   0.000    -.1093492   -.0972982
------------------------------------------------------------------------------
Note: dy/dx for factor levels is the discrete change from the base level.

. display _n "--- 6B.3e Country AME: P(Applied/Core AI) ---"

--- 6B.3e Country AME: P(Applied/Core AI) ---

. margins, dydx(country_id) predict(outcome(2))

Average marginal effects                        Number of obs     =     32,279
Model VCE    : Robust

Expression   : Pr(ai_level==Applied_Core_AI), predict(outcome(2))
dy/dx w.r.t. : 1.country_id 2.country_id

------------------------------------------------------------------------------
             |            Delta-method
             |      dy/dx   Std. Err.      z    P>|z|     [95% Conf. Interval]
-------------+----------------------------------------------------------------
  country_id |
         DE  |   -.002915   .0139346    -0.21   0.834    -.0302264    .0243964
         IN  |  -.0377657   .0025138   -15.02   0.000    -.0426926   -.0328387
------------------------------------------------------------------------------
Note: dy/dx for factor levels is the discrete change from the base level.

. 
. * --- 6B.4 Porovnani mlogit modelu ---
. display _n "--- 6B.4 Porovnani Mlogit M1 / M2 / M3 ---"

--- 6B.4 Porovnani Mlogit M1 / M2 / M3 ---

. estimates table cmlogit_m1 cmlogit_m2 cmlogit_m3, star stats(N ll chi2)

--------------------------------------------------------------
    Variable |  cmlogit_m1      cmlogit_m2      cmlogit_m3    
-------------+------------------------------------------------
None         |
  country_id |
         DE  |  (omitted)       (omitted)       (omitted)     
         IN  |  (omitted)       (omitted)       (omitted)     
             |
sector_nac~m |
          J  |  (omitted)                       (omitted)     
          K  |  (omitted)                       (omitted)     
          M  |  (omitted)                       (omitted)     
      Other  |  (omitted)                       (omitted)     
          Q  |  (omitted)                       (omitted)     
    Unknown  |  (omitted)                       (omitted)     
             |
    type_cat |
Unknown/O~r  |  (omitted)                       (omitted)     
             |
    type_cat |
     Public  |  (omitted)                       (omitted)     
Nonprofit~u  |  (omitted)                       (omitted)     
             |
    size_cat |
    Unknown  |  (omitted)                       (omitted)     
       1-50  |  (omitted)                       (omitted)     
     51-200  |  (omitted)                       (omitted)     
    201-500  |  (omitted)                       (omitted)     
   501-1000  |  (omitted)                       (omitted)     
             |
    size_cat |
 5001-10000  |  (omitted)                       (omitted)     
     10000+  |  (omitted)                       (omitted)     
             |
cluster_ar~s |                  (omitted)       (omitted)     
cluster_bi~s |                  (omitted)       (omitted)     
cluster_ba~t |                  (omitted)       (omitted)     
cluster_ce~s |                  (omitted)       (omitted)     
cluster_cl~g |                  (omitted)       (omitted)     
cluster_da~g |                  (omitted)       (omitted)     
cluster_da~e |                  (omitted)       (omitted)     
cluster_de~s |                  (omitted)       (omitted)     
cluster_dy~b |                  (omitted)       (omitted)     
cluster_en~d |                  (omitted)       (omitted)     
cluster_en~s |                  (omitted)       (omitted)     
cluster_fr~t |                  (omitted)       (omitted)     
cluster_mo~p |                  (omitted)       (omitted)     
cluster_ne~g |                  (omitted)       (omitted)     
cluster_os~d |                  (omitted)       (omitted)     
cluster_sc~l |                  (omitted)       (omitted)     
cluster_se~y |                  (omitted)       (omitted)     
cluster_sy~g |                  (omitted)       (omitted)     
cluster_te~g |                  (omitted)       (omitted)     
             |
job_family~m |
DevOps & ..  |                  (omitted)       (omitted)     
 Management  |                  (omitted)       (omitted)     
      Other  |                  (omitted)       (omitted)     
Software ..  |                  (omitted)       (omitted)     
Software ..  |                  (omitted)       (omitted)     
Sr+ Softw..  |                  (omitted)       (omitted)     
             |
exp_category |
    Missing  |                  (omitted)       (omitted)     
Junior (..)  |                  (omitted)       (omitted)     
             |
exp_category |
Senior+ ..)  |                  (omitted)       (omitted)     
             |
       _cons |  (omitted)       (omitted)       (omitted)     
-------------+------------------------------------------------
AI_Integra~n |
  country_id |
         DE  | -.08944859      -.18651726***   -.10604188     
         IN  | -1.7952872***    -1.777624***   -1.8288747***  
             |
sector_nac~m |
          J  |  .51992485***                    .37447899***  
          K  |   .4339722***                     .2311901*    
          M  |  .50062484***                    .35582998**   
      Other  |  .23949142*                      .04307884     
          Q  |  .70315741***                    .44325201***  
    Unknown  |  .68051242***                    .54851052***  
             |
    type_cat |
Unknown/O~r  |  .01204688                      -.02657061     
             |
    type_cat |
     Public  |  .00761173                       -.0034409     
Nonprofit~u  | -.13370764                       .05653196     
             |
    size_cat |
    Unknown  | -.37795057***                   -.20472615*    
       1-50  | -.52649191***                   -.36768355***  
     51-200  | -.10980849                      -.06715627     
    201-500  | -.02878461                        .0367524     
   501-1000  | -.06032439                      -.08543815     
             |
    size_cat |
 5001-10000  | -.27752603**                    -.28010449**   
     10000+  | -.17511503*                     -.04726322     
             |
cluster_ar~s |                  .09209687       .07945428     
cluster_bi~s |                  .22013862***    .21699292***  
cluster_ba~t |                   .3138451***    .27238178***  
cluster_ce~s |                   -.324378***   -.28496988**   
cluster_cl~g |                   .4859848***    .46013596***  
cluster_da~g |                     .11956**     .09545001     
cluster_da~e |                 -.22882905***   -.22323409***  
cluster_de~s |                   .1509955***    .15519396**   
cluster_dy~b |                  .59880576***    .60494311***  
cluster_en~d |                 -.47245738***   -.47192561***  
cluster_en~s |                  .44690158***    .48953575***  
cluster_fr~t |                  .57144972***    .50313994***  
cluster_mo~p |                 -.07127652       -.0929654     
cluster_ne~g |                 -.04389952      -.01333395     
cluster_os~d |                 -.31249558***    -.2950894***  
cluster_sc~l |                 -.35173872***   -.35189306***  
cluster_se~y |                  .06476947       .06509805     
cluster_sy~g |                 -.04774662      -.02829387     
cluster_te~g |                  .02550125       .00826858     
             |
job_family~m |
DevOps & ..  |                 -1.3982549***   -1.2005223***  
 Management  |                 -.63208802***   -.59208845***  
      Other  |                 -1.3311509***   -1.1853825***  
Software ..  |                 -1.5142255***   -1.4013317***  
Software ..  |                 -.94231809***   -.72915496***  
Sr+ Softw..  |                 -.88651743***   -.75966109***  
             |
exp_category |
    Missing  |                 -.26559959***   -.24888031***  
Junior (..)  |                  -.1403596*     -.15746215*    
             |
exp_category |
Senior+ ..)  |                  -.1176564*     -.11309965*    
             |
       _cons | -2.0311042***   -1.6141663***   -1.8459092***  
-------------+------------------------------------------------
Applied_Co~I |
  country_id |
         DE  |  .15063235        .0311481      -.07565062     
         IN  |  -.9949626***    -1.070384***   -1.1445987***  
             |
sector_nac~m |
          J  |  .41152533***                    .36239244***  
          K  |  .18187398                       .03805488     
          M  |  .37673999**                     .35608866*    
      Other  |  -.0155967                      -.07473957     
          Q  |  .41697694*                      .25097199     
    Unknown  |  .52553567***                    .46810854***  
             |
    type_cat |
Unknown/O~r  |  .05624148                       .04907515     
             |
    type_cat |
     Public  | -.08723059                       -.1015366     
Nonprofit~u  | -.21003049                      -.05284465     
             |
    size_cat |
    Unknown  | -.27073721*                       .0274282     
       1-50  | -.39409928***                   -.06967282     
     51-200  | -.08818518                       .09587794     
    201-500  | -.14107022                      -.02430235     
   501-1000  |  -.2417684                      -.25621439     
             |
    size_cat |
 5001-10000  |  .08711784                       .14737203     
     10000+  |  .19841718*                      .39524816***  
             |
cluster_ar~s |                 -.03554824      -.08102559     
cluster_bi~s |                   .2719305***    .31806102***  
cluster_ba~t |                  .07797029        .0855555     
cluster_ce~s |                  -.5571845***   -.55699072***  
cluster_cl~g |                  .50686556***    .54993639***  
cluster_da~g |                  .69936817***     .6706065***  
cluster_da~e |                 -.41517563***   -.37201913***  
cluster_de~s |                  .26693227***    .23112863***  
cluster_dy~b |                  1.2781017***    1.2055351***  
cluster_en~d |                 -.53543166***   -.56796943***  
cluster_en~s |                 -.09778518      -.03224495     
cluster_fr~t |                  .07650344       .05136853     
cluster_mo~p |                 -.29923271***   -.29308614**   
cluster_ne~g |                  .02539424       .02064138     
cluster_os~d |                 -.39198964***   -.37062064***  
cluster_sc~l |                 -.74907262***   -.72116378***  
cluster_se~y |                 -.03494148      -.00791798     
cluster_sy~g |                  .73187242***    .71925576***  
cluster_te~g |                 -.13108985*     -.12278516*    
             |
job_family~m |
DevOps & ..  |                 -2.5448594***   -2.5060626***  
 Management  |                 -1.3451551***   -1.0574068***  
      Other  |                 -3.0278951***   -2.7891838***  
Software ..  |                  -2.969265***   -2.7168125***  
Software ..  |                 -1.8987644***   -1.6327181***  
Sr+ Softw..  |                 -1.9512489***   -1.6601578***  
             |
exp_category |
    Missing  |                  .08034193       .13398025     
Junior (..)  |                 -.01441254       .01775094     
             |
exp_category |
Senior+ ..)  |                  .10731134       .10645291     
             |
       _cons | -2.5648679***   -1.3335569***   -1.7965947***  
-------------+------------------------------------------------
Statistics   |                                                
           N |      32279           38432           32279     
          ll | -15466.488      -16371.754      -13396.868     
        chi2 |  1356.7552       5734.2377        4739.631     
--------------------------------------------------------------
                      legend: * p<0.05; ** p<0.01; *** p<0.001

. 
. * --- 6B.5 Mediacni varianty M3 ---
. display _n "--- 6B.5a Mlogit M3a: M3 bez job_family ---"

--- 6B.5a Mlogit M3a: M3 bez job_family ---

. mlogit ai_level ///
>     ib3.country_id ///
>     i.sector_nace_num ///
>     ib1.type_cat ///
>     ib5.size_cat ///
>     cluster_* ///
>     ib3.exp_category, baseoutcome(0) rrr vce(robust)

Iteration 0:   log pseudolikelihood = -16342.463  
Iteration 1:   log pseudolikelihood =  -14429.12  
Iteration 2:   log pseudolikelihood = -14053.491  
Iteration 3:   log pseudolikelihood = -14049.468  
Iteration 4:   log pseudolikelihood = -14049.463  
Iteration 5:   log pseudolikelihood = -14049.463  

Multinomial logistic regression                 Number of obs     =     32,279
                                                Wald chi2(80)     =    3826.54
                                                Prob > chi2       =     0.0000
Log pseudolikelihood = -14049.463               Pseudo R2         =     0.1403

-----------------------------------------------------------------------------------------------
                              |               Robust
                     ai_level |        RRR   Std. Err.      z    P>|z|     [95% Conf. Interval]
------------------------------+----------------------------------------------------------------
None                          |  (base outcome)
------------------------------+----------------------------------------------------------------
AI_Integration                |
                   country_id |
                          DE  |    .980661   .1961851    -0.10   0.922     .6625714     1.45146
                          IN  |   .1649469   .0098618   -30.14   0.000     .1467076    .1854537
                              |
              sector_nace_num |
                           J  |   1.476395   .1166882     4.93   0.000     1.264525    1.723765
                           K  |   1.292058   .1335232     2.48   0.013     1.055158    1.582146
                           M  |   1.415664   .1751199     2.81   0.005     1.110875    1.804077
                       Other  |    1.04644    .103919     0.46   0.648     .8613586    1.271291
                           Q  |   1.571082   .2076308     3.42   0.001     1.212568    2.035597
                     Unknown  |   1.732257   .1745218     5.45   0.000     1.421855    2.110422
                              |
                     type_cat |
               Unknown/Other  |   .9640836   .0826047    -0.43   0.669     .8150457    1.140374
                      Public  |   1.001855   .0580055     0.03   0.974     .8943795    1.122245
           Nonprofit/Gov/Edu  |   1.045851   .1258346     0.37   0.709     .8261429     1.32399
                              |
                     size_cat |
                     Unknown  |   .7457859   .0701065    -3.12   0.002      .620295    .8966647
                        1-50  |   .6337979   .0580046    -4.98   0.000      .529724    .7583191
                      51-200  |   .8768146   .0741225    -1.56   0.120     .7429344    1.034821
                     201-500  |    .985211   .0912591    -0.16   0.872     .8216434    1.181341
                    501-1000  |   .8951381   .0928322    -1.07   0.285     .7304902    1.096897
                  5001-10000  |   .7431965   .0803823    -2.74   0.006     .6012289    .9186868
                      10000+  |   .9383197    .073145    -0.82   0.414     .8053729    1.093213
                              |
cluster_architecture__methods |   1.079184   .0656851     1.25   0.211     .9578263    1.215918
        cluster_bi__analytics |   1.305319   .0591312     5.88   0.000      1.19442    1.426515
  cluster_backend_development |   1.263302   .0645527     4.57   0.000     1.142911    1.396376
       cluster_certifications |   .7768975   .0758163    -2.59   0.010      .641647     .940657
      cluster_cloud_computing |   1.711443   .0855043    10.76   0.000     1.551801    1.887508
     cluster_data_engineering |   1.238849   .0588464     4.51   0.000     1.128718    1.359725
   cluster_databases__storage |   .8344734   .0394583    -3.83   0.000      .760612    .9155073
   cluster_devops__containers |   1.149649   .0576322     2.78   0.005     1.042064    1.268342
         cluster_dynamic__web |   1.840777   .0907923    12.37   0.000     1.671158    2.027612
  cluster_enterprise__managed |   .6024692   .0295057   -10.35   0.000     .5473279    .6631658
 cluster_enterprise_platforms |   1.742554    .148505     6.52   0.000     1.474499    2.059339
 cluster_frontend_development |    1.57232    .083583     8.51   0.000     1.416746    1.744978
      cluster_mobile__desktop |   .8914526    .056845    -1.80   0.072     .7867195    1.010128
           cluster_networking |   .9560483   .0483558    -0.89   0.374     .8658189    1.055681
         cluster_os__embedded |   .7135673   .0455844    -5.28   0.000     .6295903    .8087453
     cluster_scripting__shell |   .6494828   .0530043    -5.29   0.000      .553479     .762139
   cluster_security__identity |   .9952461   .0498865    -0.10   0.924     .9021197    1.097986
  cluster_systems_programming |    1.05247   .0718093     0.75   0.454     .9207311    1.203058
cluster_testing_qa__debugging |   .9776761   .0432164    -0.51   0.610      .896539    1.066156
                              |
                 exp_category |
                     Missing  |   .7488933   .0502402    -4.31   0.000     .6566233    .8541293
                Junior (0-2)  |   .8213919   .0494014    -3.27   0.001      .730056    .9241546
                Senior+ (6+)  |    .944813   .0518178    -1.04   0.301     .8485202    1.052034
                              |
                        _cons |   .0586067   .0068122   -24.41   0.000     .0466668    .0736016
------------------------------+----------------------------------------------------------------
Applied_Core_AI               |
                   country_id |
                          DE  |   1.208237   .2851745     0.80   0.423     .7607588    1.918921
                          IN  |   .3763849   .0222925   -16.50   0.000     .3351331    .4227144
                              |
              sector_nace_num |
                           J  |   1.442487   .1354277     3.90   0.000     1.200043    1.733911
                           K  |    1.12847   .1473223     0.93   0.355     .8737062    1.457521
                           M  |   1.337827   .2000558     1.95   0.052     .9979603     1.79344
                       Other  |   .9250348    .114276    -0.63   0.528     .7261113    1.178455
                           Q  |   1.262417   .2146229     1.37   0.170     .9046711    1.761632
                     Unknown  |   1.589401     .19385     3.80   0.000     1.251462    2.018597
                              |
                     type_cat |
               Unknown/Other  |    1.00468   .1054505     0.04   0.965     .8178738    1.234154
                      Public  |   .8848289   .0652104    -1.66   0.097     .7658208    1.022331
           Nonprofit/Gov/Edu  |    .983218   .1639346    -0.10   0.919     .7091314    1.363242
                              |
                     size_cat |
                     Unknown  |   .8896563   .1091866    -0.95   0.341     .6994476    1.131591
                        1-50  |   .7759556   .0874532    -2.25   0.024     .6221615    .9677664
                      51-200  |    .962062   .1035153    -0.36   0.719     .7791409    1.187928
                     201-500  |   .8805738   .1085874    -1.03   0.302      .691513    1.121324
                    501-1000  |   .7548969   .1074584    -1.98   0.048     .5711109     .997826
                  5001-10000  |   1.128656   .1469128     0.93   0.352     .8745085    1.456664
                      10000+  |   1.442573   .1449413     3.65   0.000     1.184715    1.756554
                              |
cluster_architecture__methods |     .87059   .0623089    -1.94   0.053     .7566455    1.001694
        cluster_bi__analytics |   1.649863    .088485     9.34   0.000      1.48524    1.832734
  cluster_backend_development |   .9297094   .0592066    -1.14   0.252     .8206165    1.053305
       cluster_certifications |   .6454889   .0816973    -3.46   0.001     .5036805    .8272225
      cluster_cloud_computing |   2.230924   .1403018    12.76   0.000      1.97221    2.523576
     cluster_data_engineering |   2.928877   .1643057    19.16   0.000     2.623916    3.269281
   cluster_databases__storage |   .8974288   .0532128    -1.83   0.068     .7989658    1.008026
   cluster_devops__containers |   1.174947   .0744183     2.55   0.011      1.03778    1.330244
         cluster_dynamic__web |   3.720983   .2570696    19.02   0.000     3.249759    4.260535
  cluster_enterprise__managed |   .5231759   .0319004   -10.62   0.000     .4642438     .589589
 cluster_enterprise_platforms |   1.165892   .1276581     1.40   0.161     .9407129    1.444974
 cluster_frontend_development |   .8367123   .0538427    -2.77   0.006     .7375663    .9491858
      cluster_mobile__desktop |   .6631892   .0615316    -4.43   0.000     .5529194    .7954503
           cluster_networking |   .8890113   .0572531    -1.83   0.068     .7835905    1.008615
         cluster_os__embedded |    .609317    .049279    -6.13   0.000      .519998    .7139781
     cluster_scripting__shell |   .3527341   .0387613    -9.48   0.000     .2843875    .4375065
   cluster_security__identity |    .777286   .0491445    -3.98   0.000     .6866935    .8798299
  cluster_systems_programming |   2.151798   .1544413    10.68   0.000     1.869425    2.476823
cluster_testing_qa__debugging |   .7880207   .0425942    -4.41   0.000     .7088076    .8760862
                              |
                 exp_category |
                     Missing  |   1.054439   .0812817     0.69   0.492     .9065805    1.226413
                Junior (0-2)  |   .9302753   .0671706    -1.00   0.317     .8075147    1.071698
                Senior+ (6+)  |   1.219638   .0811342     2.98   0.003     1.070548    1.389491
                              |
                        _cons |   .0231971   .0032129   -27.17   0.000     .0176822     .030432
-----------------------------------------------------------------------------------------------
Note: _cons estimates baseline relative risk for each outcome.

. estimates store cmlogit_m3a

. 
. display _n "--- 6B.5b Mlogit M3b: M3 bez job_family a seniority ---"

--- 6B.5b Mlogit M3b: M3 bez job_family a seniority ---

. mlogit ai_level ///
>     ib3.country_id ///
>     i.sector_nace_num ///
>     ib1.type_cat ///
>     ib5.size_cat ///
>     cluster_*, baseoutcome(0) rrr vce(robust)

Iteration 0:   log pseudolikelihood = -16342.463  
Iteration 1:   log pseudolikelihood = -14443.588  
Iteration 2:   log pseudolikelihood = -14072.189  
Iteration 3:   log pseudolikelihood = -14068.298  
Iteration 4:   log pseudolikelihood = -14068.293  
Iteration 5:   log pseudolikelihood = -14068.293  

Multinomial logistic regression                 Number of obs     =     32,279
                                                Wald chi2(74)     =    3796.28
                                                Prob > chi2       =     0.0000
Log pseudolikelihood = -14068.293               Pseudo R2         =     0.1392

-----------------------------------------------------------------------------------------------
                              |               Robust
                     ai_level |        RRR   Std. Err.      z    P>|z|     [95% Conf. Interval]
------------------------------+----------------------------------------------------------------
None                          |  (base outcome)
------------------------------+----------------------------------------------------------------
AI_Integration                |
                   country_id |
                          DE  |   .9792023   .1959258    -0.11   0.916     .6615427    1.449396
                          IN  |   .1614038   .0096088   -30.64   0.000     .1436281    .1813794
                              |
              sector_nace_num |
                           J  |   1.479641   .1168431     4.96   0.000     1.267475    1.727322
                           K  |   1.305118   .1347046     2.58   0.010     1.066093    1.597734
                           M  |   1.418596   .1752525     2.83   0.005      1.11353    1.807239
                       Other  |   1.057181   .1050749     0.56   0.576     .8700561    1.284552
                           Q  |   1.596635   .2106223     3.55   0.000     1.232873    2.067727
                     Unknown  |   1.724347   .1737072     5.41   0.000      1.41539    2.100743
                              |
                     type_cat |
               Unknown/Other  |   .9620302   .0824273    -0.45   0.651     .8133123    1.137942
                      Public  |   1.003674    .058081     0.06   0.949     .8960555    1.124217
           Nonprofit/Gov/Edu  |   1.028197   .1233185     0.23   0.817     .8128044    1.300668
                              |
                     size_cat |
                     Unknown  |    .726138   .0680513    -3.41   0.001     .6042926    .8725515
                        1-50  |   .6204778   .0565366    -5.24   0.000     .5189991    .7417985
                      51-200  |   .8689089   .0733706    -1.66   0.096     .7363748    1.025297
                     201-500  |   .9762613   .0903526    -0.26   0.795     .8143061    1.170427
                    501-1000  |   .8909282   .0923851    -1.11   0.265     .7270715    1.091713
                  5001-10000  |   .7383102   .0798667    -2.80   0.005     .5972555     .912678
                      10000+  |   .9286175   .0722739    -0.95   0.341     .7972384    1.081647
                              |
cluster_architecture__methods |   1.096208   .0666117     1.51   0.131     .9731262    1.234857
        cluster_bi__analytics |   1.310038   .0592871     5.97   0.000     1.198841    1.431547
  cluster_backend_development |   1.273204    .064851     4.74   0.000     1.152236     1.40687
       cluster_certifications |   .7853188   .0767573    -2.47   0.013     .6484094    .9511362
      cluster_cloud_computing |   1.736494   .0865881    11.07   0.000     1.574813    1.914773
     cluster_data_engineering |   1.243907   .0591341     4.59   0.000     1.133242    1.365379
   cluster_databases__storage |   .8345221   .0394349    -3.83   0.000     .7607024    .9155054
   cluster_devops__containers |   1.164292   .0581978     3.04   0.002     1.055636    1.284132
         cluster_dynamic__web |   1.834062    .090191    12.33   0.000     1.665542    2.019632
  cluster_enterprise__managed |   .5994795   .0293503   -10.45   0.000     .5446279    .6598555
 cluster_enterprise_platforms |   1.741122   .1480957     6.52   0.000     1.473765    2.056982
 cluster_frontend_development |   1.575114   .0836687     8.55   0.000     1.419374    1.747942
      cluster_mobile__desktop |   .8879773   .0565409    -1.87   0.062     .7837952    1.006007
           cluster_networking |   .9537699   .0482003    -0.94   0.349     .8638269    1.053078
         cluster_os__embedded |   .7118093   .0454276    -5.33   0.000     .6281163    .8066541
     cluster_scripting__shell |   .6498137   .0529773    -5.29   0.000     .5538511    .7624032
   cluster_security__identity |   1.003094    .050209     0.06   0.951     .9093594    1.106491
  cluster_systems_programming |   1.048243   .0714029     0.69   0.489     .9172353    1.197962
cluster_testing_qa__debugging |   .9861321   .0436191    -0.32   0.752     .9042413    1.075439
                        _cons |   .0525426   .0059706   -25.93   0.000      .042052    .0656502
------------------------------+----------------------------------------------------------------
Applied_Core_AI               |
                   country_id |
                          DE  |   1.208384   .2855273     0.80   0.423     .7604586    1.920145
                          IN  |   .3741958   .0221105   -16.64   0.000     .3332753    .4201407
                              |
              sector_nace_num |
                           J  |    1.45954   .1370351     4.03   0.000      1.21422    1.754425
                           K  |   1.135255   .1483385     0.97   0.332     .8787612    1.466615
                           M  |   1.345618   .2014209     1.98   0.047      1.00348     1.80441
                       Other  |   .9261493   .1146293    -0.62   0.535     .7266545    1.180413
                           Q  |   1.273235   .2168747     1.42   0.156     .9118437    1.777857
                     Unknown  |   1.606439   .1959175     3.89   0.000     1.264893     2.04021
                              |
                     type_cat |
               Unknown/Other  |   1.001272   .1053712     0.01   0.990     .8146553    1.230638
                      Public  |   .8886994   .0655428    -1.60   0.110     .7690907     1.02691
           Nonprofit/Gov/Edu  |   .9725079   .1620978    -0.17   0.867     .7014791    1.348254
                              |
                     size_cat |
                     Unknown  |   .8758508   .1073827    -1.08   0.280     .6887626    1.113758
                        1-50  |   .7656937   .0861762    -2.37   0.018     .6141228    .9546737
                      51-200  |   .9522173   .1023884    -0.46   0.649     .7712755    1.175608
                     201-500  |   .8807549   .1083638    -1.03   0.302      .692034    1.120941
                    501-1000  |   .7509198   .1071747    -2.01   0.045     .5676834    .9933011
                  5001-10000  |   1.135467   .1480446     0.97   0.330     .8794136    1.466074
                      10000+  |   1.443101   .1450084     3.65   0.000     1.185127    1.757231
                              |
cluster_architecture__methods |   .8778021   .0627429    -1.82   0.068     .7630536    1.009807
        cluster_bi__analytics |   1.647732     .08841     9.31   0.000     1.483252    1.830452
  cluster_backend_development |   .9358424   .0594271    -1.04   0.296      .826324    1.059876
       cluster_certifications |   .6603915   .0836863    -3.27   0.001     .5151518    .8465794
      cluster_cloud_computing |   2.258806   .1415442    13.00   0.000     1.997744    2.553983
     cluster_data_engineering |   2.944413   .1648513    19.29   0.000     2.638407     3.28591
   cluster_databases__storage |   .8934039   .0529259    -1.90   0.057     .7954668    1.003399
   cluster_devops__containers |   1.188458   .0752449     2.73   0.006     1.049764    1.345476
         cluster_dynamic__web |   3.662694   .2525617    18.83   0.000     3.199675    4.192715
  cluster_enterprise__managed |   .5259178    .032023   -10.55   0.000     .4667545    .5925803
 cluster_enterprise_platforms |   1.170377   .1282884     1.44   0.151     .9441111     1.45087
 cluster_frontend_development |   .8354518   .0537702    -2.79   0.005     .7364402    .9477751
      cluster_mobile__desktop |   .6610155    .061278    -4.47   0.000      .551192    .7927211
           cluster_networking |   .8872314   .0571141    -1.86   0.063     .7820638    1.006541
         cluster_os__embedded |   .6075521   .0490118    -6.18   0.000     .5187001    .7116242
     cluster_scripting__shell |   .3491021   .0383938    -9.57   0.000     .2814093    .4330784
   cluster_security__identity |   .7860191   .0495381    -3.82   0.000     .6946834    .8893634
  cluster_systems_programming |   2.150879   .1543376    10.67   0.000     1.868691     2.47568
cluster_testing_qa__debugging |   .7914411   .0426121    -4.34   0.000     .7121786    .8795251
                        _cons |   .0236392   .0032071   -27.60   0.000     .0181197    .0308401
-----------------------------------------------------------------------------------------------
Note: _cons estimates baseline relative risk for each outcome.

. estimates store cmlogit_m3b

. 
. display _n "--- 6B.5c Porovnani Mlogit M3 / M3a / M3b ---"

--- 6B.5c Porovnani Mlogit M3 / M3a / M3b ---

. estimates table cmlogit_m3 cmlogit_m3a cmlogit_m3b, star stats(N ll chi2)

--------------------------------------------------------------
    Variable |  cmlogit_m3      cmlogit_m3a     cmlogit_m3b   
-------------+------------------------------------------------
None         |
  country_id |
         DE  |  (omitted)       (omitted)       (omitted)     
         IN  |  (omitted)       (omitted)       (omitted)     
             |
sector_nac~m |
          J  |  (omitted)       (omitted)       (omitted)     
          K  |  (omitted)       (omitted)       (omitted)     
          M  |  (omitted)       (omitted)       (omitted)     
      Other  |  (omitted)       (omitted)       (omitted)     
          Q  |  (omitted)       (omitted)       (omitted)     
    Unknown  |  (omitted)       (omitted)       (omitted)     
             |
    type_cat |
Unknown/O~r  |  (omitted)       (omitted)       (omitted)     
             |
    type_cat |
     Public  |  (omitted)       (omitted)       (omitted)     
Nonprofit~u  |  (omitted)       (omitted)       (omitted)     
             |
    size_cat |
    Unknown  |  (omitted)       (omitted)       (omitted)     
       1-50  |  (omitted)       (omitted)       (omitted)     
     51-200  |  (omitted)       (omitted)       (omitted)     
    201-500  |  (omitted)       (omitted)       (omitted)     
   501-1000  |  (omitted)       (omitted)       (omitted)     
             |
    size_cat |
 5001-10000  |  (omitted)       (omitted)       (omitted)     
     10000+  |  (omitted)       (omitted)       (omitted)     
             |
cluster_ar~s |  (omitted)       (omitted)       (omitted)     
cluster_bi~s |  (omitted)       (omitted)       (omitted)     
cluster_ba~t |  (omitted)       (omitted)       (omitted)     
cluster_ce~s |  (omitted)       (omitted)       (omitted)     
cluster_cl~g |  (omitted)       (omitted)       (omitted)     
cluster_da~g |  (omitted)       (omitted)       (omitted)     
cluster_da~e |  (omitted)       (omitted)       (omitted)     
cluster_de~s |  (omitted)       (omitted)       (omitted)     
cluster_dy~b |  (omitted)       (omitted)       (omitted)     
cluster_en~d |  (omitted)       (omitted)       (omitted)     
cluster_en~s |  (omitted)       (omitted)       (omitted)     
cluster_fr~t |  (omitted)       (omitted)       (omitted)     
cluster_mo~p |  (omitted)       (omitted)       (omitted)     
cluster_ne~g |  (omitted)       (omitted)       (omitted)     
cluster_os~d |  (omitted)       (omitted)       (omitted)     
cluster_sc~l |  (omitted)       (omitted)       (omitted)     
cluster_se~y |  (omitted)       (omitted)       (omitted)     
cluster_sy~g |  (omitted)       (omitted)       (omitted)     
cluster_te~g |  (omitted)       (omitted)       (omitted)     
             |
job_family~m |
          2  |  (omitted)                                     
          3  |  (omitted)                                     
          4  |  (omitted)                                     
          5  |  (omitted)                                     
          6  |  (omitted)                                     
          7  |  (omitted)                                     
             |
exp_category |
          0  |  (omitted)       (omitted)                     
          2  |  (omitted)       (omitted)                     
             |
exp_category |
          4  |  (omitted)       (omitted)                     
             |
       _cons |  (omitted)       (omitted)       (omitted)     
-------------+------------------------------------------------
AI_Integra~n |
  country_id |
         DE  | -.10604188      -.01952844        -.021017     
         IN  | -1.8288747***   -1.8021318***   -1.8238461***  
             |
sector_nac~m |
          J  |  .37447899***    .38960358***    .39179947***  
          K  |   .2311901*      .25623623*      .26629363**   
          M  |  .35582998**     .34759839**      .3496678**   
      Other  |  .04307884       .04539414       .05560635     
          Q  |  .44325201***    .45176472***     .4678986***  
    Unknown  |  .54851052***    .54942523***    .54484826***  
             |
    type_cat |
Unknown/O~r  | -.02657061      -.03657728       -.0387094     
             |
    type_cat |
     Public  |  -.0034409       .00185315       .00366709     
Nonprofit~u  |  .05653196       .04483121        .0278068     
             |
    size_cat |
    Unknown  | -.20472615*     -.29331668**    -.32001513***  
       1-50  | -.36768355***   -.45602514***   -.47726538***  
     51-200  | -.06715627      -.13145971        -.140517     
    201-500  |   .0367524      -.01489941      -.02402498     
   501-1000  | -.08543815      -.11077724       -.1154914     
             |
    size_cat |
 5001-10000  | -.28010449**    -.29679477**    -.30339125**   
     10000+  | -.04726322      -.06366451      -.07405831     
             |
cluster_ar~s |  .07945428       .07620546       .09185674     
cluster_bi~s |  .21699292***    .26644777***     .2700558***  
cluster_ba~t |  .27238178***    .23372931***    .24153619***  
cluster_ce~s | -.28496988**    -.25244681**     -.2416655*    
cluster_cl~g |  .46013596***    .53733694***    .55186794***  
cluster_da~g |  .09545001       .21418252***    .21825747***  
cluster_da~e | -.22323409***   -.18095444***     -.180896***  
cluster_de~s |  .15519396**     .13945672**     .15211305**   
cluster_dy~b |  .60494311***    .61018797***    .60653297***  
cluster_en~d | -.47192561***   -.50671876***   -.51169343***  
cluster_en~s |  .48953575***    .55535159***    .55452998***  
cluster_fr~t |  .50313994***    .45255231***    .45432734***  
cluster_mo~p |  -.0929654      -.11490305       -.1188091     
cluster_ne~g | -.01333395       -.0449468      -.04733287     
cluster_os~d |  -.2950894***   -.33747859***   -.33994517***  
cluster_sc~l | -.35189306***   -.43157889***   -.43106952***  
cluster_se~y |  .06509805      -.00476526       .00308951     
cluster_sy~g | -.02829387       .05113967       .04711518     
cluster_te~g |  .00826858      -.02257684      -.01396498     
             |
job_family~m |
          2  | -1.2005223***                                  
          3  | -.59208845***                                  
          4  | -1.1853825***                                  
          5  | -1.4013317***                                  
          6  | -.72915496***                                  
          7  | -.75966109***                                  
             |
exp_category |
          0  | -.24888031***   -.28915875***                  
          2  | -.15746215*     -.19675498**                   
             |
exp_category |
          4  | -.11309965*     -.05676824                     
             |
       _cons | -1.8459092***   -2.8369055***   -2.9461317***  
-------------+------------------------------------------------
Applied_Co~I |
  country_id |
         DE  | -.07565062       .18916213       .18928357     
         IN  | -1.1445987***   -.97714299***   -.98297608***  
             |
sector_nac~m |
          J  |  .36239244***    .36636864***    .37812148***  
          K  |  .03805488       .12086309       .12685731     
          M  |  .35608866*        .291047       .29685364*    
      Other  | -.07473957      -.07792393      -.07671984     
          Q  |  .25097199       .23302849       .24156098     
    Unknown  |  .46810854***    .46335746***    .47402016***  
             |
    type_cat |
Unknown/O~r  |  .04907515       .00466914       .00127115     
             |
    type_cat |
     Public  |  -.1015366      -.12236094      -.11799628     
Nonprofit~u  | -.05284465      -.01692438      -.02787707     
             |
    size_cat |
    Unknown  |   .0274282      -.11692009      -.13255953     
       1-50  | -.06967282      -.25366002*     -.26697301*    
     51-200  |  .09587794      -.03867639      -.04896202     
    201-500  | -.02430235      -.12718149      -.12697586     
   501-1000  | -.25621439      -.28117406*     -.28645639*    
             |
    size_cat |
 5001-10000  |  .14737203       .12102771       .12704421     
     10000+  |  .39524816***     .3664283***    .36679452***  
             |
cluster_ar~s | -.08102559      -.13858409      -.13033406     
cluster_bi~s |  .31806102***    .50069249***    .49939979***  
cluster_ba~t |   .0855555      -.07288322      -.06630821     
cluster_ce~s | -.55699072***   -.43774734***   -.41492248**   
cluster_cl~g |  .54993639***    .80241581***    .81483651***  
cluster_da~g |   .6706065***     1.074619***    1.0799096***  
cluster_da~e | -.37201913***   -.10822155      -.11271652     
cluster_de~s |  .23112863***    .16122329*      .17265676**   
cluster_dy~b |  1.2055351***    1.3139878***    1.2981989***  
cluster_en~d | -.56796943***   -.64783753***   -.64261037***  
cluster_en~s | -.03224495       .15348684       .15732591     
cluster_fr~t |  .05136853      -.17827497**    -.17978266**   
cluster_mo~p | -.29308614**    -.41069494***   -.41397797***  
cluster_ne~g |  .02064138      -.11764537       -.1196494     
cluster_os~d | -.37062064***   -.49541669***   -.49831736***  
cluster_sc~l | -.72116378***   -1.0420407***   -1.0523908***  
cluster_se~y | -.00791798      -.25194698***   -.24077422***  
cluster_sy~g |  .71925576***    .76630389***     .7658765***  
cluster_te~g | -.12278516*     -.23823095***   -.23389987***  
             |
job_family~m |
          2  | -2.5060626***                                  
          3  | -1.0574068***                                  
          4  | -2.7891838***                                  
          5  | -2.7168125***                                  
          6  | -1.6327181***                                  
          7  | -1.6601578***                                  
             |
exp_category |
          0  |  .13398025       .05300892                     
          2  |  .01775094      -.07227467                     
             |
exp_category |
          4  |  .10645291       .19855412**                   
             |
       _cons | -1.7965947***   -3.7637294***   -3.7448475***  
-------------+------------------------------------------------
Statistics   |                                                
           N |      32279           32279           32279     
          ll | -13396.868      -14049.463      -14068.293     
        chi2 |   4739.631       3826.5369       3796.2767     
--------------------------------------------------------------
                      legend: * p<0.05; ** p<0.01; *** p<0.001

. 
. * Vratit vyrazene clustery pro dalsi analyzu / export
. rename _excl_genai_logit cluster_generative_ai

. rename _excl_dsml_logit cluster_data_science__ml

. 
. 
. * ==============================================================================
. * 7. EXPORTY TABULEK A GRAFU
. * ==============================================================================
. display _n "=============================================================="

==============================================================

. display "7. EXPORTY"
7. EXPORTY

. display "=============================================================="
==============================================================

. 
. capture ssc install estout

. capture ssc install coefplot

. 
. * --- 7.1 Tabulka 5: Pooled OLS s country FE + interakce (hlavni komparativni tabulka) ---
. esttab pooled_fe_a pooled_fe_b pooled_fe_c pooled_interaction using "$outdir/Tabulka_5_Cross_Country_OLS.rtf", replace ///
>     label b(3) se(3) star(* 0.05 ** 0.01 *** 0.001) ///
>     drop(_cons) ///
>     order(1.ai_level 2.ai_level 1.country_id 2.country_id ///
>           1.country_id#1.ai_level 1.country_id#2.ai_level ///
>           2.country_id#1.ai_level 2.country_id#2.ai_level ///
>           is_remote ///
>           0.edu_ols 1.edu_ols 2.edu_ols 4.edu_ols ///
>           0.exp_category 2.exp_category 4.exp_category ///
>           cluster_*) ///
>     refcat(1.ai_level "{it:AI uroven (ref: None)}" ///
>            1.country_id "{it:Zeme (ref: US)}" ///
>            0.edu_ols "{it:Vzdelani (ref: Bachelor)}" ///
>            0.exp_category "{it:Zkusenosti (ref: Mid 3-5 let)}" ///
>            cluster_architecture__methods "{it:Skill clustery}", nolabel) ///
>     indicate("NACE sektor = *.sector_nace_num" ///
>              "Typ firmy = *.type_cat" ///
>              "Velikost firmy = *.size_cat" ///
>              "Job family = *.job_family_num") ///
>     stats(N r2 r2_a, fmt(0 3 3) labels("N" "R2" "Adj. R2")) ///
>     mtitles("FE-A" "FE-B" "FE-C" "Interakce") ///
>     title("Tabulka 5: Cross-country OLS pro ln(plat) — US/DE/IN") ///
>     addnotes("Robustni standardni chyby v zavorkach." ///
>              "Zavisla promenna: ln(rocni plat v USD, po konverzi EUR 1.165, INR /88)." ///
>              "Referencni zeme: US. Zaporne koeficienty 1.country_id (DE) a 2.country_id (IN) = nizsi prumery nez US.")
(note: file ./output/comparative_run_14_Apr_2026_22-06-10/Tabulka_5_Cross_Country_OLS.rtf not found)
(output written to ./output/comparative_run_14_Apr_2026_22-06-10/Tabulka_5_Cross_Country_OLS.rtf)

. 
. * --- 7.2 Tabulka 5b: Country x AI AME (z interakcniho modelu) ---
. estimates restore pooled_interaction
(results pooled_interaction are active now)

. quietly margins country_id, dydx(ai_level) post

. estimates store ame_country_ai

. esttab ame_country_ai using "$outdir/Tabulka_5b_Country_AI_AME.rtf", replace ///
>     label b(3) se(3) star(* 0.05 ** 0.01 *** 0.001) ///
>     mtitles("AME ai_level podle zeme") ///
>     title("Tabulka 5b: AI mzdova premie podle zeme (marginalni efekty ai_level)")
(note: file ./output/comparative_run_14_Apr_2026_22-06-10/Tabulka_5b_Country_AI_AME.rtf not found)
(output written to ./output/comparative_run_14_Apr_2026_22-06-10/Tabulka_5b_Country_AI_AME.rtf)

. 
. * --- 7.3 Tabulka 6: Binarni logit — AME ---
. foreach m in clogit_m1 clogit_m2 clogit_m3 {
  2.     estimates restore `m'
  3.     local n = e(N)
  4.     local ll = e(ll)
  5.     local r2_p = e(r2_p)
  6.     quietly margins, dydx(*) post
  7.     estadd scalar ll = `ll'
  8.     estadd scalar r2_p = `r2_p'
  9.     estimates store ame_`m'
 10. }
(results clogit_m1 are active now)

added scalar:
                 e(ll) =  -12442.8

added scalar:
               e(r2_p) =  .06029779
(results clogit_m2 are active now)

added scalar:
                 e(ll) =  -13058.011

added scalar:
               e(r2_p) =  .19311948
(results clogit_m3 are active now)

added scalar:
                 e(ll) =  -10741.83

added scalar:
               e(r2_p) =  .18875801

. esttab ame_clogit_m1 ame_clogit_m2 ame_clogit_m3 using "$outdir/Tabulka_6_Binarni_logit_country.rtf", replace ///
>     label b(3) se(3) star(* 0.05 ** 0.01 *** 0.001) ///
>     stats(N ll r2_p, fmt(0 3 3) labels("N" "Log-likelihood" "Pseudo R2")) ///
>     mtitles("M1 (Firma)" "M2 (Role)" "M3 (Kompletni)") ///
>     title("Tabulka 6: Binarni logit s country FE — AME determinantu P(AI)")
(note: file ./output/comparative_run_14_Apr_2026_22-06-10/Tabulka_6_Binarni_logit_country.rtf not found)
(output written to ./output/comparative_run_14_Apr_2026_22-06-10/Tabulka_6_Binarni_logit_country.rtf)

. 
. * --- 7.4 Tabulka 7: Mlogit — AME M3 pro obe kategorie ---
. foreach m in cmlogit_m3 cmlogit_m3a cmlogit_m3b {
  2.     estimates restore `m'
  3.     local n = e(N)
  4.     local ll = e(ll)
  5.     local r2_p = e(r2_p)
  6.     quietly margins, dydx(*) predict(outcome(1)) post
  7.     estadd scalar ll = `ll'
  8.     estadd scalar r2_p = `r2_p'
  9.     estimates store ame_`m'_1
 10. 
.     estimates restore `m'
 11.     local n = e(N)
 12.     local ll = e(ll)
 13.     local r2_p = e(r2_p)
 14.     quietly margins, dydx(*) predict(outcome(2)) post
 15.     estadd scalar ll = `ll'
 16.     estadd scalar r2_p = `r2_p'
 17.     estimates store ame_`m'_2
 18. }
(results cmlogit_m3 are active now)

added scalar:
                 e(ll) =  -13396.868

added scalar:
               e(r2_p) =  .1802418
(results cmlogit_m3 are active now)

added scalar:
                 e(ll) =  -13396.868

added scalar:
               e(r2_p) =  .1802418
(results cmlogit_m3a are active now)

added scalar:
                 e(ll) =  -14049.463

added scalar:
               e(r2_p) =  .14030937
(results cmlogit_m3a are active now)

added scalar:
                 e(ll) =  -14049.463

added scalar:
               e(r2_p) =  .14030937
(results cmlogit_m3b are active now)

added scalar:
                 e(ll) =  -14068.293

added scalar:
               e(r2_p) =  .13915714
(results cmlogit_m3b are active now)

added scalar:
                 e(ll) =  -14068.293

added scalar:
               e(r2_p) =  .13915714

. esttab ame_cmlogit_m3_1 ame_cmlogit_m3_2 ///
>        ame_cmlogit_m3a_1 ame_cmlogit_m3a_2 ///
>        ame_cmlogit_m3b_1 ame_cmlogit_m3b_2 ///
>        using "$outdir/Tabulka_7_Mlogit_country.rtf", replace ///
>     label b(3) se(3) star(* 0.05 ** 0.01 *** 0.001) ///
>     stats(N ll r2_p, fmt(0 3 3) labels("N" "Log-likelihood" "Pseudo R2")) ///
>     mtitles("M3: AI Integ" "M3: App AI" "M3a: AI Integ" "M3a: App AI" "M3b: AI Integ" "M3b: App AI") ///
>     title("Tabulka 7: Multinomialni logit s country FE — AME")
(note: file ./output/comparative_run_14_Apr_2026_22-06-10/Tabulka_7_Mlogit_country.rtf not found)
(output written to ./output/comparative_run_14_Apr_2026_22-06-10/Tabulka_7_Mlogit_country.rtf)

. 
. * --- 7.5 Graf 13: Penetrace AI pozadavku podle zeme (vstup do externiho grafu) ---
. preserve

. contract country ai_level

. export delimited "$outdir/Graf_13_Penetrace_AI.csv", replace
(note: file ./output/comparative_run_14_Apr_2026_22-06-10/Graf_13_Penetrace_AI.csv not found)
file ./output/comparative_run_14_Apr_2026_22-06-10/Graf_13_Penetrace_AI.csv saved

. restore

. 
. * --- 7.6 Graf 9: Distribuce ln(plat) podle zeme + AI ---
. preserve

. collapse (mean) ln_salary (count) n=ln_salary if ln_salary != ., by(country ai_level)

. export delimited "$outdir/Graf_9_ln_salary_country_ai.csv", replace
(note: file ./output/comparative_run_14_Apr_2026_22-06-10/Graf_9_ln_salary_country_ai.csv not found)
file ./output/comparative_run_14_Apr_2026_22-06-10/Graf_9_ln_salary_country_ai.csv saved

. restore

. 
. * --- 7.7 Graf 10: Forest plot interakcnich koeficientu country x AI ---
. estimates restore pooled_interaction
(results pooled_interaction are active now)

. coefplot, keep(*.country_id#*.ai_level) ///
>     xline(0, lpattern(dash) lcolor(red)) ///
>     title("Interakce Country x AI level (OLS ln(plat)) — baseline US", size(medium)) ///
>     xtitle("Koeficient (oproti US x None)", size(small)) ///
>     msymbol(O) msize(small) mcolor(navy) ciopts(lcolor(navy) lwidth(thin)) ///
>     graphregion(color(white)) bgcolor(white) plotregion(fcolor(white) lcolor(white))

. graph export "$outdir/Graf_10_country_ai_interaction.png", replace
(note: file ./output/comparative_run_14_Apr_2026_22-06-10/Graf_10_country_ai_interaction.png not found)
(file ./output/comparative_run_14_Apr_2026_22-06-10/Graf_10_country_ai_interaction.png written in PNG format)

. 
. * --- 7.8 Summary statistics podle zeme ---
. display _n "--- 7.8 Summary statistics pro tabulku ---"

--- 7.8 Summary statistics pro tabulku ---

. tabstat salary_mid ln_salary experience_min_llm edu_ols exp_category ///
>     skill_count has_ai is_remote, by(country) stat(count mean sd)

Summary statistics: N, mean, sd
  by categories of: country 

country |  salary~d  ln_sal~y  experi~m   edu_ols  exp_ca~y  skill_~t    has_ai  is_rem~e
--------+--------------------------------------------------------------------------------
     DE |       514       514      3997      6400      6400      6400      6400      6400
        |  82055.64  11.26986  4.132224  1.268438  1.847344  10.44562  .1828125  .1210938
        |  25117.08  .3071683  2.260299  1.496823  1.506658  7.789534  .3865429  .3262617
--------+--------------------------------------------------------------------------------
     IN |      9199      9199     11580     14184     14184     14184     14184     14184
        |  8323.851  8.855318  3.949931  1.617033  2.343838  15.87049  .0628878  .1402284
        |  7352.054  .5065257  2.829846   1.51966  1.293661  10.49221  .2427695  .3472361
--------+--------------------------------------------------------------------------------
     US |     14642     14642     15257     17848     17848     17848     17848     17848
        |    124617  11.67981  4.520433  1.888559  2.588301  16.78737  .2054572  .2838974
        |  42148.67  .3261007  2.625669  1.447254  1.233278  10.30623  .4040466  .4509003
--------+--------------------------------------------------------------------------------
  Total |     24355     24355     30834     38432     38432     38432     38432     38432
        |   79794.3  10.60433  4.255852   1.68508  2.374688   15.3929  .1490685  .2037625
        |  65108.34  1.422332  2.674398  1.499287  1.330332  10.25284  .3561606  .4027997
-----------------------------------------------------------------------------------------

. 
. * Ulozeni zpracovaneho datasetu
. save "$outdir/ai_skills_comparative_processed.dta", replace
(note: file ./output/comparative_run_14_Apr_2026_22-06-10/ai_skills_comparative_processed.dta not found)
file ./output/comparative_run_14_Apr_2026_22-06-10/ai_skills_comparative_processed.dta saved

. 
. 
. * ==============================================================================
. * 8. ZAVER
. * ==============================================================================
. display _n "=============================================================="

==============================================================

. display "CROSS-COUNTRY ANALYZA DOKONCENA"
CROSS-COUNTRY ANALYZA DOKONCENA

. display "=============================================================="
==============================================================

. display "Vystupy ulozeny do: $outdir"
Vystupy ulozeny do: ./output/comparative_run_14_Apr_2026_22-06-10

. display "Log: $outdir/ai_skills_comparative_analysis.log"
Log: ./output/comparative_run_14_Apr_2026_22-06-10/ai_skills_comparative_analysis.log

. 
. display _n "--- Finalni shrnuti klicovych estimaci ---"

--- Finalni shrnuti klicovych estimaci ---

. estimates table pooled_fe_a pooled_fe_b pooled_fe_c pooled_interaction, ///
>     keep(1.ai_level 2.ai_level 1.country_id 2.country_id ///
>          1.country_id#1.ai_level 1.country_id#2.ai_level ///
>          2.country_id#1.ai_level 2.country_id#2.ai_level) ///
>     star stats(N r2 r2_a)

------------------------------------------------------------------------------
    Variable |  pooled_fe_a     pooled_fe_b     pooled_fe_c    pooled_inte~n  
-------------+----------------------------------------------------------------
    ai_level |
AI Integr..  |   .1376457***    .12247717***    .10082156***    .10340832***  
Applied/C..  |  .20434406***    .18882337***    .13308838***    .13563902***  
             |
  country_id |
         DE  | -.51141245***   -.51188107***   -.53259549***   -.54451145***  
         IN  | -2.7985784***   -2.7948254***   -2.7991709***   -2.7973307***  
             |
  country_id#|
    ai_level |
         DE #|
AI Integr..  |                                                  .07547943     
         DE #|
Applied/C..  |                                                  .01261196     
         IN #|
AI Integr..  |                                                 -.02662965     
         IN #|
Applied/C..  |                                                  -.0156558     
-------------+----------------------------------------------------------------
           N |      23897           23897           23897           23897     
          r2 |  .92509509       .93090348        .9337671       .93377207     
        r2_a |  .92502921       .93082242        .9336143       .93360815     
------------------------------------------------------------------------------
                                      legend: * p<0.05; ** p<0.01; *** p<0.001

. 
. display _n "--- Finalni shrnuti mlogit (M3) ---"

--- Finalni shrnuti mlogit (M3) ---

. estimates table cmlogit_m3, star stats(N ll r2_p)

------------------------------
    Variable |  cmlogit_m3    
-------------+----------------
None         |
  country_id |
         DE  |  (omitted)     
         IN  |  (omitted)     
             |
sector_nac~m |
          J  |  (omitted)     
          K  |  (omitted)     
          M  |  (omitted)     
      Other  |  (omitted)     
          Q  |  (omitted)     
    Unknown  |  (omitted)     
             |
    type_cat |
Unknown/O~r  |  (omitted)     
             |
    type_cat |
     Public  |  (omitted)     
Nonprofit~u  |  (omitted)     
             |
    size_cat |
    Unknown  |  (omitted)     
       1-50  |  (omitted)     
     51-200  |  (omitted)     
    201-500  |  (omitted)     
   501-1000  |  (omitted)     
             |
    size_cat |
 5001-10000  |  (omitted)     
     10000+  |  (omitted)     
             |
cluster_ar~s |  (omitted)     
cluster_bi~s |  (omitted)     
cluster_ba~t |  (omitted)     
cluster_ce~s |  (omitted)     
cluster_cl~g |  (omitted)     
cluster_da~g |  (omitted)     
cluster_da~e |  (omitted)     
cluster_de~s |  (omitted)     
cluster_dy~b |  (omitted)     
cluster_en~d |  (omitted)     
cluster_en~s |  (omitted)     
cluster_fr~t |  (omitted)     
cluster_mo~p |  (omitted)     
cluster_ne~g |  (omitted)     
cluster_os~d |  (omitted)     
cluster_sc~l |  (omitted)     
cluster_se~y |  (omitted)     
cluster_sy~g |  (omitted)     
cluster_te~g |  (omitted)     
             |
job_family~m |
DevOps & ..  |  (omitted)     
 Management  |  (omitted)     
      Other  |  (omitted)     
Software ..  |  (omitted)     
Software ..  |  (omitted)     
Sr+ Softw..  |  (omitted)     
             |
exp_category |
    Missing  |  (omitted)     
Junior (..)  |  (omitted)     
             |
exp_category |
Senior+ ..)  |  (omitted)     
             |
       _cons |  (omitted)     
-------------+----------------
AI_Integra~n |
  country_id |
         DE  | -.10604188     
         IN  | -1.8288747***  
             |
sector_nac~m |
          J  |  .37447899***  
          K  |   .2311901*    
          M  |  .35582998**   
      Other  |  .04307884     
          Q  |  .44325201***  
    Unknown  |  .54851052***  
             |
    type_cat |
Unknown/O~r  | -.02657061     
             |
    type_cat |
     Public  |  -.0034409     
Nonprofit~u  |  .05653196     
             |
    size_cat |
    Unknown  | -.20472615*    
       1-50  | -.36768355***  
     51-200  | -.06715627     
    201-500  |   .0367524     
   501-1000  | -.08543815     
             |
    size_cat |
 5001-10000  | -.28010449**   
     10000+  | -.04726322     
             |
cluster_ar~s |  .07945428     
cluster_bi~s |  .21699292***  
cluster_ba~t |  .27238178***  
cluster_ce~s | -.28496988**   
cluster_cl~g |  .46013596***  
cluster_da~g |  .09545001     
cluster_da~e | -.22323409***  
cluster_de~s |  .15519396**   
cluster_dy~b |  .60494311***  
cluster_en~d | -.47192561***  
cluster_en~s |  .48953575***  
cluster_fr~t |  .50313994***  
cluster_mo~p |  -.0929654     
cluster_ne~g | -.01333395     
cluster_os~d |  -.2950894***  
cluster_sc~l | -.35189306***  
cluster_se~y |  .06509805     
cluster_sy~g | -.02829387     
cluster_te~g |  .00826858     
             |
job_family~m |
DevOps & ..  | -1.2005223***  
 Management  | -.59208845***  
      Other  | -1.1853825***  
Software ..  | -1.4013317***  
Software ..  | -.72915496***  
Sr+ Softw..  | -.75966109***  
             |
exp_category |
    Missing  | -.24888031***  
Junior (..)  | -.15746215*    
             |
exp_category |
Senior+ ..)  | -.11309965*    
             |
       _cons | -1.8459092***  
-------------+----------------
Applied_Co~I |
  country_id |
         DE  | -.07565062     
         IN  | -1.1445987***  
             |
sector_nac~m |
          J  |  .36239244***  
          K  |  .03805488     
          M  |  .35608866*    
      Other  | -.07473957     
          Q  |  .25097199     
    Unknown  |  .46810854***  
             |
    type_cat |
Unknown/O~r  |  .04907515     
             |
    type_cat |
     Public  |  -.1015366     
Nonprofit~u  | -.05284465     
             |
    size_cat |
    Unknown  |   .0274282     
       1-50  | -.06967282     
     51-200  |  .09587794     
    201-500  | -.02430235     
   501-1000  | -.25621439     
             |
    size_cat |
 5001-10000  |  .14737203     
     10000+  |  .39524816***  
             |
cluster_ar~s | -.08102559     
cluster_bi~s |  .31806102***  
cluster_ba~t |   .0855555     
cluster_ce~s | -.55699072***  
cluster_cl~g |  .54993639***  
cluster_da~g |   .6706065***  
cluster_da~e | -.37201913***  
cluster_de~s |  .23112863***  
cluster_dy~b |  1.2055351***  
cluster_en~d | -.56796943***  
cluster_en~s | -.03224495     
cluster_fr~t |  .05136853     
cluster_mo~p | -.29308614**   
cluster_ne~g |  .02064138     
cluster_os~d | -.37062064***  
cluster_sc~l | -.72116378***  
cluster_se~y | -.00791798     
cluster_sy~g |  .71925576***  
cluster_te~g | -.12278516*    
             |
job_family~m |
DevOps & ..  | -2.5060626***  
 Management  | -1.0574068***  
      Other  | -2.7891838***  
Software ..  | -2.7168125***  
Software ..  | -1.6327181***  
Sr+ Softw..  | -1.6601578***  
             |
exp_category |
    Missing  |  .13398025     
Junior (..)  |  .01775094     
             |
exp_category |
Senior+ ..)  |  .10645291     
             |
       _cons | -1.7965947***  
-------------+----------------
Statistics   |                
           N |      32279     
          ll | -13396.868     
        r2_p |   .1802418     
------------------------------
legend: * p<0.05; ** p<0.01; *** p<0.001

. 
. log close
      name:  <unnamed>
       log:  C:\Users\murcj\Projects\glassdoor-jobs-ai-skills\analysis\stata\output/comparative_run_14_Apr_2026_22-06-10/ai_skills_comparative_analysis.log
  log type:  text
 closed on:  14 Apr 2026, 22:16:44
---------------------------------------------------------------------------------------------------------------------------------------------------------------------------------------------
